Mes;IdServicio;Ano;IdEstablecimiento;CodigoPrestacion;IdRegion;IdComuna;Col01;Col02;Col03;Col04;Col05;Col06;Col07;Col08;Col09;Col10;Col11;Col12;Col13;Col14;Col15;Col16;Col17;Col18;Col19;Col20;Col21;Col22;Col23;Col24;Col25;Col26;Col27;Col28;Col29;Col30;Col31;Col32;Col33;Col34;Col35;Col36;Col37;Col38;Col39;Col40;Col41;Col42;Col43;Col44;Col45;Col46;Col47;Col48;Col49;Col50
5;5;2026;105101;01030100;4;4102;65;0;2;54;9;0;0;2;4;65;57;16;0;0;23;30;56;2;61;1;0;60;;0;4;16;0;0;0;0;;;;;;;;;;;;;;;;;;;;
5;5;2026;105101;29101714;4;4102;1;0;0;1;0;0;0;0;0;1;1;0;0;0;1;0;1;0;1;0;0;1;;0;0;1;0;0;0;0;;;;;;;;;;;;;;;;;;;;
5;5;2026;105101;01030300;4;4102;34;0;0;27;7;0;0;0;0;34;34;0;0;0;0;0;32;0;8;1;25;32;;0;3;6;0;0;0;0;;;;;;;;;;;;;;;;;;;;
5;5;2026;105101;24090700;4;4102;65;0;3;52;10;0;0;0;7;65;64;7;0;1;0;7;53;0;12;4;45;56;;0;3;7;0;0;0;0;;;;;;;;;;;;;;;;;;;;
5;5;2026;105101;29101716;4;4102;1;0;0;1;0;0;0;0;0;1;1;0;0;0;0;0;0;0;1;0;0;0;0;0;0;0;0;0;0;0;;;;;;;;;;;;;;;;;;;;
5;5;2026;105101;29101728;4;4102;63;0;14;49;;;;;;;;;;;;;;;;;;;;;;;;;;;;;;;;;;;;;;;;;;;;;;
5;5;2026;105101;29101729;4;4102;1;0;0;1;;;;;;;;;;;;;;;;;;;;;;;;;;;;;;;;;;;;;;;;;;;;;;
5;5;2026;105101;29101742;4;4102;32;62;;;;;;;;;;;;;;;;;;;;;;;;;;;;;;;;;;;;;;;;;;;;;;;;
6;5;2026;105101;01030100;4;4102;64;0;3;51;10;0;0;0;6;64;61;17;0;0;22;35;57;0;63;0;1;57;61;0;2;10;0;0;0;0;;;;;;;;;;;;;;;;;;;;
6;5;2026;105101;01030300;4;4102;41;0;0;28;13;0;0;0;0;41;41;0;0;0;0;;39;0;11;0;30;35;41;0;6;5;0;0;0;0;;;;;;;;;;;;;;;;;;;;
6;5;2026;105101;24090700;4;4102;70;0;2;48;20;0;0;0;8;70;70;10;0;3;0;17;59;1;14;1;51;59;64;0;6;7;1;0;0;1;;;;;;;;;;;;;;;;;;;;
1;5;2026;105101;29101742;4;4102;33;49;;;;;;;;;;;;;;;;;;;;;;;;;;;;;;;;;;;;;;;;;;;;;;;;
1;5;2026;105101;01030100;4;4102;48;0;3;36;9;0;0;0;4;48;33;12;0;0;23;22;42;0;43;0;2;44;44;0;3;13;0;0;0;0;;;;;;;;;;;;;;;;;;;;
1;5;2026;105101;01030300;4;4102;38;0;1;26;11;0;0;0;0;38;32;0;0;1;0;0;31;0;6;0;31;32;37;0;4;3;0;0;0;0;;;;;;;;;;;;;;;;;;;;
1;5;2026;105101;24090700;4;4102;50;0;1;40;9;0;1;1;7;50;44;5;0;1;0;11;43;0;9;1;35;48;43;0;0;10;0;0;0;0;;;;;;;;;;;;;;;;;;;;
1;5;2026;105101;29101728;4;4102;48;0;7;41;;;;;;;;;;;;;;;;;;;;;;;;;;;;;;;;;;;;;;;;;;;;;;
2;5;2026;105101;29101728;4;4102;61;0;8;53;;;;;;;;;;;;;;;;;;;;;;;;;;;;;;;;;;;;;;;;;;;;;;
2;5;2026;105101;29101729;4;4102;2;0;1;1;;;;;;;;;;;;;;;;;;;;;;;;;;;;;;;;;;;;;;;;;;;;;;
2;5;2026;105101;29101742;4;4102;44;55;;;;;;;;;;;;;;;;;;;;;;;;;;;;;;;;;;;;;;;;;;;;;;;;
2;5;2026;105101;01030100;4;4102;64;0;7;48;9;0;0;0;5;65;57;11;0;0;27;31;61;0;60;0;3;59;62;0;2;11;0;0;0;0;;;;;;;;;;;;;;;;;;;;
2;5;2026;105101;29101714;4;4102;2;0;0;2;0;0;0;0;0;2;2;1;0;0;1;1;2;1;1;0;43;2;2;0;0;0;0;0;0;0;;;;;;;;;;;;;;;;;;;;
2;5;2026;105101;01030300;4;4102;44;0;0;27;17;0;0;0;1;44;43;0;0;1;0;0;39;0;5;1;37;39;42;0;3;6;0;0;0;0;;;;;;;;;;;;;;;;;;;;
2;5;2026;105101;24090700;4;4102;56;2;4;40;10;0;0;0;11;56;55;5;0;1;0;10;52;2;5;4;;37;45;0;2;5;0;0;0;0;;;;;;;;;;;;;;;;;;;;
6;5;2026;105101;29101715;4;4102;1;;;1;;0;0;0;0;0;0;0;0;0;0;0;0;0;0;0;0;0;0;0;0;0;0;0;0;0;;;;;;;;;;;;;;;;;;;;
6;5;2026;105101;29101728;4;4102;147;0;26;121;;;;;;;;;;;;;;;;;;;;;;;;;;;;;;;;;;;;;;;;;;;;;;
6;5;2026;105101;29101729;4;4102;24;0;4;20;;;;;;;;;;;;;;;;;;;;;;;;;;;;;;;;;;;;;;;;;;;;;;
4;5;2026;105101;01030100;4;4102;70;1;5;57;7;0;1;0;3;70;59;10;0;0;32;38;65;1;64;0;4;65;;0;19;7;0;0;0;0;;;;;;;;;;;;;;;;;;;;
4;5;2026;105101;01030300;4;4102;46;0;0;27;19;0;0;0;5;46;44;0;0;0;0;0;41;0;5;1;39;42;;0;9;3;0;0;0;0;;;;;;;;;;;;;;;;;;;;
4;5;2026;105101;24090700;4;4102;53;0;0;40;13;0;0;0;8;53;49;6;0;5;0;14;44;1;6;5;39;43;;0;8;1;0;0;0;0;;;;;;;;;;;;;;;;;;;;
4;5;2026;105101;29101728;4;4102;68;1;10;57;;;;;;;;;;;;;;;;;;;;;;;;;;;;;;;;;;;;;;;;;;;;;;
4;5;2026;105101;29101729;4;4102;2;0;0;2;;;;;;;;;;;;;;;;;;;;;;;;;;;;;;;;;;;;;;;;;;;;;;
4;5;2026;105101;29101742;4;4102;46;48;;;;;;;;;;;;;;;;;;;;;;;;;;;;;;;;;;;;;;;;;;;;;;;;
3;5;2026;105101;29101715;4;4102;1;0;0;0;1;0;0;0;0;1;0;0;0;0;0;0;1;1;0;0;0;1;0;0;0;0;0;0;0;0;;;;;;;;;;;;;;;;;;;;
3;5;2026;105101;29101728;4;4102;70;0;11;59;;;;;;;;;;;;;;;;;;;;;;;;;;;;;;;;;;;;;;;;;;;;;;
3;5;2026;105101;29101729;4;4102;2;0;0;2;;;;;;;;;;;;;;;;;;;;;;;;;;;;;;;;;;;;;;;;;;;;;;
3;5;2026;105101;29101742;4;4102;48;59;;;;;;;;;;;;;;;;;;;;;;;;;;;;;;;;;;;;;;;;;;;;;;;;
3;5;2026;105101;01030100;4;4102;73;0;3;54;16;0;0;0;5;72;57;13;0;0;25;45;68;1;67;0;3;67;68;0;10;3;0;0;0;0;;;;;;;;;;;;;;;;;;;;
3;5;2026;105101;29101714;4;4102;1;0;0;0;1;0;0;0;0;1;1;0;0;0;0;1;1;0;1;0;0;1;1;0;0;0;0;0;0;0;;;;;;;;;;;;;;;;;;;;
3;5;2026;105101;01030300;4;4102;49;0;1;37;11;0;0;0;4;49;48;0;0;0;0;0;42;0;5;4;40;36;45;0;6;2;0;0;0;0;;;;;;;;;;;;;;;;;;;;
3;5;2026;105101;24090700;4;4102;66;0;2;49;15;0;0;2;7;66;61;2;0;4;0;16;50;0;5;2;53;54;56;0;10;3;0;0;0;0;;;;;;;;;;;;;;;;;;;;
6;5;2026;105106;01030100;4;4103;1;;;1;;0;0;0;0;1;;1;;;;;1;;1;;;1;1;0;0;0;0;0;0;0;;;;;;;;;;;;;;;;;;;;
6;5;2026;105106;29101728;4;4103;1;;;1;;;;;;;;;;;;;;;;;;;;;;;;;;;;;;;;;;;;;;;;;;;;;;
1;5;2026;105106;01030100;4;4103;;;;;1;0;0;0;0;1;0;0;0;0;0;0;1;1;0;0;0;0;0;0;0;0;0;0;0;0;;;;;;;;;;;;;;;;;;;;
1;5;2026;105107;29101728;4;4106;3;;;3;;;;;;;;;;;;;;;;;;;;;;;;;;;;;;;;;;;;;;;;;;;;;;
1;5;2026;105107;29101729;4;4106;3;;;3;;;;;;;;;;;;;;;;;;;;;;;;;;;;;;;;;;;;;;;;;;;;;;
1;5;2026;105107;01030100;4;4106;3;0;0;3;0;0;0;0;0;0;0;0;0;0;0;3;3;0;3;0;0;3;3;0;0;0;0;0;0;0;;;;;;;;;;;;;;;;;;;;
2;5;2026;105107;29101728;4;4106;1;;;1;;;;;;;;;;;;;;;;;;;;;;;;;;;;;;;;;;;;;;;;;;;;;;
2;5;2026;105107;29101729;4;4106;1;;;1;;;;;;;;;;;;;;;;;;;;;;;;;;;;;;;;;;;;;;;;;;;;;;
2;5;2026;105107;01030100;4;4106;1;;;1;;;;;;;;;;;;1;1;;1;;;1;1;0;0;0;0;0;0;0;;;;;;;;;;;;;;;;;;;;
3;5;2026;105107;29101728;4;4106;2;0;0;2;;;;;;;;;;;;;;;;;;;;;;;;;;;;;;;;;;;;;;;;;;;;;;
3;5;2026;105107;29101729;4;4106;2;0;0;2;;;;;;;;;;;;;;;;;;;;;;;;;;;;;;;;;;;;;;;;;;;;;;
3;5;2026;105107;01030100;4;4106;2;;;;2;0;0;0;0;0;0;0;0;0;0;2;2;0;2;0;0;2;2;0;0;1;0;0;0;0;;;;;;;;;;;;;;;;;;;;
2;5;2026;105103;24090700;4;4201;9;0;0;7;2;0;0;0;3;7;9;0;0;0;0;3;4;0;0;0;4;0;3;0;0;1;0;0;0;0;;;;;;;;;;;;;;;;;;;;
2;5;2026;105103;29101728;4;4201;14;0;2;12;;;;;;;;;;;;;;;;;;;;;;;;;;;;;;;;;;;;;;;;;;;;;;
2;5;2026;105103;29101729;4;4201;14;0;2;12;;;;;;;;;;;;;;;;;;;;;;;;;;;;;;;;;;;;;;;;;;;;;;
4;5;2026;105103;29101742;4;4201;10;6;;;;;;;;;;;;;;;;;;;;;;;;;;;;;;;;;;;;;;;;;;;;;;;;
4;5;2026;105103;01030100;4;4201;14;0;0;10;4;0;0;0;3;14;10;0;0;0;4;9;10;0;12;0;1;10;10;0;2;1;0;0;0;0;;;;;;;;;;;;;;;;;;;;
4;5;2026;105103;01030300;4;4201;9;0;0;5;4;0;0;0;0;9;9;0;0;0;0;0;9;0;0;0;8;2;7;0;0;2;0;0;0;0;;;;;;;;;;;;;;;;;;;;
4;5;2026;105103;24090700;4;4201;7;0;0;5;2;0;0;0;2;6;7;0;0;0;0;3;3;0;0;1;5;1;5;0;1;1;0;0;0;0;;;;;;;;;;;;;;;;;;;;
1;5;2026;105103;29101728;4;4201;14;0;5;9;;;;;;;;;;;;;;;;;;;;;;;;;;;;;;;;;;;;;;;;;;;;;;
1;5;2026;105103;29101729;4;4201;14;0;5;9;;;;;;;;;;;;;;;;;;;;;;;;;;;;;;;;;;;;;;;;;;;;;;
1;5;2026;105103;29101742;4;4201;15;;;;;;;;;;;;;;;;;;;;;;;;;;;;;;;;;;;;;;;;;;;;;;;;;
1;5;2026;105103;01030100;4;4201;15;0;0;12;3;0;0;0;2;15;12;0;0;0;2;8;10;0;12;0;1;11;12;0;1;5;0;0;0;0;;;;;;;;;;;;;;;;;;;;
1;5;2026;105103;01030300;4;4201;14;0;0;9;5;0;0;0;0;14;14;0;0;0;0;0;11;0;0;0;11;6;12;0;0;2;0;0;0;0;;;;;;;;;;;;;;;;;;;;
1;5;2026;105103;24090700;4;4201;7;0;0;5;2;0;0;0;2;7;7;0;0;0;0;4;4;0;0;0;4;3;5;0;1;1;0;0;0;0;;;;;;;;;;;;;;;;;;;;
2;5;2026;105103;29101742;4;4201;8;8;;;;;;;;;;;;;;;;;;;;;;;;;;;;;;;;;;;;;;;;;;;;;;;;
2;5;2026;105103;01030100;4;4201;15;0;1;14;0;0;0;0;1;15;13;0;0;0;1;12;12;0;13;0;0;10;12;0;2;3;0;0;0;0;;;;;;;;;;;;;;;;;;;;
2;5;2026;105103;01030300;4;4201;9;1;0;3;5;0;0;0;1;8;9;0;0;0;0;0;7;0;0;0;7;4;5;0;0;1;0;0;0;0;;;;;;;;;;;;;;;;;;;;
3;5;2026;105103;29101742;4;4201;8;14;;;;;;;;;;;;;;;;;;;;;;;;;;;;;;;;;;;;;;;;;;;;;;;;
3;5;2026;105103;01030100;4;4201;13;0;1;9;3;0;0;0;1;13;9;0;0;1;1;4;9;0;11;0;1;11;10;0;1;1;0;0;0;0;;;;;;;;;;;;;;;;;;;;
3;5;2026;105103;01030300;4;4201;9;0;0;6;3;0;0;0;0;9;9;0;0;0;0;0;6;0;0;0;6;2;8;0;2;0;0;0;0;0;;;;;;;;;;;;;;;;;;;;
3;5;2026;105103;24090700;4;4201;15;1;1;8;5;0;0;0;3;13;15;0;0;0;0;1;10;0;0;0;12;1;9;0;0;1;0;0;0;0;;;;;;;;;;;;;;;;;;;;
3;5;2026;105103;29101728;4;4201;11;0;4;7;;;;;;;;;;;;;;;;;;;;;;;;;;;;;;;;;;;;;;;;;;;;;;
3;5;2026;105103;29101729;4;4201;11;0;4;7;;;;;;;;;;;;;;;;;;;;;;;;;;;;;;;;;;;;;;;;;;;;;;
4;5;2026;105103;29101717;4;4201;1;0;0;1;0;0;0;0;0;0;0;0;0;0;0;0;0;0;0;0;0;0;0;0;0;0;0;0;0;0;;;;;;;;;;;;;;;;;;;;
4;5;2026;105103;29101718;4;4201;1;0;0;1;0;0;0;0;0;0;0;0;0;0;0;0;0;0;0;0;0;0;0;0;0;0;0;0;0;0;;;;;;;;;;;;;;;;;;;;
4;5;2026;105103;29101728;4;4201;13;0;4;9;;;;;;;;;;;;;;;;;;;;;;;;;;;;;;;;;;;;;;;;;;;;;;
4;5;2026;105103;29101729;4;4201;13;0;4;9;;;;;;;;;;;;;;;;;;;;;;;;;;;;;;;;;;;;;;;;;;;;;;
5;5;2026;105103;01030100;4;4201;6;0;0;5;1;0;0;0;1;5;4;0;0;0;1;5;3;1;3;0;1;2;3;0;0;0;0;0;0;0;;;;;;;;;;;;;;;;;;;;
5;5;2026;105103;01030300;4;4201;10;0;0;8;2;0;0;0;1;10;10;0;0;0;0;0;9;0;1;0;7;3;7;0;1;1;0;0;0;0;;;;;;;;;;;;;;;;;;;;
5;5;2026;105103;24090700;4;4201;14;0;0;12;2;0;0;0;4;12;14;0;0;0;0;3;10;1;0;1;8;1;7;0;1;0;0;0;0;0;;;;;;;;;;;;;;;;;;;;
6;5;2026;105103;24090700;4;4201;12;0;3;5;4;0;0;0;0;12;12;0;0;0;0;0;9;0;1;1;5;1;8;0;0;2;0;0;0;0;;;;;;;;;;;;;;;;;;;;
6;5;2026;105103;29101742;4;4201;10;7;;;;;;;;;;;;;;;;;;;;;;;;;;;;;;;;;;;;;;;;;;;;;;;;
6;5;2026;105103;01030100;4;4201;16;0;0;14;2;0;0;0;1;16;11;0;0;0;1;7;14;0;11;0;3;13;15;0;1;2;0;0;0;0;;;;;;;;;;;;;;;;;;;;
6;5;2026;105103;01030300;4;4201;10;0;1;6;3;0;0;0;0;10;10;0;0;0;0;0;10;0;0;0;5;3;9;0;0;0;0;0;0;0;;;;;;;;;;;;;;;;;;;;
6;5;2026;105103;29101728;4;4201;14;0;1;13;;;;;;;;;;;;;;;;;;;;;;;;;;;;;;;;;;;;;;;;;;;;;;
6;5;2026;105103;29101729;4;4201;14;0;1;13;;;;;;;;;;;;;;;;;;;;;;;;;;;;;;;;;;;;;;;;;;;;;;
5;5;2026;105103;29101728;4;4201;5;0;2;3;;;;;;;;;;;;;;;;;;;;;;;;;;;;;;;;;;;;;;;;;;;;;;
5;5;2026;105103;29101729;4;4201;5;0;2;3;;;;;;;;;;;;;;;;;;;;;;;;;;;;;;;;;;;;;;;;;;;;;;
2;24;2026;124105;29101728;10;10101;122;0;30;92;;;;;;;;;;;;;;;;;;;;;;;;;;;;;;;;;;;;;;;;;;;;;;
2;24;2026;124105;29101729;10;10101;1;0;0;1;;;;;;;;;;;;;;;;;;;;;;;;;;;;;;;;;;;;;;;;;;;;;;
1;24;2026;124105;29101715;10;10101;1;0;0;1;0;0;0;0;1;0;0;0;0;0;0;0;1;0;1;0;0;1;1;0;0;0;0;0;0;0;;;;;;;;;;;;;;;;;;;;
1;24;2026;124105;29101728;10;10101;153;0;35;118;;;;;;;;;;;;;;;;;;;;;;;;;;;;;;;;;;;;;;;;;;;;;;
3;24;2026;124105;29101728;10;10101;151;1;26;124;;;;;;;;;;;;;;;;;;;;;;;;;;;;;;;;;;;;;;;;;;;;;;
3;24;2026;124105;29101742;10;10101;25;53;;;;;;;;;;;;;;;;;;;;;;;;;;;;;;;;;;;;;;;;;;;;;;;;
3;24;2026;124105;01030100;10;10101;142;1;45;112;25;0;1;3;11;128;122;16;3;0;27;60;125;1;129;1;106;125;129;3;9;11;0;0;0;0;;;;;;;;;;;;;;;;;;;;
3;24;2026;124105;29101714;10;10101;10;0;1;8;1;0;0;0;1;10;10;1;0;0;4;6;6;0;7;0;7;6;6;0;1;0;0;0;0;0;;;;;;;;;;;;;;;;;;;;
3;24;2026;124105;01030300;10;10101;27;0;0;20;7;0;0;0;2;17;28;0;0;0;0;0;13;1;14;1;7;0;17;0;3;1;0;0;0;0;;;;;;;;;;;;;;;;;;;;
3;24;2026;124105;24090700;10;10101;56;0;1;43;12;0;1;2;6;27;53;2;0;3;0;3;35;0;26;0;12;0;28;1;7;4;0;0;0;0;;;;;;;;;;;;;;;;;;;;
1;24;2026;124105;29101742;10;10101;33;39;;;;;;;;;;;;;;;;;;;;;;;;;;;;;;;;;;;;;;;;;;;;;;;;
1;24;2026;124105;01030100;10;10101;149;0;8;111;29;0;0;0;12;141;131;28;2;0;34;81;127;4;123;3;107;128;128;1;19;8;0;0;0;0;;;;;;;;;;;;;;;;;;;;
1;24;2026;124105;29101714;10;10101;4;0;0;4;0;0;0;0;0;4;4;1;1;0;3;1;3;0;2;0;3;3;3;0;0;0;0;0;0;0;;;;;;;;;;;;;;;;;;;;
1;24;2026;124105;01030300;10;10101;33;0;3;20;10;0;0;0;1;10;32;1;0;0;0;1;23;0;23;0;10;1;23;0;3;6;0;0;0;0;;;;;;;;;;;;;;;;;;;;
1;24;2026;124105;24090700;10;10101;47;0;4;31;12;0;1;7;7;10;43;1;0;5;0;3;17;0;17;0;5;0;17;0;3;9;0;1;0;0;;;;;;;;;;;;;;;;;;;;
4;24;2026;124105;29101728;10;10101;126;0;22;104;;;;;;;;;;;;;;;;;;;;;;;;;;;;;;;;;;;;;;;;;;;;;;
4;24;2026;124105;29101729;10;10101;1;0;1;0;;;;;;;;;;;;;;;;;;;;;;;;;;;;;;;;;;;;;;;;;;;;;;
4;24;2026;124105;29101742;10;10101;35;63;;;;;;;;;;;;;;;;;;;;;;;;;;;;;;;;;;;;;;;;;;;;;;;;
4;24;2026;124105;01030100;10;10101;123;0;2;96;25;0;0;1;11;119;107;22;0;0;37;60;114;3;110;3;97;114;114;1;13;16;0;0;0;0;;;;;;;;;;;;;;;;;;;;
4;24;2026;124105;29101714;10;10101;4;0;0;4;0;0;0;0;0;4;4;2;0;0;1;3;3;0;3;0;4;3;3;0;1;1;0;0;0;0;;;;;;;;;;;;;;;;;;;;
4;24;2026;124105;01030300;10;10101;35;0;1;21;13;0;0;0;1;26;35;0;0;0;0;0;26;0;15;0;9;0;5;5;0;4;0;0;0;0;;;;;;;;;;;;;;;;;;;;
4;24;2026;124105;24090700;10;10101;67;0;1;46;16;0;1;0;4;40;65;3;0;2;0;8;34;1;17;0;6;0;7;0;6;8;0;0;0;0;;;;;;;;;;;;;;;;;;;;
3;24;2026;124105;29101715;10;10101;1;0;1;0;0;0;0;0;0;0;0;0;0;0;0;0;1;0;1;0;1;1;1;0;0;0;0;0;0;0;;;;;;;;;;;;;;;;;;;;
3;24;2026;124105;29101718;10;10101;1;0;0;0;1;0;0;0;0;0;0;0;0;0;0;0;1;0;1;0;0;1;1;0;1;0;0;0;0;0;;;;;;;;;;;;;;;;;;;;
2;24;2026;124105;29101742;10;10101;45;57;;;;;;;;;;;;;;;;;;;;;;;;;;;;;;;;;;;;;;;;;;;;;;;;
2;24;2026;124105;01030100;10;10101;128;0;5;103;20;0;0;2;12;125;99;15;0;0;34;52;112;2;113;2;95;112;111;1;9;12;0;0;0;0;;;;;;;;;;;;;;;;;;;;
2;24;2026;124105;29101714;10;10101;3;0;1;2;0;0;0;0;0;3;3;0;0;0;1;2;2;0;1;0;1;1;2;0;0;0;0;0;0;0;;;;;;;;;;;;;;;;;;;;
2;24;2026;124105;01030300;10;10101;45;0;1;34;10;0;0;1;4;31;45;0;0;0;0;0;23;2;18;2;9;0;21;0;7;7;0;0;0;0;;;;;;;;;;;;;;;;;;;;
2;24;2026;124105;24090700;10;10101;64;0;3;38;23;0;3;4;13;48;60;0;0;3;0;3;23;0;20;0;10;0;21;0;9;4;0;0;0;0;;;;;;;;;;;;;;;;;;;;
5;24;2026;124105;29101715;10;10101;1;0;0;0;1;0;0;0;0;0;0;0;0;0;1;0;1;0;1;0;1;1;1;0;1;0;0;0;0;0;;;;;;;;;;;;;;;;;;;;
5;24;2026;124105;29101716;10;10101;1;0;0;0;1;0;0;0;0;0;0;0;0;0;1;0;1;0;1;0;1;1;1;0;0;0;0;0;0;0;;;;;;;;;;;;;;;;;;;;
5;24;2026;124105;29101728;10;10101;144;0;35;109;;;;;;;;;;;;;;;;;;;;;;;;;;;;;;;;;;;;;;;;;;;;;;
5;24;2026;124105;29101742;10;10101;37;64;;;;;;;;;;;;;;;;;;;;;;;;;;;;;;;;;;;;;;;;;;;;;;;;
5;24;2026;124105;01030100;10;10101;143;0;10;109;26;0;0;1;10;134;125;39;2;0;40;86;133;4;127;4;109;41;133;0;16;16;0;0;0;0;;;;;;;;;;;;;;;;;;;;
5;24;2026;124105;29101714;10;10101;2;0;0;1;1;0;0;0;0;2;2;1;0;0;0;1;2;0;2;0;2;2;2;0;0;0;0;0;0;0;;;;;;;;;;;;;;;;;;;;
5;24;2026;124105;01030300;10;10101;38;0;0;19;15;0;0;0;38;0;38;0;0;0;0;0;21;0;11;0;3;1;23;1;1;4;1;0;0;0;;;;;;;;;;;;;;;;;;;;
5;24;2026;124105;24090700;10;10101;67;0;2;51;14;0;0;1;17;46;66;0;0;2;0;0;33;8;16;0;5;0;24;0;0;6;3;0;0;0;;;;;;;;;;;;;;;;;;;;
6;24;2026;124105;01030100;10;10101;139;0;9;104;26;0;1;0;16;135;123;31;2;0;30;72;120;3;123;2;100;120;120;3;10;13;0;0;0;0;;;;;;;;;;;;;;;;;;;;
6;24;2026;124105;29101714;10;10101;1;0;1;0;0;0;0;0;0;1;1;0;0;0;1;1;1;0;1;0;1;1;1;0;0;0;0;0;0;0;;;;;;;;;;;;;;;;;;;;
6;24;2026;124105;01030300;10;10101;48;0;0;25;23;0;0;3;1;20;48;0;0;1;0;0;35;1;15;0;1;0;35;0;4;6;0;0;0;0;;;;;;;;;;;;;;;;;;;;
6;24;2026;124105;24090700;10;10101;57;1;5;42;10;0;2;5;9;35;57;2;0;1;0;4;39;3;23;2;9;0;39;0;7;6;0;0;0;0;;;;;;;;;;;;;;;;;;;;
6;24;2026;124105;29101728;10;10101;137;1;37;99;;;;;;;;;;;;;;;;;;;;;;;;;;;;;;;;;;;;;;;;;;;;;;
6;24;2026;124105;29101715;10;10101;1;0;0;1;0;0;0;0;0;1;0;0;0;0;0;0;1;0;1;0;1;1;1;0;0;0;0;0;0;0;;;;;;;;;;;;;;;;;;;;
6;24;2026;124105;29101718;10;10101;1;0;0;1;0;0;0;0;0;0;0;0;0;0;0;0;1;0;1;0;1;1;1;0;0;0;0;0;0;0;;;;;;;;;;;;;;;;;;;;
3;10;2026;110100;29101742;13;13101;28;54;;;;;;;;;;;;;;;;;;;;;;;;;;;;;;;;;;;;;;;;;;;;;;;;
3;10;2026;110100;01030100;13;13101;117;1;9;87;20;;1;2;16;118;104;;;;6;83;107;7;91;;21;92;112;;5;38;0;0;0;0;;;;;;;;;;;;;;;;;;;;
3;10;2026;110100;29101714;13;13101;8;;;5;3;;;;;8;8;;;;;4;4;;3;;3;1;4;;1;3;0;0;0;0;;;;;;;;;;;;;;;;;;;;
3;10;2026;110100;01030300;13;13101;32;;2;20;10;;;;1;30;29;;;3;;;25;;15;;3;5;13;;3;14;0;0;0;0;;;;;;;;;;;;;;;;;;;;
3;10;2026;110100;24090700;13;13101;55;;3;36;16;;2;3;17;50;52;;;3;;2;34;;12;;10;4;22;;3;15;0;0;0;0;;;;;;;;;;;;;;;;;;;;
6;10;2026;110100;29101716;13;13101;1;0;0;0;1;0;0;0;0;0;0;0;0;0;0;0;0;0;0;0;0;0;0;0;0;0;0;0;0;0;;;;;;;;;;;;;;;;;;;;
6;10;2026;110100;29101718;13;13101;1;0;0;1;0;0;1;0;0;1;0;0;0;0;0;0;0;0;0;0;0;0;0;0;0;0;0;0;0;0;;;;;;;;;;;;;;;;;;;;
6;10;2026;110100;29101728;13;13101;94;0;29;65;;;;;;;;;;;;;;;;;;;;;;;;;;;;;;;;;;;;;;;;;;;;;;
6;10;2026;110100;29101729;13;13101;3;0;0;3;;;;;;;;;;;;;;;;;;;;;;;;;;;;;;;;;;;;;;;;;;;;;;
6;20;2026;120101;29101715;8;8301;1;0;0;1;0;;;;;1;;;;;;;;;;;;1;1;;0;0;0;0;0;0;;;;;;;;;;;;;;;;;;;;
6;20;2026;120101;29101728;8;8301;85;0;18;67;;;;;;;;;;;;;;;;;;;;;;;;;;;;;;;;;;;;;;;;;;;;;;
6;20;2026;120101;29101742;8;8301;24;63;;;;;;;;;;;;;;;;;;;;;;;;;;;;;;;;;;;;;;;;;;;;;;;;
6;20;2026;120101;01030100;8;8301;89;1;2;66;21;;;;10;;52;;;;60;59;81;1;85;1;18;83;83;;7;3;0;0;0;0;;;;;;;;;;;;;;;;;;;;
6;20;2026;120101;29101714;8;8301;1;0;0;0;1;;;;0;;1;;;;;1;1;0;1;0;1;1;0;;0;0;0;0;0;0;;;;;;;;;;;;;;;;;;;;
6;20;2026;120101;01030300;8;8301;23;0;0;16;7;;;;1;;23;;1;;;1;19;0;22;1;11;20;21;;2;0;0;0;0;0;;;;;;;;;;;;;;;;;;;;
6;20;2026;120101;24090700;8;8301;50;0;0;45;5;;;2;5;;49;;;1;;14;31;1;42;1;23;42;43;;0;2;0;0;0;0;;;;;;;;;;;;;;;;;;;;
5;25;2026;125100;29101742;11;11101;16;14;;;;;;;;;;;;;;;;;;;;;;;;;;;;;;;;;;;;;;;;;;;;;;;;
1;3;2026;103100;29101728;2;2101;104;1;15;88;;;;;;;;;;;;;;;;;;;;;;;;;;;;;;;;;;;;;;;;;;;;;;
1;3;2026;103100;29101729;2;2101;1;0;1;0;;;;;;;;;;;;;;;;;;;;;;;;;;;;;;;;;;;;;;;;;;;;;;
6;3;2026;103100;29101728;2;2101;100;0;16;84;;;;;;;;;;;;;;;;;;;;;;;;;;;;;;;;;;;;;;;;;;;;;;
6;3;2026;103100;29101729;2;2101;1;0;1;0;;;;;;;;;;;;;;;;;;;;;;;;;;;;;;;;;;;;;;;;;;;;;;
6;3;2026;103100;01030100;2;2101;103;0;5;89;9;0;0;0;7;103;86;0;0;0;3;69;85;4;96;0;23;79;100;0;10;66;0;0;0;0;;;;;;;;;;;;;;;;;;;;
6;3;2026;103100;29101714;2;2101;2;0;0;2;0;0;0;0;0;2;2;0;0;0;0;1;0;0;1;0;0;0;1;0;0;2;0;0;0;0;;;;;;;;;;;;;;;;;;;;
6;3;2026;103100;01030300;2;2101;31;0;0;18;13;0;1;0;0;31;31;0;0;0;0;0;0;0;26;0;0;0;28;0;1;20;0;0;0;0;;;;;;;;;;;;;;;;;;;;
6;3;2026;103100;24090700;2;2101;58;0;3;42;13;0;1;2;11;58;85;0;0;2;0;20;0;6;38;0;12;47;46;0;3;43;0;0;0;0;;;;;;;;;;;;;;;;;;;;
3;20;2026;120101;29101728;8;8301;102;1;28;73;;;;;;;;;;;;;;;;;;;;;;;;;;;;;;;;;;;;;;;;;;;;;;
3;20;2026;120101;29101742;8;8301;25;50;;;;;;;;;;;;;;;;;;;;;;;;;;;;;;;;;;;;;;;;;;;;;;;;
2;24;2026;124130;01030100;10;10102;1;0;0;1;0;0;0;0;0;0;0;0;0;0;0;0;1;0;1;0;0;0;0;0;0;0;0;0;0;0;;;;;;;;;;;;;;;;;;;;
2;24;2026;124130;29101728;10;10102;1;0;0;1;;;;;;;;;;;;;;;;;;;;;;;;;;;;;;;;;;;;;;;;;;;;;;
1;24;2026;124130;29101715;10;10102;1;0;0;1;0;0;0;0;1;0;0;0;0;0;0;0;0;0;1;0;0;0;0;0;0;0;0;0;0;0;;;;;;;;;;;;;;;;;;;;
5;24;2026;124130;29101728;10;10102;1;0;0;1;;;;;;;;;;;;;;;;;;;;;;;;;;;;;;;;;;;;;;;;;;;;;;
5;24;2026;124130;29101729;10;10102;1;0;0;1;;;;;;;;;;;;;;;;;;;;;;;;;;;;;;;;;;;;;;;;;;;;;;
5;24;2026;124130;01030100;10;10102;1;0;0;1;0;0;0;0;0;0;0;0;0;0;0;0;1;0;1;0;1;1;1;0;0;0;0;0;0;0;;;;;;;;;;;;;;;;;;;;
3;24;2026;124115;29101728;10;10105;1;;;1;;;;;;;;;;;;;;;;;;;;;;;;;;;;;;;;;;;;;;;;;;;;;;
3;24;2026;124115;01030100;10;10105;;;;;1;;;;;;;;;;;;1;;1;;1;1;;;;;;;;;;;;;;;;;;;;;;;;;;;;
6;24;2026;124115;29101729;10;10105;1;0;0;1;;;;;;;;;;;;;;;;;;;;;;;;;;;;;;;;;;;;;;;;;;;;;;
6;24;2026;124115;01030100;10;10105;0;0;0;1;0;0;0;0;0;0;0;0;0;0;0;0;1;0;1;0;1;1;0;0;0;0;0;0;0;0;;;;;;;;;;;;;;;;;;;;
5;9;2026;109100;24090700;13;13108;98;0;7;70;21;0;3;2;17;75;97;0;0;1;0;6;51;0;6;0;0;0;38;0;0;44;0;0;0;0;;;;;;;;;;;;;;;;;;;;
5;5;2026;105100;29101742;4;4101;17;41;;;;;;;;;;;;;;;;;;;;;;;;;;;;;;;;;;;;;;;;;;;;;;;;
5;5;2026;105100;24090700;4;4101;50;0;1;38;11;0;2;1;7;50;56;0;0;2;0;3;39;0;0;0;0;2;31;0;8;5;0;0;0;0;;;;;;;;;;;;;;;;;;;;
5;5;2026;105100;01030100;4;4101;59;0;3;47;9;2;1;2;8;59;46;0;0;0;5;22;55;2;49;0;0;40;48;0;3;8;0;0;0;0;;;;;;;;;;;;;;;;;;;;
5;5;2026;105100;29101714;4;4101;2;0;1;1;0;0;0;0;0;2;2;0;0;0;0;1;1;0;1;0;0;0;1;0;0;0;0;0;0;0;;;;;;;;;;;;;;;;;;;;
5;5;2026;105100;01030300;4;4101;9;0;0;5;4;0;0;0;0;9;9;0;0;0;0;0;9;0;1;2;48;0;14;0;1;0;0;0;0;0;;;;;;;;;;;;;;;;;;;;
2;5;2026;105100;29101728;4;4101;51;1;15;35;;;;;;;;;;;;;;;;;;;;;;;;;;;;;;;;;;;;;;;;;;;;;;
2;5;2026;105100;29101729;4;4101;1;0;1;0;;;;;;;;;;;;;;;;;;;;;;;;;;;;;;;;;;;;;;;;;;;;;;
4;3;2026;103102;29101716;2;2301;3;0;0;3;0;0;0;0;0;0;0;0;0;0;3;3;0;0;0;0;0;0;0;0;0;0;0;0;0;0;;;;;;;;;;;;;;;;;;;;
3;3;2026;103101;01030100;2;2201;105;0;11;77;17;0;1;0;3;105;48;0;0;0;37;1;99;4;98;0;0;95;100;4;15;64;0;0;0;0;;;;;;;;;;;;;;;;;;;;
3;3;2026;103101;01030300;2;2201;16;0;0;10;6;0;0;0;0;16;16;0;0;0;0;0;16;0;14;0;0;7;16;2;2;9;0;0;0;0;;;;;;;;;;;;;;;;;;;;
3;3;2026;103101;24090700;2;2201;34;0;2;24;8;0;0;1;5;34;32;0;0;2;0;0;28;6;18;0;0;5;28;0;1;18;0;0;0;0;;;;;;;;;;;;;;;;;;;;
6;24;2026;124145;29101728;10;10402;1;0;0;1;;;;;;;;;;;;;;;;;;;;;;;;;;;;;;;;;;;;;;;;;;;;;;
6;24;2026;124145;01030100;10;10402;0;0;1;0;0;0;0;0;1;0;1;0;0;0;0;1;0;1;0;1;1;1;0;0;0;0;0;0;0;0;;;;;;;;;;;;;;;;;;;;
5;9;2026;109100;29101715;13;13108;6;0;0;5;1;0;0;0;0;2;1;0;1;0;2;0;1;0;6;0;0;0;4;0;0;2;0;0;0;0;;;;;;;;;;;;;;;;;;;;
5;9;2026;109100;29101718;13;13108;1;0;0;1;0;0;0;0;0;0;1;0;0;0;0;1;0;0;0;0;0;0;0;0;0;0;0;0;0;0;;;;;;;;;;;;;;;;;;;;
5;9;2026;109100;29101742;13;13108;38;90;;;;;;;;;;;;;;;;;;;;;;;;;;;;;;;;;;;;;;;;;;;;;;;;
5;9;2026;109100;29101728;13;13108;201;1;36;164;;;;;;;;;;;;;;;;;;;;;;;;;;;;;;;;;;;;;;;;;;;;;;
5;9;2026;109100;29101729;13;13108;33;0;6;27;;;;;;;;;;;;;;;;;;;;;;;;;;;;;;;;;;;;;;;;;;;;;;
6;9;2026;109100;29101715;13;13108;5;0;0;4;1;0;0;0;1;3;1;0;0;1;0;0;0;0;0;0;0;0;4;0;0;3;0;0;0;0;;;;;;;;;;;;;;;;;;;;
6;9;2026;109100;29101717;13;13108;1;0;0;1;0;0;0;0;0;0;0;0;0;0;1;0;0;0;0;0;0;0;0;0;0;0;0;0;0;0;;;;;;;;;;;;;;;;;;;;
6;9;2026;109100;29101718;13;13108;1;0;0;1;0;1;0;0;0;0;1;0;0;0;0;0;0;0;0;0;0;0;0;0;0;0;0;0;0;0;;;;;;;;;;;;;;;;;;;;
6;9;2026;109100;29101728;13;13108;180;0;39;141;;;;;;;;;;;;;;;;;;;;;;;;;;;;;;;;;;;;;;;;;;;;;;
6;9;2026;109100;29101729;13;13108;27;0;6;21;;;;;;;;;;;;;;;;;;;;;;;;;;;;;;;;;;;;;;;;;;;;;;
6;9;2026;109100;29101742;13;13108;31;79;;;;;;;;;;;;;;;;;;;;;;;;;;;;;;;;;;;;;;;;;;;;;;;;
6;9;2026;109100;01030100;13;13108;214;1;18;162;34;0;1;3;10;191;181;0;2;0;17;44;170;0;114;0;0;33;121;1;1;87;0;1;0;0;;;;;;;;;;;;;;;;;;;;
6;9;2026;109100;01030300;13;13108;33;0;0;21;12;0;0;0;0;28;33;0;0;0;0;0;15;0;3;0;0;2;13;0;0;13;0;0;0;0;;;;;;;;;;;;;;;;;;;;
6;9;2026;109100;24090700;13;13108;93;0;3;70;20;0;2;5;22;74;89;0;0;4;0;14;42;0;1;0;0;27;30;0;0;35;1;0;0;0;;;;;;;;;;;;;;;;;;;;
2;9;2026;109810;29101718;13;13301;1;;;1;;;;;;;;;;;;;;;1;;;;;;0;1;0;0;0;0;;;;;;;;;;;;;;;;;;;;
2;9;2026;109810;29101729;13;13301;2;;1;1;;;;;;;;;;;;;;;;;;;;;;;;;;;;;;;;;;;;;;;;;;;;;;
2;9;2026;109810;01030100;13;13301;1;;;1;;;;;1;;;;;;;;;;;;1;;;;0;0;0;0;0;0;;;;;;;;;;;;;;;;;;;;
1;9;2026;109100;29101715;13;13108;2;0;0;1;0;0;0;0;1;1;0;0;0;0;1;0;0;0;0;0;0;0;0;0;0;0;0;0;0;0;;;;;;;;;;;;;;;;;;;;
1;9;2026;109100;29101728;13;13108;218;1;44;173;;;;;;;;;;;;;;;;;;;;;;;;;;;;;;;;;;;;;;;;;;;;;;
1;9;2026;109100;29101742;13;13108;31;72;;;;;;;;;;;;;;;;;;;;;;;;;;;;;;;;;;;;;;;;;;;;;;;;
1;9;2026;109100;01030100;13;13108;218;0;12;166;40;1;0;0;22;175;184;0;4;0;19;22;0;0;100;0;0;30;0;0;0;98;0;0;0;0;;;;;;;;;;;;;;;;;;;;
1;9;2026;109100;01030300;13;13108;33;0;0;22;11;0;0;0;1;6;33;0;0;0;0;0;0;0;2;0;0;0;0;0;0;14;0;0;0;0;;;;;;;;;;;;;;;;;;;;
1;9;2026;109100;24090700;13;13108;120;1;2;81;36;0;2;6;23;70;113;0;0;7;0;0;0;0;1;0;0;1;0;0;0;49;0;0;0;0;;;;;;;;;;;;;;;;;;;;
4;9;2026;109810;01030100;13;13301;1;;;1;;;;;;;;;;;;;1;;1;;;1;;;0;0;0;0;0;0;;;;;;;;;;;;;;;;;;;;
4;9;2026;109100;29101715;13;13108;2;0;1;1;0;0;0;0;0;0;1;0;0;0;0;0;0;0;0;0;0;1;0;0;0;2;0;0;0;0;;;;;;;;;;;;;;;;;;;;
4;9;2026;109100;29101717;13;13108;1;0;0;1;0;0;0;0;1;0;1;0;0;0;0;0;0;0;0;0;0;0;0;0;0;0;0;0;0;0;;;;;;;;;;;;;;;;;;;;
4;9;2026;109100;29101718;13;13108;1;0;0;1;0;0;1;0;0;0;0;0;0;0;0;0;0;0;0;0;0;0;0;0;0;0;0;0;0;0;;;;;;;;;;;;;;;;;;;;
4;9;2026;109100;29101728;13;13108;185;1;44;140;;;;;;;;;;;;;;;;;;;;;;;;;;;;;;;;;;;;;;;;;;;;;;
4;9;2026;109100;29101729;13;13108;43;0;12;31;;;;;;;;;;;;;;;;;;;;;;;;;;;;;;;;;;;;;;;;;;;;;;
4;9;2026;109100;29101742;13;13108;38;96;;;;;;;;;;;;;;;;;;;;;;;;;;;;;;;;;;;;;;;;;;;;;;;;
4;9;2026;109100;01030100;13;13108;233;0;19;171;43;1;0;0;15;185;202;0;1;0;17;22;182;4;124;0;0;50;139;0;0;94;0;1;0;0;;;;;;;;;;;;;;;;;;;;
4;9;2026;109100;01030300;13;13108;41;0;1;25;15;0;0;0;1;35;41;0;0;0;0;0;11;0;0;0;0;1;7;0;0;21;0;0;0;0;;;;;;;;;;;;;;;;;;;;
4;9;2026;109100;24090700;13;13108;110;0;5;81;24;0;3;5;20;86;108;0;0;2;0;9;37;0;1;0;0;1;35;0;0;48;0;0;0;0;;;;;;;;;;;;;;;;;;;;
5;9;2026;109810;01030100;13;13301;1;;;1;;;;;;;;;;;;;1;;1;;;1;;;0;1;0;0;0;0;;;;;;;;;;;;;;;;;;;;
5;9;2026;200955;01030100;13;13301;;;;1;;;;;;;;;;;;;;;1;;;1;;;;;;;;;;;;;;;;;;;;;;;;;;;;
3;9;2026;109100;29101715;13;13108;2;0;0;2;0;0;0;0;0;1;0;0;0;0;1;0;0;0;1;0;0;0;0;0;0;0;0;0;0;0;;;;;;;;;;;;;;;;;;;;
3;9;2026;109100;29101716;13;13108;1;0;0;1;0;0;0;1;0;0;0;0;0;0;0;0;0;0;0;0;0;0;0;0;0;0;0;0;0;0;;;;;;;;;;;;;;;;;;;;
3;9;2026;109100;29101728;13;13108;217;5;44;168;;;;;;;;;;;;;;;;;;;;;;;;;;;;;;;;;;;;;;;;;;;;;;
3;9;2026;109100;29101742;13;13108;34;107;;;;;;;;;;;;;;;;;;;;;;;;;;;;;;;;;;;;;;;;;;;;;;;;
3;9;2026;109100;01030100;13;13108;217;0;11;170;36;2;3;1;15;176;196;0;1;0;14;31;91;4;129;0;0;59;77;0;2;88;0;0;0;0;;;;;;;;;;;;;;;;;;;;
3;9;2026;109100;29101714;13;13108;2;0;0;1;1;0;0;0;0;1;2;0;0;0;0;2;1;0;2;0;0;0;2;0;0;1;0;0;0;0;;;;;;;;;;;;;;;;;;;;
3;9;2026;109100;01030300;13;13108;35;0;0;23;12;0;0;1;2;26;35;0;0;0;0;0;9;0;1;0;0;2;4;0;2;15;0;0;0;0;;;;;;;;;;;;;;;;;;;;
3;9;2026;109100;24090700;13;13108;116;1;6;88;22;1;1;3;21;85;111;0;0;5;0;8;37;2;4;0;0;0;20;0;0;56;1;0;0;0;;;;;;;;;;;;;;;;;;;;
2;9;2026;109100;29101715;13;13108;6;0;0;4;2;0;0;0;2;1;2;0;0;0;2;0;0;0;0;0;0;1;0;0;0;1;0;1;0;0;;;;;;;;;;;;;;;;;;;;
2;9;2026;109100;29101718;13;13108;1;0;0;1;0;0;0;0;0;0;0;0;0;0;0;0;0;0;0;0;0;0;0;0;0;1;0;0;0;0;;;;;;;;;;;;;;;;;;;;
2;9;2026;109100;29101728;13;13108;206;5;43;158;;;;;;;;;;;;;;;;;;;;;;;;;;;;;;;;;;;;;;;;;;;;;;
2;9;2026;109100;29101742;13;13108;33;84;;;;;;;;;;;;;;;;;;;;;;;;;;;;;;;;;;;;;;;;;;;;;;;;
2;9;2026;109100;01030100;13;13108;206;2;21;153;30;2;3;1;21;154;169;0;1;0;15;21;0;2;89;0;0;26;0;0;0;77;0;0;0;0;;;;;;;;;;;;;;;;;;;;
2;9;2026;109100;29101714;13;13108;1;0;0;1;0;0;0;0;0;1;1;0;0;0;0;0;0;0;0;0;0;0;0;0;0;1;0;0;0;0;;;;;;;;;;;;;;;;;;;;
2;9;2026;109100;01030300;13;13108;36;0;0;28;8;0;0;0;1;19;36;0;0;0;0;0;0;0;2;0;0;1;0;0;0;15;0;0;0;0;;;;;;;;;;;;;;;;;;;;
2;9;2026;109100;24090700;13;13108;104;0;4;66;34;0;0;3;18;64;97;0;0;7;0;8;0;0;2;0;0;1;0;0;0;50;0;0;0;0;;;;;;;;;;;;;;;;;;;;
6;9;2026;109810;01030100;13;13301;;;;;1;;;;;;;;;;;;;;1;;;1;;;;;;;;;;;;;;;;;;;;;;;;;;;;
3;5;2026;105100;29101742;4;4101;12;51;;;;;;;;;;;;;;;;;;;;;;;;;;;;;;;;;;;;;;;;;;;;;;;;
3;5;2026;105100;29101716;4;4101;1;1;0;1;0;;;;;;;;;;;;;;;;;;;;0;0;0;0;0;0;;;;;;;;;;;;;;;;;;;;
4;3;2026;103101;29101718;2;2201;1;0;1;0;0;0;0;0;0;0;0;0;0;0;0;0;0;0;0;0;0;0;0;0;0;0;0;0;0;0;;;;;;;;;;;;;;;;;;;;
2;5;2026;105100;29101742;4;4101;9;55;;;;;;;;;;;;;;;;;;;;;;;;;;;;;;;;;;;;;;;;;;;;;;;;
6;5;2026;105100;29101728;4;4101;71;0;21;50;;;;;;;;;;;;;;;;;;;;;;;;;;;;;;;;;;;;;;;;;;;;;;
6;5;2026;105100;29101742;4;4101;37;40;;;;;;;;;;;;;;;;;;;;;;;;;;;;;;;;;;;;;;;;;;;;;;;;
6;5;2026;105100;01030100;4;4101;72;0;5;57;10;0;0;0;9;72;53;0;0;0;7;19;28;4;64;1;2;46;64;0;6;3;0;0;0;0;;;;;;;;;;;;;;;;;;;;
6;5;2026;105100;29101714;4;4101;3;0;0;3;0;0;0;0;0;3;3;0;0;0;0;0;0;0;3;0;0;2;2;0;1;0;0;0;0;0;;;;;;;;;;;;;;;;;;;;
6;5;2026;105100;01030300;4;4101;14;0;0;5;9;1;0;0;0;14;14;0;0;0;0;0;4;1;6;4;62;5;34;0;2;6;0;0;0;0;;;;;;;;;;;;;;;;;;;;
6;5;2026;105100;24090700;4;4101;67;1;0;49;17;0;1;4;4;67;67;0;0;4;0;1;26;0;0;0;0;2;33;0;4;2;0;0;0;0;;;;;;;;;;;;;;;;;;;;
5;5;2026;105100;29101728;4;4101;55;2;14;39;;;;;;;;;;;;;;;;;;;;;;;;;;;;;;;;;;;;;;;;;;;;;;
2;5;2026;105108;29101728;4;4203;2;0;0;2;;;;;;;;;;;;;;;;;;;;;;;;;;;;;;;;;;;;;;;;;;;;;;
2;5;2026;105108;01030100;4;4203;0;0;2;0;0;0;0;0;2;0;0;0;0;1;2;2;0;2;0;0;2;2;0;0;0;0;0;0;0;;;;;;;;;;;;;;;;;;;;;
1;5;2026;105108;29101728;4;4203;2;0;0;2;;;;;;;;;;;;;;;;;;;;;;;;;;;;;;;;;;;;;;;;;;;;;;
1;5;2026;105108;01030100;4;4203;2;0;0;2;0;0;0;0;0;2;0;0;0;0;1;2;2;0;2;0;0;2;2;0;0;1;0;0;0;0;;;;;;;;;;;;;;;;;;;;
3;5;2026;105108;29101728;4;4203;2;0;1;1;;;;;;;;;;;;;;;;;;;;;;;;;;;;;;;;;;;;;;;;;;;;;;
3;5;2026;105108;01030100;4;4203;2;0;0;2;0;0;0;0;0;2;0;0;0;0;0;2;2;0;2;0;0;2;2;0;0;0;0;0;0;0;;;;;;;;;;;;;;;;;;;;
5;5;2026;105108;29101728;4;4203;4;0;1;3;;;;;;;;;;;;;;;;;;;;;;;;;;;;;;;;;;;;;;;;;;;;;;
5;5;2026;105108;01030100;4;4203;4;0;0;3;1;0;0;0;0;4;0;0;0;0;4;4;4;0;4;0;0;4;4;0;0;1;0;0;0;0;;;;;;;;;;;;;;;;;;;;
6;5;2026;105108;29101728;4;4203;3;0;2;1;;;;;;;;;;;;;;;;;;;;;;;;;;;;;;;;;;;;;;;;;;;;;;
6;5;2026;105108;01030100;4;4203;3;0;0;2;1;0;0;0;0;3;0;0;0;0;2;3;3;1;2;0;0;2;3;0;0;2;0;0;0;0;;;;;;;;;;;;;;;;;;;;
5;23;2026;123100;29101742;10;10301;20;42;;;;;;;;;;;;;;;;;;;;;;;;;;;;;;;;;;;;;;;;;;;;;;;;
5;23;2026;123100;01030100;10;10301;55;0;3;44;8;0;0;0;5;0;50;0;45;0;12;32;46;1;51;0;46;48;50;1;14;2;0;0;0;0;;;;;;;;;;;;;;;;;;;;
5;23;2026;123100;29101714;10;10301;4;0;0;4;0;0;0;0;0;0;4;0;3;0;2;4;0;0;3;0;3;2;2;0;0;1;0;0;0;0;;;;;;;;;;;;;;;;;;;;
5;23;2026;123100;01030300;10;10301;21;0;0;9;12;0;0;0;0;0;21;0;0;0;0;0;21;1;20;1;19;15;22;3;4;1;0;0;0;0;;;;;;;;;;;;;;;;;;;;
6;23;2026;123100;29101728;10;10301;43;0;9;34;;;;;;;;;;;;;;;;;;;;;;;;;;;;;;;;;;;;;;;;;;;;;;
6;23;2026;123100;29101729;10;10301;1;0;1;0;;;;;;;;;;;;;;;;;;;;;;;;;;;;;;;;;;;;;;;;;;;;;;
6;23;2026;123100;29101714;10;10301;1;0;0;1;0;0;0;0;0;0;1;0;1;0;0;0;0;1;0;1;0;1;1;0;0;0;0;0;0;0;;;;;;;;;;;;;;;;;;;;
6;23;2026;123100;01030300;10;10301;9;0;0;5;4;0;0;0;0;0;9;0;0;0;0;0;11;0;8;0;7;3;11;0;3;1;0;0;0;0;;;;;;;;;;;;;;;;;;;;
6;23;2026;123100;24090700;10;10301;44;0;1;34;9;0;0;1;5;0;54;0;13;5;0;11;24;1;31;1;32;7;30;0;10;2;0;0;0;0;;;;;;;;;;;;;;;;;;;;
6;23;2026;123100;01030100;10;10301;46;0;4;30;12;0;0;0;6;0;38;0;36;0;14;24;41;1;42;1;36;39;40;0;11;1;0;0;0;0;;;;;;;;;;;;;;;;;;;;
3;23;2026;123100;29101729;10;10301;2;0;0;2;;;;;;;;;;;;;;;;;;;;;;;;;;;;;;;;;;;;;;;;;;;;;;
4;23;2026;123100;29101728;10;10301;53;0;13;40;;;;;;;;;;;;;;;;;;;;;;;;;;;;;;;;;;;;;;;;;;;;;;
4;23;2026;123100;29101742;10;10301;14;35;;;;;;;;;;;;;;;;;;;;;;;;;;;;;;;;;;;;;;;;;;;;;;;;
4;23;2026;123100;01030100;10;10301;53;0;1;43;9;0;0;0;6;0;47;0;43;0;13;28;48;1;50;0;44;44;49;1;19;1;0;0;0;0;;;;;;;;;;;;;;;;;;;;
4;23;2026;123100;29101714;10;10301;1;0;1;0;0;0;0;0;0;0;1;0;1;0;0;1;0;0;0;0;0;0;0;0;0;0;0;0;0;0;;;;;;;;;;;;;;;;;;;;
4;23;2026;123100;01030300;10;10301;15;0;1;12;2;0;0;0;0;0;15;0;0;0;0;0;12;0;11;0;12;7;17;0;4;1;0;0;0;0;;;;;;;;;;;;;;;;;;;;
4;23;2026;123100;24090700;10;10301;49;0;0;38;11;0;0;3;8;0;55;0;11;5;1;6;27;4;33;3;36;19;37;1;14;1;0;0;0;0;;;;;;;;;;;;;;;;;;;;
3;23;2026;123100;29101742;10;10301;17;35;;;;;;;;;;;;;;;;;;;;;;;;;;;;;;;;;;;;;;;;;;;;;;;;
3;23;2026;123100;01030100;10;10301;56;0;2;41;13;0;0;0;7;0;50;0;40;0;14;22;48;3;49;3;42;8;29;1;11;2;0;0;0;0;;;;;;;;;;;;;;;;;;;;
3;23;2026;123100;29101714;10;10301;1;0;0;1;0;0;0;0;0;0;1;0;0;0;1;0;0;0;0;0;0;0;0;0;0;0;0;0;0;0;;;;;;;;;;;;;;;;;;;;
3;23;2026;123100;01030300;10;10301;19;0;1;15;3;0;0;0;0;0;19;0;0;0;0;2;17;0;14;0;14;3;13;0;6;1;0;0;0;0;;;;;;;;;;;;;;;;;;;;
3;23;2026;123100;24090700;10;10301;43;0;1;25;17;0;0;0;7;0;53;0;11;1;1;10;27;3;29;3;26;45;48;0;14;0;0;0;0;0;;;;;;;;;;;;;;;;;;;;
3;23;2026;123100;29101728;10;10301;53;0;12;41;;;;;;;;;;;;;;;;;;;;;;;;;;;;;;;;;;;;;;;;;;;;;;
2;23;2026;123100;29101728;10;10301;48;0;13;35;;;;;;;;;;;;;;;;;;;;;;;;;;;;;;;;;;;;;;;;;;;;;;
1;23;2026;123100;01030100;10;10301;69;0;4;56;9;0;0;2;10;0;48;0;42;0;23;25;48;3;56;1;45;48;54;1;16;2;0;0;0;0;;;;;;;;;;;;;;;;;;;;
1;23;2026;123100;29101714;10;10301;1;0;0;1;0;0;0;0;0;0;1;0;1;0;1;0;0;0;1;0;1;1;1;0;0;0;0;0;0;0;;;;;;;;;;;;;;;;;;;;
1;23;2026;123100;01030300;10;10301;8;0;0;6;2;0;0;0;1;0;8;0;1;0;0;0;6;0;6;1;5;5;7;0;4;1;0;0;0;0;;;;;;;;;;;;;;;;;;;;
2;23;2026;123100;29101729;10;10301;3;0;2;1;;;;;;;;;;;;;;;;;;;;;;;;;;;;;;;;;;;;;;;;;;;;;;
1;23;2026;123100;24090700;10;10301;45;0;2;38;5;1;2;1;7;0;55;0;16;3;0;10;31;3;28;1;28;12;35;1;13;1;0;0;0;0;;;;;;;;;;;;;;;;;;;;
2;23;2026;123100;01030100;10;10301;49;0;0;39;10;0;0;0;6;0;33;0;35;1;12;21;40;4;42;3;42;39;44;0;12;3;1;0;0;0;;;;;;;;;;;;;;;;;;;;
2;23;2026;123100;29101714;10;10301;2;0;0;1;1;0;0;0;0;0;2;0;2;0;0;1;1;0;2;0;1;0;1;0;1;0;0;0;0;0;;;;;;;;;;;;;;;;;;;;
2;23;2026;123100;01030300;10;10301;6;0;0;3;3;0;0;0;0;0;6;0;0;0;0;0;6;0;5;0;1;4;6;0;4;0;0;0;0;0;;;;;;;;;;;;;;;;;;;;
1;23;2026;123100;29101728;10;10301;60;0;18;42;;;;;;;;;;;;;;;;;;;;;;;;;;;;;;;;;;;;;;;;;;;;;;
2;23;2026;123100;29101718;10;10301;1;0;0;0;1;0;0;0;0;0;0;0;0;0;0;0;0;0;1;0;0;0;1;0;0;0;0;0;0;0;;;;;;;;;;;;;;;;;;;;
2;23;2026;123100;24090700;10;10301;44;0;2;31;11;0;2;1;3;0;50;0;12;3;1;8;33;2;26;3;28;11;28;0;13;3;0;0;0;0;;;;;;;;;;;;;;;;;;;;
1;23;2026;123100;29101742;10;10301;8;35;;;;;;;;;;;;;;;;;;;;;;;;;;;;;;;;;;;;;;;;;;;;;;;;
1;23;2026;123100;29101729;10;10301;6;0;2;4;;;;;;;;;;;;;;;;;;;;;;;;;;;;;;;;;;;;;;;;;;;;;;
2;23;2026;123100;29101742;10;10301;6;35;;;;;;;;;;;;;;;;;;;;;;;;;;;;;;;;;;;;;;;;;;;;;;;;
2;26;2026;126100;01030300;12;12101;14;0;0;10;4;0;0;0;0;14;13;0;0;0;0;0;4;0;3;0;12;0;14;0;6;2;0;0;0;0;;;;;;;;;;;;;;;;;;;;
2;26;2026;126100;24090700;12;12101;8;0;0;8;0;0;0;0;1;8;3;0;0;1;0;0;2;0;5;0;8;0;6;0;1;1;0;0;0;0;;;;;;;;;;;;;;;;;;;;
2;26;2026;126100;01030100;12;12101;34;0;3;25;6;0;0;2;3;34;28;0;0;0;0;0;19;3;31;3;31;28;32;0;9;9;0;0;0;0;;;;;;;;;;;;;;;;;;;;
3;11;2026;111101;29101716;13;13119;1;;;;1;;;;;;1;;1;;;;1;;1;;;;1;;0;1;0;0;0;0;;;;;;;;;;;;;;;;;;;;
3;11;2026;111101;29101718;13;13119;1;;;;1;;;;;;1;;;;;;;;;;;;;;0;1;0;0;0;0;;;;;;;;;;;;;;;;;;;;
3;11;2026;111101;29101728;13;13119;106;;26;80;;;;;;;;;;;;;;;;;;;;;;;;;;;;;;;;;;;;;;;;;;;;;;
2;19;2026;119102;29101717;8;8107;1;0;0;1;0;;;;;;;;;;;;;;1;;;1;;;0;0;0;0;0;0;;;;;;;;;;;;;;;;;;;;
2;19;2026;119102;29101728;8;8107;2;0;0;2;;;;;;;;;;;;;;;;;;;;;;;;;;;;;;;;;;;;;;;;;;;;;;
2;19;2026;119102;01030100;8;8107;2;0;0;1;1;;;;;2;0;2;0;0;2;2;;0;2;;;2;;;0;0;0;0;0;0;;;;;;;;;;;;;;;;;;;;
5;22;2026;122100;29101728;14;14101;76;;25;51;;;;;;;;;;;;;;;;;;;;;;;;;;;;;;;;;;;;;;;;;;;;;;
5;22;2026;122100;29101729;14;14101;1;;0;1;;;;;;;;;;;;;;;;;;;;;;;;;;;;;;;;;;;;;;;;;;;;;;
4;22;2026;122100;29101728;14;14101;86;;21;65;;;;;;;;;;;;;;;;;;;;;;;;;;;;;;;;;;;;;;;;;;;;;;
4;22;2026;122100;29101729;14;14101;1;1;;;;;;;;;;;;;;;;;;;;;;;;;;;;;;;;;;;;;;;;;;;;;;;;
4;22;2026;122100;29101742;14;14101;11;41;;;;;;;;;;;;;;;;;;;;;;;;;;;;;;;;;;;;;;;;;;;;;;;;
4;22;2026;122100;01030100;14;14101;95;;9;74;12;1;1;;8;91;81;;1;;22;36;68;2;66;;;70;68;1;14;2;0;0;0;0;;;;;;;;;;;;;;;;;;;;
4;22;2026;122100;29101714;14;14101;2;;;2;;;;;;2;2;;;;;;1;;1;;;1;1;;1;0;0;0;0;0;;;;;;;;;;;;;;;;;;;;
4;22;2026;122100;01030300;14;14101;11;;1;7;3;;;;1;10;13;;;;;;12;;10;;;10;14;;3;0;0;0;0;0;;;;;;;;;;;;;;;;;;;;
4;22;2026;122100;24090700;14;14101;47;;2;26;19;1;;;8;40;46;;;1;;5;29;;11;;1;22;31;1;5;1;0;0;0;0;;;;;;;;;;;;;;;;;;;;
5;19;2026;119100;29101728;8;8110;67;0;20;47;;;;;;;;;;;;;;;;;;;;;;;;;;;;;;;;;;;;;;;;;;;;;;
5;19;2026;119100;29101729;8;8110;1;0;0;1;;;;;;;;;;;;;;;;;;;;;;;;;;;;;;;;;;;;;;;;;;;;;;
4;17;2026;117101;01030100;16;16101;73;1;1;56;15;0;0;2;7;23;45;29;1;0;51;22;65;4;61;1;4;75;75;0;2;5;0;0;0;0;;;;;;;;;;;;;;;;;;;;
4;17;2026;117101;29101714;16;16101;9;0;0;8;1;0;0;0;1;1;9;4;0;0;7;4;7;0;6;0;1;5;5;0;0;0;0;0;0;0;;;;;;;;;;;;;;;;;;;;
4;17;2026;117101;01030300;16;16101;20;0;0;16;4;0;1;0;1;19;19;0;0;0;0;0;15;0;6;0;12;22;22;0;0;0;0;0;0;0;;;;;;;;;;;;;;;;;;;;
4;17;2026;117101;24090700;16;16101;50;0;1;38;11;0;1;1;22;43;47;5;0;7;0;5;19;5;11;0;18;36;36;0;1;0;0;0;0;0;;;;;;;;;;;;;;;;;;;;
4;17;2026;117101;29101742;16;16101;42;17;;;;;;;;;;;;;;;;;;;;;;;;;;;;;;;;;;;;;;;;;;;;;;;;
2;26;2026;126100;29101717;12;12101;1;0;0;0;1;0;0;0;0;0;0;0;0;0;0;0;0;0;0;0;0;0;0;0;0;0;0;0;0;0;;;;;;;;;;;;;;;;;;;;
2;26;2026;126100;29101718;12;12101;0;0;0;0;0;0;0;0;0;0;0;0;0;0;0;0;0;0;1;0;1;0;1;0;0;0;0;0;0;0;;;;;;;;;;;;;;;;;;;;
5;19;2026;119100;01030100;8;8110;69;0;0;56;13;0;0;0;11;68;56;35;16;0;22;50;66;3;60;0;0;57;65;0;6;7;1;0;0;0;;;;;;;;;;;;;;;;;;;;
5;19;2026;119100;29101714;8;8110;1;0;0;1;0;0;0;0;0;1;1;1;0;0;0;1;1;0;1;0;0;1;1;0;0;0;0;0;0;0;;;;;;;;;;;;;;;;;;;;
5;19;2026;119100;01030300;8;8110;12;0;0;9;3;0;0;0;0;0;12;0;0;0;0;0;11;0;6;0;1;6;9;0;0;2;0;0;0;0;;;;;;;;;;;;;;;;;;;;
5;19;2026;119100;24090700;8;8110;43;0;0;32;11;0;2;1;7;1;42;11;12;1;1;25;16;2;15;1;5;14;35;0;3;6;1;0;0;0;;;;;;;;;;;;;;;;;;;;
3;19;2026;119101;29101728;8;8111;1;0;0;1;;;;;;;;;;;;;;;;;;;;;;;;;;;;;;;;;;;;;;;;;;;;;;
3;19;2026;119101;01030100;8;8111;1;0;0;1;0;0;0;0;0;1;0;1;0;0;1;1;0;0;1;0;1;1;1;0;0;0;0;0;0;0;;;;;;;;;;;;;;;;;;;;
5;19;2026;119100;29101742;8;8110;12;39;;;;;;;;;;;;;;;;;;;;;;;;;;;;;;;;;;;;;;;;;;;;;;;;
5;20;2026;120101;29101742;8;8301;30;48;;;;;;;;;;;;;;;;;;;;;;;;;;;;;;;;;;;;;;;;;;;;;;;;
3;1;2026;101100;29101716;15;15101;1;;;1;;;;;;1;;;;;;;1;;1;;1;1;1;0;1;1;0;0;0;0;;;;;;;;;;;;;;;;;;;;
3;1;2026;101100;29101718;15;15101;1;;;1;;;;;;1;;;;;;;1;;1;;1;1;1;0;1;1;0;0;0;0;;;;;;;;;;;;;;;;;;;;
3;1;2026;101100;29101728;15;15101;90;;15;75;;;;;;;;;;;;;;;;;;;;;;;;;;;;;;;;;;;;;;;;;;;;;;
3;1;2026;101100;29101729;15;15101;2;;;2;;;;;;;;;;;;;;;;;;;;;;;;;;;;;;;;;;;;;;;;;;;;;;
2;8;2026;108101;29101728;5;5301;18;0;3;15;;;;;;;;;;;;;;;;;;;;;;;;;;;;;;;;;;;;;;;;;;;;;;
2;8;2026;108101;29101742;5;5301;10;8;;;;;;;;;;;;;;;;;;;;;;;;;;;;;;;;;;;;;;;;;;;;;;;;
1;20;2026;120101;29101728;8;8301;116;0;27;89;;;;;;;;;;;;;;;;;;;;;;;;;;;;;;;;;;;;;;;;;;;;;;
5;20;2026;120101;29101728;8;8301;87;1;24;62;;;;;;;;;;;;;;;;;;;;;;;;;;;;;;;;;;;;;;;;;;;;;;
5;20;2026;120101;29101715;8;8301;2;;;1;1;;;;;2;;;;;1;;0;;2;;;2;2;;0;0;0;0;0;0;;;;;;;;;;;;;;;;;;;;
5;5;2026;105100;29101715;4;4101;1;0;0;1;0;;;;;;;;;;;;;;;;;;;0;0;0;0;0;0;0;;;;;;;;;;;;;;;;;;;;
1;3;2026;103100;01030100;2;2101;109;0;7;88;13;0;1;0;5;109;89;0;0;0;4;58;55;2;97;0;7;99;0;0;4;72;0;0;0;0;;;;;;;;;;;;;;;;;;;;
1;3;2026;103100;29101714;2;2101;1;0;0;1;0;0;0;0;0;1;1;0;0;0;0;1;0;0;0;0;0;1;1;0;0;0;0;0;0;0;;;;;;;;;;;;;;;;;;;;
1;3;2026;103100;01030300;2;2101;34;0;0;22;12;0;0;0;0;34;34;0;0;0;0;0;0;0;30;0;5;5;34;0;1;14;0;0;0;0;;;;;;;;;;;;;;;;;;;;
1;3;2026;103100;24090700;2;2101;62;0;0;52;10;0;2;1;5;62;61;0;0;1;0;28;0;2;51;0;6;25;54;0;2;41;0;0;0;0;;;;;;;;;;;;;;;;;;;;
4;5;2026;105100;29101728;4;4101;60;0;9;51;;;;;;;;;;;;;;;;;;;;;;;;;;;;;;;;;;;;;;;;;;;;;;
4;5;2026;105100;29101729;4;4101;6;0;3;3;;;;;;;;;;;;;;;;;;;;;;;;;;;;;;;;;;;;;;;;;;;;;;
2;5;2026;105100;29101715;4;4101;0;0;0;0;0;;;;;;;;;;;;50;;;;;;;0;0;0;0;0;0;0;;;;;;;;;;;;;;;;;;;;
3;5;2026;105100;24090700;4;4101;54;0;0;47;7;0;2;3;7;54;56;0;0;1;0;1;46;0;0;0;0;2;41;0;4;7;0;0;0;0;;;;;;;;;;;;;;;;;;;;
1;17;2026;117101;29101728;16;16101;79;0;22;57;;;;;;;;;;;;;;;;;;;;;;;;;;;;;;;;;;;;;;;;;;;;;;
1;17;2026;117101;29101729;16;16101;6;0;3;3;;;;;;;;;;;;;;;;;;;;;;;;;;;;;;;;;;;;;;;;;;;;;;
1;17;2026;117101;01030300;16;16101;21;0;0;13;8;0;0;0;1;4;21;0;0;0;0;0;19;1;4;2;14;18;18;0;1;0;0;0;0;0;;;;;;;;;;;;;;;;;;;;
1;17;2026;117101;24090700;16;16101;49;1;0;31;17;0;2;2;14;30;45;12;0;2;0;12;21;4;19;0;17;34;34;0;1;0;1;0;0;0;;;;;;;;;;;;;;;;;;;;
3;17;2026;117101;29101715;16;16101;1;0;0;1;0;0;0;0;0;0;0;0;0;0;0;0;0;0;0;0;0;1;1;0;0;0;0;0;0;0;;;;;;;;;;;;;;;;;;;;
3;5;2026;105100;01030100;4;4101;56;0;1;50;5;0;1;0;6;56;38;0;0;0;6;22;54;3;48;0;3;45;54;0;3;7;0;1;0;0;;;;;;;;;;;;;;;;;;;;
3;5;2026;105100;01030300;4;4101;10;0;0;6;4;0;0;0;0;10;10;0;0;0;0;0;10;0;6;2;50;3;13;0;1;1;0;0;0;0;;;;;;;;;;;;;;;;;;;;
4;3;2026;103100;29101728;2;2101;95;0;14;81;;;;;;;;;;;;;;;;;;;;;;;;;;;;;;;;;;;;;;;;;;;;;;
1;20;2026;120101;29101742;8;8301;20;53;;;;;;;;;;;;;;;;;;;;;;;;;;;;;;;;;;;;;;;;;;;;;;;;
1;20;2026;120101;01030100;8;8301;119;0;3;98;18;;;1;8;119;73;;;;78;91;103;1;114;0;2;108;111;2;12;3;0;0;0;0;;;;;;;;;;;;;;;;;;;;
1;20;2026;120101;29101714;8;8301;4;0;0;4;0;;;0;0;4;4;;;;2;3;2;0;2;0;0;2;4;0;1;0;0;0;0;0;;;;;;;;;;;;;;;;;;;;
1;20;2026;120101;01030300;8;8301;21;0;0;15;6;;;0;0;21;21;;;;0;0;16;0;24;0;0;23;21;0;0;1;0;0;0;0;;;;;;;;;;;;;;;;;;;;
1;20;2026;120101;24090700;8;8301;56;0;2;40;14;;;1;12;56;55;;;;0;9;38;0;44;0;0;43;45;0;1;6;1;0;0;0;;;;;;;;;;;;;;;;;;;;
4;10;2026;110100;29101728;13;13101;152;1;42;109;;;;;;;;;;;;;;;;;;;;;;;;;;;;;;;;;;;;;;;;;;;;;;
4;10;2026;110100;29101729;13;13101;28;0;12;16;;;;;;;;;;;;;;;;;;;;;;;;;;;;;;;;;;;;;;;;;;;;;;
3;1;2026;101100;29101742;15;15101;18;55;;;;;;;;;;;;;;;;;;;;;;;;;;;;;;;;;;;;;;;;;;;;;;;;
3;1;2026;101100;01030100;15;15101;91;;5;75;11;;;;7;90;69;;;;14;61;70;0;86;0;6;86;86;0;39;39;0;0;0;0;;;;;;;;;;;;;;;;;;;;
3;1;2026;101100;29101714;15;15101;3;;;3;;;;;;3;3;;;;;3;3;0;3;0;1;3;3;0;2;1;0;0;0;0;;;;;;;;;;;;;;;;;;;;
3;1;2026;101100;01030300;15;15101;17;;;14;3;;;;;17;17;;;;;0;14;;17;;5;17;17;0;5;9;0;0;0;0;;;;;;;;;;;;;;;;;;;;
3;1;2026;101100;24090700;15;15101;61;;5;46;10;1;1;1;13;61;61;;;;;50;44;5;50;1;16;50;50;0;31;23;0;0;0;0;;;;;;;;;;;;;;;;;;;;
4;3;2026;103101;29101742;2;2201;8;25;;;;;;;;;;;;;;;;;;;;;;;;;;;;;;;;;;;;;;;;;;;;;;;;
4;3;2026;103101;01030100;2;2201;96;0;8;71;17;0;0;0;5;95;58;0;0;0;28;0;93;2;85;0;15;79;91;3;8;67;0;0;0;0;;;;;;;;;;;;;;;;;;;;
4;3;2026;103101;01030300;2;2201;14;0;0;12;2;0;0;0;0;14;14;0;0;0;0;0;14;1;8;0;0;0;13;0;0;7;0;0;0;0;;;;;;;;;;;;;;;;;;;;
4;3;2026;103101;24090700;2;2201;36;0;0;27;9;0;0;0;9;36;35;0;0;1;0;0;32;0;21;0;0;9;31;0;2;21;0;0;0;0;;;;;;;;;;;;;;;;;;;;
3;11;2026;111101;29101742;13;13119;44;59;;;;;;;;;;;;;;;;;;;;;;;;;;;;;;;;;;;;;;;;;;;;;;;;
3;11;2026;111101;01030100;13;13119;107;;2;81;24;;;;11;96;96;;6;;12;94;;2;93;;;85;98;1;3;22;0;0;0;0;;;;;;;;;;;;;;;;;;;;
3;11;2026;111101;29101714;13;13119;2;;;;2;;;;;2;2;;;;;2;;;1;;;1;1;;0;0;0;0;0;0;;;;;;;;;;;;;;;;;;;;
2;10;2026;110100;29101728;13;13101;87;0;21;66;;;;;;;;;;;;;;;;;;;;;;;;;;;;;;;;;;;;;;;;;;;;;;
2;10;2026;110100;29101729;13;13101;2;0;0;2;;;;;;;;;;;;;;;;;;;;;;;;;;;;;;;;;;;;;;;;;;;;;;
1;10;2026;110100;01030300;13;13101;18;0;1;12;5;0;0;1;3;18;18;0;0;0;0;0;13;0;10;0;0;4;7;0;1;6;0;0;0;0;;;;;;;;;;;;;;;;;;;;
1;10;2026;110100;24090700;13;13101;50;0;1;41;8;0;1;5;13;49;47;0;0;3;0;7;30;0;14;0;0;6;17;0;7;21;0;0;0;0;;;;;;;;;;;;;;;;;;;;
1;10;2026;110100;01030100;13;13101;116;0;7;96;13;0;0;1;12;116;100;0;0;0;7;92;112;1;99;0;0;98;94;0;10;48;0;0;0;0;;;;;;;;;;;;;;;;;;;;
1;10;2026;110100;29101742;13;13101;18;46;;;;;;;;;;;;;;;;;;;;;;;;;;;;;;;;;;;;;;;;;;;;;;;;
2;10;2026;110100;01030100;13;13101;84;0;5;61;18;0;1;1;9;84;73;0;0;0;6;65;79;2;70;0;0;72;85;0;10;42;0;0;0;0;;;;;;;;;;;;;;;;;;;;
1;10;2026;110100;29101714;13;13101;9;0;0;8;1;0;0;0;0;9;9;0;0;0;0;4;4;0;6;0;0;3;4;0;0;4;0;0;0;0;;;;;;;;;;;;;;;;;;;;
2;10;2026;110100;29101714;13;13101;6;0;2;4;0;0;0;0;0;6;6;0;0;0;0;1;4;0;3;0;0;2;5;0;0;2;0;0;0;0;;;;;;;;;;;;;;;;;;;;
2;10;2026;110100;01030300;13;13101;28;0;0;18;10;0;0;1;2;27;28;0;0;0;0;3;20;3;15;0;0;11;23;0;1;6;0;0;0;0;;;;;;;;;;;;;;;;;;;;
2;10;2026;110100;24090700;13;13101;44;0;2;27;15;0;6;1;10;44;36;0;0;8;0;6;25;2;14;0;0;11;18;0;3;12;0;0;0;0;;;;;;;;;;;;;;;;;;;;
2;10;2026;110100;29101742;13;13101;28;39;;;;;;;;;;;;;;;;;;;;;;;;;;;;;;;;;;;;;;;;;;;;;;;;
6;10;2026;110100;29101742;13;13101;23;35;;;;;;;;;;;;;;;;;;;;;;;;;;;;;;;;;;;;;;;;;;;;;;;;
6;2;2026;102100;29101728;1;1101;116;0;4;112;;;;;;;;;;;;;;;;;;;;;;;;;;;;;;;;;;;;;;;;;;;;;;
6;2;2026;102100;29101729;1;1101;13;0;4;9;;;;;;;;;;;;;;;;;;;;;;;;;;;;;;;;;;;;;;;;;;;;;;
6;2;2026;102100;01030300;1;1101;40;0;1;30;6;0;0;0;1;37;37;0;37;0;0;0;35;;3;;;30;;1;13;22;0;0;0;0;;;;;;;;;;;;;;;;;;;;
6;2;2026;102100;24090700;1;1101;64;0;5;45;17;0;1;4;15;65;65;0;65;3;0;0;60;;8;;;32;;0;21;41;0;0;0;0;;;;;;;;;;;;;;;;;;;;
4;2;2026;102100;29101729;1;1101;15;0;3;12;;;;;;;;;;;;;;;;;;;;;;;;;;;;;;;;;;;;;;;;;;;;;;
1;12;2026;112101;01030300;13;13122;67;0;3;38;26;0;0;0;1;51;66;0;0;1;0;1;0;4;42;0;1;19;60;0;2;22;0;0;0;0;;;;;;;;;;;;;;;;;;;;
1;12;2026;112101;24090700;13;13122;56;0;2;38;16;0;1;7;12;47;55;0;0;2;0;1;1;0;20;0;1;6;37;0;3;12;0;0;0;0;;;;;;;;;;;;;;;;;;;;
2;5;2026;105100;01030100;4;4101;51;0;4;35;12;1;0;3;10;51;36;0;0;0;7;17;42;4;35;2;6;30;42;0;2;9;0;0;0;0;;;;;;;;;;;;;;;;;;;;
2;5;2026;105100;29101714;4;4101;2;0;1;0;1;0;0;0;0;2;2;0;0;0;0;0;2;0;2;0;0;1;2;0;0;0;0;0;0;0;;;;;;;;;;;;;;;;;;;;
2;5;2026;105100;01030300;4;4101;6;0;0;3;3;0;0;0;1;6;6;0;0;0;0;0;6;0;3;5;45;2;8;0;3;0;0;0;0;0;;;;;;;;;;;;;;;;;;;;
2;5;2026;105100;24090700;4;4101;60;0;4;34;22;0;0;3;9;60;68;0;0;2;0;1;51;0;0;0;0;2;44;0;6;7;0;0;0;0;;;;;;;;;;;;;;;;;;;;
3;11;2026;111101;01030300;13;13119;44;;;24;20;;;;3;19;44;;8;;;;;;34;;1;37;41;;2;0;0;0;0;0;;;;;;;;;;;;;;;;;;;;
3;11;2026;111101;24090700;13;13119;62;;1;44;17;;2;3;13;23;58;;10;4;;16;;;39;;5;33;50;1;0;15;0;0;0;0;;;;;;;;;;;;;;;;;;;;
6;25;2026;125101;01030100;11;11201;2;;;2;;;;;;2;;;;;;2;2;0;2;0;0;2;2;0;0;1;0;0;0;0;;;;;;;;;;;;;;;;;;;;
5;10;2026;110100;29101718;13;13101;1;0;0;1;0;0;0;1;0;1;1;0;0;0;0;0;0;0;0;0;0;0;0;0;0;1;0;0;0;0;;;;;;;;;;;;;;;;;;;;
4;10;2026;110100;29101715;13;13101;2;0;0;1;1;0;0;1;0;1;1;0;0;0;0;0;0;1;1;0;0;0;0;0;0;0;0;0;0;0;;;;;;;;;;;;;;;;;;;;
4;2;2026;102100;29101728;1;1101;116;0;13;103;;;;;;;;;;;;;;;;;;;;;;;;;;;;;;;;;;;;;;;;;;;;;;
3;5;2026;105100;29101728;4;4101;50;0;5;45;;;;;;;;;;;;;;;;;;;;;;;;;;;;;;;;;;;;;;;;;;;;;;
1;4;2026;104103;24090700;3;3301;6;;;6;;;;;;;6;3;;;;;;;1;;;0;0;0;0;0;0;0;0;0;;;;;;;;;;;;;;;;;;;;
1;4;2026;104103;29101742;3;3301;22;5;;;;;;;;;;;;;;;;;;;;;;;;;;;;;;;;;;;;;;;;;;;;;;;;
1;4;2026;104103;01030100;3;3301;20;;3;15;2;;;;2;14;10;14;;;2;;;;14;;;;;;0;4;0;0;0;0;;;;;;;;;;;;;;;;;;;;
1;4;2026;104103;01030300;3;3301;21;;1;18;2;;;;;;21;;;;;;;;2;;;0;0;0;0;1;0;0;0;0;;;;;;;;;;;;;;;;;;;;
2;3;2026;103102;29101728;2;2301;1;;;1;;;;;;;;;;;;;;;;;;;;;;;;;;;;;;;;;;;;;;;;;;;;;;
2;3;2026;103102;01030100;2;2301;1;;;;;;;;;;;;;;;;;0;0;0;4;0;0;0;0;0;0;0;0;0;;;;;;;;;;;;;;;;;;;;
2;2;2026;201319;29101742;1;1107;3;;;;;;;;;;;;;;;;;;;;;;;;;;;;;;;;;;;;;;;;;;;;;;;;;
2;2;2026;201319;01030300;1;1107;3;;;3;;;;;;;3;;;;;;3;;3;;;3;3;;2;0;0;0;0;0;;;;;;;;;;;;;;;;;;;;
6;3;2026;103101;01030100;2;2201;100;1;3;84;12;0;0;0;7;100;57;0;0;0;24;23;94;4;84;1;13;83;94;2;6;56;0;0;0;0;;;;;;;;;;;;;;;;;;;;
6;3;2026;103101;29101714;2;2201;1;0;0;1;0;0;0;0;0;1;0;0;0;0;1;1;1;0;1;0;0;1;1;0;1;1;0;0;0;0;;;;;;;;;;;;;;;;;;;;
6;3;2026;103101;01030300;2;2201;15;0;0;8;7;0;0;1;0;15;15;0;0;0;0;0;12;0;9;0;5;2;12;0;0;11;0;0;0;0;;;;;;;;;;;;;;;;;;;;
6;3;2026;103101;24090700;2;2201;25;0;0;20;5;0;0;1;2;25;24;0;0;1;0;5;25;0;14;0;8;2;22;1;5;17;0;0;0;0;;;;;;;;;;;;;;;;;;;;
6;25;2026;125101;29101728;11;11201;2;;;2;;;;;;;;;;;;;;;;;;;;;;;;;;;;;;;;;;;;;;;;;;;;;;
6;25;2026;125101;29101729;11;11201;2;;;2;;;;;;;;;;;;;;;;;;;;;;;;;;;;;;;;;;;;;;;;;;;;;;
2;6;2026;106100;29101728;5;5101;35;1;11;23;;;;;;;;;;;;;;;;;;;;;;;;;;;;;;;;;;;;;;;;;;;;;;
4;5;2026;105100;01030100;4;4101;66;0;4;52;10;0;1;1;7;66;49;0;0;0;7;23;60;3;58;0;1;57;59;0;4;9;0;0;0;0;;;;;;;;;;;;;;;;;;;;
4;5;2026;105100;01030300;4;4101;14;0;0;10;4;0;0;0;0;14;14;0;0;0;0;0;13;0;1;3;57;5;23;0;2;4;0;0;0;0;;;;;;;;;;;;;;;;;;;;
4;5;2026;105100;24090700;4;4101;53;0;2;35;16;0;0;3;8;53;58;0;0;0;0;0;42;0;0;0;0;3;32;0;3;9;0;0;0;0;;;;;;;;;;;;;;;;;;;;
2;4;2026;104101;29101715;3;3201;;;;1;;;;;;;;;;;;;;;;;;;;;;;;;;;;;;;;;;;;;;;;;;;;;;
2;4;2026;104101;29101728;3;3201;1;;;1;;;;;;;;;;;;;;;;;;;;;;;;;;;;;;;;;;;;;;;;;;;;;;
2;4;2026;104101;01030100;3;3201;;;;1;;;;;;;;;;;;;;;;;;;;;;;;;;;;;;;;;;;;;;;;;;;;;;
5;4;2026;104101;29101728;3;3201;1;;1;;;;;;;;;;;;;;;;;;;;;;;;;;;;;;;;;;;;;;;;;;;;;;;
3;17;2026;117101;29101728;16;16101;75;0;22;53;;;;;;;;;;;;;;;;;;;;;;;;;;;;;;;;;;;;;;;;;;;;;;
3;17;2026;117101;29101729;16;16101;3;0;3;0;;;;;;;;;;;;;;;;;;;;;;;;;;;;;;;;;;;;;;;;;;;;;;
4;2;2026;102100;29101742;1;1101;21;36;;;;;;;;;;;;;;;;;;;;;;;;;;;;;;;;;;;;;;;;;;;;;;;;
1;10;2026;110100;29101716;13;13101;1;0;0;1;0;0;0;0;0;1;0;0;0;0;0;0;0;0;1;0;0;1;0;0;0;0;0;0;0;0;;;;;;;;;;;;;;;;;;;;
6;10;2026;110100;01030100;13;13101;97;0;10;67;20;0;1;0;13;96;81;0;0;0;8;65;93;5;81;0;2;84;90;0;6;43;0;0;0;0;;;;;;;;;;;;;;;;;;;;
6;10;2026;110100;29101714;13;13101;3;0;1;2;0;0;0;0;0;3;3;0;0;0;0;0;2;0;3;0;0;2;3;0;0;2;0;0;0;0;;;;;;;;;;;;;;;;;;;;
6;10;2026;110100;01030300;13;13101;22;0;0;17;5;0;0;0;3;22;21;0;0;1;0;0;20;1;10;0;2;10;17;0;2;5;0;0;0;0;;;;;;;;;;;;;;;;;;;;
6;10;2026;110100;24090700;13;13101;39;0;4;30;5;1;1;3;7;38;33;0;0;6;0;1;24;0;10;0;8;8;14;0;4;16;0;0;0;0;;;;;;;;;;;;;;;;;;;;
6;2;2026;102100;29101742;1;1101;28;20;;;;;;;;;;;;;;;;;;;;;;;;;;;;;;;;;;;;;;;;;;;;;;;;
4;5;2026;105100;29101742;4;4101;14;53;;;;;;;;;;;;;;;;;;;;;;;;;;;;;;;;;;;;;;;;;;;;;;;;
3;20;2026;120101;29101715;8;8301;1;;;1;;;;;;1;;;;;1;;;0;2;;;2;;;0;0;0;0;0;0;;;;;;;;;;;;;;;;;;;;
5;10;2026;110100;29101714;13;13101;7;0;0;5;2;0;0;0;0;7;7;0;0;0;0;1;4;0;3;0;1;3;5;0;0;5;0;0;0;0;;;;;;;;;;;;;;;;;;;;
5;10;2026;110100;01030300;13;13101;21;0;0;14;7;0;0;1;1;20;21;0;0;0;0;2;18;1;13;0;1;13;18;0;3;8;0;0;0;0;;;;;;;;;;;;;;;;;;;;
5;10;2026;110100;24090700;13;13101;43;0;0;33;10;0;0;3;12;39;39;0;0;4;0;2;31;2;16;0;0;14;21;0;2;15;1;0;0;0;;;;;;;;;;;;;;;;;;;;
1;14;2026;114105;29101728;13;13110;102;0;21;81;;;;;;;;;;;;;;;;;;;;;;;;;;;;;;;;;;;;;;;;;;;;;;
1;14;2026;114105;29101729;13;13110;1;0;1;0;;;;;;;;;;;;;;;;;;;;;;;;;;;;;;;;;;;;;;;;;;;;;;
1;14;2026;114105;01030100;13;13110;105;0;11;73;21;0;0;1;11;105;89;0;1;0;6;92;84;1;83;0;0;62;0;0;5;21;0;0;0;0;;;;;;;;;;;;;;;;;;;;
1;14;2026;114105;29101714;13;13110;8;0;0;7;1;0;0;0;2;7;7;0;0;1;0;8;2;0;2;0;0;1;0;0;0;3;0;0;0;0;;;;;;;;;;;;;;;;;;;;
1;14;2026;114105;01030300;13;13110;15;0;0;11;4;0;0;0;0;0;15;0;0;0;0;0;13;0;13;0;0;9;0;0;0;4;0;0;0;0;;;;;;;;;;;;;;;;;;;;
1;14;2026;114105;24090700;13;13110;62;0;1;48;13;1;2;2;14;0;55;0;0;8;0;29;42;1;28;0;0;17;0;0;1;12;0;0;0;0;;;;;;;;;;;;;;;;;;;;
5;17;2026;117101;01030100;16;16101;79;0;3;59;17;0;1;2;13;29;49;32;1;0;55;32;70;3;69;0;0;72;72;0;0;8;0;0;0;0;;;;;;;;;;;;;;;;;;;;
5;17;2026;117101;29101714;16;16101;2;0;0;1;1;0;0;0;1;2;2;1;0;0;2;1;2;0;2;0;0;0;0;0;0;0;0;0;0;0;;;;;;;;;;;;;;;;;;;;
5;17;2026;117101;01030300;16;16101;17;0;0;9;8;0;0;0;0;12;17;0;0;0;0;0;15;0;6;0;11;0;17;0;1;0;0;0;0;0;;;;;;;;;;;;;;;;;;;;
5;17;2026;117101;24090700;16;16101;41;0;2;31;8;1;1;3;12;33;40;9;0;1;1;11;19;0;13;0;16;32;32;0;0;0;0;0;0;0;;;;;;;;;;;;;;;;;;;;
5;10;2026;110100;29101728;13;13101;103;1;27;75;;;;;;;;;;;;;;;;;;;;;;;;;;;;;;;;;;;;;;;;;;;;;;
2;25;2026;125100;29101728;11;11101;20;0;4;16;;;;;;;;;;;;;;;;;;;;;;;;;;;;;;;;;;;;;;;;;;;;;;
4;5;2026;105108;29101728;4;4203;2;0;0;2;;;;;;;;;;;;;;;;;;;;;;;;;;;;;;;;;;;;;;;;;;;;;;
4;5;2026;105108;01030100;4;4203;2;0;0;1;1;0;0;0;0;2;0;0;0;0;1;2;2;0;2;0;0;2;2;0;0;0;0;0;0;0;;;;;;;;;;;;;;;;;;;;
5;23;2026;123100;29101728;10;10301;55;0;11;44;;;;;;;;;;;;;;;;;;;;;;;;;;;;;;;;;;;;;;;;;;;;;;
3;12;2026;112101;24090700;13;13122;52;0;0;33;19;0;0;3;13;46;51;0;0;3;0;5;2;2;33;0;3;5;38;0;4;9;0;0;0;0;;;;;;;;;;;;;;;;;;;;
5;10;2026;110100;29101742;13;13101;20;41;;;;;;;;;;;;;;;;;;;;;;;;;;;;;;;;;;;;;;;;;;;;;;;;
3;10;2026;110100;29101728;13;13101;122;1;32;89;;;;;;;;;;;;;;;;;;;;;;;;;;;;;;;;;;;;;;;;;;;;;;
3;11;2026;111100;24090700;13;13101;82;;3;61;18;;1;4;8;;80;;;2;;11;;0;14;2;41;5;74;;3;68;0;0;0;0;;;;;;;;;;;;;;;;;;;;
1;10;2026;110100;29101728;13;13101;114;0;30;84;;;;;;;;;;;;;;;;;;;;;;;;;;;;;;;;;;;;;;;;;;;;;;
4;10;2026;110100;29101742;13;13101;25;33;;;;;;;;;;;;;;;;;;;;;;;;;;;;;;;;;;;;;;;;;;;;;;;;
4;10;2026;110100;01030100;13;13101;123;0;10;96;17;1;2;4;16;125;105;0;0;0;9;81;117;6;99;0;1;101;121;0;1;43;0;0;0;0;;;;;;;;;;;;;;;;;;;;
4;10;2026;110100;29101714;13;13101;7;0;0;6;1;0;0;0;1;7;7;0;0;0;0;2;6;0;3;0;0;4;5;0;0;2;0;0;0;0;;;;;;;;;;;;;;;;;;;;
4;10;2026;110100;01030300;13;13101;27;0;0;18;9;0;0;1;5;25;27;0;0;0;0;1;25;2;12;0;0;14;19;0;2;9;0;0;0;0;;;;;;;;;;;;;;;;;;;;
4;10;2026;110100;24090700;13;13101;36;0;0;27;9;0;0;2;9;32;35;0;0;1;0;1;25;0;9;0;2;8;20;0;2;16;0;0;0;0;;;;;;;;;;;;;;;;;;;;
1;11;2026;111101;29101728;13;13119;93;;18;75;;;;;;;;;;;;;;;;;;;;;;;;;;;;;;;;;;;;;;;;;;;;;;
1;14;2026;114105;29101716;13;13110;1;0;0;1;0;0;0;0;0;1;0;0;0;0;1;1;1;0;0;0;0;0;0;0;0;0;0;0;0;0;;;;;;;;;;;;;;;;;;;;
1;14;2026;114105;29101718;13;13110;1;0;0;1;0;0;0;0;0;1;0;0;0;0;1;1;1;0;0;0;0;0;0;0;0;0;0;0;0;0;;;;;;;;;;;;;;;;;;;;
1;17;2026;117101;29101742;16;16101;19;39;;;;;;;;;;;;;;;;;;;;;;;;;;;;;;;;;;;;;;;;;;;;;;;;
1;11;2026;111101;29101715;13;13119;1;;;1;;;;;;;;;;;1;;;;;;;;;;0;0;0;0;0;0;;;;;;;;;;;;;;;;;;;;
2;6;2026;106100;29101718;5;5101;1;0;0;0;1;0;0;0;0;0;0;0;0;0;1;0;;0;0;0;0;0;0;0;0;0;0;0;0;0;;;;;;;;;;;;;;;;;;;;
1;10;2026;110100;29101729;13;13101;6;0;1;5;;;;;;;;;;;;;;;;;;;;;;;;;;;;;;;;;;;;;;;;;;;;;;
6;2;2026;102100;01030100;1;1101;162;0;16;132;16;0;1;1;22;164;124;0;0;0;46;29;142;0;135;0;0;129;0;3;57;105;0;0;0;0;;;;;;;;;;;;;;;;;;;;
6;2;2026;102100;29101714;1;1101;2;0;1;1;0;0;0;0;0;22;2;0;0;0;1;0;2;0;2;0;0;1;0;0;0;0;0;0;0;0;;;;;;;;;;;;;;;;;;;;
4;5;2026;105104;01030100;4;4204;1;0;0;1;0;0;0;0;0;0;0;1;0;0;1;1;1;0;1;0;0;1;1;0;0;1;0;0;0;0;;;;;;;;;;;;;;;;;;;;
1;5;2026;105104;29101728;4;4204;1;0;0;1;;;;;;;;;;;;;;;;;;;;;;;;;;;;;;;;;;;;;;;;;;;;;;
1;5;2026;105104;01030100;4;4204;1;0;0;1;0;0;0;0;0;1;0;1;0;0;1;0;1;0;1;0;0;1;1;0;0;0;0;0;0;0;;;;;;;;;;;;;;;;;;;;
6;5;2026;105104;29101728;4;4204;1;0;0;1;;;;;;;;;;;;;;;;;;;;;;;;;;;;;;;;;;;;;;;;;;;;;;
6;5;2026;105104;01030100;4;4204;1;0;0;1;0;0;0;0;0;1;0;0;0;0;0;1;1;0;1;0;1;1;0;0;0;1;0;0;0;0;;;;;;;;;;;;;;;;;;;;
2;26;2026;126100;29101728;12;12101;34;0;7;27;;;;;;;;;;;;;;;;;;;;;;;;;;;;;;;;;;;;;;;;;;;;;;
2;26;2026;126100;29101742;12;12101;14;7;;;;;;;;;;;;;;;;;;;;;;;;;;;;;;;;;;;;;;;;;;;;;;;;
1;17;2026;117101;01030100;16;16101;89;0;7;63;19;0;0;1;14;30;52;53;0;1;52;34;80;6;75;0;4;77;77;0;1;8;1;0;0;0;;;;;;;;;;;;;;;;;;;;
1;17;2026;117101;29101714;16;16101;4;0;0;4;0;0;0;0;0;3;3;2;0;0;4;0;3;0;4;0;0;3;3;0;0;0;0;0;0;0;;;;;;;;;;;;;;;;;;;;
3;20;2026;120101;01030100;8;8301;106;0;4;88;14;0;2;3;13;106;71;;3;;73;84;90;2;106;;0;103;;1;6;5;0;0;0;0;;;;;;;;;;;;;;;;;;;;
3;20;2026;120101;29101714;8;8301;2;0;0;1;1;0;0;0;1;2;2;;0;;1;2;0;0;2;;0;2;;0;1;0;0;0;0;0;;;;;;;;;;;;;;;;;;;;
3;20;2026;120101;01030300;8;8301;25;0;0;16;9;0;0;0;2;25;25;;0;;0;0;19;2;24;;5;24;;1;3;2;0;0;0;0;;;;;;;;;;;;;;;;;;;;
3;20;2026;120101;24090700;8;8301;51;1;1;39;10;0;0;1;5;52;51;;1;;0;17;23;3;41;2;12;43;;0;4;3;0;0;0;0;;;;;;;;;;;;;;;;;;;;
3;5;2026;105104;29101728;4;4204;1;0;0;1;;;;;;;;;;;;;;;;;;;;;;;;;;;;;;;;;;;;;;;;;;;;;;
3;5;2026;105104;01030100;4;4204;2;0;0;2;0;0;0;0;0;0;0;1;0;0;0;1;2;0;1;0;0;1;1;0;0;1;0;0;0;0;;;;;;;;;;;;;;;;;;;;
2;5;2026;105104;29101728;4;4204;2;0;1;1;;;;;;;;;;;;;;;;;;;;;;;;;;;;;;;;;;;;;;;;;;;;;;
2;5;2026;105104;01030100;4;4204;2;0;1;1;0;0;0;0;0;1;0;1;0;0;2;0;1;0;2;0;0;2;2;0;0;0;0;0;0;0;;;;;;;;;;;;;;;;;;;;
5;5;2026;105104;29101728;4;4204;3;0;1;2;;;;;;;;;;;;;;;;;;;;;;;;;;;;;;;;;;;;;;;;;;;;;;
5;5;2026;105104;01030100;4;4204;3;0;0;2;1;0;0;0;1;2;0;2;0;0;0;2;1;0;2;0;0;2;2;0;2;1;0;0;0;0;;;;;;;;;;;;;;;;;;;;
2;8;2026;108101;01030100;5;5301;19;0;1;17;1;0;0;0;2;19;14;0;0;0;0;18;12;1;0;17;1;16;16;0;0;5;0;0;0;0;;;;;;;;;;;;;;;;;;;;
2;8;2026;108101;01030300;5;5301;10;0;0;8;2;0;0;0;0;0;10;0;0;0;0;6;6;0;2;0;8;0;10;0;0;0;0;0;0;0;;;;;;;;;;;;;;;;;;;;
2;8;2026;108101;24090700;5;5301;9;0;0;8;1;0;0;0;1;0;9;0;0;0;0;6;4;1;2;0;5;0;8;0;0;3;0;0;0;0;;;;;;;;;;;;;;;;;;;;
5;25;2026;125101;29101742;11;11201;1;;;;;;;;;;;;;;;;;;;;;;;;;;;;;;;;;;;;;;;;;;;;;;;;;
5;25;2026;125101;01030100;11;11201;2;;;1;1;;;;;;;;;;1;2;2;;2;;2;2;2;2;0;0;0;0;0;0;;;;;;;;;;;;;;;;;;;;
5;25;2026;125101;01030300;11;11201;1;;;1;;;;;;;1;;;;;;1;;1;;1;1;1;1;0;0;0;0;0;0;;;;;;;;;;;;;;;;;;;;
5;25;2026;125101;24090700;11;11201;1;;;;1;;;;1;;1;;;;;;;;1;;1;0;1;1;0;0;0;0;0;0;;;;;;;;;;;;;;;;;;;;
3;17;2026;117101;01030100;16;16101;88;0;8;62;18;2;1;2;10;29;45;43;2;0;56;34;76;8;72;0;4;79;79;0;1;5;0;0;0;0;;;;;;;;;;;;;;;;;;;;
3;17;2026;117101;29101714;16;16101;1;0;0;0;1;0;0;0;1;0;0;0;0;0;1;0;0;0;1;0;0;0;0;0;0;0;0;0;0;0;;;;;;;;;;;;;;;;;;;;
3;17;2026;117101;01030300;16;16101;35;0;0;28;7;0;0;0;3;21;34;1;0;0;0;0;18;1;27;0;3;30;30;0;0;0;0;0;0;0;;;;;;;;;;;;;;;;;;;;
3;17;2026;117101;24090700;16;16101;39;0;1;30;8;0;2;3;7;25;37;6;0;3;2;2;16;3;18;0;6;24;24;0;1;0;0;0;0;0;;;;;;;;;;;;;;;;;;;;
4;17;2026;117101;29101728;16;16101;75;0;18;57;;;;;;;;;;;;;;;;;;;;;;;;;;;;;;;;;;;;;;;;;;;;;;
4;17;2026;117101;29101729;16;16101;3;0;1;2;;;;;;;;;;;;;;;;;;;;;;;;;;;;;;;;;;;;;;;;;;;;;;
5;25;2026;125100;01030100;11;11101;22;0;1;13;8;0;0;0;4;22;21;0;0;0;3;16;19;1;15;1;14;12;19;0;6;2;0;0;0;0;;;;;;;;;;;;;;;;;;;;
5;25;2026;125100;01030300;11;11101;21;0;2;15;4;0;0;0;3;21;21;0;0;0;0;0;18;0;11;0;17;9;16;0;3;1;0;0;0;0;;;;;;;;;;;;;;;;;;;;
5;25;2026;125100;24090700;11;11101;12;0;0;8;4;0;0;0;2;12;11;0;0;1;1;6;7;0;8;0;10;5;11;0;3;1;0;0;0;0;;;;;;;;;;;;;;;;;;;;
3;17;2026;117101;29101742;16;16101;32;27;;;;;;;;;;;;;;;;;;;;;;;;;;;;;;;;;;;;;;;;;;;;;;;;
1;12;2026;112107;29101728;5;5201;6;;1;5;;;;;;;;;;;;;;;;;;;;;;;;;;;;;;;;;;;;;;;;;;;;;;
1;12;2026;112107;29101742;5;5201;2;;;;;;;;;;;;;;;;;;;;;;;;;;;;;;;;;;;;;;;;;;;;;;;;;
5;10;2026;110100;01030100;13;13101;96;0;5;75;16;0;1;3;9;97;82;0;0;1;9;71;93;5;69;0;0;70;86;0;3;34;0;0;0;0;;;;;;;;;;;;;;;;;;;;
5;20;2026;120101;01030300;8;8301;27;0;0;20;7;0;0;0;1;27;27;;0;;0;0;20;1;28;0;14;14;26;0;0;0;0;0;0;0;;;;;;;;;;;;;;;;;;;;
5;20;2026;120101;24090700;8;8301;53;0;2;34;17;0;0;1;12;53;52;;0;;0;13;34;4;46;3;23;23;42;0;1;2;0;0;0;0;;;;;;;;;;;;;;;;;;;;
5;20;2026;120101;01030100;8;8301;89;0;7;67;16;1;1;4;7;90;61;;0;;63;78;72;5;80;0;14;14;82;0;5;0;0;0;0;0;;;;;;;;;;;;;;;;;;;;
5;20;2026;120101;29101714;8;8301;4;0;0;4;0;0;0;0;1;4;3;;1;;3;2;4;0;4;0;1;1;4;0;1;0;0;0;0;0;;;;;;;;;;;;;;;;;;;;
2;22;2026;122100;29101728;14;14101;57;;20;37;;;;;;;;;;;;;;;;;;;;;;;;;;;;;;;;;;;;;;;;;;;;;;
2;22;2026;122100;29101729;14;14101;56;;19;37;;;;;;;;;;;;;;;;;;;;;;;;;;;;;;;;;;;;;;;;;;;;;;
1;5;2026;105100;29101729;4;4101;1;1;0;0;;;;;;;;;;;;;;;;;;;;;;;;;;;;;;;;;;;;;;;;;;;;;;
6;22;2026;122100;29101728;14;14101;67;1;14;52;;;;;;;;;;;;;;;;;;;;;;;;;;;;;;;;;;;;;;;;;;;;;;
6;22;2026;122100;29101729;14;14101;1;;1;;;;;;;;;;;;;;;;;;;;;;;;;;;;;;;;;;;;;;;;;;;;;;;
6;22;2026;122100;29101742;14;14101;11;34;;;;;;;;;;;;;;;;;;;;;;;;;;;;;;;;;;;;;;;;;;;;;;;;
6;22;2026;122100;01030100;14;14101;76;;3;57;16;;1;;12;76;67;;;;25;51;58;1;59;;1;52;53;1;11;1;2;0;0;0;;;;;;;;;;;;;;;;;;;;
6;22;2026;122100;29101714;14;14101;3;;;3;;;;;;3;3;;;;1;;2;;3;;;3;3;;0;0;0;0;0;0;;;;;;;;;;;;;;;;;;;;
6;22;2026;122100;01030300;14;14101;11;;;6;5;;;;;11;12;;;;;;6;;6;;;11;12;;0;2;0;0;0;0;;;;;;;;;;;;;;;;;;;;
6;22;2026;122100;24090700;14;14101;47;;1;32;14;;;2;7;45;45;;;3;1;21;27;;12;;2;25;30;;7;2;0;0;0;0;;;;;;;;;;;;;;;;;;;;
6;33;2026;133165;29101742;10;10208;0;2;;;;;;;;;;;;;;;;;;;;;;;;;;;;;;;;;;;;;;;;;;;;;;;;
6;33;2026;133165;01030100;10;10208;19;0;0;14;5;0;0;0;0;18;12;11;0;0;14;18;17;2;17;2;15;13;18;0;6;2;0;0;0;0;;;;;;;;;;;;;;;;;;;;
6;33;2026;133165;24090700;10;10208;2;0;0;0;2;0;0;0;0;2;2;1;0;0;0;1;2;0;2;0;2;1;2;0;2;0;0;0;0;0;;;;;;;;;;;;;;;;;;;;
1;5;2026;105100;29101728;4;4101;48;1;14;33;;;;;;;;;;;;;;;;;;;;;;;;;;;;;;;;;;;;;;;;;;;;;;
6;2;2026;102100;29101715;1;1101;1;0;0;1;0;0;0;0;0;1;0;0;0;0;0;0;0;;;;;;;;1;1;0;0;0;0;;;;;;;;;;;;;;;;;;;;
6;2;2026;102100;29101716;1;1101;1;0;0;0;1;0;0;0;1;1;0;0;0;0;0;0;0;;;;;;;;1;1;0;0;0;0;;;;;;;;;;;;;;;;;;;;
6;2;2026;102100;29101717;1;1101;1;;;;;;;;;;;;;;;;;;;;;;;;0;0;0;0;0;0;;;;;;;;;;;;;;;;;;;;
6;2;2026;102100;29101718;1;1101;1;0;0;0;0;;;;;0;;;;;;;;;;;;;;;0;0;0;0;0;0;;;;;;;;;;;;;;;;;;;;
1;5;2026;105100;29101742;4;4101;13;50;;;;;;;;;;;;;;;;;;;;;;;;;;;;;;;;;;;;;;;;;;;;;;;;
1;5;2026;105100;01030100;4;4101;51;0;1;35;15;0;2;1;7;51;34;0;0;0;7;27;45;5;41;0;1;40;43;0;4;13;0;0;0;0;;;;;;;;;;;;;;;;;;;;
1;5;2026;105100;01030300;4;4101;13;0;0;10;3;0;0;0;0;13;13;0;0;0;0;0;12;0;1;6;47;2;11;0;0;3;0;0;0;0;;;;;;;;;;;;;;;;;;;;
1;5;2026;105100;24090700;4;4101;53;0;1;36;16;0;4;4;13;53;58;0;0;3;0;1;37;0;0;0;0;2;37;0;4;7;0;0;0;0;;;;;;;;;;;;;;;;;;;;
2;6;2026;106100;29101716;5;5101;0;0;0;0;0;0;0;0;0;0;0;0;0;0;0;0;;0;1;0;0;1;1;0;0;0;0;0;0;0;;;;;;;;;;;;;;;;;;;;
5;25;2026;125101;29101718;11;11201;1;;;1;;;;;;;;;;;;;;;1;;1;1;1;1;0;0;0;0;0;0;;;;;;;;;;;;;;;;;;;;
5;25;2026;125101;29101728;11;11201;1;;1;;;;;;;;;;;;;;;;;;;;;;;;;;;;;;;;;;;;;;;;;;;;;;;
6;3;2026;103100;29101715;2;2101;1;0;0;1;0;0;0;0;0;0;0;0;0;0;0;0;0;0;0;0;0;0;0;0;0;0;0;0;0;0;;;;;;;;;;;;;;;;;;;;
5;23;2026;123100;24090700;10;10301;50;0;0;38;12;0;1;1;9;0;65;0;19;2;1;14;39;2;39;1;35;31;39;0;14;1;0;0;0;0;;;;;;;;;;;;;;;;;;;;
6;3;2026;103103;29101728;2;2104;2;;1;1;;;;;;;;;;;;;;;;;;;;;;;;;;;;;;;;;;;;;;;;;;;;;;
6;3;2026;103103;01030100;2;2104;2;;;2;;;;;1;2;;;;;;2;2;0;2;0;2;1;1;0;0;1;0;0;0;0;;;;;;;;;;;;;;;;;;;;
5;9;2026;109100;01030100;13;13108;246;1;17;180;48;0;2;3;17;206;396;0;1;0;17;34;197;2;129;0;0;56;160;0;1;98;0;1;0;0;;;;;;;;;;;;;;;;;;;;
5;9;2026;109100;29101714;13;13108;1;0;0;1;0;0;0;0;0;1;1;0;0;0;1;1;1;0;0;0;0;0;0;0;0;0;0;0;0;0;;;;;;;;;;;;;;;;;;;;
5;9;2026;109100;01030300;13;13108;41;0;0;27;14;0;0;0;2;27;41;0;0;0;0;0;21;0;2;0;0;1;7;0;0;15;0;0;0;0;;;;;;;;;;;;;;;;;;;;
1;12;2026;112107;01030100;5;5201;4;;;3;1;0;0;0;0;0;4;;;;1;4;0;0;4;;;4;;;3;0;0;0;0;0;;;;;;;;;;;;;;;;;;;;
1;12;2026;112107;01030300;5;5201;2;;;1;1;0;0;0;0;0;2;0;0;0;0;0;0;0;2;;1;0;0;0;1;0;0;0;0;0;;;;;;;;;;;;;;;;;;;;
3;21;2026;121109;01030100;9;9101;142;0;13;110;19;0;0;3;12;74;107;0;0;0;38;128;136;6;124;5;129;116;133;0;37;4;0;0;0;0;;;;;;;;;;;;;;;;;;;;
3;21;2026;121109;29101714;9;9101;2;0;0;2;0;0;0;0;0;0;2;0;0;0;0;1;1;0;1;0;2;0;2;0;0;0;0;0;0;0;;;;;;;;;;;;;;;;;;;;
3;21;2026;121109;01030300;9;9101;46;0;0;31;15;0;0;0;2;0;46;0;0;0;0;42;43;0;2;5;45;38;47;0;13;1;0;0;0;0;;;;;;;;;;;;;;;;;;;;
3;21;2026;121109;24090700;9;9101;129;1;3;97;28;0;2;3;29;9;129;0;0;3;0;106;104;1;1;18;105;95;118;0;26;6;0;0;0;0;;;;;;;;;;;;;;;;;;;;
2;21;2026;121109;29101728;9;9101;106;2;32;72;;;;;;;;;;;;;;;;;;;;;;;;;;;;;;;;;;;;;;;;;;;;;;
2;21;2026;121109;29101729;9;9101;26;0;5;21;;;;;;;;;;;;;;;;;;;;;;;;;;;;;;;;;;;;;;;;;;;;;;
2;21;2026;121109;24090700;9;9101;111;0;2;83;26;0;0;8;14;12;109;0;0;3;0;100;88;0;2;15;94;78;96;0;25;3;0;0;0;0;;;;;;;;;;;;;;;;;;;;
2;21;2026;121109;29101742;9;9101;43;107;;;;;;;;;;;;;;;;;;;;;;;;;;;;;;;;;;;;;;;;;;;;;;;;
2;21;2026;121109;01030100;9;9101;134;2;3;102;27;2;0;3;11;73;90;0;0;0;36;120;127;3;121;11;118;112;125;0;40;0;0;0;0;0;;;;;;;;;;;;;;;;;;;;
2;21;2026;121109;29101714;9;9101;3;0;0;3;0;0;0;0;1;3;3;0;0;0;0;3;2;0;2;0;2;0;2;0;1;0;0;0;0;0;;;;;;;;;;;;;;;;;;;;
2;21;2026;121109;01030300;9;9101;46;0;0;30;16;0;0;0;4;1;44;0;0;3;0;0;40;0;0;2;41;36;41;0;14;2;0;0;0;0;;;;;;;;;;;;;;;;;;;;
2;6;2026;106100;29101729;5;5101;1;0;0;1;;;;;;;;;;;;;;;;;;;;;;;;;;;;;;;;;;;;;;;;;;;;;;
2;11;2026;111100;01030100;13;13101;120;;9;94;17;1;1;1;9;;112;0;0;0;2;55;;3;88;0;5;59;110;;5;92;0;0;0;0;;;;;;;;;;;;;;;;;;;;
2;11;2026;111100;29101714;13;13101;3;;;3;;;;;;;3;;;;;1;;0;0;0;0;0;2;;0;1;0;0;0;0;;;;;;;;;;;;;;;;;;;;
2;11;2026;111100;01030300;13;13101;14;;1;9;4;;;;1;;14;;;;;0;;0;2;0;5;0;7;;1;13;0;0;0;0;;;;;;;;;;;;;;;;;;;;
3;29;2026;129106;24090700;9;9211;14;0;1;10;3;0;0;0;2;14;14;0;0;0;0;0;1;1;11;0;10;11;12;0;5;0;0;0;0;0;;;;;;;;;;;;;;;;;;;;
3;11;2026;111100;01030100;13;13101;145;;13;112;20;;1;3;14;;131;;;;5;76;;2;105;0;16;85;131;;2;101;0;0;0;0;;;;;;;;;;;;;;;;;;;;
3;11;2026;111100;29101714;13;13101;1;;;1;;;;;;;1;;;;;1;;0;3;0;0;2;3;;0;1;0;0;0;0;;;;;;;;;;;;;;;;;;;;
3;11;2026;111100;01030300;13;13101;13;;2;7;4;;;;;;13;;;;;0;;0;5;1;6;1;12;;1;8;0;0;0;0;;;;;;;;;;;;;;;;;;;;
1;11;2026;111101;29101742;13;13119;39;51;;;;;;;;;;;;;;;;;;;;;;;;;;;;;;;;;;;;;;;;;;;;;;;;
2;11;2026;111100;24090700;13;13101;88;;;65;23;;;4;17;;84;;;5;;32;;0;6;1;50;1;77;;1;67;0;0;0;0;;;;;;;;;;;;;;;;;;;;
2;5;2026;105102;29101742;4;4301;26;19;;;;;;;;;;;;;;;;;;;;;;;;;;;;;;;;;;;;;;;;;;;;;;;;
1;5;2026;105102;24090700;4;4301;38;0;0;25;13;0;0;0;5;38;41;0;0;0;0;11;37;0;0;3;30;32;34;0;0;6;0;0;0;0;;;;;;;;;;;;;;;;;;;;
1;5;2026;105102;29101742;4;4301;42;6;;;;;;;;;;;;;;;;;;;;;;;;;;;;;;;;;;;;;;;;;;;;;;;;
1;5;2026;105102;01030100;4;4301;45;0;2;40;3;0;0;0;5;45;24;0;0;0;25;40;44;3;40;0;0;38;42;0;3;8;0;0;0;0;;;;;;;;;;;;;;;;;;;;
1;5;2026;105102;01030300;4;4301;40;0;0;29;11;0;0;0;2;40;39;0;0;1;0;0;39;0;0;3;39;38;41;0;4;6;0;0;0;0;;;;;;;;;;;;;;;;;;;;
2;5;2026;105102;01030100;4;4301;31;0;2;24;5;0;0;0;1;30;21;0;0;1;10;26;28;0;31;0;0;29;30;0;1;2;0;0;0;0;;;;;;;;;;;;;;;;;;;;
3;5;2026;105102;29101728;4;4301;41;0;1;40;;;;;;;;;;;;;;;;;;;;;;;;;;;;;;;;;;;;;;;;;;;;;;
3;5;2026;105102;29101742;4;4301;26;23;;;;;;;;;;;;;;;;;;;;;;;;;;;;;;;;;;;;;;;;;;;;;;;;
3;5;2026;105102;01030100;4;4301;43;0;6;32;5;0;0;0;2;43;29;0;0;0;17;36;39;0;40;0;0;36;40;0;7;5;1;0;0;0;;;;;;;;;;;;;;;;;;;;
3;5;2026;105102;01030300;4;4301;26;0;2;17;7;0;0;0;1;26;26;0;0;0;0;0;23;0;0;1;25;25;24;0;2;1;0;0;0;0;;;;;;;;;;;;;;;;;;;;
3;5;2026;105102;24090700;4;4301;26;0;2;17;7;0;0;1;6;26;26;0;0;0;0;0;25;0;0;3;21;22;24;0;5;5;0;0;1;0;;;;;;;;;;;;;;;;;;;;
1;5;2026;105102;29101718;4;4301;1;0;0;1;0;0;0;0;0;0;0;0;0;0;0;0;1;0;0;0;0;0;0;0;0;1;0;0;0;0;;;;;;;;;;;;;;;;;;;;
2;5;2026;105102;29101728;4;4301;30;0;1;29;;;;;;;;;;;;;;;;;;;;;;;;;;;;;;;;;;;;;;;;;;;;;;
4;5;2026;105102;29101742;4;4301;38;16;;;;;;;;;;;;;;;;;;;;;;;;;;;;;;;;;;;;;;;;;;;;;;;;
4;5;2026;105102;29101728;4;4301;42;0;2;40;;;;;;;;;;;;;;;;;;;;;;;;;;;;;;;;;;;;;;;;;;;;;;
6;5;2026;105102;01030100;4;4301;56;0;5;44;7;0;0;0;3;56;25;0;0;0;28;36;55;1;54;0;0;49;49;0;5;8;0;0;0;0;;;;;;;;;;;;;;;;;;;;
6;5;2026;105102;01030300;4;4301;37;0;1;23;13;0;0;0;2;37;37;0;0;0;0;0;36;0;0;1;37;34;35;1;4;1;0;0;0;0;;;;;;;;;;;;;;;;;;;;
6;5;2026;105102;24090700;4;4301;28;0;2;21;5;0;0;0;4;28;29;0;0;1;0;1;28;0;0;0;26;23;24;0;0;2;0;0;0;0;;;;;;;;;;;;;;;;;;;;
6;5;2026;105102;29101742;4;4301;37;24;;;;;;;;;;;;;;;;;;;;;;;;;;;;;;;;;;;;;;;;;;;;;;;;
6;5;2026;105102;29101728;4;4301;55;0;2;53;;;;;;;;;;;;;;;;;;;;;;;;;;;;;;;;;;;;;;;;;;;;;;
6;5;2026;105102;29101715;4;4301;1;0;0;1;0;0;1;0;0;0;0;0;0;0;0;0;1;1;0;0;0;0;0;0;0;1;0;0;0;0;;;;;;;;;;;;;;;;;;;;
6;5;2026;105102;29101718;4;4301;1;0;0;1;0;0;0;0;0;1;0;0;0;0;1;0;1;0;1;0;0;1;1;0;0;0;0;0;0;0;;;;;;;;;;;;;;;;;;;;
5;5;2026;105102;24090700;4;4301;20;0;0;15;5;0;0;1;3;20;22;0;0;1;0;8;18;0;0;5;14;16;16;0;0;3;0;0;0;0;;;;;;;;;;;;;;;;;;;;
5;5;2026;105102;29101742;4;4301;37;17;;;;;;;;;;;;;;;;;;;;;;;;;;;;;;;;;;;;;;;;;;;;;;;;
5;5;2026;105102;29101728;4;4301;34;0;2;32;;;;;;;;;;;;;;;;;;;;;;;;;;;;;;;;;;;;;;;;;;;;;;
5;5;2026;105102;01030100;4;4301;36;0;1;26;9;0;0;0;2;36;21;0;0;0;18;28;35;2;33;0;0;31;33;0;5;3;0;0;0;0;;;;;;;;;;;;;;;;;;;;
5;5;2026;105102;01030300;4;4301;37;0;0;21;16;0;0;0;0;37;37;0;0;0;0;0;37;0;0;1;36;34;36;0;1;3;1;0;0;0;;;;;;;;;;;;;;;;;;;;
6;33;2026;133165;29101728;10;10208;18;0;6;12;;;;;;;;;;;;;;;;;;;;;;;;;;;;;;;;;;;;;;;;;;;;;;
6;33;2026;133165;29101729;10;10208;18;0;6;12;;;;;;;;;;;;;;;;;;;;;;;;;;;;;;;;;;;;;;;;;;;;;;
1;29;2026;129100;01030100;9;9201;23;0;1;20;2;0;0;1;1;23;17;17;0;0;14;18;7;0;17;1;16;15;7;0;8;3;0;0;0;0;;;;;;;;;;;;;;;;;;;;
1;29;2026;129100;29101714;9;9201;0;0;0;0;0;0;0;0;0;0;0;0;0;0;0;0;0;0;0;1;0;0;0;0;0;0;0;0;0;0;;;;;;;;;;;;;;;;;;;;
1;29;2026;129100;29101742;9;9201;29;17;;;;;;;;;;;;;;;;;;;;;;;;;;;;;;;;;;;;;;;;;;;;;;;;
2;14;2026;114105;29101718;13;13110;1;0;0;1;0;0;0;0;0;1;0;0;0;0;1;1;1;0;1;0;0;0;0;0;0;1;0;0;0;0;;;;;;;;;;;;;;;;;;;;
2;14;2026;114105;29101728;13;13110;2;0;0;2;;;;;;;;;;;;;;;;;;;;;;;;;;;;;;;;;;;;;;;;;;;;;;
2;14;2026;114105;29101729;13;13110;101;0;21;80;;;;;;;;;;;;;;;;;;;;;;;;;;;;;;;;;;;;;;;;;;;;;;
4;14;2026;114105;29101742;13;13110;19;54;;;;;;;;;;;;;;;;;;;;;;;;;;;;;;;;;;;;;;;;;;;;;;;;
2;8;2026;108100;29101715;5;5701;1;0;0;0;1;0;0;0;0;0;0;0;0;0;0;0;0;0;0;0;0;0;0;0;0;0;0;0;0;0;;;;;;;;;;;;;;;;;;;;
2;8;2026;108100;29101728;5;5701;59;1;14;44;;;;;;;;;;;;;;;;;;;;;;;;;;;;;;;;;;;;;;;;;;;;;;
2;8;2026;108100;29101729;5;5701;2;0;0;2;;;;;;;;;;;;;;;;;;;;;;;;;;;;;;;;;;;;;;;;;;;;;;
2;8;2026;108100;29101742;5;5701;24;21;;;;;;;;;;;;;;;;;;;;;;;;;;;;;;;;;;;;;;;;;;;;;;;;
2;8;2026;108100;01030100;5;5701;62;0;3;53;6;0;1;1;5;62;51;32;0;0;27;41;48;2;41;1;10;49;55;1;0;18;1;0;0;0;;;;;;;;;;;;;;;;;;;;
2;8;2026;108100;01030300;5;5701;25;0;1;17;7;0;0;0;1;25;25;0;0;0;0;1;21;0;10;0;5;18;22;0;0;2;0;0;0;0;;;;;;;;;;;;;;;;;;;;
2;8;2026;108100;24090700;5;5701;21;0;0;17;4;0;1;1;5;21;27;6;0;0;0;7;16;1;3;0;8;12;14;0;0;2;0;0;0;0;;;;;;;;;;;;;;;;;;;;
1;15;2026;115100;01030300;6;6101;17;0;0;13;4;;;;1;3;17;;2;1;;;8;0;5;0;6;1;4;0;1;3;0;0;0;0;;;;;;;;;;;;;;;;;;;;
1;15;2026;115100;24090700;6;6101;97;0;7;71;19;;2;8;21;37;97;;18;9;3;;40;2;13;9;37;14;14;;1;13;1;1;0;0;;;;;;;;;;;;;;;;;;;;
3;15;2026;115100;29101728;6;6101;85;;14;71;;;;;;;;;;;;;;;;;;;;;;;;;;;;;;;;;;;;;;;;;;;;;;
3;15;2026;115100;29101729;6;6101;3;;1;2;;;;;;;;;;;;;;;;;;;;;;;;;;;;;;;;;;;;;;;;;;;;;;
3;15;2026;115100;29101742;6;6101;18;63;;;;;;;;;;;;;;;;;;;;;;;;;;;;;;;;;;;;;;;;;;;;;;;;
3;15;2026;115100;01030100;6;6101;94;;5;79;10;;;1;7;90;86;;4;;61;21;75;3;74;1;10;50;81;;2;16;0;0;0;0;;;;;;;;;;;;;;;;;;;;
3;15;2026;115100;01030300;6;6101;19;;;13;6;;;1;1;2;19;;1;;;;14;;7;2;10;8;8;;0;0;0;0;0;0;;;;;;;;;;;;;;;;;;;;
3;15;2026;115100;24090700;6;6101;82;;4;69;9;;1;4;20;40;91;;15;6;1;;42;3;16;6;34;16;16;;1;15;0;0;0;0;;;;;;;;;;;;;;;;;;;;
1;15;2026;115100;29101728;6;6101;88;4;23;61;;;;;;;;;;;;;;;;;;;;;;;;;;;;;;;;;;;;;;;;;;;;;;
1;15;2026;115100;29101729;6;6101;1;;;1;;;;;;;;;;;;;;;;;;;;;;;;;;;;;;;;;;;;;;;;;;;;;;
1;15;2026;115100;01030100;6;6101;96;0;7;75;14;3;1;2;12;81;73;;4;1;56;26;64;6;73;1;6;52;71;1;3;23;0;0;0;0;;;;;;;;;;;;;;;;;;;;
1;15;2026;115100;29101742;6;6101;15;60;;;;;;;;;;;;;;;;;;;;;;;;;;;;;;;;;;;;;;;;;;;;;;;;
2;15;2026;115100;01030100;6;6101;101;1;12;10;78;3;;3;10;91;86;;7;1;55;33;78;13;74;2;5;63;78;;1;20;2;2;0;0;;;;;;;;;;;;;;;;;;;;
2;15;2026;115100;29101714;6;6101;1;;;;1;;;;;1;1;;;;1;;1;0;1;;;;1;;0;0;0;0;0;0;;;;;;;;;;;;;;;;;;;;
2;15;2026;115100;01030300;6;6101;16;;7;0;9;;;;2;3;16;;;1;1;;7;0;4;1;6;4;4;1;0;3;0;0;0;0;;;;;;;;;;;;;;;;;;;;
2;15;2026;115100;24090700;6;6101;86;;21;2;63;;3;5;20;35;86;;8;6;;;42;2;15;9;37;9;9;;0;16;0;0;0;0;;;;;;;;;;;;;;;;;;;;
5;15;2026;115100;01030100;6;6101;95;1;5;83;6;;;2;11;84;76;;5;;55;16;71;4;81;;5;47;77;0;0;27;0;0;0;0;;;;;;;;;;;;;;;;;;;;
5;15;2026;115100;29101714;6;6101;2;;;2;;;;;;2;1;;;;1;;;;1;;;;1;0;0;0;0;0;0;0;;;;;;;;;;;;;;;;;;;;
5;15;2026;115100;01030300;6;6101;20;;1;16;3;;;;3;1;20;;;;;;15;;8;1;8;6;6;0;0;5;0;0;0;0;;;;;;;;;;;;;;;;;;;;
5;15;2026;115100;24090700;6;6101;91;;2;76;13;;1;5;15;43;91;;20;4;2;;66;2;36;6;32;9;9;0;0;24;0;0;0;0;;;;;;;;;;;;;;;;;;;;
5;15;2026;115100;29101742;6;6101;19;86;;;;;;;;;;;;;;;;;;;;;;;;;;;;;;;;;;;;;;;;;;;;;;;;
5;15;2026;115100;29101728;6;6101;87;;20;67;;;;;;;;;;;;;;;;;;;;;;;;;;;;;;;;;;;;;;;;;;;;;;
5;15;2026;115100;29101729;6;6101;6;;1;5;;;;;;;;;;;;;;;;;;;;;;;;;;;;;;;;;;;;;;;;;;;;;;
5;15;2026;115100;29101715;6;6101;1;;;1;;;;;;;;;;;;;;;1;;;;;;0;0;0;0;0;0;;;;;;;;;;;;;;;;;;;;
4;15;2026;115100;29101728;6;6101;88;1;12;75;;;;;;;;;;;;;;;;;;;;;;;;;;;;;;;;;;;;;;;;;;;;;;
4;15;2026;115100;29101729;6;6101;1;;1;;;;;;;;;;;;;;;;;;;;;;;;;;;;;;;;;;;;;;;;;;;;;;;
4;15;2026;115100;29101742;6;6101;19;44;;;;;;;;;;;;;;;;;;;;;;;;;;;;;;;;;;;;;;;;;;;;;;;;
4;15;2026;115100;01030100;6;6101;99;;4;84;11;;1;1;8;90;83;;;;61;15;82;1;86;0;7;41;89;3;0;18;0;0;0;0;;;;;;;;;;;;;;;;;;;;
4;15;2026;115100;01030300;6;6101;22;;;13;9;;;;2;6;23;;1;1;;;17;0;10;1;6;3;9;;0;2;0;1;0;0;;;;;;;;;;;;;;;;;;;;
4;15;2026;115100;24090700;6;6101;78;;7;54;17;;2;8;14;31;99;;5;5;2;;40;1;13;6;29;1;4;;1;12;0;0;0;0;;;;;;;;;;;;;;;;;;;;
6;15;2026;115100;29101716;6;6101;1;;;1;;;;;1;;;;;;;;;;;;;;;;0;0;0;0;0;0;;;;;;;;;;;;;;;;;;;;
6;15;2026;115100;29101728;6;6101;83;1;16;66;;;;;;;;;;;;;;;;;;;;;;;;;;;;;;;;;;;;;;;;;;;;;;
6;15;2026;115100;29101729;6;6101;6;1;4;1;;;;;;;;;;;;;;;;;;;;;;;;;;;;;;;;;;;;;;;;;;;;;;
6;15;2026;115100;29101742;6;6101;23;54;;;;;;;;;;;;;;;;;;;;;;;;;;;;;;;;;;;;;;;;;;;;;;;;
6;15;2026;115100;01030100;6;6101;99;1;5;81;12;1;1;2;12;79;74;;5;;58;25;72;8;80;;4;37;78;;0;15;0;0;0;0;;;;;;;;;;;;;;;;;;;;
6;15;2026;115100;01030300;6;6101;25;;1;17;7;;;;1;2;25;;;;;;21;;7;;13;13;13;;0;3;0;0;0;0;;;;;;;;;;;;;;;;;;;;
6;15;2026;115100;24090700;6;6101;72;;4;50;18;;3;6;13;24;72;;2;6;;;45;7;24;5;26;8;8;;0;17;0;0;0;0;;;;;;;;;;;;;;;;;;;;
1;15;2026;115102;01030100;6;6103;0;0;0;1;0;0;0;0;0;0;0;0;0;0;1;0;0;0;1;0;0;1;1;0;0;0;0;0;0;0;;;;;;;;;;;;;;;;;;;;
5;15;2026;115101;01030100;6;6106;1;;;1;;;;;1;;;;;;;;;;1;0;1;0;0;0;0;0;0;0;0;0;;;;;;;;;;;;;;;;;;;;
1;15;2026;115101;29101728;6;6106;1;;1;;;;;;;;;;;;;;;;;;;;;;;;;;;;;;;;;;;;;;;;;;;;;;;
1;15;2026;115101;29101729;6;6106;1;;1;;;;;;;;;;;;;;;;;;;;;;;;;;;;;;;;;;;;;;;;;;;;;;;
1;15;2026;115101;01030100;6;6106;1;;;;1;;;;;;;;;;;;;1;;1;0;0;1;0;0;0;0;0;0;0;;;;;;;;;;;;;;;;;;;;
1;15;2026;115103;29101715;6;6112;1;;;1;;;;;;;;;;;;;1;;;;;1;1;0;0;0;0;0;0;0;;;;;;;;;;;;;;;;;;;;
1;15;2026;115103;01030100;6;6112;1;;;1;;;;;;;;;;;1;;1;;1;;1;1;1;0;0;0;0;0;0;0;;;;;;;;;;;;;;;;;;;;
5;15;2026;115103;29101718;6;6112;1;;1;;;;;;;;;;;;1;;1;;1;;1;;1;;0;1;0;0;0;0;;;;;;;;;;;;;;;;;;;;
4;15;2026;115103;29101728;6;6112;1;;;1;;;;;;;;;;;;;;;;;;;;;;;;;;;;;;;;;;;;;;;;;;;;;;
4;15;2026;115103;01030100;6;6112;1;;;1;;;;;;1;;;;;;;1;;1;;;1;1;0;0;1;0;0;0;0;;;;;;;;;;;;;;;;;;;;
3;15;2026;115103;29101728;6;6112;1;;1;;;;;;;;;;;;;;;;;;;;;;;;;;;;;;;;;;;;;;;;;;;;;;;
3;15;2026;115103;01030100;6;6112;1;;;1;;;;;;;;;;;1;;1;;1;;;1;1;;0;0;0;0;0;0;;;;;;;;;;;;;;;;;;;;
3;15;2026;115106;01030100;6;6113;1;;;1;;;;;;1;;;;;1;;1;;1;;;1;1;;0;1;0;0;0;0;;;;;;;;;;;;;;;;;;;;
3;15;2026;115104;29101728;6;6115;25;0;5;20;;;;;;;;;;;;;;;;;;;;;;;;;;;;;;;;;;;;;;;;;;;;;;
3;15;2026;115104;29101729;6;6115;4;0;1;3;;;;;;;;;;;;;;;;;;;;;;;;;;;;;;;;;;;;;;;;;;;;;;
3;15;2026;115104;29101742;6;6115;9;28;;;;;;;;;;;;;;;;;;;;;;;;;;;;;;;;;;;;;;;;;;;;;;;;
3;15;2026;115104;01030100;6;6115;34;0;2;27;5;0;1;0;1;34;24;0;0;0;20;11;27;0;26;0;0;29;28;0;0;11;0;0;0;0;;;;;;;;;;;;;;;;;;;;
3;15;2026;115104;01030300;6;6115;36;0;3;25;8;0;0;0;2;36;36;0;0;0;0;6;23;0;3;0;12;30;31;0;0;12;0;0;0;0;;;;;;;;;;;;;;;;;;;;
3;15;2026;115104;24090700;6;6115;10;0;0;9;1;0;0;0;1;10;10;0;0;0;0;0;10;0;2;0;5;8;9;0;0;2;0;0;0;0;;;;;;;;;;;;;;;;;;;;
1;15;2026;115104;29101728;6;6115;33;0;7;26;;;;;;;;;;;;;;;;;;;;;;;;;;;;;;;;;;;;;;;;;;;;;;
1;15;2026;115104;29101729;6;6115;3;0;2;1;;;;;;;;;;;;;;;;;;;;;;;;;;;;;;;;;;;;;;;;;;;;;;
2;15;2026;115104;29101742;6;6115;17;14;;;;;;;;;;;;;;;;;;;;;;;;;;;;;;;;;;;;;;;;;;;;;;;;
6;15;2026;115104;29101742;6;6115;12;18;;;;;;;;;;;;;;;;;;;;;;;;;;;;;;;;;;;;;;;;;;;;;;;;
6;15;2026;115104;01030100;6;6115;30;;1;24;5;;;;1;30;21;;;;21;13;28;0;25;0;1;26;25;0;2;10;0;0;0;0;;;;;;;;;;;;;;;;;;;;
6;15;2026;115104;01030300;6;6115;14;;;10;4;;;;;14;14;;;;;;12;0;0;0;12;14;13;0;0;1;0;0;0;0;;;;;;;;;;;;;;;;;;;;
6;15;2026;115104;24090700;6;6115;21;;2;14;5;;;;3;21;21;;;;;4;17;0;0;0;17;15;15;0;0;3;0;0;0;0;;;;;;;;;;;;;;;;;;;;
1;15;2026;115104;29101718;6;6115;1;0;0;1;0;0;0;0;0;1;1;0;0;0;0;1;1;0;1;0;0;1;0;0;0;0;0;0;0;0;;;;;;;;;;;;;;;;;;;;
5;15;2026;115104;29101728;6;6115;35;;2;33;;;;;;;;;;;;;;;;;;;;;;;;;;;;;;;;;;;;;;;;;;;;;;
5;15;2026;115104;29101729;6;6115;3;;;3;;;;;;;;;;;;;;;;;;;;;;;;;;;;;;;;;;;;;;;;;;;;;;
6;15;2026;115104;29101728;6;6115;24;;3;21;;;;;;;;;;;;;;;;;;;;;;;;;;;;;;;;;;;;;;;;;;;;;;
6;15;2026;115104;29101729;6;6115;3;;;3;;;;;;;;;;;;;;;;;;;;;;;;;;;;;;;;;;;;;;;;;;;;;;
5;15;2026;115104;01030100;6;6115;37;;3;32;2;;;;2;37;31;;;;21;11;35;1;35;0;0;33;36;0;1;14;0;0;0;0;;;;;;;;;;;;;;;;;;;;
5;15;2026;115104;29101714;6;6115;2;;1;1;;;;;;2;2;;;;2;2;1;0;0;0;0;2;2;0;0;2;0;0;0;0;;;;;;;;;;;;;;;;;;;;
5;15;2026;115104;01030300;6;6115;12;;;93;3;;;;;12;12;;;1;;;11;0;1;1;5;28;10;0;0;3;0;0;0;0;;;;;;;;;;;;;;;;;;;;
5;15;2026;115104;24090700;6;6115;33;;1;28;4;;;;4;33;31;;;3;;5;28;0;3;0;17;39;24;0;0;19;0;0;0;0;;;;;;;;;;;;;;;;;;;;
5;15;2026;115104;29101742;6;6115;12;29;;;;;;;;;;;;;;;;;;;;;;;;;;;;;;;;;;;;;;;;;;;;;;;;
4;15;2026;115104;29101728;6;6115;25;;7;18;;;;;;;;;;;;;;;;;;;;;;;;;;;;;;;;;;;;;;;;;;;;;;
4;15;2026;115104;29101742;6;6115;14;23;;;;;;;;;;;;;;;;;;;;;;;;;;;;;;;;;;;;;;;;;;;;;;;;
4;15;2026;115104;01030100;6;6115;29;0;1;27;1;0;0;0;3;29;21;0;0;1;22;8;25;1;21;0;0;23;23;0;0;12;0;0;0;0;;;;;;;;;;;;;;;;;;;;
4;15;2026;115104;01030300;6;6115;16;0;1;12;3;0;0;0;0;16;16;0;0;0;0;0;14;0;1;0;7;14;13;0;0;4;0;0;0;0;;;;;;;;;;;;;;;;;;;;
4;15;2026;115104;24090700;6;6115;25;0;0;20;5;0;0;0;1;25;25;0;0;0;0;6;20;0;1;0;12;19;22;0;0;11;0;0;0;0;;;;;;;;;;;;;;;;;;;;
1;15;2026;115104;29101716;6;6115;1;0;0;1;0;0;0;0;0;1;0;0;0;0;0;0;0;0;0;0;0;0;0;0;0;0;0;0;0;0;;;;;;;;;;;;;;;;;;;;
2;15;2026;115104;29101728;6;6115;29;0;5;24;;;;;;;;;;;;;;;;;;;;;;;;;;;;;;;;;;;;;;;;;;;;;;
2;15;2026;115104;29101729;6;6115;8;0;2;6;;;;;;;;;;;;;;;;;;;;;;;;;;;;;;;;;;;;;;;;;;;;;;
1;15;2026;115104;29101742;6;6115;12;31;;;;;;;;;;;;;;;;;;;;;;;;;;;;;;;;;;;;;;;;;;;;;;;;
1;15;2026;115104;01030100;6;6115;42;0;3;31;8;0;0;0;4;42;29;0;0;0;29;14;36;0;32;0;0;35;34;0;0;15;0;0;0;0;;;;;;;;;;;;;;;;;;;;
1;15;2026;115104;01030300;6;6115;13;0;0;9;4;0;0;0;0;13;13;0;0;0;0;0;12;0;1;0;4;11;12;0;0;2;0;0;0;0;;;;;;;;;;;;;;;;;;;;
1;15;2026;115104;24090700;6;6115;35;0;1;27;7;0;0;0;8;35;35;0;0;0;0;21;26;0;1;0;9;21;20;0;0;5;0;0;0;0;;;;;;;;;;;;;;;;;;;;
2;15;2026;115104;01030100;6;6115;32;0;2;24;6;0;0;0;0;0;0;0;0;0;19;12;22;0;18;0;1;25;31;1;0;13;0;0;0;0;;;;;;;;;;;;;;;;;;;;
2;15;2026;115104;01030300;6;6115;17;0;0;12;5;0;0;0;1;;;;;1;0;0;13;0;0;0;5;13;16;0;0;5;0;0;0;0;;;;;;;;;;;;;;;;;;;;
2;15;2026;115104;24090700;6;6115;26;0;0;21;5;0;0;0;1;;;;;4;0;1;18;0;0;1;9;17;21;0;1;6;0;0;0;0;;;;;;;;;;;;;;;;;;;;
1;15;2026;115105;29101742;6;6117;4;0;;;;;;;;;;;;;;;;;;;;;;;;;;;;;;;;;;;;;;;;;;;;;;;;
1;15;2026;115105;01030100;6;6117;5;0;0;5;0;0;0;0;0;5;0;0;0;0;4;4;4;0;5;0;4;5;5;0;0;1;0;0;0;0;;;;;;;;;;;;;;;;;;;;
1;15;2026;115105;01030300;6;6117;4;0;0;2;2;0;0;0;0;4;4;0;0;0;0;0;4;0;4;0;4;4;4;0;0;2;0;0;0;0;;;;;;;;;;;;;;;;;;;;
6;15;2026;115105;29101728;6;6117;2;0;0;2;;;;;;;;;;;;;;;;;;;;;;;;;;;;;;;;;;;;;;;;;;;;;;
6;15;2026;115105;29101729;6;6117;2;0;0;2;;;;;;;;;;;;;;;;;;;;;;;;;;;;;;;;;;;;;;;;;;;;;;
6;15;2026;115105;29101742;6;6117;2;0;;;;;;;;;;;;;;;;;;;;;;;;;;;;;;;;;;;;;;;;;;;;;;;;
6;15;2026;115105;01030100;6;6117;2;0;0;2;0;0;0;0;0;2;0;0;0;0;1;0;2;0;2;0;2;1;1;0;0;0;0;0;0;0;;;;;;;;;;;;;;;;;;;;
6;15;2026;115105;01030300;6;6117;2;0;0;1;1;0;0;0;0;2;2;0;0;0;0;0;2;0;2;0;2;2;2;1;0;1;0;0;0;0;;;;;;;;;;;;;;;;;;;;
2;15;2026;115105;29101728;6;6117;3;;;3;;;;;;;;;;;;;;;;;;;;;;;;;;;;;;;;;;;;;;;;;;;;;;
2;15;2026;115105;29101729;6;6117;3;;;3;;;;;;;;;;;;;;;;;;;;;;;;;;;;;;;;;;;;;;;;;;;;;;
2;15;2026;115105;01030100;6;6117;3;0;0;3;0;0;0;0;0;2;0;0;0;0;1;2;3;0;3;0;3;3;3;0;0;2;0;0;0;0;;;;;;;;;;;;;;;;;;;;
4;15;2026;115105;29101728;6;6117;2;0;0;2;;;;;;;;;;;;;;;;;;;;;;;;;;;;;;;;;;;;;;;;;;;;;;
4;15;2026;115105;29101729;6;6117;2;0;0;2;;;;;;;;;;;;;;;;;;;;;;;;;;;;;;;;;;;;;;;;;;;;;;
4;15;2026;115105;29101742;6;6117;1;0;;;;;;;;;;;;;;;;;;;;;;;;;;;;;;;;;;;;;;;;;;;;;;;;
4;15;2026;115105;01030100;6;6117;2;0;0;1;1;0;0;0;0;2;0;0;0;0;0;1;2;0;2;0;2;2;2;0;0;0;0;0;0;0;;;;;;;;;;;;;;;;;;;;
4;15;2026;115105;01030300;6;6117;1;0;0;0;1;0;0;0;0;1;1;0;0;0;0;0;1;0;0;0;1;0;1;0;0;0;0;0;0;0;;;;;;;;;;;;;;;;;;;;
5;15;2026;115105;29101728;6;6117;5;0;0;5;;;;;;;;;;;;;;;;;;;;;;;;;;;;;;;;;;;;;;;;;;;;;;
5;15;2026;115105;29101729;6;6117;5;0;0;5;;;;;;;;;;;;;;;;;;;;;;;;;;;;;;;;;;;;;;;;;;;;;;
5;15;2026;115105;01030100;6;6117;5;0;0;3;2;0;0;0;0;1;0;0;0;0;4;1;5;0;5;0;5;4;5;0;0;2;0;0;0;0;;;;;;;;;;;;;;;;;;;;
3;15;2026;115105;29101728;6;6117;3;0;0;3;;;;;;;;;;;;;;;;;;;;;;;;;;;;;;;;;;;;;;;;;;;;;;
3;15;2026;115105;29101729;6;6117;3;0;0;3;;;;;;;;;;;;;;;;;;;;;;;;;;;;;;;;;;;;;;;;;;;;;;
3;15;2026;115105;01030100;6;6117;3;0;0;2;1;0;0;0;0;3;0;0;0;0;1;2;2;0;3;0;3;3;3;0;1;1;0;0;0;0;;;;;;;;;;;;;;;;;;;;
3;15;2026;115105;01030300;6;6117;3;0;0;3;0;0;0;0;0;3;3;0;0;0;0;0;3;0;3;0;3;3;3;0;0;2;0;0;0;0;;;;;;;;;;;;;;;;;;;;
1;15;2026;115105;29101715;6;6117;1;0;0;1;0;0;0;0;0;1;0;0;0;0;1;0;1;0;1;0;0;1;1;0;0;0;0;0;0;0;;;;;;;;;;;;;;;;;;;;
1;15;2026;115105;29101728;6;6117;5;0;0;5;;;;;;;;;;;;;;;;;;;;;;;;;;;;;;;;;;;;;;;;;;;;;;
1;15;2026;115105;29101729;6;6117;5;0;0;5;;;;;;;;;;;;;;;;;;;;;;;;;;;;;;;;;;;;;;;;;;;;;;
5;15;2026;115112;29101728;6;6201;1;0;0;1;;;;;;;;;;;;;;;;;;;;;;;;;;;;;;;;;;;;;;;;;;;;;;
5;15;2026;115112;01030100;6;6201;1;0;0;1;0;0;0;0;0;0;0;0;0;0;0;0;1;0;1;0;1;1;1;0;0;0;0;0;0;0;;;;;;;;;;;;;;;;;;;;
5;15;2026;115112;29101715;6;6201;1;0;0;1;0;0;0;0;0;0;0;0;0;0;0;0;1;0;1;0;1;1;1;0;0;0;0;0;0;0;;;;;;;;;;;;;;;;;;;;
6;15;2026;115112;29101715;6;6201;1;0;0;1;0;0;0;0;0;0;0;0;0;0;0;0;1;0;1;0;1;1;1;0;0;0;0;0;0;0;;;;;;;;;;;;;;;;;;;;
6;15;2026;115112;29101728;6;6201;1;0;0;1;;;;;;;;;;;;;;;;;;;;;;;;;;;;;;;;;;;;;;;;;;;;;;
6;15;2026;115112;01030100;6;6201;1;0;0;1;0;0;0;0;0;0;0;0;0;0;0;0;1;0;1;0;1;1;1;0;0;0;0;0;0;0;;;;;;;;;;;;;;;;;;;;
2;15;2026;115112;29101729;6;6201;1;;;1;;;;;;;;;;;;;;;;;;;;;;;;;;;;;;;;;;;;;;;;;;;;;;
2;15;2026;115112;01030100;6;6201;1;;;1;;;;;;1;;;;;;;1;;1;;1;1;0;0;0;0;0;0;0;0;;;;;;;;;;;;;;;;;;;;
3;15;2026;115112;29101729;6;6201;1;;;1;;;;;;;;;;;;;;;;;;;;;;;;;;;;;;;;;;;;;;;;;;;;;;
3;15;2026;115112;01030100;6;6201;1;;;1;;;;;;1;;;;;;;1;;1;;1;1;0;0;0;0;0;0;0;0;;;;;;;;;;;;;;;;;;;;
4;15;2026;115112;29101728;6;6201;1;0;0;1;;;;;;;;;;;;;;;;;;;;;;;;;;;;;;;;;;;;;;;;;;;;;;
4;15;2026;115112;01030100;6;6201;0;0;0;1;0;0;0;0;0;0;0;0;0;0;0;0;1;0;1;0;1;1;1;0;0;0;0;0;0;0;;;;;;;;;;;;;;;;;;;;
4;15;2026;115112;29101715;6;6201;;0;0;1;0;0;0;0;0;0;0;0;0;0;0;0;1;0;1;0;1;1;1;0;0;0;0;0;0;0;;;;;;;;;;;;;;;;;;;;
1;15;2026;115107;29101728;6;6301;25;0;6;19;;;;;;;;;;;;;;;;;;;;;;;;;;;;;;;;;;;;;;;;;;;;;;
6;15;2026;115107;29101728;6;6301;27;0;6;21;;;;;;;;;;;;;;;;;;;;;;;;;;;;;;;;;;;;;;;;;;;;;;
6;15;2026;115107;29101718;6;6301;1;0;0;0;1;0;1;0;0;0;0;0;0;1;0;0;0;0;0;0;0;0;0;0;0;0;0;0;0;0;;;;;;;;;;;;;;;;;;;;
6;15;2026;115107;29101715;6;6301;1;0;0;0;1;0;1;0;0;1;0;0;0;0;0;0;0;0;0;0;0;0;0;0;0;0;0;0;0;0;;;;;;;;;;;;;;;;;;;;
4;15;2026;115107;29101715;6;6301;0;0;0;0;0;0;0;0;0;1;0;0;0;0;0;0;0;0;0;0;0;0;0;0;0;0;0;0;0;0;;;;;;;;;;;;;;;;;;;;
4;15;2026;115107;29101728;6;6301;33;0;8;25;;;;;;;;;;;;;;;;;;;;;;;;;;;;;;;;;;;;;;;;;;;;;;
4;15;2026;115107;29101729;6;6301;3;0;1;2;;;;;;;;;;;;;;;;;;;;;;;;;;;;;;;;;;;;;;;;;;;;;;
4;15;2026;115107;29101742;6;6301;6;28;;;;;;;;;;;;;;;;;;;;;;;;;;;;;;;;;;;;;;;;;;;;;;;;
4;15;2026;115107;01030100;6;6301;38;0;2;28;8;0;0;0;5;0;35;0;0;0;1;0;0;1;18;1;31;26;0;8;0;8;0;0;0;0;;;;;;;;;;;;;;;;;;;;
4;15;2026;115107;01030300;6;6301;6;0;1;3;2;0;0;0;1;0;5;0;0;1;0;0;0;0;3;0;4;0;0;0;0;0;0;0;0;0;;;;;;;;;;;;;;;;;;;;
4;15;2026;115107;24090700;6;6301;29;0;1;18;10;0;0;0;5;0;29;0;0;0;0;0;0;1;14;1;22;14;0;11;0;11;0;0;0;0;;;;;;;;;;;;;;;;;;;;
3;15;2026;115107;29101728;6;6301;34;0;8;26;;;;;;;;;;;;;;;;;;;;;;;;;;;;;;;;;;;;;;;;;;;;;;
3;15;2026;115107;29101742;6;6301;2;19;;;;;;;;;;;;;;;;;;;;;;;;;;;;;;;;;;;;;;;;;;;;;;;;
3;15;2026;115107;01030100;6;6301;35;0;4;27;4;0;0;0;3;0;33;0;0;0;2;0;0;0;15;0;32;29;0;7;0;7;0;0;0;0;;;;;;;;;;;;;;;;;;;;
3;15;2026;115107;01030300;6;6301;2;0;0;1;1;0;0;0;0;0;2;0;0;0;0;0;0;0;2;0;2;0;0;1;0;1;0;0;0;0;;;;;;;;;;;;;;;;;;;;
3;15;2026;115107;24090700;6;6301;22;0;0;16;6;0;0;0;6;0;21;0;0;1;0;0;0;0;13;0;14;13;0;8;0;8;0;0;0;0;;;;;;;;;;;;;;;;;;;;
1;15;2026;115107;01030100;6;6301;34;0;0;31;3;0;1;0;1;0;32;0;0;0;1;0;0;1;18;1;24;27;0;10;0;10;0;0;0;0;;;;;;;;;;;;;;;;;;;;
1;15;2026;115107;01030300;6;6301;15;0;0;8;7;0;0;0;0;0;15;0;0;0;0;0;0;0;13;0;14;2;0;4;0;4;0;0;0;0;;;;;;;;;;;;;;;;;;;;
1;15;2026;115107;24090700;6;6301;28;0;3;23;2;0;0;0;5;0;27;0;0;1;0;0;0;0;5;2;7;16;0;10;0;10;0;0;0;0;;;;;;;;;;;;;;;;;;;;
2;15;2026;115107;29101742;6;6301;6;31;;;;;;;;;;;;;;;;;;;;;;;;;;;;;;;;;;;;;;;;;;;;;;;;
2;15;2026;115107;01030100;6;6301;36;0;1;30;5;1;0;0;4;0;32;0;0;0;1;0;0;1;20;1;31;28;0;8;0;8;0;0;0;0;;;;;;;;;;;;;;;;;;;;
2;15;2026;115107;01030300;6;6301;6;0;0;5;1;0;0;0;0;0;6;0;0;0;0;0;0;0;2;0;4;0;0;2;0;2;0;0;0;0;;;;;;;;;;;;;;;;;;;;
2;15;2026;115107;24090700;6;6301;33;0;2;23;8;0;1;0;8;0;33;0;0;0;0;0;0;0;10;1;20;20;0;11;0;11;0;0;0;0;;;;;;;;;;;;;;;;;;;;
2;15;2026;115107;29101728;6;6301;33;1;9;23;;;;;;;;;;;;;;;;;;;;;;;;;;;;;;;;;;;;;;;;;;;;;;
2;15;2026;115107;29101729;6;6301;2;0;1;1;;;;;;;;;;;;;;;;;;;;;;;;;;;;;;;;;;;;;;;;;;;;;;
1;15;2026;115107;29101742;6;6301;15;24;;;;;;;;;;;;;;;;;;;;;;;;;;;;;;;;;;;;;;;;;;;;;;;;
6;15;2026;115107;29101729;6;6301;1;0;0;1;;;;;;;;;;;;;;;;;;;;;;;;;;;;;;;;;;;;;;;;;;;;;;
5;15;2026;115107;29101728;6;6301;27;0;8;19;;;;;;;;;;;;;;;;;;;;;;;;;;;;;;;;;;;;;;;;;;;;;;
5;15;2026;115107;29101729;6;6301;1;0;1;0;;;;;;;;;;;;;;;;;;;;;;;;;;;;;;;;;;;;;;;;;;;;;;
6;15;2026;115107;29101742;6;6301;7;22;;;;;;;;;;;;;;;;;;;;;;;;;;;;;;;;;;;;;;;;;;;;;;;;
6;15;2026;115107;01030100;6;6301;31;0;2;25;4;0;1;0;3;0;26;0;0;0;3;0;0;0;14;0;27;25;0;6;0;6;0;0;0;0;;;;;;;;;;;;;;;;;;;;
6;15;2026;115107;01030300;6;6301;7;0;0;5;2;0;0;0;0;0;6;0;0;1;0;0;0;0;4;0;6;0;0;2;0;2;0;0;0;0;;;;;;;;;;;;;;;;;;;;
6;15;2026;115107;24090700;6;6301;23;0;4;14;5;0;0;0;5;0;21;0;0;2;0;0;0;0;7;1;12;14;0;2;0;2;0;0;0;0;;;;;;;;;;;;;;;;;;;;
5;15;2026;115107;29101742;6;6301;6;26;;;;;;;;;;;;;;;;;;;;;;;;;;;;;;;;;;;;;;;;;;;;;;;;
5;15;2026;115107;01030100;6;6301;30;0;2;23;5;0;0;0;4;0;29;0;0;0;0;0;0;1;17;1;24;22;0;9;0;9;0;0;0;0;;;;;;;;;;;;;;;;;;;;
5;15;2026;115107;01030300;6;6301;6;0;0;3;3;0;0;0;0;0;4;0;0;2;0;0;0;0;3;0;4;0;0;1;0;1;0;0;0;0;;;;;;;;;;;;;;;;;;;;
5;15;2026;115107;24090700;6;6301;29;0;0;21;8;0;0;1;9;0;28;0;0;1;0;0;0;0;19;1;20;15;0;8;0;8;0;0;0;0;;;;;;;;;;;;;;;;;;;;
4;15;2026;115113;29101715;6;6304;1;;;1;;;;;1;1;;;;;;;;1;;;;;;;0;1;0;0;0;0;;;;;;;;;;;;;;;;;;;;
4;15;2026;115113;01030100;6;6304;1;;;1;;;;;1;1;;;;;;;;1;;;;;;;0;1;0;0;0;0;;;;;;;;;;;;;;;;;;;;
4;15;2026;115109;01030100;6;6305;;;;1;;;;;;;;;;;1;;;;1;;1;1;;;;;;;;;;;;;;;;;;;;;;;;;;;;
2;15;2026;115109;01030100;6;6305;1;;;1;;;;;;1;;;;;;;;;1;;;1;;;0;1;0;0;0;0;;;;;;;;;;;;;;;;;;;;
2;15;2026;115110;29101728;6;6310;20;0;4;16;;;;;;;;;;;;;;;;;;;;;;;;;;;;;;;;;;;;;;;;;;;;;;
2;15;2026;115110;29101742;6;6310;17;19;;;;;;;;;;;;;;;;;;;;;;;;;;;;;;;;;;;;;;;;;;;;;;;;
2;15;2026;115110;01030100;6;6310;23;0;1;11;11;0;0;0;0;23;13;0;0;0;13;3;21;1;22;1;19;21;20;0;0;4;0;0;0;0;;;;;;;;;;;;;;;;;;;;
2;15;2026;115110;01030300;6;6310;17;1;0;11;5;0;0;0;0;17;0;0;0;2;0;0;11;1;16;1;16;14;15;0;0;1;0;0;0;0;;;;;;;;;;;;;;;;;;;;
2;15;2026;115110;24090700;6;6310;20;0;0;16;4;0;0;0;6;20;2;0;0;4;0;0;15;4;15;4;15;15;12;0;1;1;0;0;0;0;;;;;;;;;;;;;;;;;;;;
1;15;2026;115110;01030100;6;6310;33;0;3;28;2;0;0;0;3;33;23;0;0;0;25;2;20;2;29;2;29;18;33;0;1;5;0;0;0;0;;;;;;;;;;;;;;;;;;;;
1;15;2026;115110;01030300;6;6310;14;0;1;10;3;0;0;0;0;14;0;0;0;4;0;0;14;0;14;0;14;14;13;0;0;3;0;0;0;0;;;;;;;;;;;;;;;;;;;;
1;15;2026;115110;24090700;6;6310;21;0;0;19;2;0;0;0;4;21;4;0;0;3;0;0;18;0;19;0;19;13;16;0;0;4;0;0;0;0;;;;;;;;;;;;;;;;;;;;
1;15;2026;115110;29101728;6;6310;31;0;2;29;;;;;;;;;;;;;;;;;;;;;;;;;;;;;;;;;;;;;;;;;;;;;;
1;15;2026;115110;29101742;6;6310;14;19;;;;;;;;;;;;;;;;;;;;;;;;;;;;;;;;;;;;;;;;;;;;;;;;
6;15;2026;115110;29101728;6;6310;18;0;0;18;;;;;;;;;;;;;;;;;;;;;;;;;;;;;;;;;;;;;;;;;;;;;;
6;15;2026;115110;29101742;6;6310;17;22;;;;;;;;;;;;;;;;;;;;;;;;;;;;;;;;;;;;;;;;;;;;;;;;
6;15;2026;115110;01030100;6;6310;20;0;1;14;5;0;0;0;0;20;13;0;0;0;11;3;17;0;20;0;18;15;17;0;0;2;0;0;0;0;;;;;;;;;;;;;;;;;;;;
6;15;2026;115110;01030300;6;6310;17;0;1;8;8;0;0;0;0;17;0;0;0;0;0;0;17;0;17;0;17;17;17;0;1;1;0;0;0;0;;;;;;;;;;;;;;;;;;;;
6;15;2026;115110;24090700;6;6310;23;0;0;17;6;0;0;0;2;23;1;0;0;0;0;2;23;0;22;0;22;16;19;0;0;3;0;0;0;0;;;;;;;;;;;;;;;;;;;;
4;15;2026;115110;29101715;6;6310;2;0;0;2;0;0;0;0;0;1;0;0;0;0;0;0;0;0;1;0;1;0;1;0;0;1;0;0;0;0;;;;;;;;;;;;;;;;;;;;
4;15;2026;115110;29101728;6;6310;26;0;3;23;;;;;;;;;;;;;;;;;;;;;;;;;;;;;;;;;;;;;;;;;;;;;;
4;15;2026;115110;29101742;6;6310;18;17;;;;;;;;;;;;;;;;;;;;;;;;;;;;;;;;;;;;;;;;;;;;;;;;
4;15;2026;115110;01030100;6;6310;27;0;1;22;4;0;0;0;0;27;17;0;0;0;22;7;17;1;26;1;25;21;26;0;1;7;0;0;0;0;;;;;;;;;;;;;;;;;;;;
4;15;2026;115110;01030300;6;6310;18;0;0;16;2;0;0;0;0;18;0;0;0;0;0;0;16;0;18;0;18;13;14;0;0;2;0;0;0;0;;;;;;;;;;;;;;;;;;;;
4;15;2026;115110;24090700;6;6310;17;12;0;12;5;0;0;0;4;17;3;0;0;0;0;1;4;2;15;2;15;8;6;0;0;3;0;0;0;0;;;;;;;;;;;;;;;;;;;;
5;15;2026;115110;29101728;6;6310;19;0;3;16;;;;;;;;;;;;;;;;;;;;;;;;;;;;;;;;;;;;;;;;;;;;;;
5;15;2026;115110;29101742;6;6310;14;17;;;;;;;;;;;;;;;;;;;;;;;;;;;;;;;;;;;;;;;;;;;;;;;;
5;15;2026;115110;01030100;6;6310;19;0;0;14;5;0;0;0;2;19;11;0;0;0;18;0;12;1;18;1;18;14;16;0;0;0;0;0;0;0;;;;;;;;;;;;;;;;;;;;
5;15;2026;115110;01030300;6;6310;17;0;0;15;2;0;0;0;0;17;0;0;0;0;0;0;15;1;16;1;16;13;12;0;0;3;0;0;0;0;;;;;;;;;;;;;;;;;;;;
5;15;2026;115110;24090700;6;6310;16;0;1;8;7;0;0;0;2;16;4;0;0;0;0;1;10;0;14;0;14;9;8;0;0;2;0;0;0;0;;;;;;;;;;;;;;;;;;;;
3;15;2026;115110;29101716;6;6310;1;0;0;1;0;0;0;0;0;1;0;0;0;0;0;0;0;0;0;0;0;0;0;0;0;0;0;0;0;0;;;;;;;;;;;;;;;;;;;;
3;15;2026;115110;29101728;6;6310;28;1;2;25;;;;;;;;;;;;;;;;;;;;;;;;;;;;;;;;;;;;;;;;;;;;;;
3;15;2026;115110;29101742;6;6310;13;26;;;;;;;;;;;;;;;;;;;;;;;;;;;;;;;;;;;;;;;;;;;;;;;;
3;15;2026;115110;01030100;6;6310;28;0;1;17;10;0;1;1;0;28;14;0;0;0;18;2;16;3;25;3;25;25;26;4;0;4;0;0;0;0;;;;;;;;;;;;;;;;;;;;
3;15;2026;115110;01030300;6;6310;14;0;0;11;3;0;0;0;0;14;0;0;0;0;0;0;9;0;13;0;13;11;13;0;0;0;0;0;0;0;;;;;;;;;;;;;;;;;;;;
3;15;2026;115110;24090700;6;6310;27;0;0;18;9;0;0;1;6;27;3;0;0;5;0;4;17;2;24;2;24;23;24;0;0;2;0;0;0;0;;;;;;;;;;;;;;;;;;;;
1;1;2026;101100;29101715;15;15101;1;;;1;;;;;;1;;;;;1;;1;;1;;;1;1;0;1;1;0;0;0;0;;;;;;;;;;;;;;;;;;;;
1;1;2026;101100;29101742;15;15101;18;38;;;;;;;;;;;;;;;;;;;;;;;;;;;;;;;;;;;;;;;;;;;;;;;;
1;1;2026;101100;01030100;15;15101;98;;6;75;17;;;1;4;98;79;;;;5;86;95;;95;;10;95;95;0;46;48;0;0;0;0;;;;;;;;;;;;;;;;;;;;
1;1;2026;101100;29101714;15;15101;3;;;3;;;;;;3;3;;;;;2;3;;3;;1;3;3;0;1;1;0;0;0;0;;;;;;;;;;;;;;;;;;;;
1;1;2026;101100;01030300;15;15101;12;;;9;3;;;;;12;12;;;;;;10;;12;;9;12;12;0;6;5;0;0;0;0;;;;;;;;;;;;;;;;;;;;
1;1;2026;101100;24090700;15;15101;44;;;35;9;;;;7;44;43;;;1;;28;41;1;41;;21;42;42;0;20;17;0;0;0;0;;;;;;;;;;;;;;;;;;;;
4;1;2026;101100;29101728;15;15101;116;;27;89;;;;;;;;;;;;;;;;;;;;;;;;;;;;;;;;;;;;;;;;;;;;;;
4;1;2026;101100;29101742;15;15101;13;59;;;;;;;;;;;;;;;;;;;;;;;;;;;;;;;;;;;;;;;;;;;;;;;;
4;1;2026;101100;01030100;15;15101;119;;6;92;21;;;1;13;119;83;;;;19;91;114;4;110;3;8;110;110;0;59;40;0;0;0;0;;;;;;;;;;;;;;;;;;;;
4;1;2026;101100;29101714;15;15101;1;;;1;;;;;;1;1;;;;;;1;;1;;;1;1;0;1;1;0;0;0;0;;;;;;;;;;;;;;;;;;;;
4;1;2026;101100;01030300;15;15101;13;;;8;5;;;;;13;13;;;;;0;12;1;12;;3;13;13;0;4;8;0;0;0;0;;;;;;;;;;;;;;;;;;;;
4;1;2026;101100;24090700;15;15101;62;;;53;11;;1;1;5;62;62;;;2;;39;44;1;54;;10;54;54;0;25;25;0;0;0;0;;;;;;;;;;;;;;;;;;;;
5;1;2026;101100;29101717;15;15101;1;;;;1;;;;1;0;;;;;1;;0;;1;;;1;1;0;1;1;0;0;0;0;;;;;;;;;;;;;;;;;;;;
5;1;2026;101100;29101728;15;15101;91;;15;76;;;;;;;;;;;;;;;;;;;;;;;;;;;;;;;;;;;;;;;;;;;;;;
5;1;2026;101100;29101729;15;15101;1;;;1;;;;;;;;;;;;;;;;;;;;;;;;;;;;;;;;;;;;;;;;;;;;;;
2;1;2026;101100;29101716;15;15101;1;;;1;;;;;;1;0;;;;;;1;;1;;1;1;1;;1;1;0;0;0;0;;;;;;;;;;;;;;;;;;;;
2;1;2026;101100;29101728;15;15101;75;;11;64;;;;;;;;;;;;;;;;;;;;;;;;;;;;;;;;;;;;;;;;;;;;;;
2;1;2026;101100;29101729;15;15101;1;;;1;;;;;;;;;;;;;;;;;;;;;;;;;;;;;;;;;;;;;;;;;;;;;;
2;1;2026;101100;29101742;15;15101;13;24;;;;;;;;;;;;;;;;;;;;;;;;;;;;;;;;;;;;;;;;;;;;;;;;
2;1;2026;101100;01030100;15;15101;76;;7;55;14;;;;6;76;57;;;;11;59;73;1;68;;6;69;69;;37;36;0;1;0;0;;;;;;;;;;;;;;;;;;;;
5;1;2026;101100;29101742;15;15101;7;39;;;;;;;;;;;;;;;;;;;;;;;;;;;;;;;;;;;;;;;;;;;;;;;;
5;1;2026;101100;01030100;15;15101;88;;3;74;11;;;;5;87;69;;;;8;65;80;2;70;;10;80;80;;33;29;0;0;0;0;;;;;;;;;;;;;;;;;;;;
5;1;2026;101100;29101714;15;15101;4;;;4;;;;;;4;4;;;;;4;3;;1;;3;3;3;;2;1;0;0;0;0;;;;;;;;;;;;;;;;;;;;
5;1;2026;101100;01030300;15;15101;8;;;3;5;;;;;8;8;;;;;;8;;1;;5;8;8;;3;3;0;0;0;0;;;;;;;;;;;;;;;;;;;;
5;1;2026;101100;24090700;15;15101;39;;2;25;12;;2;1;5;39;39;;;;;13;29;1;15;;11;29;29;;18;19;0;0;0;0;;;;;;;;;;;;;;;;;;;;
2;1;2026;101100;29101714;15;15101;4;;;4;;;;;;4;4;;;;;3;4;;4;;0;4;4;;2;2;0;0;0;0;;;;;;;;;;;;;;;;;;;;
2;1;2026;101100;01030300;15;15101;12;;;3;9;;;;;12;12;;;;;;11;;12;;8;11;11;;7;2;0;0;0;0;;;;;;;;;;;;;;;;;;;;
2;1;2026;101100;24090700;15;15101;25;;2;15;8;;;;;25;25;;;1;;10;21;;24;;14;21;21;;9;8;0;0;0;0;;;;;;;;;;;;;;;;;;;;
6;1;2026;101100;29101728;15;15101;94;;10;84;;;;;;;;;;;;;;;;;;;;;;;;;;;;;;;;;;;;;;;;;;;;;;
6;1;2026;101100;29101742;15;15101;12;44;;;;;;;;;;;;;;;;;;;;;;;;;;;;;;;;;;;;;;;;;;;;;;;;
6;1;2026;101100;01030100;15;15101;94;;3;73;18;;;;2;94;63;;;;15;82;91;;90;;3;90;90;0;40;38;0;0;0;0;;;;;;;;;;;;;;;;;;;;
6;1;2026;101100;29101714;15;15101;1;;;;1;;;;;1;1;;;;;1;1;;1;;0;1;1;0;0;0;0;0;0;0;;;;;;;;;;;;;;;;;;;;
6;1;2026;101100;01030300;15;15101;12;;;7;5;;;;;12;12;;;;;;12;1;10;;5;10;11;0;5;4;0;0;0;0;;;;;;;;;;;;;;;;;;;;
6;1;2026;101100;24090700;15;15101;45;1;1;30;13;;;1;6;45;45;;;;;26;43;1;42;1;14;42;43;0;20;19;0;0;0;0;;;;;;;;;;;;;;;;;;;;
1;28;2026;128111;29101728;8;8203;3;0;0;3;;;;;;;;;;;;;;;;;;;;;;;;;;;;;;;;;;;;;;;;;;;;;;
1;28;2026;128111;29101729;8;8203;3;0;0;3;;;;;;;;;;;;;;;;;;;;;;;;;;;;;;;;;;;;;;;;;;;;;;
1;28;2026;128111;01030100;8;8203;3;0;0;3;0;0;0;0;0;2;0;0;0;0;2;3;3;0;0;0;3;2;3;0;3;0;0;0;0;0;;;;;;;;;;;;;;;;;;;;
3;6;2026;106100;29101715;5;5101;2;0;0;1;1;0;0;0;0;0;0;0;0;0;0;0;;0;1;0;1;0;1;0;0;0;0;0;0;0;;;;;;;;;;;;;;;;;;;;
3;6;2026;106100;29101728;5;5101;51;0;9;42;;;;;;;;;;;;;;;;;;;;;;;;;;;;;;;;;;;;;;;;;;;;;;
2;6;2026;106103;29101716;5;5601;1;;;;;;;;;;;;;;;;;;;;;;;;0;0;0;0;0;0;;;;;;;;;;;;;;;;;;;;
2;6;2026;106103;29101728;5;5601;47;;12;35;;;;;;;;;;;;;;;;;;;;;;;;;;;;;;;;;;;;;;;;;;;;;;
2;6;2026;106103;29101729;5;5601;1;;;1;;;;;;;;;;;;;;;;;;;;;;;;;;;;;;;;;;;;;;;;;;;;;;
2;6;2026;106103;29101742;5;5601;8;43;;;;;;;;;;;;;;;;;;;;;;;;;;;;;;;;;;;;;;;;;;;;;;;;
2;6;2026;106103;01030100;5;5601;51;;1;41;9;;;;;51;48;;;;;51;41;;24;1;19;42;48;;0;4;0;0;0;0;;;;;;;;;;;;;;;;;;;;
2;6;2026;106103;29101714;5;5601;1;;;1;;;;;;1;1;;;;;1;0;;1;;;1;1;;0;1;0;0;0;0;;;;;;;;;;;;;;;;;;;;
2;6;2026;106103;01030300;5;5601;9;;2;3;4;;;;;9;9;;;;;9;7;;1;;6;7;9;;0;2;0;0;0;0;;;;;;;;;;;;;;;;;;;;
2;6;2026;106103;24090700;5;5601;42;;1;32;9;;;1;4;42;42;;;;;42;28;;;;35;30;34;;0;5;0;0;0;0;;;;;;;;;;;;;;;;;;;;
2;6;2026;106103;29101718;5;5601;2;;;2;;;1;;;2;;;;;;;;;;;;;;;0;0;0;0;0;0;;;;;;;;;;;;;;;;;;;;
1;6;2026;106100;29101742;5;5101;22;39;;;;;;;;;;;;;;;;;;;;;;;;;;;;;;;;;;;;;;;;;;;;;;;;
1;6;2026;106100;01030100;5;5101;54;0;2;44;8;1;0;1;4;31;43;0;0;0;14;35;;2;44;2;41;37;49;0;0;4;1;0;0;0;;;;;;;;;;;;;;;;;;;;
1;6;2026;106100;29101714;5;5101;1;0;0;1;0;0;0;0;0;1;1;0;0;0;1;1;;0;1;0;1;0;1;0;0;0;0;0;0;0;;;;;;;;;;;;;;;;;;;;
1;6;2026;106100;01030300;5;5101;22;0;1;17;4;0;0;0;1;0;20;0;0;0;0;0;;0;21;0;21;3;20;0;0;1;0;0;0;0;;;;;;;;;;;;;;;;;;;;
1;6;2026;106100;24090700;5;5101;41;0;2;31;8;0;3;2;8;11;36;0;0;1;0;10;;5;20;5;27;4;31;0;0;5;0;0;0;0;;;;;;;;;;;;;;;;;;;;
2;6;2026;106100;01030100;5;5101;39;0;2;27;10;1;1;0;5;15;35;0;0;0;11;28;;2;34;2;31;27;36;0;1;3;0;0;0;0;;;;;;;;;;;;;;;;;;;;
1;6;2026;106100;29101728;5;5101;46;1;9;36;;;;;;;;;;;;;;;;;;;;;;;;;;;;;;;;;;;;;;;;;;;;;;
1;6;2026;106100;29101729;5;5101;4;0;2;2;;;;;;;;;;;;;;;;;;;;;;;;;;;;;;;;;;;;;;;;;;;;;;
3;6;2026;106100;29101742;5;5101;24;42;;;;;;;;;;;;;;;;;;;;;;;;;;;;;;;;;;;;;;;;;;;;;;;;
3;6;2026;106100;01030100;5;5101;56;0;5;44;7;0;0;0;9;28;46;0;0;0;13;42;;5;43;4;46;36;49;0;1;7;0;1;0;0;;;;;;;;;;;;;;;;;;;;
3;6;2026;106100;29101714;5;5101;2;0;0;2;0;0;0;0;0;2;2;0;0;0;0;2;;0;2;0;2;1;2;0;0;1;0;0;0;0;;;;;;;;;;;;;;;;;;;;
3;6;2026;106100;01030300;5;5101;25;0;2;18;5;0;0;1;3;3;25;0;0;0;0;2;;3;12;4;19;5;20;;0;1;0;0;0;0;;;;;;;;;;;;;;;;;;;;
3;6;2026;106100;24090700;5;5101;43;0;0;32;11;0;0;1;9;13;43;0;0;0;0;15;;3;17;9;30;7;40;0;0;6;0;0;0;0;;;;;;;;;;;;;;;;;;;;
3;6;2026;106103;29101728;5;5601;46;;5;41;;;;;;;;;;;;;;;;;;;;;;;;;;;;;;;;;;;;;;;;;;;;;;
3;6;2026;106103;29101742;5;5601;10;34;;;;;;;;;;;;;;;;;;;;;;;;;;;;;;;;;;;;;;;;;;;;;;;;
3;6;2026;106103;01030100;5;5601;47;;4;32;11;;;;1;45;44;;;;;48;41;1;35;1;9;45;46;;1;5;0;0;0;0;;;;;;;;;;;;;;;;;;;;
3;6;2026;106103;29101714;5;5601;3;;;3;;;;;1;3;3;;;;;3;0;;3;;;2;3;;0;1;0;0;0;0;;;;;;;;;;;;;;;;;;;;
3;6;2026;106103;01030300;5;5601;10;0;0;6;4;;;;;7;10;;;;;3;10;;3;;8;11;11;;0;0;0;0;0;0;;;;;;;;;;;;;;;;;;;;
3;6;2026;106103;24090700;5;5601;37;0;1;27;9;;1;2;4;31;35;;;2;;20;31;;4;;19;26;28;;1;5;0;0;0;0;;;;;;;;;;;;;;;;;;;;
2;6;2026;106100;01030300;5;5101;23;0;0;16;7;0;0;2;4;1;23;0;0;0;0;0;;5;14;5;14;5;19;0;1;4;0;0;0;0;;;;;;;;;;;;;;;;;;;;
2;6;2026;106100;24090700;5;5101;50;0;2;38;10;0;0;4;6;4;50;0;0;0;0;13;;4;40;5;39;13;44;0;1;6;0;1;0;0;;;;;;;;;;;;;;;;;;;;
4;6;2026;106103;29101728;5;5601;44;;6;38;;;;;;;;;;;;;;;;;;;;;;;;;;;;;;;;;;;;;;;;;;;;;;
4;6;2026;106103;29101729;5;5601;1;;;1;;;;;;;;;;;;;;;;;;;;;;;;;;;;;;;;;;;;;;;;;;;;;;
4;6;2026;106103;29101742;5;5601;16;32;;;;;;;;;;;;;;;;;;;;;;;;;;;;;;;;;;;;;;;;;;;;;;;;
4;6;2026;106103;01030100;5;5601;45;;1;37;8;;;;4;;44;;;;;16;43;1;35;;7;38;36;;2;6;0;0;0;0;;;;;;;;;;;;;;;;;;;;
4;6;2026;106103;01030300;5;5601;16;;;8;8;;;;;16;16;;;;;16;16;;2;;14;14;16;;0;3;0;0;0;0;;;;;;;;;;;;;;;;;;;;
4;6;2026;106103;24090700;5;5601;32;;;26;5;;;;2;32;32;;;;;32;32;;4;1;27;23;30;;0;6;0;0;0;0;;;;;;;;;;;;;;;;;;;;
4;6;2026;106100;29101728;5;5101;56;2;14;40;;;;;;;;;;;;;;;;;;;;;;;;;;;;;;;;;;;;;;;;;;;;;;
4;6;2026;106100;29101729;5;5101;3;0;1;2;;;;;;;;;;;;;;;;;;;;;;;;;;;;;;;;;;;;;;;;;;;;;;
4;6;2026;106100;29101742;5;5101;24;43;;;;;;;;;;;;;;;;;;;;;;;;;;;;;;;;;;;;;;;;;;;;;;;;
4;6;2026;106100;01030100;5;5101;63;0;3;42;18;1;1;2;7;39;54;0;0;0;17;42;;6;51;5;50;36;57;0;0;8;0;0;0;0;;;;;;;;;;;;;;;;;;;;
4;6;2026;106100;29101714;5;5101;1;0;0;1;0;0;0;0;0;1;1;0;0;0;0;1;;0;1;0;1;0;1;0;0;0;0;0;0;0;;;;;;;;;;;;;;;;;;;;
4;6;2026;106100;01030300;5;5101;23;0;3;14;6;0;0;0;3;8;22;0;0;1;0;0;;2;16;2;16;6;18;0;0;0;0;0;0;0;;;;;;;;;;;;;;;;;;;;
4;6;2026;106100;24090700;5;5101;49;0;3;36;10;0;2;4;6;22;48;0;0;1;0;21;;1;30;3;31;7;38;0;1;7;0;0;0;0;;;;;;;;;;;;;;;;;;;;
5;6;2026;106100;29101718;5;5101;1;0;0;1;0;0;0;0;0;0;0;0;0;0;0;0;;1;0;0;0;0;0;0;0;0;0;0;0;0;;;;;;;;;;;;;;;;;;;;
5;6;2026;106100;29101728;5;5101;57;0;16;41;;;;;;;;;;;;;;;;;;;;;;;;;;;;;;;;;;;;;;;;;;;;;;
5;6;2026;106100;29101729;5;5101;3;0;2;1;;;;;;;;;;;;;;;;;;;;;;;;;;;;;;;;;;;;;;;;;;;;;;
5;6;2026;106100;29101742;5;5101;21;46;;;;;;;;;;;;;;;;;;;;;;;;;;;;;;;;;;;;;;;;;;;;;;;;
5;6;2026;106100;01030100;5;5101;63;0;4;51;7;0;0;1;10;39;52;0;0;0;16;53;;2;50;2;49;39;59;0;1;3;1;1;0;0;;;;;;;;;;;;;;;;;;;;
5;6;2026;106100;29101714;5;5101;1;0;0;1;0;0;0;0;1;1;1;0;0;0;0;1;;0;0;0;1;0;1;0;0;0;0;0;0;0;;;;;;;;;;;;;;;;;;;;
5;6;2026;106100;01030300;5;5101;20;0;1;9;10;0;0;1;2;6;19;0;0;1;0;0;;1;12;1;13;3;17;0;0;1;0;0;0;0;;;;;;;;;;;;;;;;;;;;
5;6;2026;106100;24090700;5;5101;52;0;2;45;5;0;0;3;10;27;52;0;0;0;0;23;;4;34;3;36;9;42;0;0;6;1;0;0;0;;;;;;;;;;;;;;;;;;;;
1;6;2026;106103;29101742;5;5601;5;27;;;;;;;;;;;;;;;;;;;;;;;;;;;;;;;;;;;;;;;;;;;;;;;;
1;6;2026;106103;01030100;5;5601;56;1;2;42;11;;1;1;4;83;50;;;;2;63;45;1;42;;10;49;54;0;0;3;0;0;0;0;;;;;;;;;;;;;;;;;;;;
1;6;2026;106103;29101714;5;5601;4;;;4;;;;;;4;4;;;;;4;2;;3;;;3;4;1;1;0;0;0;0;0;;;;;;;;;;;;;;;;;;;;
1;6;2026;106103;01030300;5;5601;5;;;4;1;;;;;;5;;;;;5;4;;1;;3;5;6;0;0;2;0;0;0;0;;;;;;;;;;;;;;;;;;;;
1;6;2026;106103;24090700;5;5601;28;;2;21;5;;;;3;;28;;;;;15;17;;2;;20;20;22;0;0;4;0;0;0;0;;;;;;;;;;;;;;;;;;;;
1;6;2026;106103;29101728;5;5601;53;1;10;42;;;;;;;;;;;;;;;;;;;;;;;;;;;;;;;;;;;;;;;;;;;;;;
1;6;2026;106103;29101729;5;5601;1;;;1;;;;;;;;;;;;;;;;;;;;;;;;;;;;;;;;;;;;;;;;;;;;;;
5;6;2026;106103;29101717;5;5601;1;;;;1;;;;1;1;;;;;;;;;;;;;1;;0;0;0;0;0;0;;;;;;;;;;;;;;;;;;;;
5;6;2026;106103;29101728;5;5601;46;;8;38;;;;;;;;;;;;;;;;;;;;;;;;;;;;;;;;;;;;;;;;;;;;;;
5;6;2026;106103;29101742;5;5601;11;36;;;;;;;;;;;;;;;;;;;;;;;;;;;;;;;;;;;;;;;;;;;;;;;;
5;6;2026;106103;01030100;5;5601;45;;3;32;10;;;;4;44;43;;;;;42;38;2;27;;4;33;45;;1;3;0;0;0;0;;;;;;;;;;;;;;;;;;;;
5;6;2026;106103;01030300;5;5601;10;;1;7;2;;;;1;11;10;;;;;;10;1;7;1;2;10;10;;0;0;0;0;0;0;;;;;;;;;;;;;;;;;;;;
5;6;2026;106103;24090700;5;5601;38;;;29;9;;;;5;37;38;;;1;;18;27;1;12;1;15;29;38;;0;7;0;0;0;0;;;;;;;;;;;;;;;;;;;;
6;6;2026;106100;29101728;5;5101;59;0;13;46;;;;;;;;;;;;;;;;;;;;;;;;;;;;;;;;;;;;;;;;;;;;;;
6;6;2026;106100;29101742;5;5101;14;51;;;;;;;;;;;;;;;;;;;;;;;;;;;;;;;;;;;;;;;;;;;;;;;;
6;6;2026;106100;01030100;5;5101;59;0;4;46;9;0;0;1;9;37;49;0;0;0;23;46;;3;46;3;46;40;55;;1;15;2;2;0;0;;;;;;;;;;;;;;;;;;;;
6;6;2026;106100;29101714;5;5101;2;0;0;1;1;0;0;0;0;1;2;0;0;0;1;2;;0;1;0;1;2;0;;0;0;0;0;0;0;;;;;;;;;;;;;;;;;;;;
6;6;2026;106100;01030300;5;5101;15;0;0;7;8;0;0;0;2;2;15;0;0;0;0;0;;2;11;2;12;4;14;;0;1;1;0;0;0;;;;;;;;;;;;;;;;;;;;
6;6;2026;106100;24090700;5;5101;55;0;2;40;13;0;2;2;16;23;54;0;0;1;0;18;;4;33;7;31;13;43;;2;9;1;0;0;0;;;;;;;;;;;;;;;;;;;;
6;6;2026;106103;29101728;5;5601;47;;9;38;;;;;;;;;;;;;;;;;;;;;;;;;;;;;;;;;;;;;;;;;;;;;;
6;6;2026;106103;29101729;5;5601;1;;;1;;;;;;;;;;;;;;;;;;;;;;;;;;;;;;;;;;;;;;;;;;;;;;
6;6;2026;106103;29101742;5;5601;11;34;;;;;;;;;;;;;;;;;;;;;;;;;;;;;;;;;;;;;;;;;;;;;;;;
6;6;2026;106103;01030100;5;5601;50;;1;40;9;;;;7;47;45;;;;;48;39;0;42;0;5;45;50;0;2;9;0;0;0;0;;;;;;;;;;;;;;;;;;;;
6;6;2026;106103;29101714;5;5601;2;;;2;;;;;1;2;2;;;;;1;1;0;1;0;0;2;2;0;0;1;0;0;0;0;;;;;;;;;;;;;;;;;;;;
6;6;2026;106103;01030300;5;5601;11;;;10;1;;;;;11;11;;;;;2;9;0;6;0;4;10;11;0;0;1;0;0;0;0;;;;;;;;;;;;;;;;;;;;
6;6;2026;106103;24090700;5;5601;33;;4;22;7;;;;6;33;33;;;;;16;26;1;5;2;24;28;34;0;0;4;0;0;0;0;;;;;;;;;;;;;;;;;;;;
2;17;2026;117101;29101728;16;16101;70;0;21;49;;;;;;;;;;;;;;;;;;;;;;;;;;;;;;;;;;;;;;;;;;;;;;
2;17;2026;117101;29101729;16;16101;2;0;0;2;;;;;;;;;;;;;;;;;;;;;;;;;;;;;;;;;;;;;;;;;;;;;;
2;17;2026;117101;29101742;16;16101;24;26;;;;;;;;;;;;;;;;;;;;;;;;;;;;;;;;;;;;;;;;;;;;;;;;
2;17;2026;117101;01030100;16;16101;75;0;6;56;13;1;0;2;9;30;49;48;1;1;52;42;66;7;63;1;1;64;64;0;4;6;0;0;0;0;;;;;;;;;;;;;;;;;;;;
2;17;2026;117101;29101714;16;16101;3;0;0;2;1;0;0;0;1;0;2;1;0;0;2;1;3;0;2;0;0;4;4;0;0;0;0;0;0;0;;;;;;;;;;;;;;;;;;;;
2;17;2026;117101;01030300;16;16101;26;0;0;18;8;0;0;0;5;1;26;0;0;0;0;0;26;0;7;3;16;23;23;0;0;0;0;0;0;0;;;;;;;;;;;;;;;;;;;;
2;17;2026;117101;24090700;16;16101;32;0;1;24;7;1;0;3;8;16;29;9;1;2;1;6;18;1;10;0;7;24;24;0;1;0;0;0;0;0;;;;;;;;;;;;;;;;;;;;
5;17;2026;117101;29101728;16;16101;69;0;25;44;;;;;;;;;;;;;;;;;;;;;;;;;;;;;;;;;;;;;;;;;;;;;;
5;17;2026;117101;29101729;16;16101;1;0;0;1;;;;;;;;;;;;;;;;;;;;;;;;;;;;;;;;;;;;;;;;;;;;;;
5;17;2026;117101;29101742;16;16101;17;34;;;;;;;;;;;;;;;;;;;;;;;;;;;;;;;;;;;;;;;;;;;;;;;;
6;17;2026;117101;29101742;16;16101;23;46;;;;;;;;;;;;;;;;;;;;;;;;;;;;;;;;;;;;;;;;;;;;;;;;
6;17;2026;117101;01030100;16;16101;73;0;5;57;11;1;0;0;8;25;45;28;1;0;56;25;69;3;66;0;0;70;70;0;1;1;1;1;0;0;;;;;;;;;;;;;;;;;;;;
6;17;2026;117101;29101714;16;16101;2;0;0;2;0;0;0;0;0;1;0;1;0;0;2;1;0;0;1;0;0;1;2;0;0;0;0;0;0;0;;;;;;;;;;;;;;;;;;;;
6;17;2026;117101;01030300;16;16101;24;0;0;13;11;0;0;0;2;1;24;0;0;1;0;0;15;0;6;0;17;24;24;0;1;2;0;0;0;0;;;;;;;;;;;;;;;;;;;;
6;17;2026;117101;24090700;16;16101;50;0;1;34;15;0;1;2;9;31;48;7;0;2;0;7;25;2;11;0;21;38;38;0;1;7;0;0;0;0;;;;;;;;;;;;;;;;;;;;
1;11;2026;111101;01030100;13;13119;97;;4;73;20;;;1;9;94;92;;;;4;85;;4;85;;3;82;91;1;5;19;0;0;0;0;;;;;;;;;;;;;;;;;;;;
1;11;2026;111101;01030300;13;13119;39;;4;23;12;;;;;22;39;;;;;;;1;29;;3;30;32;;1;9;0;0;0;0;;;;;;;;;;;;;;;;;;;;
1;11;2026;111101;24090700;13;13119;52;;3;38;11;;1;2;5;25;49;;;3;;16;;;25;;3;30;40;;0;13;0;0;0;0;;;;;;;;;;;;;;;;;;;;
5;17;2026;117103;29101728;16;16102;1;;;1;;;;;;;;;;;;;;;;;;;;;;;;;;;;;;;;;;;;;;;;;;;;;;
5;17;2026;117103;29101729;16;16102;1;;;1;;;;;;;;;;;;;;;;;;;;;;;;;;;;;;;;;;;;;;;;;;;;;;
5;17;2026;117103;01030100;16;16102;1;;;1;;;;;;;;;;;;1;1;;1;;;;;;0;0;0;0;0;0;;;;;;;;;;;;;;;;;;;;
4;17;2026;117103;29101728;16;16102;1;;;1;;;;;;;;;;;;;;;;;;;;;;;;;;;;;;;;;;;;;;;;;;;;;;
4;17;2026;117103;29101729;16;16102;1;;;1;;;;;;;;;;;;;;;;;;;;;;;;;;;;;;;;;;;;;;;;;;;;;;
4;17;2026;117103;01030100;16;16102;1;;;1;;;;;;;;;;;;1;1;;1;;;0;0;0;0;0;0;0;0;0;;;;;;;;;;;;;;;;;;;;
6;17;2026;117103;29101728;16;16102;1;;;1;;;;;;;;;;;;;;;;;;;;;;;;;;;;;;;;;;;;;;;;;;;;;;
6;17;2026;117103;29101729;16;16102;1;;;1;;;;;;;;;;;;;;;;;;;;;;;;;;;;;;;;;;;;;;;;;;;;;;
6;17;2026;117103;01030100;16;16102;1;;;1;;;;;;;;;;;;1;1;;1;;;;;;0;0;0;0;0;0;;;;;;;;;;;;;;;;;;;;
3;17;2026;117106;29101728;16;16201;1;;;1;;;;;;;;;;;;;;;;;;;;;;;;;;;;;;;;;;;;;;;;;;;;;;
3;17;2026;117106;01030100;16;16201;1;;;;1;;;;;;;;;;;1;1;;1;;1;1;;;0;0;0;0;0;0;;;;;;;;;;;;;;;;;;;;
4;17;2026;117106;29101728;16;16201;1;;;1;;;;;;;;;;;;;;;;;;;;;;;;;;;;;;;;;;;;;;;;;;;;;;
4;17;2026;117106;01030100;16;16201;1;;;;1;;;;;;;;;;1;;;;1;;1;1;1;;0;0;0;0;0;0;;;;;;;;;;;;;;;;;;;;
1;17;2026;117106;29101728;16;16201;3;;;3;;;;;;;;;;;;;;;;;;;;;;;;;;;;;;;;;;;;;;;;;;;;;;
1;17;2026;117106;01030100;16;16201;3;;;3;;;;;;;;;;;2;;3;;3;;3;3;3;;0;0;0;0;0;0;;;;;;;;;;;;;;;;;;;;
6;17;2026;117106;29101728;16;16201;1;;;1;;;;;;;;;;;;;;;;;;;;;;;;;;;;;;;;;;;;;;;;;;;;;;
6;17;2026;117106;01030100;16;16201;1;;;1;;;;;;;;;;;1;;1;;1;;1;1;1;;0;0;0;0;0;0;;;;;;;;;;;;;;;;;;;;
5;17;2026;117106;29101728;16;16201;1;;1;;;;;;;;;;;;;;;;;;;;;;;;;;;;;;;;;;;;;;;;;;;;;;;
5;17;2026;117106;01030100;16;16201;1;;;1;;;;;;;;;;;1;;;;1;;1;1;1;;0;0;0;0;0;0;;;;;;;;;;;;;;;;;;;;
1;17;2026;117102;24090700;16;16301;12;;1;8;3;;;;3;12;12;;;;;;5;;;;8;;;;0;0;0;0;0;0;;;;;;;;;;;;;;;;;;;;
3;17;2026;117102;29101742;16;16301;5;12;;;;;;;;;;;;;;;;;;;;;;;;;;;;;;;;;;;;;;;;;;;;;;;;
3;17;2026;117102;01030100;16;16301;15;;1;13;1;;;;14;15;14;;;;1;;9;1;14;;;14;0;0;0;0;0;0;0;0;;;;;;;;;;;;;;;;;;;;
3;17;2026;117102;01030300;16;16301;5;;;4;1;;;;4;5;5;;;;;;;;;1;4;3;0;0;0;0;0;0;0;0;;;;;;;;;;;;;;;;;;;;
3;17;2026;117102;24090700;16;16301;12;;;8;4;;;;10;12;12;;;;;;3;;;;12;4;0;0;0;0;0;0;0;0;;;;;;;;;;;;;;;;;;;;
6;17;2026;117102;29101728;16;16301;20;;3;17;;;;;;;;;;;;;;;;;;;;;;;;;;;;;;;;;;;;;;;;;;;;;;
4;17;2026;117102;29101742;16;16301;3;13;;;;;;;;;;;;;;;;;;;;;;;;;;;;;;;;;;;;;;;;;;;;;;;;
4;17;2026;117102;01030100;16;16301;20;;;17;3;;;;;;14;;;;3;;13;1;16;;3;16;0;0;0;1;0;0;0;0;;;;;;;;;;;;;;;;;;;;
4;17;2026;117102;01030300;16;16301;3;;;2;1;;;;;;3;;;;;;;;;;3;2;0;0;0;0;0;0;0;0;;;;;;;;;;;;;;;;;;;;
4;17;2026;117102;24090700;16;16301;14;;;8;6;;;;1;;14;;;;;;1;;1;;13;4;0;0;0;1;0;0;0;0;;;;;;;;;;;;;;;;;;;;
4;17;2026;117102;29101728;16;16301;20;;1;19;;;;;;;;;;;;;;;;;;;;;;;;;;;;;;;;;;;;;;;;;;;;;;
4;17;2026;117102;29101729;16;16301;20;;1;19;;;;;;;;;;;;;;;;;;;;;;;;;;;;;;;;;;;;;;;;;;;;;;
2;17;2026;117102;29101728;16;16301;21;;3;18;;;;;;;;;;;;;;;;;;;;;;;;;;;;;;;;;;;;;;;;;;;;;;
2;17;2026;117102;29101729;16;16301;21;;3;18;;;;;;;;;;;;;;;;;;;;;;;;;;;;;;;;;;;;;;;;;;;;;;
2;17;2026;117102;29101742;16;16301;4;15;;;;;;;;;;;;;;;;;;;;;;;;;;;;;;;;;;;;;;;;;;;;;;;;
2;17;2026;117102;01030100;16;16301;21;;3;13;5;;;;3;;16;;;;4;;15;2;18;;1;15;0;0;0;0;0;0;0;0;;;;;;;;;;;;;;;;;;;;
2;17;2026;117102;01030300;16;16301;6;;;3;3;;;;1;;6;;;;;;;;;2;4;3;0;0;0;0;0;0;0;0;;;;;;;;;;;;;;;;;;;;
2;17;2026;117102;24090700;16;16301;13;;1;8;4;;;;1;;13;;;;;;;;;;13;3;0;0;0;0;0;0;0;0;;;;;;;;;;;;;;;;;;;;
6;17;2026;117102;29101729;16;16301;20;;3;17;;;;;;;;;;;;;;;;;;;;;;;;;;;;;;;;;;;;;;;;;;;;;;
6;17;2026;117102;29101742;16;16301;1;9;;;;;;;;;;;;;;;;;;;;;;;;;;;;;;;;;;;;;;;;;;;;;;;;
6;17;2026;117102;01030100;16;16301;20;;2;16;2;;;;2;20;15;;;;2;;15;;20;2;;18;0;0;0;1;0;0;0;0;;;;;;;;;;;;;;;;;;;;
6;17;2026;117102;01030300;16;16301;1;;;1;;;;;;1;1;;;;;;;;;;1;1;0;0;0;0;0;0;0;0;;;;;;;;;;;;;;;;;;;;
6;17;2026;117102;24090700;16;16301;9;;2;4;3;;;;1;9;9;;;;;;2;;;;7;1;0;0;0;0;0;0;0;0;;;;;;;;;;;;;;;;;;;;
5;17;2026;117102;29101742;16;16301;4;22;;;;;;;;;;;;;;;;;;;;;;;;;;;;;;;;;;;;;;;;;;;;;;;;
5;17;2026;117102;01030100;16;16301;20;;1;14;5;1;;;4;;13;;;;6;;10;;18;1;;18;;;0;0;0;0;0;0;;;;;;;;;;;;;;;;;;;;
5;17;2026;117102;01030300;16;16301;5;;;3;2;;;;;;5;;;;;;2;;;;5;2;;;0;0;0;0;0;0;;;;;;;;;;;;;;;;;;;;
5;17;2026;117102;24090700;16;16301;22;;3;14;5;;;1;4;;18;;;;;;5;;1;3;18;4;;;0;1;0;0;0;0;;;;;;;;;;;;;;;;;;;;
5;17;2026;117102;29101728;16;16301;20;1;5;14;;;;;;;;;;;;;;;;;;;;;;;;;;;;;;;;;;;;;;;;;;;;;;
5;17;2026;117102;29101729;16;16301;20;1;5;14;;;;;;;;;;;;;;;;;;;;;;;;;;;;;;;;;;;;;;;;;;;;;;
1;17;2026;117102;29101728;16;16301;18;;3;15;;;;;;;;;;;;;;;;;;;;;;;;;;;;;;;;;;;;;;;;;;;;;;
1;17;2026;117102;29101742;16;16301;3;13;;;;;;;;;;;;;;;;;;;;;;;;;;;;;;;;;;;;;;;;;;;;;;;;
1;17;2026;117102;01030100;16;16301;18;;;15;3;;;;1;18;14;;;;3;;12;;12;;4;16;;;0;0;0;0;0;0;;;;;;;;;;;;;;;;;;;;
1;17;2026;117102;01030300;16;16301;4;;;2;2;;;;;4;4;;;;;;3;;;;4;3;;;0;0;0;0;0;0;;;;;;;;;;;;;;;;;;;;
3;17;2026;117102;29101728;16;16301;14;;2;12;;;;;;;;;;;;;;;;;;;;;;;;;;;;;;;;;;;;;;;;;;;;;;
3;17;2026;117102;29101729;16;16301;14;;2;12;;;;;;;;;;;;;;;;;;;;;;;;;;;;;;;;;;;;;;;;;;;;;;
4;5;2026;105102;24090700;4;4301;16;0;1;12;3;0;0;0;1;16;18;0;0;0;0;4;14;0;0;1;15;14;14;0;2;1;0;0;0;0;;;;;;;;;;;;;;;;;;;;
4;5;2026;105102;01030100;4;4301;42;0;1;34;7;0;0;0;2;42;20;0;0;0;22;31;41;0;41;1;0;40;41;0;4;5;1;0;0;0;;;;;;;;;;;;;;;;;;;;
4;5;2026;105102;01030300;4;4301;39;0;2;27;10;0;0;0;2;39;39;0;0;0;0;0;38;0;0;1;39;37;37;0;3;5;0;0;0;0;;;;;;;;;;;;;;;;;;;;
2;5;2026;105102;01030300;4;4301;26;0;0;22;4;0;0;0;0;26;26;0;0;0;0;0;26;0;0;0;26;26;26;0;3;1;0;0;0;0;;;;;;;;;;;;;;;;;;;;
2;5;2026;105102;24090700;4;4301;22;0;0;22;0;0;0;0;3;22;25;0;0;0;0;9;20;0;0;1;20;17;19;0;0;4;0;0;0;0;;;;;;;;;;;;;;;;;;;;
1;5;2026;105102;29101728;4;4301;43;0;5;38;;;;;;;;;;;;;;;;;;;;;;;;;;;;;;;;;;;;;;;;;;;;;;
1;5;2026;105102;29101729;4;4301;2;0;0;2;;;;;;;;;;;;;;;;;;;;;;;;;;;;;;;;;;;;;;;;;;;;;;
2;5;2026;105102;29101715;4;4301;1;0;0;0;1;0;0;0;0;0;0;0;0;0;0;0;1;0;0;0;1;1;1;0;0;0;0;0;0;0;;;;;;;;;;;;;;;;;;;;
6;17;2026;117101;29101715;16;16101;1;0;0;1;0;0;0;0;0;0;0;0;0;0;1;0;0;0;1;0;0;0;1;0;0;0;0;0;0;0;;;;;;;;;;;;;;;;;;;;
6;17;2026;117101;29101718;16;16101;0;0;0;0;0;0;0;0;0;0;0;0;0;0;0;0;0;0;0;0;0;0;1;0;0;0;0;0;0;0;;;;;;;;;;;;;;;;;;;;
6;17;2026;117101;29101728;16;16101;68;0;12;56;;;;;;;;;;;;;;;;;;;;;;;;;;;;;;;;;;;;;;;;;;;;;;
6;17;2026;117101;29101729;16;16101;4;0;2;2;;;;;;;;;;;;;;;;;;;;;;;;;;;;;;;;;;;;;;;;;;;;;;
5;28;2026;128110;29101728;8;8201;1;;;1;;;;;;;;;;;;;;;;;;;;;;;;;;;;;;;;;;;;;;;;;;;;;;
5;28;2026;128110;01030100;8;8201;1;;;1;;;;;;1;;;;;1;;;;1;;1;1;;;0;0;0;0;0;0;;;;;;;;;;;;;;;;;;;;
3;28;2026;128111;29101728;8;8203;4;0;0;4;;;;;;;;;;;;;;;;;;;;;;;;;;;;;;;;;;;;;;;;;;;;;;
3;28;2026;128111;29101742;8;8203;0;3;;;;;;;;;;;;;;;;;;;;;;;;;;;;;;;;;;;;;;;;;;;;;;;;
3;28;2026;128111;01030100;8;8203;4;0;0;3;1;0;0;0;0;4;3;0;0;0;0;3;2;0;4;0;0;4;4;0;2;0;0;0;0;0;;;;;;;;;;;;;;;;;;;;
3;28;2026;128111;24090700;8;8203;4;0;0;3;1;0;0;0;0;0;4;0;0;0;0;0;4;0;3;0;1;2;4;0;3;0;0;0;0;0;;;;;;;;;;;;;;;;;;;;
4;28;2026;128111;29101715;8;8203;1;0;0;1;0;0;0;0;0;1;0;0;0;0;1;0;1;0;1;0;0;1;1;0;1;0;0;0;0;0;;;;;;;;;;;;;;;;;;;;
4;28;2026;128111;29101728;8;8203;5;0;1;4;;;;;;;;;;;;;;;;;;;;;;;;;;;;;;;;;;;;;;;;;;;;;;
4;28;2026;128111;01030100;8;8203;7;0;1;5;1;0;0;0;0;6;0;0;0;0;6;3;6;0;7;0;0;7;7;1;4;0;0;0;0;0;;;;;;;;;;;;;;;;;;;;
2;28;2026;128111;29101728;8;8203;9;0;3;6;;;;;;;;;;;;;;;;;;;;;;;;;;;;;;;;;;;;;;;;;;;;;;
2;28;2026;128111;29101742;8;8203;;4;;;;;;;;;;;;;;;;;;;;;;;;;;;;;;;;;;;;;;;;;;;;;;;;
2;28;2026;128111;01030100;8;8203;5;0;0;5;0;0;0;0;0;5;1;0;0;0;2;2;4;0;4;0;1;3;5;0;4;0;0;0;0;0;;;;;;;;;;;;;;;;;;;;
2;28;2026;128111;24090700;8;8203;5;0;1;4;0;0;0;0;1;0;5;0;0;0;0;0;0;0;3;0;4;3;5;0;3;0;1;0;0;0;;;;;;;;;;;;;;;;;;;;
1;28;2026;128110;29101728;8;8201;1;;;1;;;;;;;;;;;;;;;;;;;;;;;;;;;;;;;;;;;;;;;;;;;;;;
1;28;2026;128110;01030100;8;8201;1;;;1;;;;;;;;;;;1;;;;1;;1;1;;0;0;0;0;0;0;0;;;;;;;;;;;;;;;;;;;;
3;28;2026;128110;01030100;8;8201;1;;;1;;;;;;;;;;;;;;;1;;;1;1;;0;0;0;0;0;0;;;;;;;;;;;;;;;;;;;;
5;28;2026;128109;29101715;8;8205;1;;;;1;;;;;;;;;;;;;;;;;;;;0;0;0;0;0;0;;;;;;;;;;;;;;;;;;;;
6;28;2026;128109;29101728;8;8205;38;;4;34;;;;;;;;;;;;;;;;;;;;;;;;;;;;;;;;;;;;;;;;;;;;;;
6;28;2026;128109;29101742;8;8205;5;15;;;;;;;;;;;;;;;;;;;;;;;;;;;;;;;;;;;;;;;;;;;;;;;;
6;28;2026;128109;01030100;8;8205;43;;3;33;7;;;;4;43;25;11;;;21;25;32;1;40;;;39;42;;21;0;0;0;0;0;;;;;;;;;;;;;;;;;;;;
6;28;2026;128109;01030300;8;8205;5;;;4;1;;;;;5;5;;;;;;5;;2;;1;1;5;;1;0;0;0;0;0;;;;;;;;;;;;;;;;;;;;
6;28;2026;128109;24090700;8;8205;23;;1;17;5;;;;4;23;22;;;2;;13;18;1;11;;5;4;23;;10;1;0;0;0;0;;;;;;;;;;;;;;;;;;;;
5;28;2026;128109;29101728;8;8205;26;;8;18;;;;;;;;;;;;;;;;;;;;;;;;;;;;;;;;;;;;;;;;;;;;;;
5;28;2026;128109;29101729;8;8205;2;;;2;;;;;;;;;;;;;;;;;;;;;;;;;;;;;;;;;;;;;;;;;;;;;;
5;28;2026;128109;29101742;8;8205;12;12;;;;;;;;;;;;;;;;;;;;;;;;;;;;;;;;;;;;;;;;;;;;;;;;
5;28;2026;128109;01030100;8;8205;32;;1;27;4;;;;5;32;20;4;;;22;17;26;2;30;;;31;32;;15;0;0;0;0;0;;;;;;;;;;;;;;;;;;;;
5;28;2026;128109;01030300;8;8205;14;;;9;5;;;;;14;14;;;;;;10;1;7;;2;7;12;;6;1;0;0;0;0;;;;;;;;;;;;;;;;;;;;
5;28;2026;128109;24090700;8;8205;21;;;14;7;;1;;3;19;20;1;1;1;;6;12;1;13;;2;7;18;;12;1;1;0;0;0;;;;;;;;;;;;;;;;;;;;
2;28;2026;128109;29101728;8;8205;42;;8;34;;;;;;;;;;;;;;;;;;;;;;;;;;;;;;;;;;;;;;;;;;;;;;
2;28;2026;128109;29101729;8;8205;1;;1;;;;;;;;;;;;;;;;;;;;;;;;;;;;;;;;;;;;;;;;;;;;;;;
2;28;2026;128109;29101742;8;8205;7;9;;;;;;;;;;;;;;;;;;;;;;;;;;;;;;;;;;;;;;;;;;;;;;;;
2;28;2026;128109;01030100;8;8205;53;1;5;42;5;1;;;5;52;35;12;;;19;37;44;;51;;;46;49;;17;1;1;0;0;0;;;;;;;;;;;;;;;;;;;;
2;28;2026;128109;01030300;8;8205;9;;;6;3;;;;1;6;5;;;1;;;7;;4;;2;3;5;;5;1;0;0;0;0;;;;;;;;;;;;;;;;;;;;
2;28;2026;128109;24090700;8;8205;15;;;12;3;;;;4;11;14;1;1;1;;6;12;1;11;;;;9;;6;1;0;0;0;0;;;;;;;;;;;;;;;;;;;;
3;28;2026;128109;29101742;8;8205;7;11;;;;;;;;;;;;;;;;;;;;;;;;;;;;;;;;;;;;;;;;;;;;;;;;
3;28;2026;128109;01030100;8;8205;43;;2;34;7;;;;4;43;23;9;;;15;26;32;2;39;;1;40;42;0;21;0;0;0;0;0;;;;;;;;;;;;;;;;;;;;
3;28;2026;128109;01030300;8;8205;10;;;6;4;;;;;10;10;;;;;;9;1;8;;;3;9;;5;0;0;0;0;0;;;;;;;;;;;;;;;;;;;;
3;28;2026;128109;24090700;8;8205;17;;;13;4;;;;4;17;17;4;;;;5;14;1;12;;;3;12;;6;0;0;0;0;0;;;;;;;;;;;;;;;;;;;;
5;28;2026;128111;29101728;8;8203;1;0;0;1;;;;;;;;;;;;;;;;;;;;;;;;;;;;;;;;;;;;;;;;;;;;;;
5;28;2026;128111;29101729;8;8203;2;0;0;2;;;;;;;;;;;;;;;;;;;;;;;;;;;;;;;;;;;;;;;;;;;;;;
5;28;2026;128111;01030100;8;8203;2;0;0;1;1;0;0;0;0;2;1;0;0;0;1;2;2;0;2;0;0;2;2;0;1;0;0;0;0;0;;;;;;;;;;;;;;;;;;;;
3;28;2026;128109;29101728;8;8205;34;;8;26;;;;;;;;;;;;;;;;;;;;;;;;;;;;;;;;;;;;;;;;;;;;;;
3;28;2026;128109;29101729;8;8205;4;;;4;;;;;;;;;;;;;;;;;;;;;;;;;;;;;;;;;;;;;;;;;;;;;;
4;28;2026;128109;29101728;8;8205;28;;5;23;;;;;;;;;;;;;;;;;;;;;;;;;;;;;;;;;;;;;;;;;;;;;;
4;28;2026;128109;29101729;8;8205;1;;;1;;;;;;;;;;;;;;;;;;;;;;;;;;;;;;;;;;;;;;;;;;;;;;
4;28;2026;128109;29101742;8;8205;13;15;;;;;;;;;;;;;;;;;;;;;;;;;;;;;;;;;;;;;;;;;;;;;;;;
4;28;2026;128109;01030100;8;8205;31;;3;26;2;;;;1;30;22;5;;;10;15;25;2;26;;;27;29;;8;0;0;0;0;0;;;;;;;;;;;;;;;;;;;;
4;28;2026;128109;01030300;8;8205;15;;;8;7;;;;;11;15;;;;;;12;;12;;2;4;14;;5;0;0;0;0;0;;;;;;;;;;;;;;;;;;;;
4;28;2026;128109;24090700;8;8205;23;;1;20;2;;;;4;22;23;2;;1;;5;17;1;17;;;7;20;;9;0;0;0;0;0;;;;;;;;;;;;;;;;;;;;
6;28;2026;128111;29101728;8;8203;2;0;0;2;;;;;;;;;;;;;;;;;;;;;;;;;;;;;;;;;;;;;;;;;;;;;;
6;28;2026;128111;29101729;8;8203;2;0;0;2;;;;;;;;;;;;;;;;;;;;;;;;;;;;;;;;;;;;;;;;;;;;;;
6;28;2026;128111;01030100;8;8203;2;0;0;2;0;0;0;0;0;0;0;2;1;0;2;2;2;0;2;0;2;2;2;1;2;0;0;0;0;0;;;;;;;;;;;;;;;;;;;;
6;28;2026;128111;24090700;8;8203;1;0;0;0;1;0;0;0;0;0;1;0;0;0;0;0;0;0;0;0;1;0;1;0;1;0;0;0;0;0;;;;;;;;;;;;;;;;;;;;
1;28;2026;128109;29101718;8;8205;1;;;1;;;;;;;;;;;;;;;1;;;1;1;;0;0;0;0;0;0;;;;;;;;;;;;;;;;;;;;
1;28;2026;128109;29101728;8;8205;28;;6;22;;;;;;;;;;;;;;;;;;;;;;;;;;;;;;;;;;;;;;;;;;;;;;
1;28;2026;128109;29101729;8;8205;2;;1;1;;;;;;;;;;;;;;;;;;;;;;;;;;;;;;;;;;;;;;;;;;;;;;
1;28;2026;128109;29101742;8;8205;9;10;;;;;;;;;;;;;;;;;;;;;;;;;;;;;;;;;;;;;;;;;;;;;;;;
1;28;2026;128109;01030100;8;8205;31;1;3;21;6;;;;3;31;18;11;;1;10;15;29;1;29;;;27;27;;10;0;0;0;0;0;;;;;;;;;;;;;;;;;;;;
1;28;2026;128109;01030300;8;8205;12;;1;7;4;;;;1;12;12;;;;;;12;;7;;1;3;9;;2;0;0;0;0;0;;;;;;;;;;;;;;;;;;;;
1;28;2026;128109;24090700;8;8205;14;;1;7;6;;;;5;12;14;1;;;;2;11;1;7;;;3;10;;1;1;0;0;0;0;;;;;;;;;;;;;;;;;;;;
5;33;2026;133150;29101728;10;10201;36;0;3;33;;;;;;;;;;;;;;;;;;;;;;;;;;;;;;;;;;;;;;;;;;;;;;
5;33;2026;133150;29101742;10;10201;14;12;;;;;;;;;;;;;;;;;;;;;;;;;;;;;;;;;;;;;;;;;;;;;;;;
5;33;2026;133150;01030100;10;10201;38;0;2;28;8;0;0;0;3;17;25;0;0;0;0;32;32;0;29;0;27;28;33;0;10;0;0;0;0;0;;;;;;;;;;;;;;;;;;;;
5;33;2026;133150;01030300;10;10201;14;0;0;12;2;0;0;0;1;0;0;0;0;0;0;0;6;0;4;0;6;3;6;0;5;1;0;0;0;0;;;;;;;;;;;;;;;;;;;;
5;33;2026;133150;24090700;10;10201;14;0;0;9;5;0;0;1;7;5;4;0;0;0;0;6;19;0;4;1;19;3;19;0;5;1;0;0;0;0;;;;;;;;;;;;;;;;;;;;
6;33;2026;133150;29101728;10;10201;40;0;7;33;;;;;;;;;;;;;;;;;;;;;;;;;;;;;;;;;;;;;;;;;;;;;;
2;33;2026;133165;29101742;10;10208;2;4;;;;;;;;;;;;;;;;;;;;;;;;;;;;;;;;;;;;;;;;;;;;;;;;
2;33;2026;133165;29101728;10;10208;10;0;0;10;;;;;;;;;;;;;;;;;;;;;;;;;;;;;;;;;;;;;;;;;;;;;;
2;33;2026;133165;29101729;10;10208;1;0;0;1;;;;;;;;;;;;;;;;;;;;;;;;;;;;;;;;;;;;;;;;;;;;;;
2;33;2026;133165;01030100;10;10208;12;0;1;9;2;0;0;0;1;12;6;7;0;0;9;9;8;1;11;0;10;8;11;0;2;0;0;0;0;0;;;;;;;;;;;;;;;;;;;;
2;33;2026;133165;01030300;10;10208;2;0;0;0;2;0;0;0;0;2;2;0;0;0;0;1;0;0;0;0;0;1;2;0;2;0;0;0;0;0;;;;;;;;;;;;;;;;;;;;
2;33;2026;133165;24090700;10;10208;4;0;0;3;1;0;0;0;0;4;4;1;0;0;0;2;3;0;4;0;4;3;4;0;0;0;0;0;0;0;;;;;;;;;;;;;;;;;;;;
6;33;2026;133150;29101742;10;10201;9;16;;;;;;;;;;;;;;;;;;;;;;;;;;;;;;;;;;;;;;;;;;;;;;;;
6;33;2026;133150;01030100;10;10201;40;0;3;27;10;0;0;0;7;10;22;0;0;0;0;35;29;2;32;3;32;34;36;0;11;2;0;0;0;0;;;;;;;;;;;;;;;;;;;;
6;33;2026;133150;01030300;10;10201;10;0;0;7;3;0;0;0;0;0;0;0;0;0;0;0;8;0;4;0;9;0;9;0;3;1;0;0;0;0;;;;;;;;;;;;;;;;;;;;
6;33;2026;133150;24090700;10;10201;16;0;1;8;7;0;0;1;6;4;1;0;0;0;0;4;10;0;2;2;8;2;10;0;5;0;0;0;0;0;;;;;;;;;;;;;;;;;;;;
2;33;2026;133155;29101742;10;10202;2;8;;;;;;;;;;;;;;;;;;;;;;;;;;;;;;;;;;;;;;;;;;;;;;;;
2;33;2026;133155;01030100;10;10202;4;0;0;3;1;0;0;0;1;4;0;0;0;0;2;3;3;0;3;0;3;3;3;0;1;0;0;0;0;0;;;;;;;;;;;;;;;;;;;;
2;33;2026;133155;01030300;10;10202;2;0;0;1;1;0;0;0;0;0;2;0;0;0;0;1;1;0;2;0;2;0;0;0;0;0;0;0;0;0;;;;;;;;;;;;;;;;;;;;
2;33;2026;133155;24090700;10;10202;10;0;0;8;2;0;0;0;0;5;10;0;0;0;0;6;9;0;10;0;7;10;10;0;2;0;0;0;0;0;;;;;;;;;;;;;;;;;;;;
2;33;2026;133155;29101728;10;10202;3;0;0;3;;;;;;;;;;;;;;;;;;;;;;;;;;;;;;;;;;;;;;;;;;;;;;
2;33;2026;133155;29101729;10;10202;4;0;3;1;;;;;;;;;;;;;;;;;;;;;;;;;;;;;;;;;;;;;;;;;;;;;;
5;33;2026;133155;29101742;10;10202;4;8;;;;;;;;;;;;;;;;;;;;;;;;;;;;;;;;;;;;;;;;;;;;;;;;
5;33;2026;133155;01030100;10;10202;8;0;1;6;1;0;0;0;1;8;5;0;0;0;4;25;8;0;8;0;1;8;8;8;3;1;0;0;0;0;;;;;;;;;;;;;;;;;;;;
5;33;2026;133155;01030300;10;10202;4;0;0;2;2;0;0;0;0;0;4;0;0;0;0;0;4;0;4;2;2;3;4;4;2;0;0;0;0;0;;;;;;;;;;;;;;;;;;;;
5;33;2026;133155;24090700;10;10202;8;0;0;4;4;0;0;0;1;0;7;0;0;1;0;7;6;0;7;0;6;6;7;8;1;0;0;0;0;0;;;;;;;;;;;;;;;;;;;;
5;33;2026;133155;29101728;10;10202;8;0;3;5;;;;;;;;;;;;;;;;;;;;;;;;;;;;;;;;;;;;;;;;;;;;;;
5;33;2026;133155;29101729;10;10202;8;0;3;5;;;;;;;;;;;;;;;;;;;;;;;;;;;;;;;;;;;;;;;;;;;;;;
2;33;2026;133150;29101728;10;10201;30;0;1;29;;;;;;;;;;;;;;;;;;;;;;;;;;;;;;;;;;;;;;;;;;;;;;
2;33;2026;133150;01030100;10;10201;31;0;2;22;7;0;0;0;2;19;27;0;0;0;0;25;24;0;22;0;28;0;23;0;12;3;0;0;0;0;;;;;;;;;;;;;;;;;;;;
2;33;2026;133150;29101714;10;10201;0;0;0;0;0;0;0;0;0;0;0;0;0;0;0;0;0;0;0;0;0;1;0;0;0;0;0;0;0;0;;;;;;;;;;;;;;;;;;;;
2;33;2026;133150;01030300;10;10201;16;0;0;14;2;0;0;1;1;0;0;0;0;0;0;0;9;0;6;0;10;5;9;0;2;2;0;0;0;0;;;;;;;;;;;;;;;;;;;;
2;33;2026;133150;24090700;10;10201;15;0;0;9;6;0;0;3;3;3;2;0;0;0;0;6;17;0;5;0;17;0;15;0;7;0;0;0;0;0;;;;;;;;;;;;;;;;;;;;
6;33;2026;133155;29101728;10;10202;13;0;3;10;;;;;;;;;;;;;;;;;;;;;;;;;;;;;;;;;;;;;;;;;;;;;;
6;33;2026;133155;29101729;10;10202;13;0;3;10;;;;;;;;;;;;;;;;;;;;;;;;;;;;;;;;;;;;;;;;;;;;;;
6;33;2026;133155;01030100;10;10202;13;0;0;13;0;0;0;0;0;12;7;0;0;0;3;11;11;0;12;0;7;12;12;0;2;1;0;0;0;0;;;;;;;;;;;;;;;;;;;;
6;33;2026;133155;01030300;10;10202;4;0;0;3;1;0;0;0;0;0;4;0;0;0;0;0;3;0;4;0;2;3;3;0;0;0;0;0;0;0;;;;;;;;;;;;;;;;;;;;
6;33;2026;133155;24090700;10;10202;5;0;0;4;1;0;0;0;0;0;4;0;0;1;0;1;4;0;5;0;2;5;4;0;2;0;0;0;0;0;;;;;;;;;;;;;;;;;;;;
4;33;2026;133165;29101728;10;10208;6;0;1;5;;;;;;;;;;;;;;;;;;;;;;;;;;;;;;;;;;;;;;;;;;;;;;
4;33;2026;133165;29101729;10;10208;1;0;1;0;;;;;;;;;;;;;;;;;;;;;;;;;;;;;;;;;;;;;;;;;;;;;;
4;33;2026;133165;29101742;10;10208;1;3;;;;;;;;;;;;;;;;;;;;;;;;;;;;;;;;;;;;;;;;;;;;;;;;
4;33;2026;133165;01030100;10;10208;7;0;1;5;1;0;0;0;0;6;4;3;0;0;3;6;5;0;7;0;7;3;7;0;2;0;0;0;0;0;;;;;;;;;;;;;;;;;;;;
4;33;2026;133165;01030300;10;10208;1;0;0;1;0;0;0;0;0;1;1;0;0;0;0;0;1;0;1;0;1;1;1;0;1;0;0;0;0;0;;;;;;;;;;;;;;;;;;;;
4;33;2026;133165;24090700;10;10208;4;0;0;3;1;0;0;0;0;4;4;0;0;0;0;1;3;0;4;0;4;1;4;0;2;1;0;0;0;0;;;;;;;;;;;;;;;;;;;;
4;33;2026;133150;29101728;10;10201;35;0;0;35;;;;;;;;;;;;;;;;;;;;;;;;;;;;;;;;;;;;;;;;;;;;;;
4;33;2026;133150;29101729;10;10201;35;0;0;35;;;;;;;;;;;;;;;;;;;;;;;;;;;;;;;;;;;;;;;;;;;;;;
4;33;2026;133150;29101742;10;10201;9;21;;;;;;;;;;;;;;;;;;;;;;;;;;;;;;;;;;;;;;;;;;;;;;;;
4;33;2026;133150;01030100;10;10201;36;0;2;27;7;0;0;0;3;15;0;0;0;0;0;29;28;1;30;1;31;29;34;0;7;0;0;0;0;0;;;;;;;;;;;;;;;;;;;;
4;33;2026;133150;01030300;10;10201;16;0;0;12;4;0;0;1;3;0;0;0;0;0;0;0;17;0;2;0;15;3;14;0;5;2;0;0;0;0;;;;;;;;;;;;;;;;;;;;
4;33;2026;133150;24090700;10;10201;14;0;0;11;3;0;2;0;1;0;0;5;0;0;0;1;5;0;3;1;8;0;10;0;3;0;1;0;0;0;;;;;;;;;;;;;;;;;;;;
4;33;2026;133155;29101728;10;10202;8;0;1;7;;;;;;;;;;;;;;;;;;;;;;;;;;;;;;;;;;;;;;;;;;;;;;
4;33;2026;133155;29101742;10;10202;2;10;;;;;;;;;;;;;;;;;;;;;;;;;;;;;;;;;;;;;;;;;;;;;;;;
4;33;2026;133155;01030100;10;10202;9;0;1;7;1;0;0;0;0;9;7;0;0;0;7;7;9;0;9;0;8;7;9;0;2;0;0;0;0;0;;;;;;;;;;;;;;;;;;;;
4;33;2026;133155;01030300;10;10202;1;0;0;2;0;0;0;0;0;0;2;0;0;0;0;0;2;0;2;0;1;2;2;0;1;0;0;0;0;0;;;;;;;;;;;;;;;;;;;;
4;33;2026;133155;24090700;10;10202;10;0;0;9;1;0;0;0;1;0;10;0;0;1;0;1;7;0;8;0;3;7;7;0;2;1;0;0;0;0;;;;;;;;;;;;;;;;;;;;
3;33;2026;133165;29101728;10;10208;8;0;0;8;;;;;;;;;;;;;;;;;;;;;;;;;;;;;;;;;;;;;;;;;;;;;;
3;33;2026;133165;29101742;10;10208;1;7;;;;;;;;;;;;;;;;;;;;;;;;;;;;;;;;;;;;;;;;;;;;;;;;
3;33;2026;133165;01030100;10;10208;9;0;2;7;0;0;0;0;0;9;6;7;0;0;5;9;8;0;8;0;8;6;9;0;2;2;0;0;0;0;;;;;;;;;;;;;;;;;;;;
3;33;2026;133165;01030300;10;10208;1;0;0;1;0;0;0;0;0;1;1;0;0;0;0;0;1;0;1;0;1;1;1;0;0;0;0;0;0;0;;;;;;;;;;;;;;;;;;;;
3;33;2026;133165;24090700;10;10208;9;0;0;6;3;0;0;0;0;9;9;3;0;0;0;4;7;0;8;0;8;4;9;0;1;1;0;0;0;0;;;;;;;;;;;;;;;;;;;;
3;33;2026;133150;29101728;10;10201;26;0;0;26;;;;;;;;;;;;;;;;;;;;;;;;;;;;;;;;;;;;;;;;;;;;;;
3;33;2026;133150;29101742;10;10201;17;19;;;;;;;;;;;;;;;;;;;;;;;;;;;;;;;;;;;;;;;;;;;;;;;;
3;33;2026;133150;01030100;10;10201;28;0;3;20;5;0;0;0;0;8;18;0;0;0;0;23;22;0;0;22;25;23;26;0;13;2;0;0;0;0;;;;;;;;;;;;;;;;;;;;
3;33;2026;133150;01030300;10;10201;18;0;2;11;5;0;0;0;1;0;0;0;0;0;0;0;11;0;1;8;13;1;12;0;5;1;0;0;0;0;;;;;;;;;;;;;;;;;;;;
3;33;2026;133150;24090700;10;10201;20;0;1;12;7;0;0;1;9;4;4;0;0;0;0;4;13;0;3;12;18;0;20;0;2;2;0;0;0;0;;;;;;;;;;;;;;;;;;;;
5;33;2026;133165;29101728;10;10208;16;0;2;14;;;;;;;;;;;;;;;;;;;;;;;;;;;;;;;;;;;;;;;;;;;;;;
5;33;2026;133165;29101742;10;10208;2;2;;;;;;;;;;;;;;;;;;;;;;;;;;;;;;;;;;;;;;;;;;;;;;;;
5;33;2026;133165;01030100;10;10208;17;0;1;14;2;0;0;0;0;15;0;11;0;0;13;16;15;0;17;0;17;17;17;0;2;4;0;0;0;0;;;;;;;;;;;;;;;;;;;;
5;33;2026;133165;01030300;10;10208;3;0;0;1;2;0;0;0;0;3;3;0;0;0;0;0;3;0;3;0;3;2;2;0;0;0;0;0;0;0;;;;;;;;;;;;;;;;;;;;
5;33;2026;133165;24090700;10;10208;2;0;1;0;1;0;0;0;0;2;2;0;0;0;0;1;2;0;2;0;2;2;2;0;0;0;0;0;0;0;;;;;;;;;;;;;;;;;;;;
1;33;2026;133155;29101715;10;10202;15;0;0;0;0;0;0;0;0;0;0;0;0;0;0;0;0;0;0;0;0;0;0;0;0;0;0;0;0;0;;;;;;;;;;;;;;;;;;;;
1;33;2026;133155;29101728;10;10202;9;0;0;9;;;;;;;;;;;;;;;;;;;;;;;;;;;;;;;;;;;;;;;;;;;;;;
1;33;2026;133155;29101742;10;10202;0;4;;;;;;;;;;;;;;;;;;;;;;;;;;;;;;;;;;;;;;;;;;;;;;;;
1;33;2026;133155;01030100;10;10202;10;0;0;7;3;0;0;0;0;11;4;0;0;0;2;8;8;0;9;0;0;7;10;0;2;0;0;0;0;0;;;;;;;;;;;;;;;;;;;;
1;33;2026;133155;24090700;10;10202;5;0;0;4;1;0;0;0;0;0;5;0;0;0;0;4;2;0;4;0;0;4;5;0;3;0;0;0;0;0;;;;;;;;;;;;;;;;;;;;
3;33;2026;133155;29101728;10;10202;5;0;0;5;;;;;;;;;;;;;;;;;;;;;;;;;;;;;;;;;;;;;;;;;;;;;;
3;33;2026;133155;29101729;10;10202;5;0;0;5;;;;;;;;;;;;;;;;;;;;;;;;;;;;;;;;;;;;;;;;;;;;;;
3;33;2026;133155;29101742;10;10202;5;8;;;;;;;;;;;;;;;;;;;;;;;;;;;;;;;;;;;;;;;;;;;;;;;;
3;33;2026;133155;01030100;10;10202;6;0;0;6;0;0;0;0;0;4;3;0;0;0;4;5;6;0;6;0;2;5;6;0;1;1;0;0;0;0;;;;;;;;;;;;;;;;;;;;
3;33;2026;133155;01030300;10;10202;4;0;0;2;2;0;0;0;0;0;4;0;0;0;0;0;3;1;3;1;1;3;3;0;0;0;0;0;0;0;;;;;;;;;;;;;;;;;;;;
3;33;2026;133155;24090700;10;10202;9;0;0;8;1;0;0;0;0;1;9;0;0;0;0;2;5;0;9;0;3;5;9;0;1;0;0;0;0;0;;;;;;;;;;;;;;;;;;;;
1;33;2026;133165;29101728;10;10208;8;0;0;8;;;;;;;;;;;;;;;;;;;;;;;;;;;;;;;;;;;;;;;;;;;;;;
1;33;2026;133165;01030100;10;10208;9;0;1;5;3;0;0;0;0;9;5;7;0;0;3;8;9;0;9;0;1;8;9;0;2;0;0;0;0;0;;;;;;;;;;;;;;;;;;;;
1;33;2026;133165;01030300;10;10208;3;0;0;2;1;0;0;0;0;2;3;0;0;0;0;0;2;0;0;0;3;1;3;0;0;1;0;0;0;0;;;;;;;;;;;;;;;;;;;;
1;33;2026;133165;24090700;10;10208;4;0;0;2;2;0;0;0;1;1;4;0;0;0;0;1;2;0;2;0;2;1;2;0;0;2;0;0;0;0;;;;;;;;;;;;;;;;;;;;
1;33;2026;133150;29101715;10;10201;1;0;0;0;1;0;0;0;0;0;0;0;0;0;0;0;0;0;0;0;0;0;0;0;0;0;0;0;0;0;;;;;;;;;;;;;;;;;;;;
1;33;2026;133150;29101728;10;10201;30;0;1;29;;;;;;;;;;;;;;;;;;;;;;;;;;;;;;;;;;;;;;;;;;;;;;
1;33;2026;133150;29101742;10;10201;10;11;;;;;;;;;;;;;;;;;;;;;;;;;;;;;;;;;;;;;;;;;;;;;;;;
1;33;2026;133150;01030100;10;10201;30;1;1;21;7;0;0;0;1;13;25;0;0;0;0;29;21;1;24;1;24;22;26;0;6;3;0;0;0;0;;;;;;;;;;;;;;;;;;;;
1;33;2026;133150;01030300;10;10201;12;0;0;9;3;0;0;0;0;0;0;0;0;0;0;0;10;0;3;0;10;2;9;0;2;1;0;0;0;0;;;;;;;;;;;;;;;;;;;;
1;33;2026;133150;24090700;10;10201;12;0;0;9;3;0;0;0;4;5;6;0;0;0;0;4;11;0;1;0;9;5;9;0;4;0;0;0;0;0;;;;;;;;;;;;;;;;;;;;
3;10;2026;110120;29101718;13;13126;2;0;;1;;1;;;;;;;;;;;;;;1;1;;;;0;0;0;0;0;0;;;;;;;;;;;;;;;;;;;;
3;10;2026;110120;29101716;13;13126;2;0;0;;;;;;;;;;;;;;;;;;;;;;0;0;0;0;0;0;;;;;;;;;;;;;;;;;;;;
3;10;2026;110120;29101728;13;13126;114;0;17;97;;;;;;;;;;;;;;;;;;;;;;;;;;;;;;;;;;;;;;;;;;;;;;
4;10;2026;110120;01030100;13;13126;110;0;10;85;17;0;1;2;11;112;96;0;0;0;5;;11;4;99;4;98;102;;;0;27;0;0;0;0;;;;;;;;;;;;;;;;;;;;
4;10;2026;110120;29101714;13;13126;6;0;0;4;2;0;0;0;0;6;6;0;0;0;0;;3;0;4;0;5;5;;;0;0;0;0;0;0;;;;;;;;;;;;;;;;;;;;
4;10;2026;110120;01030300;13;13126;22;0;0;16;7;0;0;0;0;23;23;0;0;0;0;;2;0;23;0;25;25;;;0;7;0;0;0;0;;;;;;;;;;;;;;;;;;;;
4;10;2026;110120;24090700;13;13126;93;0;6;63;21;0;2;5;13;90;84;0;0;5;0;;16;3;57;3;66;63;;;0;29;0;0;0;0;;;;;;;;;;;;;;;;;;;;
1;10;2026;110120;29101728;13;13126;96;0;21;75;;;;;;;;;;;;;;;;;;;;;;;;;;;;;;;;;;;;;;;;;;;;;;
1;10;2026;110120;29101742;13;13126;26;85;;;;;;;;;;;;;;;;;;;;;;;;;;;;;;;;;;;;;;;;;;;;;;;;
1;10;2026;110120;01030100;13;13126;99;;6;76;15;;;;12;97;90;;;;7;;98;3;87;3;88;89;;0;0;24;0;0;0;0;;;;;;;;;;;;;;;;;;;;
1;10;2026;110120;29101714;13;13126;2;;;2;;;;;;2;2;;;;;;1;;1;;2;2;;0;0;1;0;0;0;0;;;;;;;;;;;;;;;;;;;;
1;10;2026;110120;01030300;13;13126;24;;;21;5;;;;;27;27;;;;;;34;1;25;1;25;26;;0;0;7;0;0;0;0;;;;;;;;;;;;;;;;;;;;
1;10;2026;110120;24090700;13;13126;91;;6;58;21;;3;5;20;87;83;;;4;;;68;6;57;10;64;65;;0;0;20;0;0;0;0;;;;;;;;;;;;;;;;;;;;
4;10;2026;110120;29101715;13;13126;1;0;0;1;;;;;;;;;;;;;;;1;;1;;;;0;0;0;0;0;0;;;;;;;;;;;;;;;;;;;;
4;10;2026;110120;29101728;13;13126;110;0;23;87;;;;;;;;;;;;;;;;;;;;;;;;;;;;;;;;;;;;;;;;;;;;;;
4;10;2026;110120;29101742;13;13126;28;77;;;;;;;;;;;;;;;;;;;;;;;;;;;;;;;;;;;;;;;;;;;;;;;;
2;10;2026;110120;01030100;13;13126;96;1;10;68;16;0;0;0;7;92;91;0;0;0;5;30;87;4;83;4;85;82;;;0;32;0;0;0;0;;;;;;;;;;;;;;;;;;;;
3;10;2026;110120;01030100;13;13126;115;0;5;83;27;0;0;0;9;116;100;0;0;0;3;;114;2;108;2;107;109;;;0;33;0;0;0;0;;;;;;;;;;;;;;;;;;;;
3;10;2026;110120;29101714;13;13126;4;0;0;4;0;0;0;0;0;5;5;0;0;0;0;;3;0;4;0;5;5;;;0;0;0;0;0;0;;;;;;;;;;;;;;;;;;;;
3;10;2026;110120;01030300;13;13126;22;0;0;15;10;0;0;0;1;25;25;0;0;0;0;;22;2;21;2;23;22;;;0;8;0;0;0;0;;;;;;;;;;;;;;;;;;;;
3;10;2026;110120;24090700;13;13126;72;0;4;50;10;0;3;2;15;69;69;0;0;2;0;;63;4;48;3;56;51;;;0;15;0;0;0;0;;;;;;;;;;;;;;;;;;;;
5;10;2026;110120;29101728;13;13126;110;2;18;90;;;;;;;;;;;;;;;;;;;;;;;;;;;;;;;;;;;;;;;;;;;;;;
5;10;2026;110120;29101742;13;13126;30;92;;;;;;;;;;;;;;;;;;;;;;;;;;;;;;;;;;;;;;;;;;;;;;;;
2;10;2026;110120;29101718;13;13126;;;;;;;;;;1;;;;;;;;0;0;;;;;;;;;;;;;;;;;;;;;;;;;;;;;;;
2;10;2026;110120;29101728;13;13126;96;;14;82;;;;;;;;;;;;;;;;;;;;;;;;;;;;;;;;;;;;;;;;;;;;;;
5;10;2026;110120;01030100;13;13126;105;0;6;81;19;2;0;0;6;103;90;0;0;0;10;77;104;2;100;2;102;101;;;0;23;0;0;0;0;;;;;;;;;;;;;;;;;;;;
5;10;2026;110120;29101714;13;13126;4;0;0;1;2;0;0;0;1;3;3;0;0;0;0;3;2;0;3;0;3;3;;;0;0;0;0;0;0;;;;;;;;;;;;;;;;;;;;
2;10;2026;110120;29101742;13;13126;27;60;;;;;;;;;;;;;;;;;;;;;;;;;;;;;;;;;;;;;;;;;;;;;;;;
2;10;2026;110120;29101714;13;13126;5;0;1;4;0;0;0;0;0;5;2;0;0;0;0;1;3;0;3;0;5;5;;;0;5;0;0;0;0;;;;;;;;;;;;;;;;;;;;
5;10;2026;110120;24090700;13;13126;94;0;4;65;25;0;4;4;18;92;87;0;0;6;0;92;78;6;63;6;74;71;;;0;29;0;0;0;0;;;;;;;;;;;;;;;;;;;;
5;10;2026;110120;01030300;13;13126;29;0;1;19;9;0;0;0;0;30;30;0;0;0;0;0;28;0;29;0;30;29;;;0;9;0;0;0;0;;;;;;;;;;;;;;;;;;;;
2;10;2026;110120;01030300;13;13126;26;0;0;12;14;0;0;0;1;26;0;0;0;1;0;0;23;4;17;0;25;23;;;0;8;0;0;0;0;;;;;;;;;;;;;;;;;;;;
2;10;2026;110120;24090700;13;13126;67;2;7;47;11;0;2;3;14;68;0;0;0;4;0;3;58;3;44;5;52;50;;;0;24;0;0;0;0;;;;;;;;;;;;;;;;;;;;
6;10;2026;110120;29101728;13;13126;111;0;27;84;;;;;;;;;;;;;;;;;;;;;;;;;;;;;;;;;;;;;;;;;;;;;;
6;10;2026;110120;29101742;13;13126;22;80;;;;;;;;;;;;;;;;;;;;;;;;;;;;;;;;;;;;;;;;;;;;;;;;
6;10;2026;110120;01030100;13;13126;110;0;10;86;14;0;0;0;10;110;98;0;0;0;1;107;103;4;97;4;162;100;;;0;30;0;0;0;0;;;;;;;;;;;;;;;;;;;;
6;10;2026;110120;29101714;13;13126;4;0;0;4;0;0;0;0;1;4;4;0;0;0;0;4;2;0;2;0;4;4;;;0;0;0;0;0;0;;;;;;;;;;;;;;;;;;;;
6;10;2026;110120;01030300;13;13126;18;0;0;15;7;0;0;0;1;22;20;0;0;1;0;0;21;0;18;0;22;22;;;0;7;0;0;0;0;;;;;;;;;;;;;;;;;;;;
6;10;2026;110120;24090700;13;13126;85;0;6;61;14;0;1;2;16;81;76;0;0;5;0;4;68;6;52;7;64;58;;;0;22;0;0;0;0;;;;;;;;;;;;;;;;;;;;
4;10;2026;110150;29101728;13;13501;46;1;7;38;;;;;;;;;;;;;;;;;;;;;;;;;;;;;;;;;;;;;;;;;;;;;;
3;10;2026;110150;29101718;13;13501;2;0;0;2;0;0;0;0;0;0;0;0;0;0;0;0;2;0;0;0;0;0;2;0;0;1;0;0;0;0;;;;;;;;;;;;;;;;;;;;
3;10;2026;110150;29101728;13;13501;40;0;7;33;;;;;;;;;;;;;;;;;;;;;;;;;;;;;;;;;;;;;;;;;;;;;;
3;10;2026;110150;29101729;13;13501;40;0;7;33;;;;;;;;;;;;;;;;;;;;;;;;;;;;;;;;;;;;;;;;;;;;;;
3;10;2026;110150;29101742;13;13501;30;35;;;;;;;;;;;;;;;;;;;;;;;;;;;;;;;;;;;;;;;;;;;;;;;;
3;10;2026;110150;01030100;13;13501;43;0;4;33;6;0;0;1;3;26;36;0;0;0;2;18;41;1;39;1;37;35;42;0;3;21;0;0;0;0;;;;;;;;;;;;;;;;;;;;
3;10;2026;110150;29101714;13;13501;4;0;1;2;1;0;0;0;0;3;4;0;0;0;0;2;4;0;3;0;3;4;4;0;0;3;0;0;0;0;;;;;;;;;;;;;;;;;;;;
3;10;2026;110150;01030300;13;13501;31;0;0;23;8;0;0;0;0;0;31;0;0;0;0;0;31;0;11;1;30;25;31;0;0;1;0;0;0;0;;;;;;;;;;;;;;;;;;;;
3;10;2026;110150;24090700;13;13501;40;0;3;29;8;0;0;1;7;18;40;0;0;0;0;13;39;1;27;0;35;23;39;0;0;12;0;0;0;0;;;;;;;;;;;;;;;;;;;;
5;10;2026;110150;29101742;13;13501;36;29;;;;;;;;;;;;;;;;;;;;;;;;;;;;;;;;;;;;;;;;;;;;;;;;
5;10;2026;110150;01030100;13;13501;43;0;2;34;7;0;0;0;1;32;35;0;0;0;6;25;42;0;43;0;0;37;42;0;0;22;0;0;0;0;;;;;;;;;;;;;;;;;;;;
5;10;2026;110150;29101714;13;13501;4;0;0;3;1;0;0;0;0;2;4;0;0;0;0;2;4;0;4;0;0;3;4;0;0;0;0;0;0;0;;;;;;;;;;;;;;;;;;;;
5;10;2026;110150;01030300;13;13501;38;0;1;29;8;0;0;0;0;1;38;0;0;0;0;2;37;0;38;0;0;32;28;0;0;5;0;0;0;0;;;;;;;;;;;;;;;;;;;;
5;10;2026;110150;24090700;13;13501;32;0;5;23;4;0;0;0;4;11;31;0;0;1;0;9;28;2;29;0;0;25;29;0;0;14;0;0;0;0;;;;;;;;;;;;;;;;;;;;
5;10;2026;110150;29101728;13;13501;43;0;9;34;;;;;;;;;;;;;;;;;;;;;;;;;;;;;;;;;;;;;;;;;;;;;;
6;10;2026;110150;29101728;13;13501;36;0;5;31;;;;;;;;;;;;;;;;;;;;;;;;;;;;;;;;;;;;;;;;;;;;;;
6;10;2026;110150;29101742;13;13501;47;26;;;;;;;;;;;;;;;;;;;;;;;;;;;;;;;;;;;;;;;;;;;;;;;;
6;10;2026;110150;01030100;13;13501;40;0;2;30;8;0;0;0;4;24;38;0;0;0;0;30;39;1;39;0;0;35;39;0;1;19;0;0;0;0;;;;;;;;;;;;;;;;;;;;
6;10;2026;110150;01030300;13;13501;27;0;1;19;7;0;0;0;0;0;27;0;0;0;0;0;27;0;27;0;0;14;27;0;0;2;0;0;0;0;;;;;;;;;;;;;;;;;;;;
6;10;2026;110150;24090700;13;13501;46;0;2;36;8;0;0;0;0;16;46;0;0;1;0;14;46;3;43;0;0;40;7;0;0;22;0;0;0;0;;;;;;;;;;;;;;;;;;;;
4;10;2026;110150;29101742;13;13501;32;43;;;;;;;;;;;;;;;;;;;;;;;;;;;;;;;;;;;;;;;;;;;;;;;;
4;10;2026;110150;01030100;13;13501;48;0;6;36;6;0;2;1;1;19;45;0;0;0;1;32;44;4;44;0;0;45;44;0;0;18;0;0;0;0;;;;;;;;;;;;;;;;;;;;
4;10;2026;110150;29101714;13;13501;1;0;0;1;0;0;0;0;0;1;1;0;0;0;0;1;1;0;1;0;0;1;1;0;0;0;0;0;0;0;;;;;;;;;;;;;;;;;;;;
4;10;2026;110150;01030300;13;13501;31;0;3;21;7;0;0;0;0;0;31;0;0;0;0;1;31;0;31;0;0;28;31;0;0;2;0;0;0;0;;;;;;;;;;;;;;;;;;;;
4;10;2026;110150;24090700;13;13501;44;0;2;37;5;0;0;1;9;5;43;0;0;1;0;0;42;7;37;0;0;25;42;0;0;18;0;0;0;0;;;;;;;;;;;;;;;;;;;;
4;10;2026;110150;29101715;13;13501;1;0;0;1;;0;0;0;0;0;0;0;0;0;0;0;1;0;1;0;0;0;1;0;0;1;0;0;0;0;;;;;;;;;;;;;;;;;;;;
1;10;2026;110150;29101728;13;13501;40;0;7;33;;;;;;;;;;;;;;;;;;;;;;;;;;;;;;;;;;;;;;;;;;;;;;
1;10;2026;110150;29101742;13;13501;29;35;;;;;;;;;;;;;;;;;;;;;;;;;;;;;;;;;;;;;;;;;;;;;;;;
2;10;2026;110150;01030100;13;13501;42;0;1;35;16;0;0;0;4;25;39;0;0;0;1;20;42;5;37;0;0;36;42;0;2;20;0;0;0;0;;;;;;;;;;;;;;;;;;;;
2;10;2026;110150;01030300;13;13501;24;0;1;20;3;0;0;0;0;0;24;0;0;0;0;0;24;0;24;0;0;24;24;0;0;3;0;0;0;0;;;;;;;;;;;;;;;;;;;;
1;10;2026;110150;24090700;13;13501;36;0;1;28;7;0;0;1;6;6;36;0;0;0;0;11;34;4;30;0;0;34;34;0;0;11;0;0;0;0;;;;;;;;;;;;;;;;;;;;
1;10;2026;110150;01030300;13;13501;28;0;0;18;10;0;0;0;28;0;28;0;0;0;0;0;28;1;27;0;0;27;27;0;0;4;0;0;0;0;;;;;;;;;;;;;;;;;;;;
1;10;2026;110150;29101714;13;13501;1;0;0;1;0;0;0;0;0;1;1;0;0;0;0;1;1;0;1;0;0;0;1;0;0;1;0;0;0;0;;;;;;;;;;;;;;;;;;;;
1;10;2026;110150;29101715;13;13501;1;0;0;1;0;0;0;0;0;0;0;0;0;0;0;0;1;1;0;0;0;0;1;0;0;0;0;0;0;0;;;;;;;;;;;;;;;;;;;;
2;10;2026;110150;29101728;13;13501;34;0;8;26;;;;;;;;;;;;;;;;;;;;;;;;;;;;;;;;;;;;;;;;;;;;;;
1;10;2026;110150;01030100;13;13501;43;0;8;32;3;0;0;0;5;24;36;0;0;0;5;30;42;2;41;0;0;41;43;0;0;21;0;0;0;0;;;;;;;;;;;;;;;;;;;;
2;10;2026;110150;24090700;13;13501;34;0;2;24;8;0;0;1;1;7;34;0;0;0;0;9;34;0;33;0;0;33;33;0;0;14;0;0;0;0;;;;;;;;;;;;;;;;;;;;
4;10;2026;110130;01030100;13;13601;42;0;1;32;9;0;0;0;0;42;41;0;0;0;0;27;38;1;41;1;41;38;42;0;0;7;0;0;0;0;;;;;;;;;;;;;;;;;;;;
4;10;2026;110130;29101714;13;13601;3;0;0;3;0;0;0;0;0;3;3;0;0;0;0;0;2;0;3;0;3;2;2;0;0;1;0;0;0;0;;;;;;;;;;;;;;;;;;;;
4;10;2026;110130;01030300;13;13601;10;0;0;5;5;0;0;0;0;10;10;0;0;0;0;0;9;0;10;0;10;7;10;0;0;1;0;0;0;0;;;;;;;;;;;;;;;;;;;;
4;10;2026;110130;24090700;13;13601;33;0;2;25;6;0;0;1;1;33;33;0;0;0;0;9;24;2;31;2;31;9;30;0;0;7;0;0;0;0;;;;;;;;;;;;;;;;;;;;
4;10;2026;110130;29101728;13;13601;42;;3;39;;;;;;;;;;;;;;;;;;;;;;;;;;;;;;;;;;;;;;;;;;;;;;
1;10;2026;110130;01030300;13;13601;17;0;1;9;1;0;0;0;0;17;17;0;0;0;0;0;0;;;;;5;;0;0;1;0;0;0;0;;;;;;;;;;;;;;;;;;;;
1;10;2026;110130;24090700;13;13601;21;0;1;14;6;0;0;0;1;21;21;0;0;0;0;7;0;;;;;6;;0;0;0;0;0;0;0;;;;;;;;;;;;;;;;;;;;
1;10;2026;110130;29101714;13;13601;2;0;0;2;0;0;0;0;0;2;2;0;0;0;0;2;0;0;2;0;2;0;2;0;0;0;0;0;0;0;;;;;;;;;;;;;;;;;;;;
1;10;2026;110130;01030100;13;13601;36;0;4;23;9;0;0;0;3;36;36;0;0;0;0;12;36;1;35;1;35;;36;0;0;9;0;0;0;0;;;;;;;;;;;;;;;;;;;;
2;10;2026;110130;24090700;13;13601;23;0;1;20;2;0;0;0;1;23;22;0;0;1;0;4;13;2;21;2;21;10;23;0;0;2;0;0;0;0;;;;;;;;;;;;;;;;;;;;
2;10;2026;110130;01030300;13;13601;12;0;0;9;3;0;0;0;0;12;11;0;0;1;0;4;9;0;12;0;12;4;12;0;0;1;0;0;0;0;;;;;;;;;;;;;;;;;;;;
1;10;2026;110130;29101729;13;13601;35;0;6;29;;;;;;;;;;;;;;;;;;;;;;;;;;;;;;;;;;;;;;;;;;;;;;
2;10;2026;110130;01030100;13;13601;31;0;3;27;2;0;0;0;1;31;25;0;0;0;0;7;18;2;29;2;29;27;27;0;0;3;0;0;0;0;;;;;;;;;;;;;;;;;;;;
2;10;2026;110130;29101714;13;13601;1;0;0;1;0;0;0;0;0;1;1;0;0;0;0;1;0;0;1;0;1;1;0;0;0;0;0;0;0;0;;;;;;;;;;;;;;;;;;;;
3;10;2026;110130;29101728;13;13601;37;;5;32;;;;;;;;;;;;;;;;;;;;;;;;;;;;;;;;;;;;;;;;;;;;;;
3;10;2026;110130;01030100;13;13601;37;0;3;30;7;0;0;0;1;37;37;0;0;0;0;21;15;1;36;1;36;30;35;0;0;5;0;0;0;0;;;;;;;;;;;;;;;;;;;;
3;10;2026;110130;29101714;13;13601;1;0;0;1;0;0;0;0;0;1;1;0;0;0;0;1;0;0;0;0;0;0;1;0;0;0;0;0;0;0;;;;;;;;;;;;;;;;;;;;
3;10;2026;110130;01030300;13;13601;15;0;1;10;4;0;0;0;0;15;14;0;0;1;0;0;0;0;0;0;0;4;15;0;0;2;0;0;0;0;;;;;;;;;;;;;;;;;;;;
3;10;2026;110130;24090700;13;13601;37;0;2;25;3;0;0;0;0;37;37;0;0;0;0;11;3;3;34;3;34;11;35;0;0;5;0;0;0;0;;;;;;;;;;;;;;;;;;;;
1;10;2026;110130;29101728;13;13601;1;0;1;0;;;;;;;;;;;;;;;;;;;;;;;;;;;;;;;;;;;;;;;;;;;;;;
2;10;2026;110130;29101728;13;13601;31;0;5;26;;;;;;;;;;;;;;;;;;;;;;;;;;;;;;;;;;;;;;;;;;;;;;
5;10;2026;110130;29101728;13;13601;44;;2;42;;;;;;;;;;;;;;;;;;;;;;;;;;;;;;;;;;;;;;;;;;;;;;
5;10;2026;110130;29101729;13;13601;1;;1;0;;;;;;;;;;;;;;;;;;;;;;;;;;;;;;;;;;;;;;;;;;;;;;
5;10;2026;110130;01030100;13;13601;45;1;1;35;7;0;0;0;1;45;43;0;0;0;0;14;36;1;44;1;41;31;42;0;0;6;0;0;0;0;;;;;;;;;;;;;;;;;;;;
5;10;2026;110130;29101714;13;13601;1;0;0;1;0;0;0;0;0;1;1;0;0;0;0;0;1;0;1;0;1;1;1;0;0;0;0;0;0;0;;;;;;;;;;;;;;;;;;;;
5;10;2026;110130;01030300;13;13601;13;0;0;8;5;0;0;0;0;13;12;0;0;1;0;1;11;1;12;1;11;5;13;0;0;4;0;0;0;0;;;;;;;;;;;;;;;;;;;;
5;10;2026;110130;24090700;13;13601;22;0;1;15;6;0;0;1;3;22;22;0;0;0;0;4;17;3;19;3;18;4;20;0;0;5;0;0;0;0;;;;;;;;;;;;;;;;;;;;
6;10;2026;110140;29101718;13;13605;1;;;1;;;;;;;;;;;;;1;;1;;;0;1;0;0;0;0;0;0;0;;;;;;;;;;;;;;;;;;;;
6;10;2026;110140;29101728;13;13605;5;;1;4;;;;;;;;;;;;;;;;;;;;;;;;;;;;;;;;;;;;;;;;;;;;;;
6;10;2026;110140;29101742;13;13605;1;;;;;;;;;;;;;;;;;;;;;;;;;;;;;;;;;;;;;;;;;;;;;;;;;
6;10;2026;110140;01030100;13;13605;6;;;3;3;;;;1;6;;3;;;;6;5;;5;;;5;5;0;0;1;0;0;0;0;;;;;;;;;;;;;;;;;;;;
6;10;2026;110140;01030300;13;13605;1;;;1;;;;;;1;1;;;;;;1;;1;;;0;1;0;0;0;0;0;0;0;;;;;;;;;;;;;;;;;;;;
4;10;2026;110140;29101715;13;13605;2;;;;;;;;;;;;;;;;;;;;;;;;0;0;0;0;0;0;;;;;;;;;;;;;;;;;;;;
4;10;2026;110140;29101742;13;13605;3;1;;;;;;;;;;;;;;;;;;;;;;;;;;;;;;;;;;;;;;;;;;;;;;;;
4;10;2026;110140;01030100;13;13605;4;;1;3;;;;;1;6;;1;;;4;6;6;;5;;;3;6;0;0;0;0;0;0;0;;;;;;;;;;;;;;;;;;;;
4;10;2026;110140;01030300;13;13605;3;;;3;;;;;;3;3;;;;;;3;;1;;2;1;3;0;0;1;0;0;0;0;;;;;;;;;;;;;;;;;;;;
4;10;2026;110140;24090700;13;13605;1;;;1;;;;;;1;1;;;;;;1;;;;1;0;1;0;0;0;0;0;0;0;;;;;;;;;;;;;;;;;;;;
3;10;2026;110140;29101742;13;13605;3;;;;;;;;;;;;;;;;;;;;;;;;;;;;;;;;;;;;;;;;;;;;;;;;;
3;10;2026;110140;01030100;13;13605;4;;;4;;;;;;4;1;1;;;2;0;4;;4;;3;2;4;;0;0;0;0;0;0;;;;;;;;;;;;;;;;;;;;
3;10;2026;110140;01030300;13;13605;3;;;2;1;;;;;3;3;;;;;;3;;3;;2;;3;;0;2;0;0;0;0;;;;;;;;;;;;;;;;;;;;
3;10;2026;110140;29101728;13;13605;4;;;4;;;;;;;;;;;;;;;;;;;;;;;;;;;;;;;;;;;;;;;;;;;;;;
2;10;2026;110140;29101728;13;13605;2;;;2;;;;;;;;;;;;;;;;;;;;;;;;;;;;;;;;;;;;;;;;;;;;;;
1;10;2026;110140;29101742;13;13605;2;;;;;;;;;;;;;;;;;;;;;;;;;;;;;;;;;;;;;;;;;;;;;;;;;
1;10;2026;110140;01030300;13;13605;2;;;1;1;;;;;2;2;;;;;;2;;1;;;2;2;0;0;0;0;0;0;0;;;;;;;;;;;;;;;;;;;;
2;10;2026;110140;01030100;13;13605;2;;;2;;;;;;2;;1;;;2;2;2;;2;;;1;2;0;0;1;0;0;0;0;;;;;;;;;;;;;;;;;;;;
5;10;2026;110140;01030300;13;13605;1;;;1;;;;;;1;1;;;;;;1;;1;;;1;1;0;0;0;0;0;0;0;;;;;;;;;;;;;;;;;;;;
5;10;2026;110140;29101728;13;13605;2;;;2;;;;;;;;;;;;;;;;;;;;;;;;;;;;;;;;;;;;;;;;;;;;;;
5;10;2026;110140;01030100;13;13605;2;;;2;;;;;;2;1;;;;2;2;2;;2;;;2;2;0;0;0;0;0;0;0;;;;;;;;;;;;;;;;;;;;
2;20;2026;120101;29101728;8;8301;85;0;20;65;;;;;;;;;;;;;;;;;;;;;;;;;;;;;;;;;;;;;;;;;;;;;;
2;20;2026;120101;29101742;8;8301;23;53;;;;;;;;;;;;;;;;;;;;;;;;;;;;;;;;;;;;;;;;;;;;;;;;
2;20;2026;120101;01030100;8;8301;87;0;3;65;19;;0;1;7;83;48;;;0;62;73;70;1;82;0;0;77;84;1;2;2;0;0;0;0;;;;;;;;;;;;;;;;;;;;
2;20;2026;120101;29101714;8;8301;1;0;0;1;0;;0;0;0;0;1;;;0;0;1;0;0;1;0;0;0;0;0;0;0;0;0;0;0;;;;;;;;;;;;;;;;;;;;
2;20;2026;120101;01030300;8;8301;22;0;1;12;9;;0;0;3;0;22;;;1;0;1;16;1;19;0;3;14;15;0;0;0;0;0;0;0;;;;;;;;;;;;;;;;;;;;
2;20;2026;120101;24090700;8;8301;66;0;2;49;15;;1;2;17;0;61;;;2;0;24;43;5;56;0;4;58;52;0;0;3;0;0;0;0;;;;;;;;;;;;;;;;;;;;
4;20;2026;120101;29101728;8;8301;97;1;17;79;;;;;;;;;;;;;;;;;;;;;;;;;;;;;;;;;;;;;;;;;;;;;;
4;20;2026;120101;29101742;8;8301;29;48;;;;;;;;;;;;;;;;;;;;;;;;;;;;;;;;;;;;;;;;;;;;;;;;
4;20;2026;120101;01030100;8;8301;104;0;9;80;15;0;1;1;9;104;62;;2;;67;87;88;2;93;1;28;93;98;3;10;4;0;0;0;0;;;;;;;;;;;;;;;;;;;;
4;20;2026;120101;29101714;8;8301;1;0;0;1;0;0;0;0;0;1;0;;0;;0;1;1;0;1;0;1;1;1;0;0;0;0;0;0;0;;;;;;;;;;;;;;;;;;;;
4;20;2026;120101;01030300;8;8301;26;0;0;15;11;0;0;0;4;26;25;;0;;0;1;19;1;23;1;22;20;23;0;0;1;0;0;0;0;;;;;;;;;;;;;;;;;;;;
4;20;2026;120101;24090700;8;8301;52;0;2;34;16;1;0;6;5;52;52;;1;;0;14;30;2;41;1;29;43;49;0;3;1;0;0;0;0;;;;;;;;;;;;;;;;;;;;
3;20;2026;120105;29101728;8;8304;1;;;1;;;;;;;;;;;;;;;;;;;;;;;;;;;;;;;;;;;;;;;;;;;;;;
3;20;2026;120105;01030100;8;8304;1;;;1;;;;;;1;;1;;;1;1;1;;1;;;1;1;0;0;0;0;0;0;0;;;;;;;;;;;;;;;;;;;;
5;20;2026;120105;29101729;8;8304;1;;;1;;;;;;;;;;;;;;;;;;;;;;;;;;;;;;;;;;;;;;;;;;;;;;
5;20;2026;120105;01030100;8;8304;1;;;1;;;;;;;;;;;;;1;;1;;1;1;1;;0;0;0;0;0;0;;;;;;;;;;;;;;;;;;;;
5;20;2026;120102;29101715;8;8305;1;;;1;;;;;1;;;;;;;;1;;1;;;1;;;0;0;0;0;0;0;;;;;;;;;;;;;;;;;;;;
5;20;2026;120102;29101729;8;8305;1;;1;;;;;;;;;;;;;;;;;;;;;;;;;;;;;;;;;;;;;;;;;;;;;;;
5;20;2026;120102;01030100;8;8305;1;;;1;;;;;1;0;0;;;;;;1;;1;0;;1;0;0;0;0;0;0;0;0;;;;;;;;;;;;;;;;;;;;
1;20;2026;120102;29101729;8;8305;1;;;1;;;;;;;;;;;;;;;;;;;;;;;;;;;;;;;;;;;;;;;;;;;;;;
1;20;2026;120102;29101716;8;8305;1;;;1;;;;;;1;;;;;;;1;;1;;1;1;0;0;0;0;0;0;0;0;;;;;;;;;;;;;;;;;;;;
1;20;2026;120102;29101718;8;8305;1;;;1;;;;;;1;;;;;;;1;;1;;1;1;;;0;0;0;0;0;0;;;;;;;;;;;;;;;;;;;;
1;20;2026;120102;29101728;8;8305;1;;;1;;;;;;;;;;;;;;;;;;;;;;;;;;;;;;;;;;;;;;;;;;;;;;
6;20;2026;120106;29101716;8;8311;1;;;;1;;;;;;;;;;;;;;;;;;;;1;0;0;0;0;0;;;;;;;;;;;;;;;;;;;;
2;20;2026;120106;29101728;8;8311;1;;;1;;;;;;;;;;;;;;;;;;;;;;;;;;;;;;;;;;;;;;;;;;;;;;
2;20;2026;120106;01030100;8;8311;1;;;;1;;;;;;;;;;;;;;1;;1;1;1;0;1;0;0;0;0;0;;;;;;;;;;;;;;;;;;;;
3;20;2026;120106;29101728;8;8311;1;;;1;;;;;;;;;;;;;;;;;;;;;;;;;;;;;;;;;;;;;;;;;;;;;;
3;20;2026;120106;01030100;8;8311;1;;;;1;;;;;;;;;;1;;1;;1;;;1;1;1;1;0;0;0;0;0;;;;;;;;;;;;;;;;;;;;
4;20;2026;120106;29101718;8;8311;1;;;1;;;;;;;;;;;;;;;;;;1;1;;1;0;0;0;0;0;;;;;;;;;;;;;;;;;;;;
5;22;2026;122100;29101742;14;14101;7;33;;;;;;;;;;;;;;;;;;;;;;;;;;;;;;;;;;;;;;;;;;;;;;;;
5;22;2026;122100;01030100;14;14101;82;;7;61;14;;;;10;82;71;;1;;35;53;67;1;63;;;63;66;2;16;3;0;0;0;0;;;;;;;;;;;;;;;;;;;;
5;22;2026;122100;29101714;14;14101;4;;1;3;;;;;;4;4;;;;3;3;2;;1;;;3;3;;2;0;0;0;0;0;;;;;;;;;;;;;;;;;;;;
5;22;2026;122100;01030300;14;14101;10;;;5;5;;;;1;6;7;;;1;;;5;;3;;;6;10;;3;0;0;0;0;0;;;;;;;;;;;;;;;;;;;;
5;22;2026;122100;24090700;14;14101;49;;1;37;11;1;;2;7;49;50;;;1;;16;28;2;11;;1;22;14;1;9;2;0;0;0;0;;;;;;;;;;;;;;;;;;;;
2;19;2026;119101;01030100;8;8111;1;0;0;1;0;0;0;0;0;1;0;1;0;0;1;1;0;0;0;0;0;1;1;0;0;0;0;0;0;0;;;;;;;;;;;;;;;;;;;;
2;19;2026;119100;29101728;8;8110;74;1;25;48;;;;;;;;;;;;;;;;;;;;;;;;;;;;;;;;;;;;;;;;;;;;;;
2;19;2026;119100;29101729;8;8110;1;0;1;0;;;;;;;;;;;;;;;;;;;;;;;;;;;;;;;;;;;;;;;;;;;;;;
2;19;2026;119100;29101742;8;8110;12;28;;;;;;;;;;;;;;;;;;;;;;;;;;;;;;;;;;;;;;;;;;;;;;;;
2;19;2026;119100;01030100;8;8110;75;0;2;59;14;0;1;2;10;75;66;31;15;0;20;54;65;5;58;0;2;57;11;0;5;4;0;0;0;0;;;;;;;;;;;;;;;;;;;;
2;19;2026;119100;29101714;8;8110;2;0;0;2;0;0;0;0;0;2;2;0;2;0;2;2;2;0;2;0;0;2;0;0;0;0;0;0;0;0;;;;;;;;;;;;;;;;;;;;
2;19;2026;119100;01030300;8;8110;13;0;0;6;7;0;0;0;0;0;13;0;0;1;0;0;6;0;7;0;0;4;2;0;0;0;0;0;0;0;;;;;;;;;;;;;;;;;;;;
2;19;2026;119100;24090700;8;8110;30;0;1;23;6;0;0;1;4;0;28;12;13;3;0;18;10;0;11;0;7;10;2;0;3;4;0;0;0;0;;;;;;;;;;;;;;;;;;;;
1;19;2026;119100;29101728;8;8110;72;0;15;57;;;;;;;;;;;;;;;;;;;;;;;;;;;;;;;;;;;;;;;;;;;;;;
1;19;2026;119100;29101742;8;8110;14;43;;;;;;;;;;;;;;;;;;;;;;;;;;;;;;;;;;;;;;;;;;;;;;;;
1;19;2026;119100;01030100;8;8110;74;0;2;56;16;0;0;0;8;68;61;43;17;0;20;57;68;2;60;1;0;64;70;1;9;7;0;0;0;0;;;;;;;;;;;;;;;;;;;;
1;19;2026;119100;29101714;8;8110;3;0;1;0;2;0;0;0;0;1;3;2;1;0;0;3;1;0;2;0;0;1;1;0;0;0;0;0;0;0;;;;;;;;;;;;;;;;;;;;
1;19;2026;119100;01030300;8;8110;15;0;0;11;4;0;0;0;2;8;15;0;0;0;0;0;8;0;10;1;0;7;10;0;0;3;0;0;0;0;;;;;;;;;;;;;;;;;;;;
1;19;2026;119100;24090700;8;8110;51;0;1;41;9;0;0;5;13;25;49;9;12;3;0;15;25;3;19;2;9;22;42;0;2;7;0;0;0;0;;;;;;;;;;;;;;;;;;;;
5;19;2026;119101;29101728;8;8111;1;0;0;1;;;;;;;;;;;;;;;;;;;;;;;;;;;;;;;;;;;;;;;;;;;;;;
5;19;2026;119101;01030100;8;8111;1;0;0;1;0;0;0;0;0;1;0;1;0;0;1;1;0;0;1;0;0;1;1;0;0;0;0;0;0;0;;;;;;;;;;;;;;;;;;;;
5;18;2026;118100;29101728;8;8101;83;0;19;64;;;;;;;;;;;;;;;;;;;;;;;;;;;;;;;;;;;;;;;;;;;;;;
5;18;2026;118100;29101729;8;8101;2;0;1;1;;;;;;;;;;;;;;;;;;;;;;;;;;;;;;;;;;;;;;;;;;;;;;
5;18;2026;118100;29101742;8;8101;18;49;;;;;;;;;;;;;;;;;;;;;;;;;;;;;;;;;;;;;;;;;;;;;;;;
4;18;2026;118106;29101728;8;8106;1;0;0;1;;;;;;;;;;;;;;;;;;;;;;;;;;;;;;;;;;;;;;;;;;;;;;
4;18;2026;118106;29101742;8;8106;3;0;;;;;;;;;;;;;;;;;;;;;;;;;;;;;;;;;;;;;;;;;;;;;;;;
4;18;2026;118106;01030100;8;8106;1;0;0;1;0;0;0;0;0;0;0;0;0;0;0;1;1;0;1;0;0;1;1;0;0;0;0;0;0;0;;;;;;;;;;;;;;;;;;;;
4;18;2026;118106;01030300;8;8106;3;0;0;3;0;0;0;0;0;0;3;0;0;0;0;0;0;0;3;0;0;2;3;0;0;0;0;0;0;0;;;;;;;;;;;;;;;;;;;;
4;18;2026;118106;24090700;8;8106;0;0;0;0;1;0;0;0;0;0;1;0;0;0;0;0;0;0;1;0;0;0;0;0;0;0;0;0;0;0;;;;;;;;;;;;;;;;;;;;
4;18;2026;118100;29101728;8;8101;71;0;22;49;;;;;;;;;;;;;;;;;;;;;;;;;;;;;;;;;;;;;;;;;;;;;;
4;18;2026;118100;29101729;8;8101;3;0;3;0;;;;;;;;;;;;;;;;;;;;;;;;;;;;;;;;;;;;;;;;;;;;;;
5;18;2026;118100;01030100;8;8101;90;0;7;67;16;0;1;4;14;75;69;17;1;0;33;62;73;3;72;0;3;61;67;0;0;21;0;0;0;0;;;;;;;;;;;;;;;;;;;;
5;18;2026;118100;29101714;8;8101;1;0;0;1;0;0;0;0;0;0;1;0;0;0;0;0;0;0;0;0;0;0;0;0;0;0;0;0;0;0;;;;;;;;;;;;;;;;;;;;
5;18;2026;118100;01030300;8;8101;13;0;0;8;5;0;0;0;3;17;13;0;0;0;0;0;0;0;6;0;8;10;14;0;0;2;0;0;0;0;;;;;;;;;;;;;;;;;;;;
5;18;2026;118100;24090700;8;8101;60;1;2;45;12;0;2;3;12;51;62;0;0;0;0;0;0;0;17;2;29;19;33;1;1;6;0;0;0;0;;;;;;;;;;;;;;;;;;;;
4;18;2026;118100;29101742;8;8101;17;56;;;;;;;;;;;;;;;;;;;;;;;;;;;;;;;;;;;;;;;;;;;;;;;;
4;18;2026;118100;01030100;8;8101;80;0;6;60;14;0;0;5;12;63;58;9;1;0;35;44;47;4;58;1;8;45;60;0;3;5;0;0;0;0;;;;;;;;;;;;;;;;;;;;
2;11;2026;111101;29101728;13;13119;97;;15;82;;;;;;;;;;;;;;;;;;;;;;;;;;;;;;;;;;;;;;;;;;;;;;
2;11;2026;111101;29101742;13;13119;36;42;;;;;;;;;;;;;;;;;;;;;;;;;;;;;;;;;;;;;;;;;;;;;;;;
2;11;2026;111101;01030100;13;13119;95;;6;72;174;;;;7;81;89;;;;3;86;;3;87;;2;86;86;;1;22;0;0;0;0;;;;;;;;;;;;;;;;;;;;
2;11;2026;111101;29101714;13;13119;3;;;3;;;;;;3;3;;;;;3;;;2;;1;3;3;;0;1;0;0;0;0;;;;;;;;;;;;;;;;;;;;
2;11;2026;111101;01030300;13;13119;36;;;24;12;;;;2;12;36;;;;;;;1;29;;1;32;31;;0;9;0;0;0;0;;;;;;;;;;;;;;;;;;;;
2;11;2026;111101;24090700;13;13119;43;;2;36;5;;1;2;8;16;39;;;4;;11;;;23;;3;22;28;;0;10;0;0;0;0;;;;;;;;;;;;;;;;;;;;
2;11;2026;111100;29101742;13;13101;14;79;;;;;;;;;;;;;;;;;;;;;;;;;;;;;;;;;;;;;;;;;;;;;;;;
3;11;2026;111100;29101718;13;13101;1;;;1;;;;;1;;;;;;;;;;;;;;;;0;1;0;0;0;0;;;;;;;;;;;;;;;;;;;;
3;11;2026;111100;29101728;13;13101;134;;34;100;;;;;;;;;;;;;;;;;;;;;;;;;;;;;;;;;;;;;;;;;;;;;;
3;11;2026;111100;29101742;13;13101;13;77;;;;;;;;;;;;;;;;;;;;;;;;;;;;;;;;;;;;;;;;;;;;;;;;
4;11;2026;111100;29101718;13;13101;1;0;0;1;0;0;0;0;1;;;;;;;;;;;;;;;;0;0;0;0;0;0;;;;;;;;;;;;;;;;;;;;
4;11;2026;111100;29101728;13;13101;124;0;18;106;;;;;;;;;;;;;;;;;;;;;;;;;;;;;;;;;;;;;;;;;;;;;;
4;11;2026;111100;29101742;13;13101;17;75;;;;;;;;;;;;;;;;;;;;;;;;;;;;;;;;;;;;;;;;;;;;;;;;
4;11;2026;111100;01030100;13;13101;132;0;7;102;23;0;1;0;131;;122;0;0;0;4;81;;1;98;0;22;93;131;;2;105;0;0;0;0;;;;;;;;;;;;;;;;;;;;
4;11;2026;111100;29101714;13;13101;7;0;1;4;2;0;0;0;7;;7;0;0;0;0;3;;0;2;0;2;2;5;;0;3;0;0;0;0;;;;;;;;;;;;;;;;;;;;
4;11;2026;111100;01030300;13;13101;17;0;1;10;6;0;0;0;17;;17;0;0;0;0;0;;0;3;2;6;2;7;;0;14;0;0;0;0;;;;;;;;;;;;;;;;;;;;
4;11;2026;111100;24090700;13;13101;78;0;2;57;19;0;0;3;75;;74;0;0;4;0;36;;0;9;10;36;8;70;;1;62;0;0;0;0;;;;;;;;;;;;;;;;;;;;
4;11;2026;111101;29101728;13;13119;97;;19;78;;;;;;;;;;;;;;;;;;;;;;;;;;;;;;;;;;;;;;;;;;;;;;
4;11;2026;111101;29101742;13;13119;29;35;;;;;;;;;;;;;;;;;;;;;;;;;;;;;;;;;;;;;;;;;;;;;;;;
4;11;2026;111101;01030100;13;13119;102;;10;76;16;;;;10;92;95;;;;;90;;4;87;;;84;97;;4;20;0;0;0;0;;;;;;;;;;;;;;;;;;;;
4;11;2026;111101;01030300;13;13119;29;;;20;9;;;;2;5;29;;;;;;;;20;1;;24;25;;0;9;0;0;0;0;;;;;;;;;;;;;;;;;;;;
4;11;2026;111101;24090700;13;13119;37;;3;23;11;;1;1;5;10;33;;;4;;8;;;19;;;19;29;;0;10;0;0;0;0;;;;;;;;;;;;;;;;;;;;
6;11;2026;111101;29101715;13;13119;1;;;0;1;;;0;0;0;0;;;;0;0;;0;0;0;0;0;0;;0;0;0;0;0;0;;;;;;;;;;;;;;;;;;;;
6;11;2026;111101;29101716;13;13119;2;;;2;0;;;0;0;1;1;;;;1;0;;0;1;0;0;0;0;;0;0;0;0;0;0;;;;;;;;;;;;;;;;;;;;
6;11;2026;111101;29101717;13;13119;2;;;2;0;;;0;0;1;1;;;;1;0;;;;;;;;;0;0;0;0;0;0;;;;;;;;;;;;;;;;;;;;
6;11;2026;111101;29101728;13;13119;97;1;25;71;;;;;;;;;;;;;;;;;;;;;;;;;;;;;;;;;;;;;;;;;;;;;;
6;11;2026;111101;01030100;13;13119;99;;6;75;18;;1;2;10;86;92;;;;4;89;;1;80;0;34;74;90;;2;30;0;0;0;0;;;;;;;;;;;;;;;;;;;;
6;11;2026;111101;29101714;13;13119;2;;0;1;1;;;0;0;2;2;;;;0;2;;0;2;0;0;2;2;;0;1;0;0;0;0;;;;;;;;;;;;;;;;;;;;
6;11;2026;111101;01030300;13;13119;28;;0;20;8;;;0;0;4;28;;;;0;0;;0;22;0;10;24;25;;0;4;0;0;0;0;;;;;;;;;;;;;;;;;;;;
6;11;2026;111101;24090700;13;13119;51;;3;38;10;;;2;9;10;46;;;;0;17;;1;26;1;16;30;32;;0;14;0;0;0;0;;;;;;;;;;;;;;;;;;;;
5;11;2026;111100;29101715;13;13101;1;0;0;0;1;0;0;0;0;;;;;;;;;;;;;;;;0;0;0;0;0;0;;;;;;;;;;;;;;;;;;;;
5;11;2026;111100;29101718;13;13101;2;0;0;1;1;0;0;0;0;;;;;;;;;;;;;;;;0;0;0;0;0;0;;;;;;;;;;;;;;;;;;;;
5;11;2026;111100;29101728;13;13101;145;0;25;120;;;;;;;;;;;;;;;;;;;;;;;;;;;;;;;;;;;;;;;;;;;;;;
5;11;2026;111100;29101742;13;13101;12;90;;;;;;;;;;;;;;;;;;;;;;;;;;;;;;;;;;;;;;;;;;;;;;;;
5;11;2026;111100;01030100;13;13101;151;1;10;118;22;0;0;2;10;;142;0;0;0;1;78;;1;115;0;19;87;142;;1;112;0;0;0;0;;;;;;;;;;;;;;;;;;;;
5;11;2026;111100;29101714;13;13101;5;0;0;4;1;0;0;0;0;;5;0;0;0;0;3;;0;1;0;1;0;2;;0;4;0;0;0;0;;;;;;;;;;;;;;;;;;;;
5;11;2026;111100;01030300;13;13101;12;0;1;4;7;0;1;0;0;;12;0;0;0;0;0;;0;0;0;2;1;1;;0;11;0;0;0;0;;;;;;;;;;;;;;;;;;;;
5;11;2026;111100;24090700;13;13101;98;0;4;72;22;0;1;3;17;;89;0;0;9;0;30;;0;5;3;60;3;89;;1;74;0;0;0;0;;;;;;;;;;;;;;;;;;;;
5;11;2026;111101;29101715;13;13119;1;0;1;0;0;0;0;0;0;0;0;0;0;0;0;0;0;0;0;0;0;0;0;0;0;0;0;0;0;0;;;;;;;;;;;;;;;;;;;;
5;11;2026;111101;29101716;13;13119;1;0;0;1;0;0;0;0;1;0;0;0;0;0;0;0;1;0;1;0;0;0;0;0;0;0;0;0;0;0;;;;;;;;;;;;;;;;;;;;
5;11;2026;111101;29101717;13;13119;1;0;0;1;0;0;0;0;1;0;0;0;0;0;0;0;;;;;;;;0;0;0;0;0;0;0;;;;;;;;;;;;;;;;;;;;
5;11;2026;111101;29101728;13;13119;121;1;27;93;;;;;;;;;;;;;;;;;;;;;;;;;;;;;;;;;;;;;;;;;;;;;;
5;11;2026;111101;29101742;13;13119;30;46;;;;;;;;;;;;;;;;;;;;;;;;;;;;;;;;;;;;;;;;;;;;;;;;
5;11;2026;111101;01030100;13;13119;122;0;9;90;23;1;0;0;12;107;108;0;0;0;7;102;0;4;101;0;2;99;109;0;3;28;0;0;0;0;;;;;;;;;;;;;;;;;;;;
5;11;2026;111101;29101714;13;13119;2;0;1;0;1;0;0;0;1;2;2;0;0;0;0;1;0;0;0;0;1;0;1;0;0;1;0;0;0;0;;;;;;;;;;;;;;;;;;;;
5;11;2026;111101;01030300;13;13119;30;0;0;18;12;0;0;0;0;7;30;0;0;0;0;0;0;0;23;0;1;24;29;0;0;3;0;0;0;0;;;;;;;;;;;;;;;;;;;;
5;11;2026;111101;24090700;13;13119;47;0;1;33;13;0;0;2;6;12;40;0;0;7;0;9;0;2;22;0;3;28;35;0;0;8;0;0;0;0;;;;;;;;;;;;;;;;;;;;
1;11;2026;111100;29101718;13;13101;1;;;;;;;;;;;;;;;;;;;;;;;;0;0;0;0;0;0;;;;;;;;;;;;;;;;;;;;
1;11;2026;111100;29101728;13;13101;151;;31;120;;;;;;;;;;;;;;;;;;;;;;;;;;;;;;;;;;;;;;;;;;;;;;
1;11;2026;111100;29101742;13;13101;8;81;;;;;;;;;;;;;;;;;;;;;;;;;;;;;;;;;;;;;;;;;;;;;;;;
1;11;2026;111100;01030100;13;13101;169;;18;124;27;;1;;15;;156;;;;5;82;;11;127;0;18;101;162;;7;134;0;0;0;0;;;;;;;;;;;;;;;;;;;;
1;11;2026;111100;29101714;13;13101;4;;1;3;;;;;;;4;;;;;3;;0;1;0;1;1;1;;0;4;0;0;0;0;;;;;;;;;;;;;;;;;;;;
1;11;2026;111100;01030300;13;13101;9;;;6;3;;;;;;9;;;;;0;;0;3;0;4;2;7;;0;8;0;0;0;0;;;;;;;;;;;;;;;;;;;;
1;11;2026;111100;24090700;13;13101;86;;2;63;21;;;2;15;;79;;;9;;31;;1;11;5;42;15;76;;1;77;0;0;0;0;;;;;;;;;;;;;;;;;;;;
6;11;2026;111100;29101715;13;13101;1;0;0;0;1;0;1;0;0;;;;;;;;;;;;;;;;0;1;0;0;0;0;;;;;;;;;;;;;;;;;;;;
6;11;2026;111100;29101728;13;13101;136;0;19;117;;;;;;;;;;;;;;;;;;;;;;;;;;;;;;;;;;;;;;;;;;;;;;
6;11;2026;111100;29101742;13;13101;11;73;;;;;;;;;;;;;;;;;;;;;;;;;;;;;;;;;;;;;;;;;;;;;;;;
6;11;2026;111100;01030100;13;13101;141;0;11;113;17;0;1;2;8;;132;0;0;0;3;74;;4;99;0;17;89;83;;3;113;0;0;0;0;;;;;;;;;;;;;;;;;;;;
6;11;2026;111100;29101714;13;13101;4;0;0;3;1;0;0;0;0;;4;0;0;0;0;1;;0;1;0;1;1;3;;0;3;0;0;0;0;;;;;;;;;;;;;;;;;;;;
6;11;2026;111100;01030300;13;13101;13;0;0;8;5;0;0;0;0;;13;0;0;0;0;0;;2;11;0;1;1;20;;0;9;0;0;0;0;;;;;;;;;;;;;;;;;;;;
6;11;2026;111100;24090700;13;13101;82;0;5;56;21;0;1;2;78;;75;0;0;7;0;33;;0;17;1;40;4;40;;0;58;0;0;0;0;;;;;;;;;;;;;;;;;;;;
4;13;2026;113100;29101728;13;13130;93;4;20;69;;;;;;;;;;;;;;;;;;;;;;;;;;;;;;;;;;;;;;;;;;;;;;
4;13;2026;113100;29101729;13;13130;3;0;1;2;;;;;;;;;;;;;;;;;;;;;;;;;;;;;;;;;;;;;;;;;;;;;;
3;13;2026;113100;29101742;13;13130;23;44;;;;;;;;;;;;;;;;;;;;;;;;;;;;;;;;;;;;;;;;;;;;;;;;
5;13;2026;113100;29101728;13;13130;126;2;37;87;;;;;;;;;;;;;;;;;;;;;;;;;;;;;;;;;;;;;;;;;;;;;;
3;13;2026;113100;29101718;13;13130;3;0;0;3;0;0;0;1;1;2;2;0;0;0;0;0;2;0;1;0;1;0;1;;3;1;2;2;0;0;;;;;;;;;;;;;;;;;;;;
3;13;2026;113100;29101728;13;13130;130;5;25;100;;;;;;;;;;;;;;;;;;;;;;;;;;;;;;;;;;;;;;;;;;;;;;
3;13;2026;113100;29101729;13;13130;12;0;6;6;;;;;;;;;;;;;;;;;;;;;;;;;;;;;;;;;;;;;;;;;;;;;;
3;13;2026;113100;01030100;13;13130;153;0;10;111;32;2;4;0;15;147;124;43;12;0;61;70;138;9;128;16;124;31;140;;152;61;139;138;0;0;;;;;;;;;;;;;;;;;;;;
3;13;2026;113100;29101714;13;13130;5;0;0;3;2;0;0;0;0;5;5;1;2;0;0;4;4;0;2;0;5;0;4;;5;3;4;4;0;0;;;;;;;;;;;;;;;;;;;;
3;13;2026;113100;01030300;13;13130;24;0;0;17;7;0;0;0;1;20;24;0;0;1;0;1;16;0;17;1;20;9;22;;24;16;23;24;0;0;;;;;;;;;;;;;;;;;;;;
3;13;2026;113100;24090700;13;13130;55;0;1;39;15;0;2;2;12;47;54;12;3;3;0;12;26;0;8;13;33;0;35;;54;27;49;49;0;0;;;;;;;;;;;;;;;;;;;;
5;13;2026;113100;29101729;13;13130;10;0;2;8;;;;;;;;;;;;;;;;;;;;;;;;;;;;;;;;;;;;;;;;;;;;;;
1;13;2026;113100;01030100;13;13130;116;0;10;91;15;0;4;1;7;115;94;32;18;0;43;59;104;2;102;7;105;66;104;0;116;50;0;1;0;0;;;;;;;;;;;;;;;;;;;;
1;13;2026;113100;29101714;13;13130;6;0;0;5;1;0;0;1;1;4;6;1;2;0;0;2;4;1;4;1;4;3;5;0;6;4;0;0;0;0;;;;;;;;;;;;;;;;;;;;
1;13;2026;113100;01030300;13;13130;20;0;1;11;8;0;0;1;1;19;20;0;0;0;0;1;12;1;17;3;17;15;18;0;20;14;0;0;0;0;;;;;;;;;;;;;;;;;;;;
1;13;2026;113100;29101718;13;13130;1;0;0;1;0;0;0;0;0;1;1;0;0;0;0;0;1;0;1;0;1;0;1;0;1;1;0;0;0;0;;;;;;;;;;;;;;;;;;;;
1;13;2026;113100;29101728;13;13130;112;4;25;83;;;;;;;;;;;;;;;;;;;;;;;;;;;;;;;;;;;;;;;;;;;;;;
1;13;2026;113100;29101729;13;13130;8;0;3;5;;;;;;;;;;;;;;;;;;;;;;;;;;;;;;;;;;;;;;;;;;;;;;
1;13;2026;113100;24090700;13;13130;53;0;1;43;9;0;1;6;7;39;51;11;9;3;0;23;33;4;29;11;35;25;33;0;52;20;0;0;0;0;;;;;;;;;;;;;;;;;;;;
4;13;2026;113100;29101742;13;13130;18;50;;;;;;;;;;;;;;;;;;;;;;;;;;;;;;;;;;;;;;;;;;;;;;;;
1;13;2026;113100;29101742;13;13130;20;46;;;;;;;;;;;;;;;;;;;;;;;;;;;;;;;;;;;;;;;;;;;;;;;;
2;13;2026;113100;29101728;13;13130;87;0;20;67;;;;;;;;;;;;;;;;;;;;;;;;;;;;;;;;;;;;;;;;;;;;;;
2;13;2026;113100;29101729;13;13130;7;0;2;5;;;;;;;;;;;;;;;;;;;;;;;;;;;;;;;;;;;;;;;;;;;;;;
2;13;2026;113100;29101742;13;13130;10;54;;;;;;;;;;;;;;;;;;;;;;;;;;;;;;;;;;;;;;;;;;;;;;;;
2;13;2026;113100;01030100;13;13130;97;0;5;74;18;0;1;3;10;95;78;33;9;0;35;52;83;8;77;10;81;55;85;0;97;44;0;0;0;0;;;;;;;;;;;;;;;;;;;;
2;13;2026;113100;29101714;13;13130;3;0;0;3;0;0;0;0;0;3;3;2;1;0;1;3;2;0;3;0;3;0;3;0;3;1;0;0;0;0;;;;;;;;;;;;;;;;;;;;
2;13;2026;113100;01030300;13;13130;15;0;0;10;5;0;0;0;1;14;14;0;0;2;0;0;11;0;12;1;13;12;12;0;15;10;1;0;0;0;;;;;;;;;;;;;;;;;;;;
2;13;2026;113100;24090700;13;13130;62;0;0;51;11;1;1;3;9;44;62;16;9;0;0;27;37;0;35;5;49;29;35;0;62;32;0;0;0;0;;;;;;;;;;;;;;;;;;;;
5;13;2026;113100;01030100;13;13130;136;3;11;101;21;2;1;1;15;130;113;39;11;0;66;70;119;10;112;12;118;57;122;0;3;66;0;0;0;0;;;;;;;;;;;;;;;;;;;;
5;13;2026;113100;29101714;13;13130;4;0;0;2;2;0;0;0;0;4;4;1;0;0;0;2;2;0;2;0;4;2;2;0;0;1;0;0;0;0;;;;;;;;;;;;;;;;;;;;
5;13;2026;113100;01030300;13;13130;16;0;0;9;7;0;0;3;2;13;16;0;0;0;0;0;11;1;9;4;11;5;10;0;0;6;0;0;0;0;;;;;;;;;;;;;;;;;;;;
5;13;2026;113100;24090700;13;13130;67;0;0;49;18;1;6;2;17;52;67;16;7;4;0;23;33;3;31;11;40;22;34;0;0;34;0;0;0;0;;;;;;;;;;;;;;;;;;;;
4;13;2026;113100;29101714;13;13130;1;0;0;1;0;0;0;0;0;1;1;0;0;0;0;0;1;0;1;0;1;0;17;0;0;0;0;0;0;0;;;;;;;;;;;;;;;;;;;;
4;13;2026;113100;01030300;13;13130;19;0;0;9;10;0;0;0;0;12;19;0;0;0;0;0;10;3;1;1;17;16;4;0;1;11;0;0;0;0;;;;;;;;;;;;;;;;;;;;
4;13;2026;113100;24090700;13;13130;60;0;2;42;16;0;0;6;11;44;58;11;6;4;0;23;40;0;37;12;39;35;37;0;3;29;0;0;0;0;;;;;;;;;;;;;;;;;;;;
4;13;2026;113100;01030100;13;13130;99;1;5;75;18;1;4;0;8;94;86;26;13;0;47;85;88;10;79;15;80;52;89;0;2;36;0;0;0;0;;;;;;;;;;;;;;;;;;;;
4;13;2026;113100;29101718;13;13130;2;0;0;2;0;0;0;0;0;1;1;0;0;0;0;0;2;0;1;0;1;1;1;0;0;0;0;0;0;0;;;;;;;;;;;;;;;;;;;;
6;13;2026;113100;29101718;13;13130;4;0;0;3;1;0;1;0;1;3;0;0;0;0;1;0;4;0;3;;3;1;3;0;0;3;0;0;0;0;;;;;;;;;;;;;;;;;;;;
6;13;2026;113100;29101728;13;13130;105;1;25;79;;;;;;;;;;;;;;;;;;;;;;;;;;;;;;;;;;;;;;;;;;;;;;
6;13;2026;113100;29101729;13;13130;5;0;2;3;;;;;;;;;;;;;;;;;;;;;;;;;;;;;;;;;;;;;;;;;;;;;;
6;13;2026;113100;29101742;13;13130;17;48;;;;;;;;;;;;;;;;;;;;;;;;;;;;;;;;;;;;;;;;;;;;;;;;
6;13;2026;113100;01030100;13;13130;113;0;8;82;23;0;3;0;15;110;93;30;10;0;47;59;97;6;92;10;96;64;98;0;0;43;0;0;0;0;;;;;;;;;;;;;;;;;;;;
6;13;2026;113100;29101714;13;13130;1;0;0;0;1;0;0;0;0;1;1;0;0;0;0;1;1;0;1;0;1;0;1;0;0;0;0;0;0;0;;;;;;;;;;;;;;;;;;;;
6;13;2026;113100;01030300;13;13130;20;0;0;12;8;0;1;0;1;17;20;0;0;2;0;0;12;2;17;3;17;14;19;0;0;11;0;0;0;0;;;;;;;;;;;;;;;;;;;;
6;13;2026;113100;24090700;13;13130;58;0;3;41;14;0;0;3;13;49;56;12;6;4;0;24;28;6;34;10;34;29;40;0;0;30;0;0;0;0;;;;;;;;;;;;;;;;;;;;
1;13;2026;113180;29101715;13;13401;1;0;0;1;0;0;0;0;0;1;1;0;1;1;1;1;0;1;1;1;1;1;0;0;0;0;0;0;0;0;;;;;;;;;;;;;;;;;;;;
1;13;2026;113180;29101716;13;13401;1;0;0;1;0;0;0;0;0;0;0;0;0;0;0;2;0;1;1;1;1;0;0;0;0;0;0;0;0;0;;;;;;;;;;;;;;;;;;;;
1;13;2026;113180;29101717;13;13401;0;0;0;0;0;0;0;0;0;0;0;0;0;0;0;0;0;0;1;0;1;1;0;0;0;0;0;0;0;0;;;;;;;;;;;;;;;;;;;;
1;13;2026;113180;29101718;13;13401;1;0;0;0;0;0;0;0;0;1;0;0;0;0;0;0;0;0;0;0;0;0;0;0;0;1;0;0;0;0;;;;;;;;;;;;;;;;;;;;
1;13;2026;113180;29101742;13;13401;31;54;;;;;;;;;;;;;;;;;;;;;;;;;;;;;;;;;;;;;;;;;;;;;;;;
1;13;2026;113180;01030100;13;13401;73;0;4;62;7;1;1;1;6;70;64;0;0;1;13;55;0;0;59;0;57;0;0;1;4;13;0;0;0;0;;;;;;;;;;;;;;;;;;;;
1;13;2026;113180;29101714;13;13401;1;0;0;1;0;0;0;0;0;1;1;0;0;0;0;1;0;0;0;0;0;0;0;0;0;1;0;0;0;0;;;;;;;;;;;;;;;;;;;;
1;13;2026;113180;01030300;13;13401;32;0;0;20;12;0;0;0;0;12;31;0;0;1;0;6;0;1;25;1;27;0;0;0;1;2;0;0;0;0;;;;;;;;;;;;;;;;;;;;
1;13;2026;113180;24090700;13;13401;55;0;0;42;13;0;1;0;8;31;54;0;0;2;0;26;0;2;31;2;31;0;0;0;1;15;0;0;0;0;;;;;;;;;;;;;;;;;;;;
2;13;2026;113180;29101728;13;13401;69;0;11;58;;;;;;;;;;;;;;;;;;;;;;;;;;;;;;;;;;;;;;;;;;;;;;
2;13;2026;113180;29101729;13;13401;2;0;0;2;;;;;;;;;;;;;;;;;;;;;;;;;;;;;;;;;;;;;;;;;;;;;;
2;13;2026;113180;29101742;13;13401;31;54;;;;;;;;;;;;;;;;;;;;;;;;;;;;;;;;;;;;;;;;;;;;;;;;
2;13;2026;113180;01030100;13;13401;75;0;7;56;12;0;0;2;8;70;68;0;0;1;14;59;0;3;65;3;70;0;0;2;3;14;0;0;0;0;;;;;;;;;;;;;;;;;;;;
2;13;2026;113180;01030300;13;13401;24;0;0;12;12;0;0;0;0;15;24;0;0;0;0;3;0;0;18;0;23;0;0;0;1;6;0;0;0;0;;;;;;;;;;;;;;;;;;;;
2;13;2026;113180;24090700;13;13401;56;0;2;44;10;0;0;0;8;36;52;0;0;5;1;28;0;2;30;2;26;0;0;2;3;12;0;0;0;0;;;;;;;;;;;;;;;;;;;;
1;13;2026;113180;29101728;13;13401;68;1;18;49;;;;;;;;;;;;;;;;;;;;;;;;;;;;;;;;;;;;;;;;;;;;;;
1;13;2026;113180;29101729;13;13401;3;0;1;2;;;;;;;;;;;;;;;;;;;;;;;;;;;;;;;;;;;;;;;;;;;;;;
5;13;2026;113180;29101715;13;13401;1;0;0;1;0;0;0;0;0;1;1;0;1;1;1;1;0;0;0;0;0;0;0;0;0;0;0;0;0;0;;;;;;;;;;;;;;;;;;;;
5;13;2026;113180;29101728;13;13401;78;0;15;63;;;;;;;;;;;;;;;;;;;;;;;;;;;;;;;;;;;;;;;;;;;;;;
5;13;2026;113180;29101729;13;13401;2;0;0;2;;;;;;;;;;;;;;;;;;;;;;;;;;;;;;;;;;;;;;;;;;;;;;
5;13;2026;113180;29101742;13;13401;26;52;;;;;;;;;;;;;;;;;;;;;;;;;;;;;;;;;;;;;;;;;;;;;;;;
5;13;2026;113180;01030100;13;13401;77;0;3;60;14;0;0;0;6;75;64;0;0;1;15;62;0;3;64;0;0;0;0;2;2;15;0;0;0;0;;;;;;;;;;;;;;;;;;;;
5;13;2026;113180;29101714;13;13401;4;0;0;2;2;0;0;0;0;4;4;0;0;0;0;3;0;0;2;0;0;0;0;0;0;1;0;0;0;0;;;;;;;;;;;;;;;;;;;;
5;13;2026;113180;01030300;13;13401;27;0;0;16;11;0;0;0;0;16;27;0;0;1;1;14;0;0;23;0;0;0;0;0;1;2;0;0;0;0;;;;;;;;;;;;;;;;;;;;
5;13;2026;113180;24090700;13;13401;56;0;2;41;13;0;0;2;9;32;54;0;0;5;1;30;0;2;29;0;1;0;0;2;3;13;0;0;0;0;;;;;;;;;;;;;;;;;;;;
4;13;2026;113180;29101728;13;13401;90;0;23;67;;;;;;;;;;;;;;;;;;;;;;;;;;;;;;;;;;;;;;;;;;;;;;
4;13;2026;113180;29101729;13;13401;3;0;0;3;;;;;;;;;;;;;;;;;;;;;;;;;;;;;;;;;;;;;;;;;;;;;;
4;13;2026;113180;29101742;13;13401;31;46;;;;;;;;;;;;;;;;;;;;;;;;;;;;;;;;;;;;;;;;;;;;;;;;
4;13;2026;113180;01030100;13;13401;94;1;6;74;13;0;0;0;8;89;83;0;0;0;24;71;0;2;82;2;75;0;0;4;7;14;0;0;0;0;;;;;;;;;;;;;;;;;;;;
4;13;2026;113180;29101714;13;13401;3;0;0;2;1;0;0;0;1;3;3;0;0;0;0;3;0;0;2;0;2;0;0;1;0;1;0;0;0;0;;;;;;;;;;;;;;;;;;;;
4;13;2026;113180;01030300;13;13401;31;0;2;19;10;0;0;0;0;14;31;0;0;0;0;7;0;0;26;0;25;0;0;0;3;6;0;0;0;0;;;;;;;;;;;;;;;;;;;;
4;13;2026;113180;24090700;13;13401;46;0;3;37;6;0;0;0;5;26;46;0;0;0;0;28;0;0;38;0;36;0;0;1;3;11;0;0;0;0;;;;;;;;;;;;;;;;;;;;
3;13;2026;113180;29101715;13;13401;1;0;0;0;0;0;0;0;0;0;0;0;0;0;0;0;0;0;0;0;0;0;0;0;0;0;0;0;0;0;;;;;;;;;;;;;;;;;;;;
3;13;2026;113180;29101728;13;13401;71;1;13;57;;;;;;;;;;;;;;;;;;;;;;;;;;;;;;;;;;;;;;;;;;;;;;
3;13;2026;113180;29101729;13;13401;1;0;0;1;;;;;;;;;;;;;;;;;;;;;;;;;;;;;;;;;;;;;;;;;;;;;;
3;13;2026;113180;29101742;13;13401;26;52;;;;;;;;;;;;;;;;;;;;;;;;;;;;;;;;;;;;;;;;;;;;;;;;
3;13;2026;113180;01030100;13;13401;71;0;4;54;13;0;0;0;4;68;61;0;0;0;14;61;0;3;58;3;56;0;0;2;2;13;0;0;0;0;;;;;;;;;;;;;;;;;;;;
3;13;2026;113180;29101714;13;13401;2;0;0;2;0;0;0;0;0;2;2;0;0;0;0;2;0;0;2;0;2;0;0;0;0;1;0;0;0;0;;;;;;;;;;;;;;;;;;;;
3;13;2026;113180;01030300;13;13401;26;0;0;20;6;0;0;0;0;7;26;0;0;0;0;16;0;0;22;0;22;0;0;0;3;4;0;0;0;0;;;;;;;;;;;;;;;;;;;;
3;13;2026;113180;24090700;13;13401;54;0;1;47;6;1;0;3;8;39;53;0;0;2;0;25;0;2;27;2;29;0;0;1;1;11;0;0;0;0;;;;;;;;;;;;;;;;;;;;
6;13;2026;113180;24090700;13;13401;53;0;2;40;11;1;0;2;7;27;53;0;0;4;0;28;0;2;28;2;30;0;0;2;3;13;0;0;0;0;;;;;;;;;;;;;;;;;;;;
6;13;2026;113180;29101715;13;13401;2;0;0;1;1;0;0;0;0;1;1;0;1;1;1;1;0;1;1;1;1;1;0;0;0;1;0;0;0;0;;;;;;;;;;;;;;;;;;;;
6;13;2026;113180;29101716;13;13401;1;0;0;0;1;0;0;0;0;0;0;0;0;0;0;0;0;0;1;1;1;1;0;0;0;1;0;0;0;0;;;;;;;;;;;;;;;;;;;;
6;13;2026;113180;29101728;13;13401;79;0;16;63;;;;;;;;;;;;;;;;;;;;;;;;;;;;;;;;;;;;;;;;;;;;;;
6;13;2026;113180;29101729;13;13401;1;0;1;0;;;;;;;;;;;;;;;;;;;;;;;;;;;;;;;;;;;;;;;;;;;;;;
6;13;2026;113180;29101742;13;13401;28;51;;;;;;;;;;;;;;;;;;;;;;;;;;;;;;;;;;;;;;;;;;;;;;;;
6;13;2026;113180;01030100;13;13401;79;0;5;64;10;2;0;0;6;76;66;0;0;0;19;63;0;2;60;2;57;0;0;4;1;18;0;0;0;0;;;;;;;;;;;;;;;;;;;;
6;13;2026;113180;29101714;13;13401;1;0;0;1;0;0;0;0;0;1;1;0;0;0;1;1;0;0;1;0;1;0;0;0;0;0;0;0;0;0;;;;;;;;;;;;;;;;;;;;
6;13;2026;113180;01030300;13;13401;28;0;1;19;8;0;0;0;0;15;28;0;0;0;0;5;0;2;18;2;19;0;0;0;2;6;0;0;0;0;;;;;;;;;;;;;;;;;;;;
5;13;2026;113190;29101728;13;13401;27;1;2;24;;;;;;;;;;;;;;;;;;;;;;;;;;;;;;;;;;;;;;;;;;;;;;
5;13;2026;113190;29101729;13;13401;2;0;0;2;;;;;;;;;;;;;;;;;;;;;;;;;;;;;;;;;;;;;;;;;;;;;;
5;13;2026;113190;29101742;13;13401;29;19;;;;;;;;;;;;;;;;;;;;;;;;;;;;;;;;;;;;;;;;;;;;;;;;
5;13;2026;113190;01030100;13;13401;27;0;1;20;6;0;0;0;0;27;27;0;0;0;0;9;26;1;26;1;26;24;24;0;0;2;0;0;0;0;;;;;;;;;;;;;;;;;;;;
5;13;2026;113190;29101714;13;13401;2;0;0;1;1;0;0;0;0;2;2;0;0;0;0;0;2;0;2;0;2;2;2;0;0;0;0;0;0;0;;;;;;;;;;;;;;;;;;;;
5;13;2026;113190;01030300;13;13401;29;0;0;21;8;0;0;0;0;;29;0;0;0;0;0;29;1;28;1;28;0;0;0;2;1;0;0;0;0;;;;;;;;;;;;;;;;;;;;
5;13;2026;113190;24090700;13;13401;21;0;1;14;6;0;0;0;1;;20;0;0;1;0;0;20;2;14;2;14;0;0;0;0;3;0;0;0;0;;;;;;;;;;;;;;;;;;;;
3;13;2026;113190;29101728;13;13401;32;0;5;27;;;;;;;;;;;;;;;;;;;;;;;;;;;;;;;;;;;;;;;;;;;;;;
3;13;2026;113190;29101742;13;13401;31;22;;;;;;;;;;;;;;;;;;;;;;;;;;;;;;;;;;;;;;;;;;;;;;;;
3;13;2026;113190;01030100;13;13401;28;0;0;23;5;0;0;0;2;26;28;0;0;0;0;0;29;1;27;1;27;29;25;0;0;4;0;0;0;0;;;;;;;;;;;;;;;;;;;;
3;13;2026;113190;29101714;13;13401;4;0;1;1;2;0;0;0;0;3;3;0;0;0;0;0;3;0;3;0;3;3;3;0;0;0;0;0;0;0;;;;;;;;;;;;;;;;;;;;
3;13;2026;113190;01030300;13;13401;31;0;0;27;4;0;0;0;0;22;31;0;0;0;0;0;29;0;31;0;31;2;0;0;0;1;0;0;0;0;;;;;;;;;;;;;;;;;;;;
3;13;2026;113190;24090700;13;13401;22;0;0;18;5;0;0;1;3;16;22;0;0;0;0;0;22;1;13;1;13;2;0;0;0;1;0;0;0;0;;;;;;;;;;;;;;;;;;;;
2;13;2026;113190;29101714;13;13401;2;0;0;2;0;0;0;0;0;2;2;0;0;0;0;2;2;0;2;0;2;2;2;0;0;0;0;0;0;0;;;;;;;;;;;;;;;;;;;;
2;13;2026;113190;01030300;13;13401;32;0;2;21;9;0;0;0;1;34;40;0;0;0;0;40;32;0;38;0;38;2;0;0;0;3;0;0;0;0;;;;;;;;;;;;;;;;;;;;
2;13;2026;113190;24090700;13;13401;23;0;0;22;1;0;0;0;2;15;15;0;0;0;0;15;15;1;12;1;12;0;0;0;0;1;0;0;0;0;;;;;;;;;;;;;;;;;;;;
2;13;2026;113190;29101728;13;13401;35;0;6;29;;;;;;;;;;;;;;;;;;;;;;;;;;;;;;;;;;;;;;;;;;;;;;
2;13;2026;113190;29101729;13;13401;1;0;1;0;;;;;;;;;;;;;;;;;;;;;;;;;;;;;;;;;;;;;;;;;;;;;;
4;13;2026;113190;29101742;13;13401;39;18;;;;;;;;;;;;;;;;;;;;;;;;;;;;;;;;;;;;;;;;;;;;;;;;
4;13;2026;113190;01030100;13;13401;37;0;1;23;13;0;0;0;2;36;35;0;0;0;1;0;36;4;32;4;31;36;35;0;0;4;0;0;0;0;;;;;;;;;;;;;;;;;;;;
4;13;2026;113190;29101714;13;13401;3;0;0;2;1;0;0;0;0;4;4;0;0;0;0;0;3;0;3;0;4;4;4;0;0;0;0;0;0;0;;;;;;;;;;;;;;;;;;;;
4;13;2026;113190;01030300;13;13401;31;0;0;23;8;0;0;0;2;35;39;0;0;0;0;0;36;1;36;1;36;2;0;0;0;1;0;0;0;0;;;;;;;;;;;;;;;;;;;;
4;13;2026;113190;24090700;13;13401;26;0;2;20;4;0;0;0;1;12;18;0;0;0;0;0;11;0;17;0;17;2;0;0;0;3;0;0;0;0;;;;;;;;;;;;;;;;;;;;
4;13;2026;113190;29101728;13;13401;38;0;9;29;;;;;;;;;;;;;;;;;;;;;;;;;;;;;;;;;;;;;;;;;;;;;;
4;13;2026;113190;29101729;13;13401;1;0;0;1;;;;;;;;;;;;;;;;;;;;;;;;;;;;;;;;;;;;;;;;;;;;;;
2;13;2026;113190;29101742;13;13401;31;11;;;;;;;;;;;;;;;;;;;;;;;;;;;;;;;;;;;;;;;;;;;;;;;;
2;13;2026;113190;01030100;13;13401;38;0;2;26;10;0;0;0;1;33;37;0;0;0;0;3;37;2;35;2;35;33;37;0;0;2;0;0;0;0;;;;;;;;;;;;;;;;;;;;
1;13;2026;113190;29101728;13;13401;43;0;6;37;;;;;;;;;;;;;;;;;;;;;;;;;;;;;;;;;;;;;;;;;;;;;;
1;13;2026;113190;29101729;13;13401;2;0;2;0;;;;;;;;;;;;;;;;;;;;;;;;;;;;;;;;;;;;;;;;;;;;;;
1;13;2026;113190;29101742;13;13401;53;19;;;;;;;;;;;;;;;;;;;;;;;;;;;;;;;;;;;;;;;;;;;;;;;;
1;13;2026;113190;01030100;13;13401;44;0;3;34;7;0;0;1;3;39;40;0;10;0;3;10;42;3;36;3;36;31;40;0;1;3;0;0;0;0;;;;;;;;;;;;;;;;;;;;
1;13;2026;113190;29101714;13;13401;4;0;1;3;0;0;0;0;0;5;5;0;0;0;0;1;5;0;5;0;5;3;5;0;0;0;0;0;0;0;;;;;;;;;;;;;;;;;;;;
1;13;2026;113190;01030300;13;13401;41;0;0;30;11;0;0;0;0;35;53;0;0;0;0;0;49;0;52;0;52;2;0;0;1;2;0;0;0;0;;;;;;;;;;;;;;;;;;;;
1;13;2026;113190;24090700;13;13401;32;0;0;24;8;0;0;0;4;3;19;0;0;1;0;2;20;1;15;1;15;3;0;0;0;2;0;0;0;0;;;;;;;;;;;;;;;;;;;;
6;13;2026;113190;29101715;13;13401;1;;;;;;;;;;;;;;;;;;;;;;;;0;0;0;0;0;0;;;;;;;;;;;;;;;;;;;;
6;13;2026;113190;29101728;13;13401;38;0;9;29;;;;;;;;;;;;;;;;;;;;;;;;;;;;;;;;;;;;;;;;;;;;;;
6;13;2026;113190;29101729;13;13401;1;0;0;1;;;;;;;;;;;;;;;;;;;;;;;;;;;;;;;;;;;;;;;;;;;;;;
6;13;2026;113190;29101742;13;13401;28;18;;;;;;;;;;;;;;;;;;;;;;;;;;;;;;;;;;;;;;;;;;;;;;;;
6;13;2026;113190;01030100;13;13401;37;0;0;28;9;0;0;0;4;37;35;0;0;0;2;0;35;0;35;0;35;33;36;0;0;0;0;0;0;0;;;;;;;;;;;;;;;;;;;;
6;13;2026;113190;29101714;13;13401;2;0;0;1;1;0;0;0;0;2;2;0;0;0;0;0;2;0;2;0;2;2;2;0;0;0;0;0;0;0;;;;;;;;;;;;;;;;;;;;
6;13;2026;113190;01030300;13;13401;30;0;0;24;6;0;0;0;0;34;34;0;0;0;0;0;32;4;28;4;28;0;0;0;0;0;0;0;0;0;;;;;;;;;;;;;;;;;;;;
6;13;2026;113190;24090700;13;13401;22;0;1;12;9;0;0;1;3;18;18;0;0;0;0;0;17;2;12;2;12;15;0;0;0;0;0;0;0;0;;;;;;;;;;;;;;;;;;;;
5;13;2026;113150;29101716;13;13402;1;;;1;;;;;1;;;;;;;;;;;;;;;;0;0;0;0;0;0;;;;;;;;;;;;;;;;;;;;
4;13;2026;113150;29101728;13;13402;30;0;8;22;;;;;;;;;;;;;;;;;;;;;;;;;;;;;;;;;;;;;;;;;;;;;;
4;13;2026;113150;29101742;13;13402;8;10;;;;;;;;;;;;;;;;;;;;;;;;;;;;;;;;;;;;;;;;;;;;;;;;
4;13;2026;113150;01030100;13;13402;30;0;3;21;6;0;0;1;4;;24;0;0;0;8;14;;1;26;0;0;24;24;;0;5;0;0;0;0;;;;;;;;;;;;;;;;;;;;
4;13;2026;113150;01030300;13;13402;10;0;0;7;3;0;0;0;0;;10;0;0;0;0;0;;0;1;0;8;6;10;;0;2;0;0;0;0;;;;;;;;;;;;;;;;;;;;
4;13;2026;113150;24090700;13;13402;10;0;0;5;5;0;0;0;4;;10;0;0;0;0;0;;1;1;0;5;6;8;;0;5;0;0;0;0;;;;;;;;;;;;;;;;;;;;
3;13;2026;113150;29101728;13;13402;29;0;3;26;;;;;;;;;;;;;;;;;;;;;;;;;;;;;;;;;;;;;;;;;;;;;;
3;13;2026;113150;29101729;13;13402;2;0;2;0;;;;;;;;;;;;;;;;;;;;;;;;;;;;;;;;;;;;;;;;;;;;;;
3;13;2026;113150;29101742;13;13402;9;13;;;;;;;;;;;;;;;;;;;;;;;;;;;;;;;;;;;;;;;;;;;;;;;;
3;13;2026;113150;01030100;13;13402;33;0;0;30;3;0;1;0;1;;18;0;0;0;12;19;;1;29;0;0;23;29;0;3;12;0;0;0;0;;;;;;;;;;;;;;;;;;;;
3;13;2026;113150;01030300;13;13402;10;0;0;7;3;0;0;0;2;;10;0;0;0;0;0;;0;5;0;5;4;8;0;1;2;0;0;0;0;;;;;;;;;;;;;;;;;;;;
3;13;2026;113150;24090700;13;13402;13;0;0;10;3;0;0;0;0;;13;0;0;0;0;0;;0;6;0;7;9;12;0;0;5;0;0;0;0;;;;;;;;;;;;;;;;;;;;
5;13;2026;113150;29101728;13;13402;40;0;5;35;;;;;;;;;;;;;;;;;;;;;;;;;;;;;;;;;;;;;;;;;;;;;;
5;13;2026;113150;29101729;13;13402;1;0;0;1;;;;;;;;;;;;;;;;;;;;;;;;;;;;;;;;;;;;;;;;;;;;;;
5;13;2026;113150;29101742;13;13402;8;11;;;;;;;;;;;;;;;;;;;;;;;;;;;;;;;;;;;;;;;;;;;;;;;;
5;13;2026;113150;01030100;13;13402;42;0;1;36;5;0;0;0;1;;26;1;0;0;17;18;;0;34;0;1;31;39;;3;12;0;0;0;0;;;;;;;;;;;;;;;;;;;;
5;13;2026;113150;01030300;13;13402;13;0;0;9;4;0;0;0;0;;13;0;0;0;0;0;;0;2;0;10;6;12;;1;5;0;0;0;0;;;;;;;;;;;;;;;;;;;;
5;13;2026;113150;24090700;13;13402;11;0;1;6;4;0;0;0;2;;11;0;0;0;0;0;;0;1;0;7;4;9;;1;5;0;0;0;0;;;;;;;;;;;;;;;;;;;;
6;13;2026;113150;29101728;13;13402;35;0;12;23;;;;;;;;;;;;;;;;;;;;;;;;;;;;;;;;;;;;;;;;;;;;;;
6;13;2026;113150;29101742;13;13402;11;11;;;;;;;;;;;;;;;;;;;;;;;;;;;;;;;;;;;;;;;;;;;;;;;;
6;13;2026;113150;01030100;13;13402;36;0;3;19;14;0;1;0;2;;20;3;0;0;12;16;;1;31;0;2;29;32;0;0;10;0;0;0;0;;;;;;;;;;;;;;;;;;;;
6;13;2026;113150;01030300;13;13402;12;0;0;8;4;0;0;0;0;;12;0;0;0;0;0;;0;2;0;7;6;11;0;0;1;0;0;0;0;;;;;;;;;;;;;;;;;;;;
6;13;2026;113150;24090700;13;13402;11;0;2;5;4;0;0;0;2;;11;0;0;0;0;1;;0;5;0;4;5;8;0;0;4;0;0;0;0;;;;;;;;;;;;;;;;;;;;
6;13;2026;113150;29101716;13;13402;1;0;0;0;1;0;0;0;;;0;0;0;0;0;0;;;;;;0;;;0;0;0;0;0;0;;;;;;;;;;;;;;;;;;;;
1;13;2026;113150;29101728;13;13402;39;0;12;27;;;;;;;;;;;;;;;;;;;;;;;;;;;;;;;;;;;;;;;;;;;;;;
1;13;2026;113150;29101742;13;13402;10;19;;;;;;;;;;;;;;;;;;;;;;;;;;;;;;;;;;;;;;;;;;;;;;;;
1;13;2026;113150;01030100;13;13402;41;0;0;29;12;0;0;1;6;;4;0;0;0;16;20;;2;34;0;1;33;36;;1;10;0;0;1;0;;;;;;;;;;;;;;;;;;;;
1;13;2026;113150;29101714;13;13402;2;0;0;0;2;0;0;0;0;;2;0;0;0;0;0;;0;1;0;0;2;2;;0;0;0;0;0;0;;;;;;;;;;;;;;;;;;;;
1;13;2026;113150;01030300;13;13402;10;0;0;5;5;0;0;0;0;;10;0;0;0;0;0;;0;2;0;8;3;9;;1;3;0;0;0;0;;;;;;;;;;;;;;;;;;;;
1;13;2026;113150;24090700;13;13402;19;0;0;14;5;0;0;0;2;;19;0;0;0;0;0;;0;8;1;8;10;15;;0;6;0;0;0;0;;;;;;;;;;;;;;;;;;;;
2;13;2026;113150;29101728;13;13402;35;1;8;26;;;;;;;;;;;;;;;;;;;;;;;;;;;;;;;;;;;;;;;;;;;;;;
2;13;2026;113150;29101729;13;13402;35;1;8;26;;;;;;;;;;;;;;;;;;;;;;;;;;;;;;;;;;;;;;;;;;;;;;
2;13;2026;113150;29101742;13;13402;10;10;;;;;;;;;;;;;;;;;;;;;;;;;;;;;;;;;;;;;;;;;;;;;;;;
2;13;2026;113150;01030100;13;13402;37;0;4;25;8;1;0;0;2;;31;0;0;0;13;30;;1;32;0;0;28;35;0;0;10;0;0;0;0;;;;;;;;;;;;;;;;;;;;
2;13;2026;113150;01030300;13;13402;11;0;0;9;2;0;0;0;0;;12;0;0;0;0;0;;0;3;0;8;9;11;0;0;4;0;0;0;0;;;;;;;;;;;;;;;;;;;;
2;13;2026;113150;24090700;13;13402;13;0;2;8;3;0;0;0;2;;10;0;0;0;0;0;;0;8;0;5;9;13;0;0;4;0;0;0;0;;;;;;;;;;;;;;;;;;;;
1;6;2026;106100;29101715;5;5101;1;0;0;0;1;0;0;0;0;0;0;0;0;0;0;0;;0;0;0;0;0;1;0;0;0;0;0;0;0;;;;;;;;;;;;;;;;;;;;
1;22;2026;122100;29101718;14;14101;1;;;;1;;;;;1;;;;;1;1;1;;1;;;1;1;;0;0;0;0;0;0;;;;;;;;;;;;;;;;;;;;
1;22;2026;122100;29101728;14;14101;79;2;17;60;;;;;;;;;;;;;;;;;;;;;;;;;;;;;;;;;;;;;;;;;;;;;;
1;22;2026;122100;29101729;14;14101;78;1;18;59;;;;;;;;;;;;;;;;;;;;;;;;;;;;;;;;;;;;;;;;;;;;;;
1;22;2026;122100;01030100;14;14101;86;;1;70;15;;2;2;12;86;74;;;;34;46;70;4;69;;;59;47;1;9;2;0;0;0;0;;;;;;;;;;;;;;;;;;;;
1;22;2026;122100;29101714;14;14101;2;;;2;;;;;1;2;2;;;;1;;;;1;;;1;0;;0;0;0;0;0;0;;;;;;;;;;;;;;;;;;;;
1;22;2026;122100;01030300;14;14101;7;;;3;4;;;;1;7;7;;;;;;5;;4;;;3;6;;2;1;0;0;0;0;;;;;;;;;;;;;;;;;;;;
1;22;2026;122100;24090700;14;14101;44;;;34;10;1;2;3;6;42;44;;;;;15;32;;11;;1;21;22;;9;1;0;0;0;0;;;;;;;;;;;;;;;;;;;;
3;22;2026;122100;29101728;14;14101;71;0;19;52;;;;;;;;;;;;;;;;;;;;;;;;;;;;;;;;;;;;;;;;;;;;;;
3;22;2026;122100;29101729;14;14101;70;0;19;51;;;;;;;;;;;;;;;;;;;;;;;;;;;;;;;;;;;;;;;;;;;;;;
3;22;2026;122100;29101742;14;14101;9;46;;;;;;;;;;;;;;;;;;;;;;;;;;;;;;;;;;;;;;;;;;;;;;;;
3;22;2026;122100;01030100;14;14101;76;0;2;58;16;0;0;1;9;76;69;0;0;0;19;35;59;0;56;0;0;57;65;0;9;3;0;0;0;0;;;;;;;;;;;;;;;;;;;;
3;22;2026;122100;29101714;14;14101;2;0;0;2;0;0;0;0;0;2;2;0;0;0;1;1;0;0;0;0;0;0;1;0;1;0;0;0;0;0;;;;;;;;;;;;;;;;;;;;
3;22;2026;122100;01030300;14;14101;14;1;0;4;9;0;0;0;1;12;14;0;0;0;0;0;8;0;6;0;0;4;11;0;2;0;0;0;0;0;;;;;;;;;;;;;;;;;;;;
3;22;2026;122100;24090700;14;14101;50;0;4;30;16;0;1;4;10;39;48;0;0;2;0;9;37;2;18;0;0;22;41;0;6;3;0;0;0;0;;;;;;;;;;;;;;;;;;;;
2;22;2026;122100;01030100;14;14101;60;;1;54;5;;;;11;58;51;;1;;18;41;48;;10;;2;43;38;;12;0;1;0;0;0;;;;;;;;;;;;;;;;;;;;
2;22;2026;122100;29101714;14;14101;1;;;1;0;;;;;1;1;;;;1;1;;;;;;;;;0;0;0;0;0;0;;;;;;;;;;;;;;;;;;;;
2;22;2026;122100;01030300;14;14101;10;;;8;2;;;;;9;10;;;;;;6;;7;;;9;10;;2;1;0;0;0;0;;;;;;;;;;;;;;;;;;;;
2;22;2026;122100;24090700;14;14101;44;;;26;18;;2;3;11;44;42;;;2;;16;23;;39;;;22;18;;7;3;0;0;0;0;;;;;;;;;;;;;;;;;;;;
1;22;2026;122103;29101728;14;14103;1;;;1;;;;;;;;;;;;;;;;;;;;;;;;;;;;;;;;;;;;;;;;;;;;;;
1;22;2026;122103;01030100;14;14103;1;;;1;;;;;;;;;;;;;;;1;;;1;1;;1;0;0;0;0;0;;;;;;;;;;;;;;;;;;;;
5;22;2026;122102;29101728;14;14104;1;;;1;;;;;;;;;;;;;;;;;;;;;;;;;;;;;;;;;;;;;;;;;;;;;;
5;22;2026;122102;29101729;14;14104;1;;;1;;;;;;;;;;;;;;;;;;;;;;;;;;;;;;;;;;;;;;;;;;;;;;
5;22;2026;122102;01030100;14;14104;1;;;1;;0;0;0;0;0;0;0;0;0;0;1;0;0;1;0;1;0;1;0;0;0;0;0;0;0;;;;;;;;;;;;;;;;;;;;
1;22;2026;122102;29101728;14;14104;1;;;1;;;;;;;;;;;;;;;;;;;;;;;;;;;;;;;;;;;;;;;;;;;;;;
1;22;2026;122102;01030100;14;14104;1;;;1;;;;;;;;1;;;1;1;1;;1;;1;1;1;;0;0;0;0;0;0;;;;;;;;;;;;;;;;;;;;
2;22;2026;122102;01030100;14;14104;2;0;0;2;0;0;0;0;2;0;0;0;0;0;2;0;0;0;0;2;2;2;0;0;0;0;0;0;0;0;;;;;;;;;;;;;;;;;;;;
2;22;2026;122102;29101728;14;14104;2;;;2;;;;;;;;;;;;;;;;;;;;;;;;;;;;;;;;;;;;;;;;;;;;;;
4;22;2026;122102;29101728;14;14104;2;;;2;;;;;;;;;;;;;;;;;;;;;;;;;;;;;;;;;;;;;;;;;;;;;;
4;22;2026;122102;01030100;14;14104;2;0;2;0;0;0;0;0;2;0;1;0;0;0;2;0;0;2;0;0;2;2;0;0;0;0;0;0;0;0;;;;;;;;;;;;;;;;;;;;
2;22;2026;122200;01030100;14;14106;1;;;1;;;;;;;0;0;0;0;1;1;1;0;1;0;1;1;1;0;1;0;0;0;0;0;;;;;;;;;;;;;;;;;;;;
2;22;2026;122200;29101728;14;14106;1;0;0;1;;;;;;;;;;;;;;;;;;;;;;;;;;;;;;;;;;;;;;;;;;;;;;
1;22;2026;122200;29101728;14;14106;1;0;0;1;;;;;;;;;;;;;;;;;;;;;;;;;;;;;;;;;;;;;;;;;;;;;;
1;22;2026;122200;01030100;14;14106;1;;;1;;;;;;;;;;;1;0;1;0;1;0;1;1;1;0;0;0;0;0;0;0;;;;;;;;;;;;;;;;;;;;
3;22;2026;122200;29101728;14;14106;5;;;5;;;;;;;;;;;;;;;;;;;;;;;;;;;;;;;;;;;;;;;;;;;;;;
3;22;2026;122200;01030100;14;14106;5;0;0;4;1;0;0;0;0;0;0;0;0;0;3;0;0;0;5;0;0;5;0;0;0;0;0;0;0;0;;;;;;;;;;;;;;;;;;;;
4;22;2026;122200;29101728;14;14106;1;;;1;;;;;;;;;;;;;;;;;;;;;;;;;;;;;;;;;;;;;;;;;;;;;;
4;22;2026;122200;01030100;14;14106;1;;;;1;;;;;;;1;;;1;1;1;;1;;1;1;1;0;0;0;0;0;0;0;;;;;;;;;;;;;;;;;;;;
5;22;2026;122200;29101728;14;14106;1;;;1;;;;;;;;;;;;;;;;;;;;;;;;;;;;;;;;;;;;;;;;;;;;;;
5;22;2026;122200;01030100;14;14106;2;;;1;1;;;;;;;1;;;;;;;;;2;2;0;0;0;0;0;0;0;0;;;;;;;;;;;;;;;;;;;;
6;22;2026;122200;29101728;14;14106;3;0;0;3;;;;;;;;;;;;;;;;;;;;;;;;;;;;;;;;;;;;;;;;;;;;;;
6;22;2026;122200;01030100;14;14106;3;;;2;1;;;;;;;3;;;;;;;;;3;3;0;0;0;0;0;0;0;0;;;;;;;;;;;;;;;;;;;;
2;22;2026;122106;29101728;14;14107;4;;1;3;;;;;;;;;;;;;;;;;;;;;;;;;;;;;;;;;;;;;;;;;;;;;;
2;22;2026;122106;29101729;14;14107;4;;1;3;;;;;;;;;;;;;;;;;;;;;;;;;;;;;;;;;;;;;;;;;;;;;;
2;22;2026;122106;01030100;14;14107;4;;;3;1;;;;;;;1;;;2;2;3;;4;;3;4;4;;1;0;0;0;0;0;;;;;;;;;;;;;;;;;;;;
3;22;2026;122106;29101728;14;14107;4;;;4;;;;;;;;;;;;;;;;;;;;;;;;;;;;;;;;;;;;;;;;;;;;;;
3;22;2026;122106;29101729;14;14107;4;;;4;;;;;;;;;;;;;;;;;;;;;;;;;;;;;;;;;;;;;;;;;;;;;;
3;22;2026;122106;01030100;14;14107;4;;1;2;1;;;;;;;;;;3;1;2;;4;;4;4;4;;0;0;0;0;0;0;;;;;;;;;;;;;;;;;;;;
1;22;2026;122106;29101728;14;14107;2;;;2;;;;;;;;;;;;;;;;;;;;;;;;;;;;;;;;;;;;;;;;;;;;;;
1;22;2026;122106;01030100;14;14107;3;;;3;;;;;;;;1;;;2;2;2;;3;;3;3;3;;0;0;0;0;0;0;;;;;;;;;;;;;;;;;;;;
4;22;2026;122106;29101728;14;14107;1;;;1;;;;;;;;;;;;;;;;;;;;;;;;;;;;;;;;;;;;;;;;;;;;;;
4;22;2026;122106;29101729;14;14107;1;;;1;;;;;;;;;;;;;;;;;;;;;;;;;;;;;;;;;;;;;;;;;;;;;;
4;22;2026;122106;01030100;14;14107;1;;;1;;;;;;;;;;;1;;1;;1;;1;;1;;0;0;0;0;0;0;;;;;;;;;;;;;;;;;;;;
5;22;2026;122106;29101728;14;14107;1;;;1;;;;;;;;;;;;;;;;;;;;;;;;;;;;;;;;;;;;;;;;;;;;;;
5;22;2026;122106;29101729;14;14107;2;;;2;;;;;;;;;;;;;;;;;;;;;;;;;;;;;;;;;;;;;;;;;;;;;;
5;22;2026;122106;01030100;14;14107;2;1;;1;;;;;2;;;;;;1;;1;;1;;;1;1;;0;0;0;0;0;0;;;;;;;;;;;;;;;;;;;;
6;22;2026;122106;29101728;14;14107;1;;;1;;;;;;;;;;;;;;;;;;;;;;;;;;;;;;;;;;;;;;;;;;;;;;
6;22;2026;122106;29101729;14;14107;2;;;2;;;;;;;;;;;;;;;;;;;;;;;;;;;;;;;;;;;;;;;;;;;;;;
6;22;2026;122106;01030100;14;14107;2;;;2;;;;;;;;;;;;1;2;;2;;2;2;;;0;0;0;0;0;0;;;;;;;;;;;;;;;;;;;;
5;22;2026;122201;29101728;14;14108;3;0;0;3;;;;;;;;;;;;;;;;;;;;;;;;;;;;;;;;;;;;;;;;;;;;;;
5;22;2026;122201;29101729;14;14108;3;;;3;;;;;;;;;;;;;;;;;;;;;;;;;;;;;;;;;;;;;;;;;;;;;;
5;22;2026;122201;01030100;14;14108;3;;0;3;0;;0;;0;0;0;1;1;0;1;0;3;0;3;;;3;3;3;3;0;0;0;0;0;;;;;;;;;;;;;;;;;;;;
4;22;2026;122201;29101728;14;14108;1;0;0;1;;;;;;;;;;;;;;;;;;;;;;;;;;;;;;;;;;;;;;;;;;;;;;
4;22;2026;122201;29101729;14;14108;1;;;1;;;;;;;;;;;;;;;;;;;;;;;;;;;;;;;;;;;;;;;;;;;;;;
4;22;2026;122201;01030100;14;14108;1;;;1;;;;;;;;;;;1;;1;0;1;;;1;1;1;1;0;0;0;0;0;;;;;;;;;;;;;;;;;;;;
3;22;2026;122201;29101728;14;14108;3;0;0;3;;;;;;;;;;;;;;;;;;;;;;;;;;;;;;;;;;;;;;;;;;;;;;
3;22;2026;122201;29101729;14;14108;3;;;3;;;;;;;;;;;;;;;;;;;;;;;;;;;;;;;;;;;;;;;;;;;;;;
2;22;2026;122201;29101728;14;14108;1;0;0;1;;;;;;;;;;;;;;;;;;;;;;;;;;;;;;;;;;;;;;;;;;;;;;
2;22;2026;122201;29101729;14;14108;1;;;1;;;;;;;;;;;;;;;;;;;;;;;;;;;;;;;;;;;;;;;;;;;;;;
2;22;2026;122201;01030100;14;14108;2;;0;2;0;;0;;0;0;0;0;0;0;0;0;0;0;2;;;2;2;2;2;0;0;0;0;0;;;;;;;;;;;;;;;;;;;;
1;22;2026;122201;01030100;14;14108;3;0;2;1;0;;0;0;0;0;0;0;0;0;0;0;0;0;2;;0;2;2;2;2;0;0;0;0;0;;;;;;;;;;;;;;;;;;;;
1;22;2026;122201;24090700;14;14108;1;;;1;0;0;0;;1;1;0;0;0;0;0;0;0;;0;0;0;0;0;1;1;0;0;0;0;0;;;;;;;;;;;;;;;;;;;;
1;22;2026;122201;29101728;14;14108;2;0;0;2;;;;;;;;;;;;;;;;;;;;;;;;;;;;;;;;;;;;;;;;;;;;;;
3;22;2026;122201;01030100;14;14108;5;;0;4;1;;0;;0;0;0;0;2;0;2;0;5;0;5;;;5;5;2;2;0;0;0;0;0;;;;;;;;;;;;;;;;;;;;
3;22;2026;122201;24090700;14;14108;1;;;1;;0;0;0;0;1;1;0;1;0;0;0;0;;0;;0;0;0;0;1;0;0;0;0;0;;;;;;;;;;;;;;;;;;;;
6;22;2026;122201;29101728;14;14108;1;0;0;1;;;;;;;;;;;;;;;;;;;;;;;;;;;;;;;;;;;;;;;;;;;;;;
6;22;2026;122201;01030100;14;14108;2;;0;1;1;;0;;0;0;0;0;0;0;1;0;2;0;2;;0;2;2;2;2;0;0;0;0;0;;;;;;;;;;;;;;;;;;;;
3;22;2026;122104;29101742;14;14201;;1;;;;;;;;;;;;;;;;;;;;;;;;;;;;;;;;;;;;;;;;;;;;;;;;
3;22;2026;122104;24090700;14;14201;1;;;1;;;;;;;1;;;;;;;;1;;;;;;0;0;0;0;0;0;;;;;;;;;;;;;;;;;;;;
2;22;2026;122104;29101742;14;14201;2;;;;;;;;;;;;;;;;;;;;;;;;;;;;;;;;;;;;;;;;;;;;;;;;;
2;22;2026;122104;01030300;14;14201;3;;2;1;;;;;;3;;;;;;3;;;;;0;0;0;0;0;0;0;0;0;0;;;;;;;;;;;;;;;;;;;;
5;22;2026;122104;29101728;14;14201;3;;0;3;;;;;;;;;;;;;;;;;;;;;;;;;;;;;;;;;;;;;;;;;;;;;;
5;22;2026;122104;29101729;14;14201;3;;1;2;;;;;;;;;;;;;;;;;;;;;;;;;;;;;;;;;;;;;;;;;;;;;;
5;22;2026;122104;01030100;14;14201;4;;4;;;;;1;1;;3;;;1;4;4;;;;1;4;4;;0;0;0;0;0;0;;;;;;;;;;;;;;;;;;;;;
5;22;2026;122104;01030300;14;14201;2;;1;1;;;;;;2;;;;;1;2;;;;;;1;;0;0;0;0;0;0;;;;;;;;;;;;;;;;;;;;;
6;22;2026;122104;29101728;14;14201;4;;3;1;;;;;;;;;;;;;;;;;;;;;;;;;;;;;;;;;;;;;;;;;;;;;;
6;22;2026;122104;01030100;14;14201;4;0;0;3;1;0;0;0;0;1;1;0;0;0;0;4;4;0;3;0;0;3;3;0;0;0;0;0;0;0;;;;;;;;;;;;;;;;;;;;
1;22;2026;122104;29101728;14;14201;5;0;0;5;;;;;;;;;;;;;;;;;;;;;;;;;;;;;;;;;;;;;;;;;;;;;;
1;22;2026;122104;01030100;14;14201;3;0;0;2;1;0;0;0;0;0;0;;0;0;1;3;3;0;3;0;0;3;3;0;0;0;0;0;0;0;;;;;;;;;;;;;;;;;;;;
1;22;2026;122104;01030300;14;14201;1;0;0;1;0;0;0;0;0;0;1;0;0;0;0;0;0;0;0;0;0;0;1;0;0;0;0;0;0;0;;;;;;;;;;;;;;;;;;;;
1;22;2026;122104;24090700;14;14201;1;0;0;1;0;0;0;0;0;0;1;0;0;0;0;0;0;0;0;0;0;0;0;0;0;0;0;0;0;0;;;;;;;;;;;;;;;;;;;;
4;22;2026;122104;29101728;14;14201;1;;;1;;;;;;;;;;;;;;;;;;;;;;;;;;;;;;;;;;;;;;;;;;;;;;
4;22;2026;122104;29101742;14;14201;2;;;;;;;;;;;;;;;;;;;;;;;;;;;;;;;;;;;;;;;;;;;;;;;;;
4;22;2026;122104;01030100;14;14201;1;;;1;;;;;1;;1;;;;;;;;1;;;1;1;0;0;0;0;0;0;0;;;;;;;;;;;;;;;;;;;;
4;22;2026;122104;01030300;14;14201;2;;;1;1;;;;2;;2;;;;;;;;2;;;2;;0;0;0;0;0;0;0;;;;;;;;;;;;;;;;;;;;
3;22;2026;122105;01030100;14;14204;1;;;1;;;;;;;;;;;1;;;1;;;1;;;;0;0;0;0;0;0;;;;;;;;;;;;;;;;;;;;
6;22;2026;122105;29101728;14;14204;1;;1;;;;;;;;;;;;;;;;;;;;;;;;;;;;;;;;;;;;;;;;;;;;;;;
6;22;2026;122105;01030100;14;14204;1;;;1;;;;;;;;0;;;;1;;0;1;0;0;1;1;;0;0;0;0;0;0;;;;;;;;;;;;;;;;;;;;
2;22;2026;122105;29101728;14;14204;1;0;1;0;;;;;;;;;;;;;;;;;;;;;;;;;;;;;;;;;;;;;;;;;;;;;;
2;22;2026;122105;01030100;14;14204;2;;1;1;;;;;;;;;;;;;;2;;;2;2;0;0;0;0;0;0;0;0;;;;;;;;;;;;;;;;;;;;
5;22;2026;122105;29101728;14;14204;2;1;;1;;;;;;;;;;;;;;;;;;;;;;;;;;;;;;;;;;;;;;;;;;;;;;
5;22;2026;122105;29101729;14;14204;2;1;;1;;;;;;;;;;;;;;;;;;;;;;;;;;;;;;;;;;;;;;;;;;;;;;
5;22;2026;122105;01030100;14;14204;2;;;2;;1;0;0;0;0;0;0;0;0;1;1;0;0;1;1;0;1;1;0;0;0;0;0;0;0;;;;;;;;;;;;;;;;;;;;
6;19;2026;119100;29101728;8;8110;70;0;15;55;;;;;;;;;;;;;;;;;;;;;;;;;;;;;;;;;;;;;;;;;;;;;;
3;19;2026;119100;29101728;8;8110;86;0;18;68;;;;;;;;;;;;;;;;;;;;;;;;;;;;;;;;;;;;;;;;;;;;;;
3;19;2026;119100;29101742;8;8110;20;34;;;;;;;;;;;;;;;;;;;;;;;;;;;;;;;;;;;;;;;;;;;;;;;;
3;19;2026;119100;01030100;8;8110;88;0;1;69;18;0;1;0;9;88;69;43;17;0;22;61;82;0;7;0;0;73;82;0;3;7;0;0;0;0;;;;;;;;;;;;;;;;;;;;
3;19;2026;119100;29101714;8;8110;1;0;0;1;0;0;0;0;0;1;1;0;0;0;0;0;0;0;0;0;0;0;0;0;0;0;0;0;0;0;;;;;;;;;;;;;;;;;;;;
3;19;2026;119100;01030300;8;8110;20;0;0;11;9;0;0;0;1;0;20;0;0;0;0;1;16;0;1;0;0;12;19;0;0;7;0;0;0;0;;;;;;;;;;;;;;;;;;;;
3;19;2026;119100;24090700;8;8110;42;0;1;27;14;0;1;0;6;0;38;9;8;5;0;13;19;0;0;0;0;18;30;0;1;5;0;0;0;0;;;;;;;;;;;;;;;;;;;;
4;19;2026;119100;29101728;8;8110;68;1;16;51;;;;;;;;;;;;;;;;;;;;;;;;;;;;;;;;;;;;;;;;;;;;;;
4;19;2026;119100;29101729;8;8110;1;0;0;1;;;;;;;;;;;;;;;;;;;;;;;;;;;;;;;;;;;;;;;;;;;;;;
4;19;2026;119100;29101742;8;8110;14;30;;;;;;;;;;;;;;;;;;;;;;;;;;;;;;;;;;;;;;;;;;;;;;;;
4;19;2026;119100;01030100;8;8110;70;0;3;50;17;0;2;1;6;69;62;41;17;1;15;52;66;0;78;0;2;56;0;0;2;12;0;0;0;0;;;;;;;;;;;;;;;;;;;;
4;19;2026;119100;29101714;8;8110;1;0;0;1;0;0;0;0;0;1;1;0;0;0;0;1;0;0;0;0;0;1;0;0;0;0;0;0;0;0;;;;;;;;;;;;;;;;;;;;
4;19;2026;119100;01030300;8;8110;14;0;0;9;5;0;0;0;1;0;14;0;0;0;0;0;10;0;12;0;0;12;0;0;0;1;0;0;0;0;;;;;;;;;;;;;;;;;;;;
4;19;2026;119100;24090700;8;8110;37;0;3;25;9;0;1;4;2;1;36;14;10;1;0;12;16;1;15;0;4;17;0;0;3;2;0;0;0;0;;;;;;;;;;;;;;;;;;;;
4;19;2026;119101;29101728;8;8111;2;0;0;2;;;;;;;;;;;;;;;;;;;;;;;;;;;;;;;;;;;;;;;;;;;;;;
4;19;2026;119101;01030100;8;8111;2;0;2;0;0;0;0;0;2;0;2;0;0;2;0;0;0;2;0;0;0;2;0;0;0;0;0;0;0;;;;;;;;;;;;;;;;;;;;;
6;19;2026;119100;29101742;8;8110;13;38;;;;;;;;;;;;;;;;;;;;;;;;;;;;;;;;;;;;;;;;;;;;;;;;
6;19;2026;119100;01030100;8;8110;67;0;3;47;17;0;1;1;9;67;54;34;19;0;18;52;62;2;55;0;0;50;62;0;6;2;0;0;0;0;;;;;;;;;;;;;;;;;;;;
6;19;2026;119100;29101714;8;8110;2;0;0;2;0;0;0;0;2;2;2;2;1;0;0;1;1;0;1;0;0;1;1;0;0;0;0;0;0;0;;;;;;;;;;;;;;;;;;;;
6;19;2026;119100;01030300;8;8110;13;0;0;9;4;0;0;0;2;0;13;0;0;0;0;0;11;1;9;0;0;8;13;0;0;1;0;0;0;0;;;;;;;;;;;;;;;;;;;;
6;19;2026;119100;24090700;8;8110;41;0;0;30;11;0;1;0;5;0;41;12;9;2;0;23;18;2;21;0;1;19;39;0;3;5;1;0;0;0;;;;;;;;;;;;;;;;;;;;
5;19;2026;119102;29101728;8;8107;1;0;0;1;;;;;;;;;;;;;;;;;;;;;;;;;;;;;;;;;;;;;;;;;;;;;;
5;19;2026;119102;01030100;8;8107;1;0;0;0;1;;;;;1;0;0;0;0;1;1;;;;;1;1;0;0;0;0;0;0;0;0;;;;;;;;;;;;;;;;;;;;
4;18;2026;118100;29101714;8;8101;1;0;0;0;1;0;0;0;1;1;1;0;0;0;0;0;0;0;0;0;0;0;0;0;0;0;0;0;0;0;;;;;;;;;;;;;;;;;;;;
4;18;2026;118100;01030300;8;8101;19;0;0;13;6;0;0;0;1;16;18;0;0;1;0;0;0;0;9;1;10;9;11;0;0;3;0;0;0;0;;;;;;;;;;;;;;;;;;;;
4;18;2026;118100;24090700;8;8101;65;0;2;49;14;0;2;4;15;50;62;0;0;3;0;0;0;3;25;2;33;27;46;0;0;8;0;0;0;0;;;;;;;;;;;;;;;;;;;;
3;18;2026;118100;29101718;8;8101;1;0;0;1;0;0;0;0;0;0;0;0;0;0;0;0;0;0;0;0;0;0;0;0;0;0;0;0;0;0;;;;;;;;;;;;;;;;;;;;
3;18;2026;118100;29101728;8;8101;64;1;11;52;;;;;;;;;;;;;;;;;;;;;;;;;;;;;;;;;;;;;;;;;;;;;;
3;18;2026;118100;29101742;8;8101;14;60;;;;;;;;;;;;;;;;;;;;;;;;;;;;;;;;;;;;;;;;;;;;;;;;
3;18;2026;118100;29101716;8;8101;1;0;0;1;0;0;0;0;0;0;0;0;0;0;0;0;0;0;0;0;0;0;0;0;0;0;0;0;0;0;;;;;;;;;;;;;;;;;;;;
2;18;2026;118105;29101728;8;8102;19;;2;17;;;;;;;;;;;;;;;;;;;;;;;;;;;;;;;;;;;;;;;;;;;;;;
2;18;2026;118105;29101729;8;8102;19;;6;13;;;;;;;;;;;;;;;;;;;;;;;;;;;;;;;;;;;;;;;;;;;;;;
3;18;2026;118100;01030300;8;8101;15;0;0;6;9;0;0;0;0;0;14;0;0;1;0;0;0;1;7;0;9;8;20;0;0;2;0;0;0;0;;;;;;;;;;;;;;;;;;;;
3;18;2026;118100;24090700;8;8101;64;0;1;50;13;0;1;2;17;45;64;0;0;0;0;0;0;2;14;2;37;19;26;0;0;8;0;0;0;0;;;;;;;;;;;;;;;;;;;;
3;18;2026;118100;29101729;8;8101;6;0;1;5;;;;;;;;;;;;;;;;;;;;;;;;;;;;;;;;;;;;;;;;;;;;;;
2;18;2026;118105;29101742;8;8102;30;16;;;;;;;;;;;;;;;;;;;;;;;;;;;;;;;;;;;;;;;;;;;;;;;;
2;18;2026;118105;01030100;8;8102;19;;;16;3;;;;1;15;13;;;;3;12;18;1;25;;;19;42;;3;2;0;0;0;0;;;;;;;;;;;;;;;;;;;;
2;18;2026;118105;01030300;8;8102;4;;;4;;;;;;;;;;;;;3;;;;;;;;0;0;0;0;0;0;;;;;;;;;;;;;;;;;;;;
2;18;2026;118105;24090700;8;8102;21;;;16;5;;;;9;;1;;;1;;4;8;;;;;;;;1;0;0;0;0;0;;;;;;;;;;;;;;;;;;;;
2;18;2026;118100;29101715;8;8101;1;0;1;0;0;0;0;0;0;0;0;0;0;0;0;0;0;0;0;0;0;0;0;0;0;0;0;0;0;0;;;;;;;;;;;;;;;;;;;;
2;18;2026;118100;29101728;8;8101;69;0;25;44;;;;;;;;;;;;;;;;;;;;;;;;;;;;;;;;;;;;;;;;;;;;;;
2;18;2026;118100;29101729;8;8101;1;0;0;1;;;;;;;;;;;;;;;;;;;;;;;;;;;;;;;;;;;;;;;;;;;;;;
2;18;2026;118100;29101742;8;8101;14;56;;;;;;;;;;;;;;;;;;;;;;;;;;;;;;;;;;;;;;;;;;;;;;;;
3;18;2026;118100;01030100;8;8101;76;0;7;57;12;1;0;2;6;62;64;12;0;0;41;53;52;2;59;1;7;58;61;0;0;13;0;0;0;0;;;;;;;;;;;;;;;;;;;;
5;18;2026;118105;29101728;8;8102;19;;9;10;;;;;;;;;;;;;;;;;;;;;;;;;;;;;;;;;;;;;;;;;;;;;;
5;18;2026;118105;29101729;8;8102;1;;;1;;;;;;;;;;;;;;;;;;;;;;;;;;;;;;;;;;;;;;;;;;;;;;
1;18;2026;118105;29101728;8;8102;15;;4;11;;;;;;;;;;;;;;;;;;;;;;;;;;;;;;;;;;;;;;;;;;;;;;
1;18;2026;118105;29101729;8;8102;1;;;1;;;;;;;;;;;;;;;;;;;;;;;;;;;;;;;;;;;;;;;;;;;;;;
1;18;2026;118106;29101728;8;8106;2;0;1;1;;;;;;;;;;;;;;;;;;;;;;;;;;;;;;;;;;;;;;;;;;;;;;
1;18;2026;118106;29101742;8;8106;6;0;;;;;;;;;;;;;;;;;;;;;;;;;;;;;;;;;;;;;;;;;;;;;;;;
1;18;2026;118106;01030100;8;8106;1;0;0;1;0;0;0;0;0;1;1;0;0;0;1;1;1;0;1;0;0;1;1;0;0;0;0;0;0;0;;;;;;;;;;;;;;;;;;;;
1;18;2026;118106;01030300;8;8106;6;0;0;4;2;0;0;0;0;0;6;0;0;0;0;0;1;0;5;0;0;4;6;0;0;0;0;0;0;0;;;;;;;;;;;;;;;;;;;;
1;18;2026;118105;29101742;8;8102;5;20;;;;;;;;;;;;;;;;;;;;;;;;;;;;;;;;;;;;;;;;;;;;;;;;
1;18;2026;118105;01030100;8;8102;16;;2;11;3;;;;3;8;12;;;;7;12;10;1;15;;;15;;;0;2;0;0;0;0;;;;;;;;;;;;;;;;;;;;
1;18;2026;118105;01030300;8;8102;5;;;2;3;;;;;;2;;;;;;2;;1;;4;1;;;0;0;0;0;0;0;;;;;;;;;;;;;;;;;;;;
1;18;2026;118105;24090700;8;8102;20;;1;17;2;;;;6;;25;;;;;4;7;;3;2;12;1;;;2;0;0;0;0;0;;;;;;;;;;;;;;;;;;;;
2;18;2026;118106;29101729;8;8106;2;0;0;2;;;;;;;;;;;;;;;;;;;;;;;;;;;;;;;;;;;;;;;;;;;;;;
2;18;2026;118106;29101742;8;8106;5;0;;;;;;;;;;;;;;;;;;;;;;;;;;;;;;;;;;;;;;;;;;;;;;;;
2;18;2026;118106;01030100;8;8106;2;0;0;2;0;0;0;0;0;2;0;0;0;0;0;0;2;0;2;0;0;2;2;0;0;0;0;0;0;0;;;;;;;;;;;;;;;;;;;;
2;18;2026;118106;01030300;8;8106;5;0;0;4;1;0;0;0;0;0;5;0;0;0;0;0;1;0;4;0;0;1;4;0;0;0;0;0;0;0;;;;;;;;;;;;;;;;;;;;
2;18;2026;118100;01030100;8;8101;73;0;3;55;15;0;1;1;13;63;61;16;1;0;42;58;53;3;61;0;10;43;57;0;4;16;0;0;0;0;;;;;;;;;;;;;;;;;;;;
3;18;2026;118106;29101728;8;8106;2;0;0;2;;;;;;;;;;;;;;;;;;;;;;;;;;;;;;;;;;;;;;;;;;;;;;
3;18;2026;118106;29101742;8;8106;5;1;;;;;;;;;;;;;;;;;;;;;;;;;;;;;;;;;;;;;;;;;;;;;;;;
3;18;2026;118106;01030100;8;8106;2;0;0;2;0;0;0;0;0;0;0;0;0;0;1;0;2;1;1;0;0;1;0;0;0;0;0;0;0;0;;;;;;;;;;;;;;;;;;;;
3;18;2026;118106;01030300;8;8106;5;0;0;4;1;0;0;0;0;0;5;0;0;0;0;0;0;0;5;0;0;3;5;0;0;0;0;0;0;0;;;;;;;;;;;;;;;;;;;;
3;18;2026;118106;24090700;8;8106;1;0;0;0;1;0;0;0;0;0;1;0;0;0;0;0;0;0;1;0;0;0;1;0;0;0;0;0;0;0;;;;;;;;;;;;;;;;;;;;
2;18;2026;118100;29101714;8;8101;2;0;0;1;1;0;0;0;0;1;2;0;0;0;0;2;0;0;0;0;1;0;0;0;0;0;0;0;0;0;;;;;;;;;;;;;;;;;;;;
2;18;2026;118100;01030300;8;8101;15;0;0;10;5;0;0;0;0;17;15;0;0;0;0;0;0;0;3;1;13;6;19;0;1;2;0;0;0;0;;;;;;;;;;;;;;;;;;;;
2;18;2026;118100;24090700;8;8101;63;0;1;42;20;0;2;6;11;38;63;0;0;1;0;0;0;0;16;1;13;18;32;0;1;7;0;0;0;0;;;;;;;;;;;;;;;;;;;;
3;18;2026;118105;29101728;8;8102;22;;8;14;;;;;;;;;;;;;;;;;;;;;;;;;;;;;;;;;;;;;;;;;;;;;;
3;18;2026;118105;29101729;8;8102;1;;1;0;;;;;;;;;;;;;;;;;;;;;;;;;;;;;;;;;;;;;;;;;;;;;;
3;18;2026;118105;29101742;8;8102;3;16;;;;;;;;;;;;;;;;;;;;;;;;;;;;;;;;;;;;;;;;;;;;;;;;
5;18;2026;118106;29101728;8;8106;6;;2;4;;;;;;;;;;;;;;;;;;;;;;;;;;;;;;;;;;;;;;;;;;;;;;
3;18;2026;118105;01030100;8;8102;23;;5;16;2;;;;3;11;14;;;;5;20;19;1;23;;;21;23;2;3;0;0;0;0;0;;;;;;;;;;;;;;;;;;;;
3;18;2026;118105;01030300;8;8102;5;;;5;;;;;1;;;;;;;;4;;2;;2;2;4;;0;0;0;0;0;0;;;;;;;;;;;;;;;;;;;;
3;18;2026;118105;24090700;8;8102;21;;1;14;6;;;;4;;2;;;;;3;6;;3;3;13;1;1;1;2;1;0;0;0;0;;;;;;;;;;;;;;;;;;;;
5;18;2026;118105;29101742;8;8102;9;14;;;;;;;;;;;;;;;;;;;;;;;;;;;;;;;;;;;;;;;;;;;;;;;;
5;18;2026;118105;01030100;8;8102;20;;1;17;2;;;1;3;12;28;;1;;6;20;16;1;16;;;15;13;;2;2;0;0;0;0;;;;;;;;;;;;;;;;;;;;
5;18;2026;118105;01030300;8;8102;5;;;3;2;;;;4;;5;;;;;;1;;2;;4;2;6;;1;1;0;0;0;0;;;;;;;;;;;;;;;;;;;;
5;18;2026;118105;24090700;8;8102;18;;4;12;2;;;;;;18;;;;;4;14;;7;1;7;6;12;;0;2;0;0;0;0;;;;;;;;;;;;;;;;;;;;
5;18;2026;118106;01030100;8;8106;6;0;0;4;2;;;;;6;2;;;;3;2;6;0;6;;;6;6;0;1;0;1;0;0;0;;;;;;;;;;;;;;;;;;;;
5;18;2026;118106;01030300;8;8106;3;0;0;2;1;;;;;;3;;;;;;0;0;2;;;0;3;0;0;0;0;0;0;0;;;;;;;;;;;;;;;;;;;;
6;18;2026;118100;29101718;8;8101;2;0;0;1;1;0;0;0;1;0;0;0;0;0;1;0;0;0;0;0;0;0;0;0;0;0;0;0;0;0;;;;;;;;;;;;;;;;;;;;
6;18;2026;118100;29101728;8;8101;56;0;8;48;;;;;;;;;;;;;;;;;;;;;;;;;;;;;;;;;;;;;;;;;;;;;;
6;18;2026;118100;29101729;8;8101;4;0;0;4;;;;;;;;;;;;;;;;;;;;;;;;;;;;;;;;;;;;;;;;;;;;;;
1;18;2026;118100;29101718;8;8101;1;0;0;1;0;0;0;0;0;1;0;0;0;0;1;0;0;0;0;0;0;0;1;0;0;1;0;0;0;0;;;;;;;;;;;;;;;;;;;;
1;18;2026;118100;29101728;8;8101;68;2;13;53;;;;;;;;;;;;;;;;;;;;;;;;;;;;;;;;;;;;;;;;;;;;;;
6;18;2026;118100;29101742;8;8101;15;47;;;;;;;;;;;;;;;;;;;;;;;;;;;;;;;;;;;;;;;;;;;;;;;;
6;18;2026;118100;01030100;8;8101;66;0;3;51;12;0;1;0;6;62;47;14;;0;32;50;45;0;56;0;0;51;51;0;1;9;0;0;0;0;;;;;;;;;;;;;;;;;;;;
6;18;2026;118100;01030300;8;8101;16;0;0;9;7;0;0;3;2;20;15;0;0;1;0;0;0;0;9;0;2;10;10;0;0;2;0;0;0;0;;;;;;;;;;;;;;;;;;;;
6;18;2026;118100;24090700;8;8101;51;0;4;32;15;0;1;1;12;40;50;0;0;2;0;0;0;1;20;0;9;25;29;0;0;2;0;0;0;0;;;;;;;;;;;;;;;;;;;;
1;18;2026;118100;29101729;8;8101;3;0;0;3;;;;;;;;;;;;;;;;;;;;;;;;;;;;;;;;;;;;;;;;;;;;;;
1;18;2026;118100;29101742;8;8101;17;54;;;;;;;;;;;;;;;;;;;;;;;;;;;;;;;;;;;;;;;;;;;;;;;;
1;18;2026;118100;01030100;8;8101;76;0;5;59;12;1;1;1;8;66;54;14;0;0;36;44;45;2;58;1;15;48;60;0;0;13;0;0;0;0;;;;;;;;;;;;;;;;;;;;
1;18;2026;118100;29101714;8;8101;1;0;0;1;0;0;0;0;0;0;1;0;0;0;0;0;0;0;0;0;0;0;0;0;0;0;0;0;0;0;;;;;;;;;;;;;;;;;;;;
1;18;2026;118100;01030300;8;8101;18;0;0;9;9;0;0;0;0;17;18;0;0;0;0;0;0;0;14;0;10;9;17;0;0;0;0;0;0;0;;;;;;;;;;;;;;;;;;;;
1;18;2026;118100;24090700;8;8101;64;0;3;47;14;0;2;4;10;48;63;0;0;2;0;0;0;0;23;1;30;31;39;0;1;6;0;0;0;0;;;;;;;;;;;;;;;;;;;;
5;18;2026;118100;29101716;8;8101;1;0;0;0;1;0;0;0;0;0;0;0;0;0;1;0;0;0;;0;0;0;0;0;0;0;0;0;0;0;;;;;;;;;;;;;;;;;;;;
6;18;2026;118105;29101728;8;8102;15;;3;12;;;;;;;;;;;;;;;;;;;;;;;;;;;;;;;;;;;;;;;;;;;;;;
6;18;2026;118105;29101729;8;8102;1;;;1;;;;;;;;;;;;;;;;;;;;;;;;;;;;;;;;;;;;;;;;;;;;;;
6;18;2026;118105;29101742;8;8102;6;16;;;;;;;;;;;;;;;;;;;;;;;;;;;;;;;;;;;;;;;;;;;;;;;;
6;18;2026;118105;01030100;8;8102;16;;;13;3;;;;3;9;14;;;;8;10;12;1;14;;1;14;15;;4;2;0;0;0;0;;;;;;;;;;;;;;;;;;;;
6;18;2026;118105;01030300;8;8102;6;;;2;4;;;;2;;6;;;1;;;5;;2;;5;2;6;;0;0;0;0;0;0;;;;;;;;;;;;;;;;;;;;
6;18;2026;118105;24090700;8;8102;16;;10;4;2;;;;;;16;;;;;1;6;;3;1;10;2;12;;1;0;0;0;0;0;;;;;;;;;;;;;;;;;;;;
6;18;2026;118106;29101728;8;8106;2;;;2;;;;;;;;;;;;;;;;;;;;;;;;;;;;;;;;;;;;;;;;;;;;;;
6;18;2026;118106;29101742;8;8106;2;0;;;;;;;;;;;;;;;;;;;;;;;;;;;;;;;;;;;;;;;;;;;;;;;;
6;18;2026;118106;01030100;8;8106;2;0;0;2;0;0;0;0;0;1;0;0;0;0;1;1;2;0;1;0;0;1;1;0;0;0;0;0;0;0;;;;;;;;;;;;;;;;;;;;
6;18;2026;118106;01030300;8;8106;2;0;0;1;1;0;0;0;0;0;2;0;0;0;0;0;0;0;2;0;0;2;2;0;0;0;0;0;0;0;;;;;;;;;;;;;;;;;;;;
2;26;2026;126101;01030100;12;12401;9;0;0;5;4;0;0;0;1;9;8;4;0;0;5;9;8;;7;;1;9;9;0;3;1;0;0;0;0;;;;;;;;;;;;;;;;;;;;
2;26;2026;126101;01030300;12;12401;1;;;1;;;;;;1;1;0;0;0;0;0;0;;1;;0;1;1;0;0;0;0;0;0;0;;;;;;;;;;;;;;;;;;;;
2;26;2026;126101;29101728;12;12401;9;;3;6;;;;;;;;;;;;;;;;;;;;;;;;;;;;;;;;;;;;;;;;;;;;;;
2;26;2026;126101;29101742;12;12401;1;1;;;;;;;;;;;;;;;;;;;;;;;;;;;;;;;;;;;;;;;;;;;;;;;;
2;26;2026;126101;24090700;12;12401;1;;;1;;;;;;1;1;1;0;0;0;1;1;;1;;0;0;1;0;1;0;0;0;0;0;;;;;;;;;;;;;;;;;;;;
3;26;2026;126100;29101715;12;12101;1;0;0;1;0;0;0;0;0;0;0;0;0;0;0;0;0;0;0;0;0;0;0;0;0;0;0;0;0;0;;;;;;;;;;;;;;;;;;;;
3;26;2026;126100;29101728;12;12101;42;0;11;31;;;;;;;;;;;;;;;;;;;;;;;;;;;;;;;;;;;;;;;;;;;;;;
3;26;2026;126100;29101742;12;12101;8;13;;;;;;;;;;;;;;;;;;;;;;;;;;;;;;;;;;;;;;;;;;;;;;;;
3;26;2026;126100;01030100;12;12101;42;0;1;38;3;0;0;1;6;0;0;0;0;0;0;0;0;0;0;3;0;0;0;0;0;0;0;0;0;0;;;;;;;;;;;;;;;;;;;;
3;26;2026;126100;29101714;12;12101;1;0;0;0;1;0;0;0;0;0;0;0;0;0;0;0;0;0;0;0;0;0;0;0;0;0;0;0;0;0;;;;;;;;;;;;;;;;;;;;
3;26;2026;126100;01030300;12;12101;8;0;0;3;5;0;0;0;0;0;0;0;0;0;0;0;0;0;0;0;0;0;0;0;0;0;0;0;0;0;;;;;;;;;;;;;;;;;;;;
3;26;2026;126100;24090700;12;12101;15;0;1;12;2;0;0;1;3;0;0;0;0;0;0;0;0;0;0;0;0;0;0;0;0;0;0;0;0;0;;;;;;;;;;;;;;;;;;;;
3;26;2026;126101;29101728;12;12401;8;;;8;;;;;;;;;;;;;;;;;;;;;;;;;;;;;;;;;;;;;;;;;;;;;;
3;26;2026;126101;29101742;12;12401;2;5;;;;;;;;;;;;;;;;;;;;;;;;;;;;;;;;;;;;;;;;;;;;;;;;
3;26;2026;126101;01030100;12;12401;8;0;0;7;1;0;0;0;0;8;6;3;0;0;5;8;6;;0;;8;8;8;0;3;3;0;0;0;0;;;;;;;;;;;;;;;;;;;;
3;26;2026;126101;01030300;12;12401;2;0;0;1;1;0;0;0;0;2;2;0;0;0;0;0;2;1;1;0;0;2;2;0;0;1;0;0;0;0;;;;;;;;;;;;;;;;;;;;
3;26;2026;126101;24090700;12;12401;5;0;0;4;1;0;0;0;0;5;5;1;1;0;0;4;2;0;3;0;2;2;5;0;1;0;0;0;0;0;;;;;;;;;;;;;;;;;;;;
4;26;2026;126100;29101728;12;12101;29;0;6;23;;;;;;;;;;;;;;;;;;;;;;;;;;;;;;;;;;;;;;;;;;;;;;
4;26;2026;126100;29101742;12;12101;12;18;;;;;;;;;;;;;;;;;;;;;;;;;;;;;;;;;;;;;;;;;;;;;;;;
4;26;2026;126100;01030100;12;12101;28;0;1;20;7;1;0;0;2;28;25;0;0;0;7;19;25;1;26;0;0;25;26;0;8;5;0;1;0;0;;;;;;;;;;;;;;;;;;;;
4;26;2026;126100;29101714;12;12101;2;0;0;2;0;0;0;0;0;2;2;0;0;0;1;2;1;0;2;0;0;1;2;0;1;0;0;0;0;0;;;;;;;;;;;;;;;;;;;;
4;26;2026;126100;01030300;12;12101;12;0;0;6;6;0;0;0;2;12;12;0;0;0;0;0;4;0;2;0;8;4;11;0;5;2;0;0;0;0;;;;;;;;;;;;;;;;;;;;
4;26;2026;126100;24090700;12;12101;19;0;0;16;3;0;1;1;2;19;19;0;0;0;0;8;7;0;0;0;17;7;17;0;5;3;0;0;0;0;;;;;;;;;;;;;;;;;;;;
4;26;2026;126101;29101728;12;12401;12;;1;11;;;;;;;;;;;;;;;;;;;;;;;;;;;;;;;;;;;;;;;;;;;;;;
4;26;2026;126101;29101742;12;12401;4;1;;;;;;;;;;;;;;;;;;;;;;;;;;;;;;;;;;;;;;;;;;;;;;;;
4;26;2026;126101;01030100;12;12401;13;0;0;9;4;0;0;0;0;13;9;2;0;0;8;13;13;0;12;0;0;12;12;0;4;1;0;0;0;0;;;;;;;;;;;;;;;;;;;;
4;26;2026;126101;29101714;12;12401;1;0;0;1;0;0;0;0;0;1;1;0;0;0;1;1;1;;1;;0;1;1;0;0;1;0;0;0;0;;;;;;;;;;;;;;;;;;;;
4;26;2026;126101;01030300;12;12401;4;0;0;4;0;0;0;0;0;2;4;0;0;0;0;0;4;0;1;0;0;3;4;0;2;2;0;0;0;0;;;;;;;;;;;;;;;;;;;;
4;26;2026;126101;24090700;12;12401;1;0;0;1;0;0;0;0;0;1;1;1;0;0;0;1;1;0;0;0;0;1;1;0;0;1;0;0;0;0;;;;;;;;;;;;;;;;;;;;
1;26;2026;126101;29101728;12;12401;4;;;4;;;;;;;;;;;;;;;;;;;;;;;;;;;;;;;;;;;;;;;;;;;;;;
1;26;2026;126101;29101742;12;12401;3;6;;;;;;;;;;;;;;;;;;;;;;;;;;;;;;;;;;;;;;;;;;;;;;;;
1;26;2026;126101;01030100;12;12401;5;0;0;5;0;0;0;0;0;5;4;0;0;0;3;5;5;;5;;0;5;5;0;1;3;0;0;0;0;;;;;;;;;;;;;;;;;;;;
1;26;2026;126101;01030300;12;12401;3;;;1;2;0;0;0;0;3;3;0;0;0;0;1;1;;3;;0;3;3;0;0;1;0;0;0;0;;;;;;;;;;;;;;;;;;;;
1;26;2026;126101;24090700;12;12401;6;0;0;4;2;0;0;0;0;5;6;0;0;0;0;4;5;;4;;1;3;6;0;0;3;0;0;0;0;;;;;;;;;;;;;;;;;;;;
1;26;2026;126100;29101728;12;12101;48;0;12;36;;;;;;;;;;;;;;;;;;;;;;;;;;;;;;;;;;;;;;;;;;;;;;
1;26;2026;126100;29101729;12;12101;10;0;3;7;;;;;;;;;;;;;;;;;;;;;;;;;;;;;;;;;;;;;;;;;;;;;;
1;26;2026;126100;29101742;12;12101;5;22;;;;;;;;;;;;;;;;;;;;;;;;;;;;;;;;;;;;;;;;;;;;;;;;
1;26;2026;126100;01030100;12;12101;34;0;2;31;1;0;0;0;2;34;32;0;0;0;4;32;32;3;29;3;30;28;0;0;16;3;0;0;1;0;;;;;;;;;;;;;;;;;;;;
1;26;2026;126100;29101714;12;12101;1;0;0;1;0;0;0;0;0;1;1;0;0;0;0;1;1;0;1;0;1;1;0;0;0;1;0;0;0;0;;;;;;;;;;;;;;;;;;;;
1;26;2026;126100;01030300;12;12101;6;0;0;4;2;0;0;0;0;6;6;0;0;0;0;0;0;0;6;0;5;0;0;0;1;0;0;0;0;0;;;;;;;;;;;;;;;;;;;;
1;26;2026;126100;24090700;12;12101;19;0;0;11;8;0;1;1;1;19;18;0;0;1;0;12;0;0;7;0;14;3;0;0;4;3;0;0;0;0;;;;;;;;;;;;;;;;;;;;
5;26;2026;126100;29101728;12;12101;23;0;3;20;;;;;;;;;;;;;;;;;;;;;;;;;;;;;;;;;;;;;;;;;;;;;;
5;26;2026;126100;29101729;12;12101;2;0;1;1;;;;;;;;;;;;;;;;;;;;;;;;;;;;;;;;;;;;;;;;;;;;;;
5;26;2026;126100;29101742;12;12101;15;15;;;;;;;;;;;;;;;;;;;;;;;;;;;;;;;;;;;;;;;;;;;;;;;;
5;26;2026;126100;01030100;12;12101;25;0;1;22;2;0;0;1;1;21;0;0;0;0;0;18;19;0;24;0;24;22;24;0;5;6;0;0;0;0;;;;;;;;;;;;;;;;;;;;
5;26;2026;126100;29101714;12;12101;1;0;0;0;1;0;0;0;1;1;0;0;0;0;0;1;0;0;1;0;1;1;0;0;0;0;0;0;0;0;;;;;;;;;;;;;;;;;;;;
5;26;2026;126100;01030300;12;12101;15;0;0;11;4;0;0;1;5;15;0;0;0;0;0;0;6;0;12;0;15;2;13;0;5;3;0;0;0;0;;;;;;;;;;;;;;;;;;;;
5;26;2026;126100;24090700;12;12101;20;0;0;12;8;0;0;0;0;20;0;0;0;0;0;12;9;1;12;2;15;2;18;0;5;4;0;0;0;0;;;;;;;;;;;;;;;;;;;;
5;26;2026;126101;29101728;12;12401;12;;5;7;;;;;;;;;;;;;;;;;;;;;;;;;;;;;;;;;;;;;;;;;;;;;;
5;26;2026;126101;29101742;12;12401;;2;;;;;;;;;;;;;;;;;;;;;;;;;;;;;;;;;;;;;;;;;;;;;;;;
5;26;2026;126101;01030100;12;12401;12;;;9;3;0;0;0;1;12;10;4;0;0;10;11;10;;9;;0;9;11;0;3;1;0;0;0;0;;;;;;;;;;;;;;;;;;;;
5;26;2026;126101;24090700;12;12401;2;;;2;;0;0;0;0;2;2;0;0;0;0;2;1;;0;;1;0;1;0;1;1;0;0;0;0;;;;;;;;;;;;;;;;;;;;
6;26;2026;126100;29101728;12;12101;47;0;13;34;;;;;;;;;;;;;;;;;;;;;;;;;;;;;;;;;;;;;;;;;;;;;;
6;26;2026;126100;29101729;12;12101;20;0;9;11;;;;;;;;;;;;;;;;;;;;;;;;;;;;;;;;;;;;;;;;;;;;;;
6;26;2026;126100;29101742;12;12101;15;15;;;;;;;;;;;;;;;;;;;;;;;;;;;;;;;;;;;;;;;;;;;;;;;;
6;26;2026;126100;01030100;12;12101;40;0;2;33;5;0;0;0;3;16;35;0;0;0;1;30;40;2;37;0;24;35;39;0;12;8;0;0;0;0;;;;;;;;;;;;;;;;;;;;
6;26;2026;126100;29101714;12;12101;1;0;0;1;0;0;0;0;0;0;1;0;0;0;0;0;0;0;1;0;1;1;0;0;1;0;0;0;0;0;;;;;;;;;;;;;;;;;;;;
6;26;2026;126100;01030300;12;12101;6;0;0;3;3;0;0;0;0;15;6;0;0;0;0;0;6;0;3;0;6;1;6;0;3;0;0;0;0;0;;;;;;;;;;;;;;;;;;;;
6;26;2026;126100;24090700;12;12101;23;0;1;12;10;0;0;2;5;5;8;0;0;1;0;6;13;0;11;2;22;1;12;0;10;6;0;0;0;0;;;;;;;;;;;;;;;;;;;;
6;26;2026;126101;29101728;12;12401;9;0;3;6;;;;;;;;;;;;;;;;;;;;;;;;;;;;;;;;;;;;;;;;;;;;;;
6;26;2026;126101;29101742;12;12401;3;5;;;;;;;;;;;;;;;;;;;;;;;;;;;;;;;;;;;;;;;;;;;;;;;;
6;26;2026;126101;01030100;12;12401;9;0;1;7;1;0;0;0;0;9;5;4;0;0;5;9;8;0;9;0;0;9;9;0;2;3;0;0;0;0;;;;;;;;;;;;;;;;;;;;
6;26;2026;126101;01030300;12;12401;3;0;0;2;1;0;0;0;0;2;3;0;0;0;0;0;3;0;1;0;2;2;3;0;0;0;0;0;0;0;;;;;;;;;;;;;;;;;;;;
6;26;2026;126101;24090700;12;12401;5;0;0;5;0;0;0;0;0;3;4;0;0;1;0;5;2;0;0;0;3;2;4;0;0;2;0;0;0;0;;;;;;;;;;;;;;;;;;;;
2;14;2026;114105;29101742;13;13110;20;55;;;;;;;;;;;;;;;;;;;;;;;;;;;;;;;;;;;;;;;;;;;;;;;;
2;14;2026;114105;01030100;13;13110;104;0;2;87;15;0;0;2;11;100;88;0;1;0;4;90;78;1;85;0;0;66;0;0;0;25;0;0;0;0;;;;;;;;;;;;;;;;;;;;
2;14;2026;114105;29101714;13;13110;6;0;1;4;1;0;0;0;0;6;6;0;0;0;0;6;4;0;3;0;0;2;0;0;1;1;0;0;0;0;;;;;;;;;;;;;;;;;;;;
2;14;2026;114105;01030300;13;13110;20;0;1;10;9;0;0;0;0;0;20;0;0;0;0;1;18;0;17;0;0;8;0;0;1;3;0;0;0;0;;;;;;;;;;;;;;;;;;;;
2;14;2026;114105;24090700;13;13110;55;0;1;42;12;0;0;5;4;0;51;0;0;4;0;37;39;3;30;0;0;11;0;0;1;16;0;0;0;0;;;;;;;;;;;;;;;;;;;;
6;14;2026;114105;29101728;13;13110;90;1;18;71;;;;;;;;;;;;;;;;;;;;;;;;;;;;;;;;;;;;;;;;;;;;;;
6;14;2026;114105;29101729;13;13110;2;0;1;1;;;;;;;;;;;;;;;;;;;;;;;;;;;;;;;;;;;;;;;;;;;;;;
6;14;2026;114105;29101742;13;13110;17;45;;;;;;;;;;;;;;;;;;;;;;;;;;;;;;;;;;;;;;;;;;;;;;;;
6;14;2026;114105;01030100;13;13110;93;0;2;75;16;0;1;1;9;92;86;0;0;0;14;82;82;1;79;0;0;65;0;0;2;20;0;0;0;0;;;;;;;;;;;;;;;;;;;;
6;14;2026;114105;29101714;13;13110;6;0;0;6;0;0;0;0;0;5;6;0;0;0;0;6;3;0;4;0;0;3;0;0;0;1;0;0;0;0;;;;;;;;;;;;;;;;;;;;
6;14;2026;114105;01030300;13;13110;17;0;0;12;5;0;0;0;0;0;17;0;0;0;0;1;16;0;16;0;0;7;0;0;0;4;0;0;0;0;;;;;;;;;;;;;;;;;;;;
6;14;2026;114105;24090700;13;13110;47;0;0;37;10;0;2;1;7;0;47;0;0;6;0;29;27;2;24;0;0;14;0;0;3;8;0;0;0;0;;;;;;;;;;;;;;;;;;;;
1;14;2026;114105;29101742;13;13110;16;59;;;;;;;;;;;;;;;;;;;;;;;;;;;;;;;;;;;;;;;;;;;;;;;;
3;14;2026;114105;29101728;13;13110;95;0;25;70;;;;;;;;;;;;;;;;;;;;;;;;;;;;;;;;;;;;;;;;;;;;;;
3;14;2026;114105;29101742;13;13110;16;57;;;;;;;;;;;;;;;;;;;;;;;;;;;;;;;;;;;;;;;;;;;;;;;;
3;14;2026;114105;01030100;13;13110;95;0;3;77;15;0;0;0;14;93;84;0;0;0;3;80;85;1;77;0;0;61;86;0;3;23;0;0;0;0;;;;;;;;;;;;;;;;;;;;
3;14;2026;114105;29101714;13;13110;4;0;0;2;2;0;0;0;1;3;4;0;0;0;0;4;2;0;2;0;0;2;2;0;0;0;0;0;0;0;;;;;;;;;;;;;;;;;;;;
3;14;2026;114105;01030300;13;13110;17;0;1;10;6;0;0;0;1;0;17;0;0;0;0;2;12;3;12;0;0;9;16;0;0;7;0;0;0;0;;;;;;;;;;;;;;;;;;;;
3;14;2026;114105;24090700;13;13110;58;0;0;46;12;0;0;2;10;0;51;0;0;7;0;34;34;1;27;0;0;13;47;0;0;12;0;0;0;0;;;;;;;;;;;;;;;;;;;;
2;14;2026;114105;29101716;13;13110;1;0;0;1;0;0;0;0;0;1;0;0;0;0;1;1;1;0;1;0;0;0;0;0;0;1;0;0;0;0;;;;;;;;;;;;;;;;;;;;
4;14;2026;114105;01030100;13;13110;94;1;4;72;17;0;2;0;10;94;79;0;0;0;3;79;79;6;77;0;0;64;82;0;4;22;0;0;0;0;;;;;;;;;;;;;;;;;;;;
4;14;2026;114105;29101714;13;13110;6;0;1;5;0;0;0;0;1;6;6;0;0;0;0;6;3;1;3;0;0;1;5;0;0;0;0;0;0;0;;;;;;;;;;;;;;;;;;;;
4;14;2026;114105;01030300;13;13110;18;0;1;11;6;0;0;0;0;0;17;0;0;1;0;0;16;0;14;0;0;12;17;0;0;2;0;0;0;0;;;;;;;;;;;;;;;;;;;;
4;14;2026;114105;24090700;13;13110;56;0;3;37;16;0;0;2;9;0;51;0;0;3;0;23;37;1;35;0;0;16;47;0;2;16;0;0;0;0;;;;;;;;;;;;;;;;;;;;
4;14;2026;114105;29101728;13;13110;94;2;22;70;;;;;;;;;;;;;;;;;;;;;;;;;;;;;;;;;;;;;;;;;;;;;;
5;14;2026;114105;29101728;13;13110;86;0;25;61;;;;;;;;;;;;;;;;;;;;;;;;;;;;;;;;;;;;;;;;;;;;;;
5;14;2026;114105;29101742;13;13110;17;58;;;;;;;;;;;;;;;;;;;;;;;;;;;;;;;;;;;;;;;;;;;;;;;;
5;14;2026;114105;01030100;13;13110;87;0;3;68;16;0;0;2;9;86;86;0;1;0;0;81;72;1;69;0;0;50;0;0;3;22;0;0;0;0;;;;;;;;;;;;;;;;;;;;
5;14;2026;114105;29101714;13;13110;7;0;0;6;1;0;0;0;0;7;7;0;0;0;0;7;4;0;4;0;0;2;0;0;0;3;0;0;0;0;;;;;;;;;;;;;;;;;;;;
5;14;2026;114105;01030300;13;13110;17;0;0;13;4;0;0;0;1;0;17;0;0;0;0;1;15;0;15;0;0;7;0;0;0;5;0;0;0;0;;;;;;;;;;;;;;;;;;;;
5;14;2026;114105;24090700;13;13110;60;0;4;45;11;0;0;2;8;0;53;0;0;7;0;37;32;1;27;0;0;8;0;0;1;16;0;0;0;0;;;;;;;;;;;;;;;;;;;;
4;18;2026;118105;29101728;8;8102;13;;2;11;;;;;;;;;;;;;;;;;;;;;;;;;;;;;;;;;;;;;;;;;;;;;;
4;18;2026;118105;29101729;8;8102;1;;1;;;;;;;;;;;;;;;;;;;;;;;;;;;;;;;;;;;;;;;;;;;;;;;
1;14;2026;114103;29101717;13;13131;1;0;0;0;1;;;;1;;;;;;;;;;;;;;;;0;0;0;0;0;0;;;;;;;;;;;;;;;;;;;;
1;14;2026;114103;01030100;13;13131;94;0;13;70;11;0;0;1;12;94;85;0;8;0;2;0;;3;68;3;66;74;0;0;0;0;0;0;0;0;;;;;;;;;;;;;;;;;;;;
1;14;2026;114103;29101714;13;13131;9;0;0;8;1;0;0;0;2;9;9;0;2;0;0;0;;0;3;0;3;3;0;0;0;0;0;0;0;0;;;;;;;;;;;;;;;;;;;;
1;14;2026;114103;01030300;13;13131;23;0;0;13;10;0;0;0;0;23;23;0;12;0;0;0;;0;15;0;15;18;0;0;0;0;0;0;0;0;;;;;;;;;;;;;;;;;;;;
1;14;2026;114103;24090700;13;13131;53;0;3;34;16;0;0;4;8;53;50;0;24;3;0;0;;2;14;2;14;16;0;0;0;0;0;0;0;0;;;;;;;;;;;;;;;;;;;;
1;14;2026;114103;29101728;13;13131;91;0;23;68;;;;;;;;;;;;;;;;;;;;;;;;;;;;;;;;;;;;;;;;;;;;;;
1;14;2026;114103;29101729;13;13131;1;0;0;1;;;;;;;;;;;;;;;;;;;;;;;;;;;;;;;;;;;;;;;;;;;;;;
1;14;2026;114103;29101742;13;13131;23;76;;;;;;;;;;;;;;;;;;;;;;;;;;;;;;;;;;;;;;;;;;;;;;;;
6;14;2026;114103;24090700;13;13131;39;0;2;27;10;0;2;3;8;39;39;0;0;0;0;16;;0;4;0;4;8;;;0;0;0;0;0;0;;;;;;;;;;;;;;;;;;;;
2;14;2026;114103;29101717;13;13131;1;0;0;1;0;;;;;;;;;;;;;;;;;;;;0;0;0;0;0;0;;;;;;;;;;;;;;;;;;;;
6;14;2026;114103;29101728;13;13131;76;0;14;62;;;;;;;;;;;;;;;;;;;;;;;;;;;;;;;;;;;;;;;;;;;;;;
6;14;2026;114103;29101729;13;13131;1;0;0;1;;;;;;;;;;;;;;;;;;;;;;;;;;;;;;;;;;;;;;;;;;;;;;
6;14;2026;114103;29101742;13;13131;11;37;;;;;;;;;;;;;;;;;;;;;;;;;;;;;;;;;;;;;;;;;;;;;;;;
6;14;2026;114103;01030100;13;13131;77;0;6;63;8;0;0;0;4;77;72;0;0;0;3;1;;1;57;1;54;64;;;0;0;0;0;0;0;;;;;;;;;;;;;;;;;;;;
6;14;2026;114103;29101714;13;13131;12;0;1;10;1;0;0;0;0;12;12;0;0;0;0;0;;0;3;0;2;5;;;0;0;0;0;0;0;;;;;;;;;;;;;;;;;;;;
6;14;2026;114103;01030300;13;13131;11;0;0;8;3;0;0;0;0;11;11;0;0;0;0;2;;0;4;0;4;6;;;0;0;0;0;0;0;;;;;;;;;;;;;;;;;;;;
2;14;2026;114103;29101728;13;13131;65;1;19;45;;;;;;;;;;;;;;;;;;;;;;;;;;;;;;;;;;;;;;;;;;;;;;
2;14;2026;114103;29101729;13;13131;7;0;4;3;;;;;;;;;;;;;;;;;;;;;;;;;;;;;;;;;;;;;;;;;;;;;;
3;14;2026;114103;29101742;13;13131;13;42;;;;;;;;;;;;;;;;;;;;;;;;;;;;;;;;;;;;;;;;;;;;;;;;
3;14;2026;114103;29101728;13;13131;96;;25;71;;;;;;;;;;;;;;;;;;;;;;;;;;;;;;;;;;;;;;;;;;;;;;
3;14;2026;114103;29101729;13;13131;10;;2;8;;;;;;;;;;;;;;;;;;;;;;;;;;;;;;;;;;;;;;;;;;;;;;
3;14;2026;114103;01030100;13;13131;108;0;4;90;14;1;1;2;10;108;100;;2;0;1;0;;4;78;3;76;79;;;0;0;0;0;0;0;;;;;;;;;;;;;;;;;;;;
3;14;2026;114103;29101714;13;13131;6;0;1;5;0;0;0;0;0;6;6;;1;0;0;0;;0;1;0;1;1;;;0;0;0;0;0;0;;;;;;;;;;;;;;;;;;;;
3;14;2026;114103;01030300;13;13131;13;0;1;10;2;0;0;0;0;13;13;;11;0;0;0;;0;11;0;11;5;;;0;0;0;0;0;0;;;;;;;;;;;;;;;;;;;;
3;14;2026;114103;24090700;13;13131;45;0;1;33;11;0;1;3;8;45;43;;14;2;0;0;;1;12;1;12;7;;;0;0;0;0;0;0;;;;;;;;;;;;;;;;;;;;
3;14;2026;114103;29101717;13;13131;1;0;0;1;0;;;;;;;;;;;;;;;;;;;;0;0;0;0;0;0;;;;;;;;;;;;;;;;;;;;
2;14;2026;114103;29101742;13;13131;7;44;;;;;;;;;;;;;;;;;;;;;;;;;;;;;;;;;;;;;;;;;;;;;;;;
2;14;2026;114103;01030100;13;13131;75;0;5;57;13;1;0;0;10;75;69;0;8;0;2;0;;;;;;57;;;0;0;0;0;0;0;;;;;;;;;;;;;;;;;;;;
2;14;2026;114103;29101714;13;13131;7;0;1;6;0;0;0;0;0;7;7;0;2;0;0;0;;;;;;3;;;0;0;0;0;0;0;;;;;;;;;;;;;;;;;;;;
2;14;2026;114103;01030300;13;13131;7;0;0;5;2;0;0;0;0;7;7;0;12;0;0;0;;;;;;2;;;0;0;0;0;0;0;;;;;;;;;;;;;;;;;;;;
2;14;2026;114103;24090700;13;13131;48;0;3;38;7;0;0;2;9;48;46;0;24;2;0;0;;;;;;14;;;0;0;0;0;0;0;;;;;;;;;;;;;;;;;;;;
5;14;2026;114103;29101728;13;13131;83;1;13;69;;;;;;;;;;;;;;;;;;;;;;;;;;;;;;;;;;;;;;;;;;;;;;
5;14;2026;114103;29101729;13;13131;4;0;0;4;;;;;;;;;;;;;;;;;;;;;;;;;;;;;;;;;;;;;;;;;;;;;;
5;14;2026;114103;29101742;13;13131;15;51;;;;;;;;;;;;;;;;;;;;;;;;;;;;;;;;;;;;;;;;;;;;;;;;
5;14;2026;114103;01030100;13;13131;87;0;1;72;14;0;1;0;10;87;76;0;3;0;4;2;;3;59;3;57;63;;;0;0;0;0;0;0;;;;;;;;;;;;;;;;;;;;
5;14;2026;114103;29101714;13;13131;4;0;0;4;0;0;0;0;1;4;4;0;1;0;0;0;;0;0;0;0;2;;;0;0;0;0;0;0;;;;;;;;;;;;;;;;;;;;
5;14;2026;114103;01030300;13;13131;15;0;0;7;8;0;0;0;0;15;15;0;12;0;0;0;;0;1;0;1;14;;;0;0;0;0;0;0;;;;;;;;;;;;;;;;;;;;
5;14;2026;114103;24090700;13;13131;55;0;3;38;14;0;1;0;9;55;50;0;20;5;0;3;;1;13;1;;20;;;0;0;0;0;0;0;;;;;;;;;;;;;;;;;;;;
4;14;2026;114103;29101716;13;13131;1;0;0;0;0;;;;;;;;;;;;;;;;;;;;0;0;0;0;0;0;;;;;;;;;;;;;;;;;;;;
4;14;2026;114103;29101718;13;13131;1;0;0;1;0;;;;;;;;;;;;;;;;;;;;0;0;0;0;0;0;;;;;;;;;;;;;;;;;;;;
4;14;2026;114103;29101728;13;13131;82;1;19;62;;;;;;;;;;;;;;;;;;;;;;;;;;;;;;;;;;;;;;;;;;;;;;
4;14;2026;114103;29101729;13;13131;4;0;1;3;;;;;;;;;;;;;;;;;;;;;;;;;;;;;;;;;;;;;;;;;;;;;;
4;14;2026;114103;29101742;13;13131;17;49;;;;;;;;;;;;;;;;;;;;;;;;;;;;;;;;;;;;;;;;;;;;;;;;
4;14;2026;114103;01030100;13;13131;86;0;4;71;11;0;1;1;13;86;76;0;4;0;0;0;;4;78;3;76;62;;;0;0;0;0;0;0;;;;;;;;;;;;;;;;;;;;
4;14;2026;114103;29101714;13;13131;6;0;2;4;0;0;0;0;0;6;6;0;0;0;0;0;;0;1;0;1;1;;;0;0;0;0;0;0;;;;;;;;;;;;;;;;;;;;
4;14;2026;114103;01030300;13;13131;17;0;0;9;8;0;0;0;0;17;17;0;10;0;0;0;;0;11;0;11;9;;;0;0;0;0;0;0;;;;;;;;;;;;;;;;;;;;
4;14;2026;114103;24090700;13;13131;54;0;3;35;16;0;2;2;16;54;51;0;19;3;0;0;;1;12;1;12;6;;;0;0;0;0;0;0;;;;;;;;;;;;;;;;;;;;
1;14;2026;114101;01030100;13;13201;132;;7;103;22;1;1;2;10;5;126;0;0;;132;49;131;4;99;0;5;52;16;0;2;14;0;0;0;0;;;;;;;;;;;;;;;;;;;;
1;14;2026;114101;29101729;13;13201;152;0;38;114;;;;;;;;;;;;;;;;;;;;;;;;;;;;;;;;;;;;;;;;;;;;;;
1;14;2026;114101;29101742;13;13201;11;49;;;;;;;;;;;;;;;;;;;;;;;;;;;;;;;;;;;;;;;;;;;;;;;;
3;14;2026;114101;29101742;13;13201;23;41;;;;;;;;;;;;;;;;;;;;;;;;;;;;;;;;;;;;;;;;;;;;;;;;
3;14;2026;114101;29101728;13;13201;147;0;43;104;;;;;;;;;;;;;;;;;;;;;;;;;;;;;;;;;;;;;;;;;;;;;;
3;14;2026;114101;29101729;13;13201;106;0;26;80;;;;;;;;;;;;;;;;;;;;;;;;;;;;;;;;;;;;;;;;;;;;;;
3;14;2026;114101;01030100;13;13201;139;;9;110;20;0;0;0;139;;138;0;0;0;139;28;122;2;85;0;8;62;0;0;0;17;0;0;0;0;;;;;;;;;;;;;;;;;;;;
3;14;2026;114101;29101714;13;13201;12;;;10;2;0;0;0;12;;12;0;0;0;12;0;9;0;4;0;0;1;0;0;0;1;0;0;0;0;;;;;;;;;;;;;;;;;;;;
3;14;2026;114101;01030300;13;13201;39;;;30;9;0;0;0;39;;39;0;0;0;39;8;23;0;3;1;13;1;0;0;0;6;0;0;0;0;;;;;;;;;;;;;;;;;;;;
3;14;2026;114101;24090700;13;13201;67;;1;52;14;0;1;2;64;;67;0;0;0;67;0;70;0;4;2;26;0;0;0;0;10;0;0;0;0;;;;;;;;;;;;;;;;;;;;
4;14;2026;114101;01030100;13;13201;131;;6;89;36;0;1;2;128;19;120;0;0;;131;0;119;3;75;1;8;49;0;0;0;15;0;0;0;0;;;;;;;;;;;;;;;;;;;;
4;14;2026;114101;29101714;13;13201;13;;2;10;1;0;0;0;13;5;13;0;0;;13;0;7;0;6;0;0;3;0;0;0;5;0;0;0;0;;;;;;;;;;;;;;;;;;;;
4;14;2026;114101;01030300;13;13201;39;;;25;14;0;0;1;39;0;38;0;0;;39;0;47;1;0;1;34;0;0;0;0;3;0;0;0;0;;;;;;;;;;;;;;;;;;;;
4;14;2026;114101;24090700;13;13201;86;;2;63;21;0;0;4;80;1;87;0;0;1;85;0;57;0;1;0;28;0;0;0;0;11;0;0;0;0;;;;;;;;;;;;;;;;;;;;
4;14;2026;114101;29101717;13;13201;1;0;0;0;1;0;0;0;0;0;0;0;0;0;0;0;0;0;0;0;0;0;0;0;0;0;0;0;0;0;;;;;;;;;;;;;;;;;;;;
4;14;2026;114101;29101728;13;13201;133;1;24;108;;;;;;;;;;;;;;;;;;;;;;;;;;;;;;;;;;;;;;;;;;;;;;
4;14;2026;114101;29101729;13;13201;106;0;19;87;;;;;;;;;;;;;;;;;;;;;;;;;;;;;;;;;;;;;;;;;;;;;;
4;14;2026;114101;29101742;13;13201;13;59;;;;;;;;;;;;;;;;;;;;;;;;;;;;;;;;;;;;;;;;;;;;;;;;
1;14;2026;114101;29101716;13;13201;3;0;0;2;1;0;0;0;0;0;0;0;0;;;0;0;0;0;0;0;0;0;0;0;0;0;0;0;0;;;;;;;;;;;;;;;;;;;;
1;14;2026;114101;29101718;13;13201;0;0;0;0;0;0;0;0;0;0;0;0;0;;;0;3;0;0;0;0;0;0;0;0;0;0;0;0;0;;;;;;;;;;;;;;;;;;;;
1;14;2026;114101;29101728;13;13201;201;0;57;144;;;;;;;;;;;;;;;;;;;;;;;;;;;;;;;;;;;;;;;;;;;;;;
1;14;2026;114101;29101714;13;13201;4;;;3;1;0;0;0;0;4;4;0;0;;4;4;4;0;0;0;1;1;4;0;2;0;0;0;0;0;;;;;;;;;;;;;;;;;;;;
1;14;2026;114101;01030300;13;13201;45;;;28;17;0;0;1;6;0;49;0;0;;45;11;65;0;0;0;18;0;11;0;2;5;0;0;0;0;;;;;;;;;;;;;;;;;;;;
1;14;2026;114101;24090700;13;13201;78;;2;54;22;1;3;3;14;0;79;0;0;2;76;23;65;0;0;2;23;1;15;0;0;12;0;0;0;0;;;;;;;;;;;;;;;;;;;;
6;14;2026;114101;29101728;13;13201;86;1;14;71;;;;;;;;;;;;;;;;;;;;;;;;;;;;;;;;;;;;;;;;;;;;;;
6;14;2026;114101;29101729;13;13201;110;2;20;88;;;;;;;;;;;;;;;;;;;;;;;;;;;;;;;;;;;;;;;;;;;;;;
6;14;2026;114101;29101742;13;13201;14;60;;;;;;;;;;;;;;;;;;;;;;;;;;;;;;;;;;;;;;;;;;;;;;;;
6;14;2026;114101;01030100;13;13201;117;0;3;86;28;2;0;0;7;10;115;0;0;0;117;44;98;2;83;0;3;58;15;0;1;16;0;0;0;0;;;;;;;;;;;;;;;;;;;;
6;14;2026;114101;29101714;13;13201;6;0;0;4;2;0;0;0;0;1;6;0;0;0;6;2;2;1;1;0;0;0;1;0;0;0;0;0;0;0;;;;;;;;;;;;;;;;;;;;
6;14;2026;114101;01030300;13;13201;35;0;0;27;8;0;0;0;0;10;34;0;0;0;34;10;37;0;7;0;18;0;3;0;1;3;0;0;0;0;;;;;;;;;;;;;;;;;;;;
6;14;2026;114101;24090700;13;13201;72;0;1;50;21;0;1;4;10;8;76;0;0;1;71;31;54;0;7;0;25;0;13;0;0;11;0;0;0;0;;;;;;;;;;;;;;;;;;;;
5;14;2026;114101;29101715;13;13201;0;0;0;0;0;0;0;0;0;;0;0;0;;;0;1;0;0;0;0;0;0;0;0;0;0;0;0;0;;;;;;;;;;;;;;;;;;;;
5;14;2026;114101;29101716;13;13201;4;0;0;3;1;0;0;0;0;;0;0;0;;;0;0;0;0;0;0;0;0;0;0;1;0;0;0;0;;;;;;;;;;;;;;;;;;;;
5;14;2026;114101;29101728;13;13201;109;1;18;90;;;;;;;;;;;;;;;;;;;;;;;;;;;;;;;;;;;;;;;;;;;;;;
5;14;2026;114101;29101729;13;13201;136;2;25;109;;;;;;;;;;;;;;;;;;;;;;;;;;;;;;;;;;;;;;;;;;;;;;
5;14;2026;114101;29101742;13;13201;24;39;;;;;;;;;;;;;;;;;;;;;;;;;;;;;;;;;;;;;;;;;;;;;;;;
5;14;2026;114101;01030100;13;13201;146;0;4;116;26;1;2;1;9;;136;0;0;;146;23;121;1;92;0;4;59;0;0;5;20;0;0;0;0;;;;;;;;;;;;;;;;;;;;
5;14;2026;114101;29101714;13;13201;5;;;4;1;0;0;0;1;;5;0;0;;5;2;3;0;1;0;0;0;0;0;0;0;0;0;0;0;;;;;;;;;;;;;;;;;;;;
5;14;2026;114101;01030300;13;13201;33;;;27;6;0;0;1;33;;35;0;0;1;32;10;31;0;4;0;11;0;0;0;1;6;0;0;0;0;;;;;;;;;;;;;;;;;;;;
5;14;2026;114101;24090700;13;13201;68;;4;45;19;0;0;2;14;;66;0;0;1;67;0;61;1;7;0;22;0;0;0;5;8;0;0;0;0;;;;;;;;;;;;;;;;;;;;
2;14;2026;114101;29101716;13;13201;1;0;0;1;0;0;0;0;1;0;0;0;0;0;0;0;0;0;0;0;0;0;0;0;0;0;0;0;0;0;;;;;;;;;;;;;;;;;;;;
2;14;2026;114101;29101718;13;13201;0;0;0;0;0;0;0;0;0;0;0;0;0;0;0;0;3;0;0;0;0;0;0;0;0;0;0;0;0;0;;;;;;;;;;;;;;;;;;;;
2;14;2026;114101;29101728;13;13201;117;3;23;91;;;;;;;;;;;;;;;;;;;;;;;;;;;;;;;;;;;;;;;;;;;;;;
2;14;2026;114101;29101729;13;13201;94;2;13;79;;;;;;;;;;;;;;;;;;;;;;;;;;;;;;;;;;;;;;;;;;;;;;
2;14;2026;114101;29101742;13;13201;23;36;;;;;;;;;;;;;;;;;;;;;;;;;;;;;;;;;;;;;;;;;;;;;;;;
2;14;2026;114101;01030100;13;13201;112;;5;97;10;1;2;2;9;0;105;0;0;0;112;44;101;0;77;0;6;60;17;0;4;15;0;0;0;0;;;;;;;;;;;;;;;;;;;;
2;14;2026;114101;29101714;13;13201;12;;2;9;1;0;0;0;0;0;12;0;0;0;12;10;8;0;5;0;1;2;4;0;2;1;0;0;0;0;;;;;;;;;;;;;;;;;;;;
2;14;2026;114101;01030300;13;13201;35;;1;20;14;0;0;4;1;0;36;0;0;0;35;14;29;0;3;1;17;1;14;0;0;2;0;0;0;0;;;;;;;;;;;;;;;;;;;;
2;14;2026;114101;24090700;13;13201;59;;;46;13;0;2;4;8;0;62;0;0;0;59;11;55;0;7;0;27;1;9;0;0;9;0;0;0;0;;;;;;;;;;;;;;;;;;;;
2;16;2026;116105;01030100;7;7101;106;0;9;82;15;0;4;3;6;103;90;0;0;0;5;90;93;6;92;6;85;86;100;0;0;14;0;0;0;0;;;;;;;;;;;;;;;;;;;;
2;16;2026;116105;29101714;7;7101;8;0;1;5;2;0;0;0;1;8;8;0;0;0;0;8;6;0;6;;6;3;6;0;0;0;0;0;0;0;;;;;;;;;;;;;;;;;;;;
2;16;2026;116105;01030300;7;7101;85;0;2;54;29;0;0;1;1;83;85;0;0;0;0;1;81;2;79;2;78;23;15;0;0;7;0;0;0;0;;;;;;;;;;;;;;;;;;;;
2;16;2026;116105;24090700;7;7101;70;0;4;42;24;0;3;;9;68;69;0;0;1;0;12;62;5;56;5;54;18;51;0;0;8;0;0;0;0;;;;;;;;;;;;;;;;;;;;
3;16;2026;116107;29101728;7;7102;1;;;1;;;;;;;;;;;;;;;;;;;;;;;;;;;;;;;;;;;;;;;;;;;;;;
3;16;2026;116111;29101728;7;7201;5;;;5;;;;;;;;;;;;;;;;;;;;;;;;;;;;;;;;;;;;;;;;;;;;;;
2;16;2026;116100;29101742;7;7301;29;52;;;;;;;;;;;;;;;;;;;;;;;;;;;;;;;;;;;;;;;;;;;;;;;;
2;16;2026;116100;01030100;7;7301;84;0;4;65;15;0;0;0;10;84;68;0;2;0;2;76;83;0;76;0;2;77;79;0;0;18;0;0;0;0;;;;;;;;;;;;;;;;;;;;
2;16;2026;116100;01030300;7;7301;29;0;1;22;6;0;0;0;0;29;29;0;0;0;0;0;28;0;26;1;1;26;29;0;0;5;0;0;0;0;;;;;;;;;;;;;;;;;;;;
1;16;2026;116100;29101729;7;7301;2;0;1;1;;;;;;;;;;;;;;;;;;;;;;;;;;;;;;;;;;;;;;;;;;;;;;
4;16;2026;116100;01030300;7;7301;28;0;1;20;7;0;0;0;2;28;28;0;0;0;0;0;27;2;19;0;4;21;26;0;0;0;0;0;0;0;;;;;;;;;;;;;;;;;;;;
4;16;2026;116108;01030100;7;7401;48;0;6;32;10;0;0;0;6;48;35;0;0;0;6;13;39;2;44;3;48;41;39;0;0;0;0;0;0;0;;;;;;;;;;;;;;;;;;;;
4;16;2026;116108;01030300;7;7401;38;0;1;30;7;0;0;0;1;38;38;0;0;0;0;0;36;0;36;0;38;0;32;0;0;0;0;0;0;0;;;;;;;;;;;;;;;;;;;;
5;16;2026;116110;24090700;7;7404;1;;;1;;;;;;;1;;;;;;;;;;;;1;;0;1;0;0;0;0;;;;;;;;;;;;;;;;;;;;
6;16;2026;116109;01030100;7;7406;4;;1;2;1;;;;;4;;;;;2;1;4;;;;4;4;4;;0;0;0;0;0;0;;;;;;;;;;;;;;;;;;;;
6;16;2026;116109;01030300;7;7406;7;;;3;4;;;;;7;7;;;;;;7;;;;8;8;8;;0;0;0;0;0;0;;;;;;;;;;;;;;;;;;;;
6;16;2026;116109;29101728;7;7406;3;;;3;;;;;;;;;;;;;;;;;;;;;;;;;;;;;;;;;;;;;;;;;;;;;;
4;16;2026;116109;01030300;7;7406;2;;;1;1;;;;;2;2;;2;;;;2;;2;;2;2;2;0;0;0;0;0;0;0;;;;;;;;;;;;;;;;;;;;
5;16;2026;116109;01030300;7;7406;7;;;4;3;;;;;7;7;;;;;;;;7;;7;7;7;;0;0;0;0;0;0;;;;;;;;;;;;;;;;;;;;
3;16;2026;116109;29101728;7;7406;1;;;1;;;;;;;;;;;;;;;;;;;;;;;;;;;;;;;;;;;;;;;;;;;;;;
3;16;2026;116109;29101742;7;7406;7;1;;;;;;;;;;;;;;;;;;;;;;;;;;;;;;;;;;;;;;;;;;;;;;;;
3;16;2026;116109;01030100;7;7406;1;;;1;;;;;;1;1;;;;;;1;;1;;1;;1;;0;0;0;0;0;0;;;;;;;;;;;;;;;;;;;;
3;16;2026;116109;29101714;7;7406;;;;7;;;;;;;;;;;;;;;;;;;;;;;;;;;;;;;;;;;;;;;;;;;;;;
3;16;2026;116109;01030300;7;7406;7;;;;;;;;;7;7;;;;;;7;;7;;7;;7;0;0;0;0;0;0;0;;;;;;;;;;;;;;;;;;;;
3;16;2026;116109;24090700;7;7406;1;;;;1;;;;;1;1;;;;;;1;;1;;1;;1;;0;0;0;0;0;0;;;;;;;;;;;;;;;;;;;;
4;16;2026;116109;29101742;7;7406;2;;;;;;;;;;;;;;;;;;;;;;;;;;;;;;;;;;;;;;;;;;;;;;;;;
1;16;2026;116109;01030300;7;7406;7;;;8;;;;;;7;7;;;;;;7;;8;;10;6;7;;0;1;0;0;0;0;;;;;;;;;;;;;;;;;;;;
1;16;2026;116109;29101728;7;7406;3;;;3;;;;;;;;;;;;;;;;;;;;;;;;;;;;;;;;;;;;;;;;;;;;;;
1;16;2026;116109;29101729;7;7406;3;;;3;;;;;;;;;;;;;;;;;;;;;;;;;;;;;;;;;;;;;;;;;;;;;;
1;16;2026;116109;01030100;7;7406;3;;;;2;;;;;3;;;;;2;;3;;2;;;3;3;;0;0;0;0;0;0;;;;;;;;;;;;;;;;;;;;
2;16;2026;116109;29101742;7;7406;4;;;;;;;;;;;;;;;;;;;;;;;;;;;;;;;;;;;;;;;;;;;;;;;;;
2;16;2026;116109;01030300;7;7406;4;;;4;;;;;;4;4;;;;;;4;;4;;4;4;4;0;0;0;0;0;0;0;;;;;;;;;;;;;;;;;;;;
2;16;2026;116110;29101742;7;7404;1;;;;;;;;;;;;;;;;;;;;;;;;;;;;;;;;;;;;;;;;;;;;;;;;;
2;16;2026;116110;01030100;7;7404;1;;;;1;;;;;1;;;;;;;1;;1;;;1;1;0;0;0;0;0;0;0;;;;;;;;;;;;;;;;;;;;
2;16;2026;116110;01030300;7;7404;1;;;1;;;;;;1;1;;;;;;;;;;1;1;1;0;0;0;0;0;0;0;;;;;;;;;;;;;;;;;;;;
2;16;2026;116110;29101728;7;7404;1;;;1;;;;;;;;;;;;;;;;;;;;;;;;;;;;;;;;;;;;;;;;;;;;;;
2;16;2026;116110;29101729;7;7404;1;;;1;;;;;;;;;;;;;;;;;;;;;;;;;;;;;;;;;;;;;;;;;;;;;;
4;16;2026;116110;01030300;7;7404;9;;;9;;;;;;9;9;;;;;;;;;;9;7;9;;0;0;0;0;0;0;;;;;;;;;;;;;;;;;;;;
1;16;2026;116110;29101716;7;7404;1;;;1;;;;;;1;;;;;;;1;;1;;;;1;0;0;0;0;0;0;0;;;;;;;;;;;;;;;;;;;;
1;16;2026;116110;01030300;7;7404;7;;1;4;2;;;;;7;7;;;;;;;;;;7;7;7;0;0;0;0;0;0;0;;;;;;;;;;;;;;;;;;;;
1;16;2026;116110;24090700;7;7404;2;;;2;;;;;;2;2;;;;;;;;;;2;2;2;0;0;0;0;0;0;0;;;;;;;;;;;;;;;;;;;;
5;16;2026;116110;29101728;7;7404;4;;1;3;;;;;;;;;;;;;;;;;;;;;;;;;;;;;;;;;;;;;;;;;;;;;;
5;16;2026;116110;29101729;7;7404;5;;1;4;;;;;;;;;;;;;;;;;;;;;;;;;;;;;;;;;;;;;;;;;;;;;;
5;16;2026;116110;29101742;7;7404;9;0;;;;;;;;;;;;;;;;;;;;;;;;;;;;;;;;;;;;;;;;;;;;;;;;
5;16;2026;116110;01030100;7;7404;5;;;4;1;;;;2;15;;;;;1;;4;;4;;;4;4;;0;1;0;0;0;0;;;;;;;;;;;;;;;;;;;;
5;16;2026;116110;01030300;7;7404;9;;;4;5;;;;;;9;;;;;;;;;;9;5;8;;0;2;0;0;0;0;;;;;;;;;;;;;;;;;;;;
4;16;2026;116110;29101728;7;7404;3;;;3;;;;;;;;;;;;;;;;;;;;;;;;;;;;;;;;;;;;;;;;;;;;;;
3;16;2026;116110;29101728;7;7404;1;;;1;;;;;;;;;;;;;;;;;;;;;;;;;;;;;;;;;;;;;;;;;;;;;;
3;16;2026;116110;29101729;7;7404;1;;;1;;;;;;;;;;;;;;;;;;;;;;;;;;;;;;;;;;;;;;;;;;;;;;
3;16;2026;116110;29101742;7;7404;6;;;;;;;;;;;;;;;;;;;;;;;;;;;;;;;;;;;;;;;;;;;;;;;;;
3;16;2026;116110;01030100;7;7404;1;;;1;;;;;;1;;;;;;;1;;1;;;;1;;0;0;0;0;0;0;;;;;;;;;;;;;;;;;;;;
3;16;2026;116110;01030300;7;7404;7;;;6;1;;;;;7;7;;;;;;;;;;7;7;7;;0;2;0;0;0;0;;;;;;;;;;;;;;;;;;;;
4;16;2026;116110;01030100;7;7404;3;;;2;1;;;;;3;;;;;1;;3;;2;;;2;3;;0;0;0;0;0;0;;;;;;;;;;;;;;;;;;;;
4;16;2026;116110;29101729;7;7404;3;;;3;;;;;;;;;;;;;;;;;;;;;;;;;;;;;;;;;;;;;;;;;;;;;;
6;16;2026;116110;29101728;7;7404;2;;;2;;;;;;;;;;;;;;;;;;;;;;;;;;;;;;;;;;;;;;;;;;;;;;
6;16;2026;116110;29101729;7;7404;2;;;2;;;;;;;;;;;;;;;;;;;;;;;;;;;;;;;;;;;;;;;;;;;;;;
6;16;2026;116110;01030100;7;7404;3;;;3;;;;;;3;;;;;2;;1;;3;;;3;3;;0;2;0;0;0;0;;;;;;;;;;;;;;;;;;;;
6;16;2026;116110;01030300;7;7404;6;;;3;3;;;;;6;6;;;;;;;;;;6;5;6;;0;0;0;0;0;0;;;;;;;;;;;;;;;;;;;;
6;16;2026;116110;24090700;7;7404;1;;;1;;;;;;11;1;;;;;;;;;;1;;1;;0;0;0;0;0;0;;;;;;;;;;;;;;;;;;;;
5;16;2026;116108;01030100;7;7401;40;0;2;31;7;1;1;0;2;40;31;0;0;0;7;3;35;2;34;2;30;35;36;0;1;1;0;0;0;0;;;;;;;;;;;;;;;;;;;;
5;16;2026;116108;29101714;7;7401;3;0;1;2;0;0;0;0;0;3;2;0;0;0;0;1;2;0;3;0;2;3;3;0;0;0;0;0;0;0;;;;;;;;;;;;;;;;;;;;
5;16;2026;116108;01030300;7;7401;39;0;2;26;11;0;0;0;0;39;39;0;0;2;0;0;39;1;35;1;33;0;39;0;0;1;0;0;0;0;;;;;;;;;;;;;;;;;;;;
5;16;2026;116108;24090700;7;7401;29;0;2;20;7;0;0;0;3;28;27;0;0;1;0;0;22;1;17;0;24;0;24;0;0;0;0;0;0;0;;;;;;;;;;;;;;;;;;;;
5;16;2026;116108;29101728;7;7401;37;1;6;30;;;;;;;;;;;;;;;;;;;;;;;;;;;;;;;;;;;;;;;;;;;;;;
5;16;2026;116108;29101729;7;7401;2;0;0;2;;;;;;;;;;;;;;;;;;;;;;;;;;;;;;;;;;;;;;;;;;;;;;
5;16;2026;116108;29101742;7;7401;40;13;;;;;;;;;;;;;;;;;;;;;;;;;;;;;;;;;;;;;;;;;;;;;;;;
5;16;2026;116108;29101715;7;7401;1;0;0;0;1;0;1;0;0;0;0;0;0;0;0;0;0;0;0;0;0;0;0;0;0;0;0;0;0;0;;;;;;;;;;;;;;;;;;;;
5;16;2026;116108;29101717;7;7401;1;0;0;0;0;0;0;0;0;0;0;0;0;0;0;0;0;0;0;0;0;0;0;0;0;0;0;0;0;0;;;;;;;;;;;;;;;;;;;;
4;16;2026;116108;24090700;7;7401;32;0;1;23;8;0;0;0;3;32;31;0;0;1;0;0;25;1;27;2;29;1;28;0;0;0;0;0;0;0;;;;;;;;;;;;;;;;;;;;
6;16;2026;116108;29101718;7;7401;1;0;0;0;1;0;0;0;0;0;0;0;0;0;0;0;0;0;0;0;0;0;0;0;0;0;0;0;0;0;;;;;;;;;;;;;;;;;;;;
6;16;2026;116108;29101728;7;7401;35;0;11;24;;;;;;;;;;;;;;;;;;;;;;;;;;;;;;;;;;;;;;;;;;;;;;
6;16;2026;116108;29101729;7;7401;2;0;0;2;;;;;;;;;;;;;;;;;;;;;;;;;;;;;;;;;;;;;;;;;;;;;;
6;16;2026;116108;01030100;7;7401;40;0;2;29;8;0;0;3;7;41;31;0;0;0;14;10;0;3;30;3;25;32;32;0;0;4;0;0;0;0;;;;;;;;;;;;;;;;;;;;
6;16;2026;116108;01030300;7;7401;38;0;1;22;15;0;0;0;0;38;38;0;0;0;0;0;0;0;36;0;22;0;36;0;0;1;0;0;0;0;;;;;;;;;;;;;;;;;;;;
6;16;2026;116108;24090700;7;7401;26;0;1;21;4;0;0;0;2;26;26;0;0;1;0;0;0;1;22;1;37;0;25;0;0;1;0;0;0;0;;;;;;;;;;;;;;;;;;;;
2;16;2026;116100;24090700;7;7301;59;0;2;43;14;0;1;1;10;59;50;0;0;9;0;29;45;0;24;1;15;45;43;0;0;9;0;0;0;0;;;;;;;;;;;;;;;;;;;;
2;16;2026;116108;29101728;7;7401;32;1;11;20;;;;;;;;;;;;;;;;;;;;;;;;;;;;;;;;;;;;;;;;;;;;;;
2;16;2026;116108;29101729;7;7401;3;0;0;3;;;;;;;;;;;;;;;;;;;;;;;;;;;;;;;;;;;;;;;;;;;;;;
6;16;2026;116108;29101742;7;7401;38;9;;;;;;;;;;;;;;;;;;;;;;;;;;;;;;;;;;;;;;;;;;;;;;;;
3;16;2026;116108;29101742;7;7401;61;13;;;;;;;;;;;;;;;;;;;;;;;;;;;;;;;;;;;;;;;;;;;;;;;;
3;16;2026;116108;01030100;7;7401;38;0;4;25;9;0;1;0;2;39;24;0;0;0;17;15;27;4;33;10;31;29;33;0;0;4;0;0;0;0;;;;;;;;;;;;;;;;;;;;
3;16;2026;116108;29101714;7;7401;1;0;0;0;1;0;0;0;0;1;1;0;0;0;0;0;0;0;1;0;1;1;1;0;0;0;0;0;0;0;;;;;;;;;;;;;;;;;;;;
3;16;2026;116108;01030300;7;7401;63;0;1;41;21;0;0;0;0;63;63;0;0;0;0;0;58;1;62;1;60;0;62;0;0;3;0;0;0;0;;;;;;;;;;;;;;;;;;;;
3;16;2026;116108;24090700;7;7401;26;0;2;16;8;0;1;0;3;26;24;0;0;2;0;0;24;3;18;6;19;0;21;0;0;3;0;0;0;0;;;;;;;;;;;;;;;;;;;;
5;16;2026;116107;29101742;7;7102;5;1;;;;;;;;;;;;;;;;;;;;;;;;;;;;;;;;;;;;;;;;;;;;;;;;
5;16;2026;116107;01030100;7;7102;1;0;0;1;0;0;0;0;0;1;0;0;1;0;0;1;1;0;1;0;1;1;1;0;0;0;0;0;0;0;;;;;;;;;;;;;;;;;;;;
5;16;2026;116107;01030300;7;7102;5;0;2;3;0;0;0;0;0;5;5;0;0;0;0;0;5;0;2;0;3;4;0;0;0;0;0;0;0;0;;;;;;;;;;;;;;;;;;;;
5;16;2026;116107;24090700;7;7102;1;0;0;0;1;0;0;0;0;1;1;0;1;0;0;1;0;0;1;0;0;1;1;0;0;0;0;0;0;0;;;;;;;;;;;;;;;;;;;;
3;16;2026;116107;01030100;7;7102;1;;;1;;0;0;0;0;1;0;0;1;0;1;1;1;0;1;0;0;1;1;0;0;0;0;0;0;0;;;;;;;;;;;;;;;;;;;;
3;16;2026;116107;01030300;7;7102;3;;;3;;0;0;;0;3;3;0;0;0;0;0;3;0;0;0;3;3;3;0;0;0;0;0;0;0;;;;;;;;;;;;;;;;;;;;
3;16;2026;116107;29101729;7;7102;1;;;1;;;;;;;;;;;;;;;;;;;;;;;;;;;;;;;;;;;;;;;;;;;;;;
4;16;2026;116105;24090700;7;7101;100;0;1;75;24;0;5;5;17;98;96;0;0;4;0;7;90;4;72;4;75;29;88;0;0;9;0;0;0;0;;;;;;;;;;;;;;;;;;;;
6;16;2026;116111;29101728;7;7201;2;;1;1;;;;;;;;;;;;;;;;;;;;;;;;;;;;;;;;;;;;;;;;;;;;;;
6;16;2026;116111;29101742;7;7201;8;;;;;;;;;;;;;;;;;;;;;;;;;;;;;;;;;;;;;;;;;;;;;;;;;
6;16;2026;116111;01030100;7;7201;3;;;3;;0;0;0;0;3;0;1;0;0;1;3;0;0;3;0;2;3;3;0;0;0;0;0;0;0;;;;;;;;;;;;;;;;;;;;
6;16;2026;116111;01030300;7;7201;8;0;0;2;6;0;0;0;0;8;8;0;0;0;0;0;0;0;8;0;8;0;7;0;0;0;0;0;0;0;;;;;;;;;;;;;;;;;;;;
1;16;2026;116100;29101742;7;7301;27;63;;;;;;;;;;;;;;;;;;;;;;;;;;;;;;;;;;;;;;;;;;;;;;;;
1;16;2026;116100;01030100;7;7301;94;0;11;69;14;0;1;0;6;94;82;0;0;0;0;68;83;2;81;0;2;79;84;0;0;18;0;0;0;0;;;;;;;;;;;;;;;;;;;;
1;16;2026;116100;01030300;7;7301;28;0;0;16;12;0;0;0;2;28;28;0;0;0;0;0;24;0;17;0;4;20;23;0;0;4;0;0;0;0;;;;;;;;;;;;;;;;;;;;
1;16;2026;116100;24090700;7;7301;67;0;4;51;12;0;0;1;8;67;67;0;0;1;0;11;55;0;35;0;13;46;60;0;0;9;0;0;0;0;;;;;;;;;;;;;;;;;;;;
4;16;2026;116100;24090700;7;7301;60;0;2;41;17;0;0;2;12;60;59;0;0;1;0;34;47;1;29;1;9;38;49;0;0;12;0;0;0;0;;;;;;;;;;;;;;;;;;;;
1;16;2026;116108;29101716;7;7401;1;0;0;1;0;0;0;0;0;0;0;0;0;0;0;0;0;0;0;0;0;0;0;0;0;0;0;0;0;0;;;;;;;;;;;;;;;;;;;;
3;16;2026;116108;29101716;7;7401;1;0;0;0;0;0;0;0;0;0;0;0;0;0;0;0;0;0;0;0;0;0;0;0;0;0;0;0;0;0;;;;;;;;;;;;;;;;;;;;
3;16;2026;116108;29101718;7;7401;1;0;0;1;0;0;1;0;0;0;0;0;0;0;0;0;0;0;0;0;0;0;0;0;0;0;0;0;0;0;;;;;;;;;;;;;;;;;;;;
3;16;2026;116108;29101728;7;7401;36;1;7;28;;;;;;;;;;;;;;;;;;;;;;;;;;;;;;;;;;;;;;;;;;;;;;
3;16;2026;116108;29101729;7;7401;2;0;1;1;;;;;;;;;;;;;;;;;;;;;;;;;;;;;;;;;;;;;;;;;;;;;;
1;16;2026;116108;29101742;7;7401;38;13;;;;;;;;;;;;;;;;;;;;;;;;;;;;;;;;;;;;;;;;;;;;;;;;
1;16;2026;116108;01030100;7;7401;45;0;4;36;5;1;1;0;4;46;29;0;0;0;16;17;36;2;39;2;34;37;38;0;0;6;0;0;0;0;;;;;;;;;;;;;;;;;;;;
1;16;2026;116108;29101714;7;7401;3;0;0;3;0;0;0;0;0;6;3;0;0;0;1;0;3;0;3;0;3;2;3;0;0;0;0;0;0;0;;;;;;;;;;;;;;;;;;;;
1;16;2026;116108;01030300;7;7401;39;0;1;28;10;0;0;0;2;39;39;0;0;0;0;0;35;0;39;0;38;0;37;0;0;2;0;0;0;0;;;;;;;;;;;;;;;;;;;;
1;16;2026;116108;24090700;7;7401;31;0;3;19;9;0;0;0;4;31;29;0;0;2;0;0;24;1;25;1;24;0;27;0;0;3;0;0;0;0;;;;;;;;;;;;;;;;;;;;
1;16;2026;116108;29101728;7;7401;43;1;9;33;;;;;;;;;;;;;;;;;;;;;;;;;;;;;;;;;;;;;;;;;;;;;;
1;16;2026;116108;29101729;7;7401;3;0;1;2;;;;;;;;;;;;;;;;;;;;;;;;;;;;;;;;;;;;;;;;;;;;;;
4;16;2026;116108;29101742;7;7401;38;22;;;;;;;;;;;;;;;;;;;;;;;;;;;;;;;;;;;;;;;;;;;;;;;;
4;16;2026;116108;29101718;7;7401;0;0;0;0;0;0;1;0;0;0;0;0;0;0;0;0;0;0;0;0;0;0;0;0;0;0;0;0;0;0;;;;;;;;;;;;;;;;;;;;
4;16;2026;116108;29101729;7;7401;4;0;0;4;;;;;;;;;;;;;;;;;;;;;;;;;;;;;;;;;;;;;;;;;;;;;;
1;16;2026;116108;29101718;7;7401;1;0;0;0;0;0;0;0;0;0;0;0;0;0;0;0;0;0;0;0;0;0;0;0;0;0;0;0;0;0;;;;;;;;;;;;;;;;;;;;
4;16;2026;116108;29101728;7;7401;39;0;12;27;;;;;;;;;;;;;;;;;;;;;;;;;;;;;;;;;;;;;;;;;;;;;;
2;16;2026;116108;29101742;7;7401;40;11;;;;;;;;;;;;;;;;;;;;;;;;;;;;;;;;;;;;;;;;;;;;;;;;
2;16;2026;116108;01030100;7;7401;35;1;6;21;7;0;1;0;4;35;26;0;0;0;14;6;28;2;35;3;29;29;29;0;0;8;0;0;0;0;;;;;;;;;;;;;;;;;;;;
2;16;2026;116108;29101714;7;7401;2;0;0;1;1;0;0;0;0;2;2;0;0;0;1;0;1;0;1;0;2;2;2;0;0;0;0;0;0;0;;;;;;;;;;;;;;;;;;;;
2;16;2026;116108;01030300;7;7401;43;0;0;31;12;0;0;0;0;43;43;0;0;0;0;0;38;3;43;0;42;0;41;0;0;3;0;0;0;0;;;;;;;;;;;;;;;;;;;;
2;16;2026;116108;24090700;7;7401;27;0;3;18;6;0;0;0;5;27;25;0;0;2;0;0;16;0;18;4;16;0;18;0;0;5;0;0;0;0;;;;;;;;;;;;;;;;;;;;
2;16;2026;116104;29101729;7;7303;1;;;1;;;;;;;;;;;;;;;;;;;;;;;;;;;;;;;;;;;;;;;;;;;;;;
2;16;2026;116104;01030100;7;7303;1;;;1;;;;;;1;;;;;1;;0;0;1;0;0;1;1;0;0;0;0;0;0;0;;;;;;;;;;;;;;;;;;;;
6;16;2026;116100;29101716;7;7301;1;0;0;0;1;0;0;0;0;0;0;0;0;0;0;0;0;0;0;0;0;0;0;0;0;0;0;0;0;0;;;;;;;;;;;;;;;;;;;;
6;16;2026;116100;29101728;7;7301;76;0;19;57;;;;;;;;;;;;;;;;;;;;;;;;;;;;;;;;;;;;;;;;;;;;;;
6;16;2026;116100;29101729;7;7301;1;0;1;0;;;;;;;;;;;;;;;;;;;;;;;;;;;;;;;;;;;;;;;;;;;;;;
6;16;2026;116100;29101742;7;7301;27;62;;;;;;;;;;;;;;;;;;;;;;;;;;;;;;;;;;;;;;;;;;;;;;;;
6;16;2026;116100;01030100;7;7301;78;0;3;61;14;0;0;0;5;79;63;0;10;0;3;69;72;2;69;0;2;70;76;0;0;19;0;0;0;0;;;;;;;;;;;;;;;;;;;;
6;16;2026;116100;01030300;7;7301;27;0;1;15;11;0;0;0;0;27;27;0;0;0;0;0;27;0;19;1;6;21;26;0;0;1;0;0;0;0;;;;;;;;;;;;;;;;;;;;
6;16;2026;116100;24090700;7;7301;65;0;1;46;18;0;0;2;10;65;63;0;3;2;0;30;52;1;32;0;19;43;56;0;0;10;0;0;0;0;;;;;;;;;;;;;;;;;;;;
5;16;2026;116100;29101742;7;7301;36;66;;;;;;;;;;;;;;;;;;;;;;;;;;;;;;;;;;;;;;;;;;;;;;;;
5;16;2026;116100;01030100;7;7301;92;1;2;66;23;0;0;0;14;92;81;0;12;0;0;89;89;0;85;0;2;82;87;0;0;11;0;0;0;0;;;;;;;;;;;;;;;;;;;;
5;16;2026;116100;01030300;7;7301;36;0;0;22;14;0;0;0;0;36;36;0;0;0;0;0;34;0;27;0;5;33;36;0;0;1;0;0;0;0;;;;;;;;;;;;;;;;;;;;
5;16;2026;116100;24090700;7;7301;67;0;2;47;18;0;0;4;13;67;66;0;7;1;0;39;58;0;33;3;12;50;56;0;0;13;0;0;0;0;;;;;;;;;;;;;;;;;;;;
4;16;2026;116100;29101728;7;7301;60;0;14;46;;;;;;;;;;;;;;;;;;;;;;;;;;;;;;;;;;;;;;;;;;;;;;
4;16;2026;116100;29101742;7;7301;28;59;;;;;;;;;;;;;;;;;;;;;;;;;;;;;;;;;;;;;;;;;;;;;;;;
5;16;2026;116100;29101728;7;7301;91;0;21;70;;;;;;;;;;;;;;;;;;;;;;;;;;;;;;;;;;;;;;;;;;;;;;
4;16;2026;116100;01030100;7;7301;62;0;1;50;11;0;0;0;4;62;57;0;10;0;2;58;55;1;53;0;3;49;54;0;0;7;0;0;0;0;;;;;;;;;;;;;;;;;;;;
4;16;2026;116100;29101715;7;7301;2;0;0;2;0;0;0;0;0;2;0;0;0;0;0;0;1;0;2;0;0;1;2;0;0;0;0;0;0;0;;;;;;;;;;;;;;;;;;;;
1;16;2026;116100;29101728;7;7301;90;1;7;82;;;;;;;;;;;;;;;;;;;;;;;;;;;;;;;;;;;;;;;;;;;;;;
3;16;2026;116100;29101728;7;7301;82;0;21;61;;;;;;;;;;;;;;;;;;;;;;;;;;;;;;;;;;;;;;;;;;;;;;
3;16;2026;116100;29101742;7;7301;33;48;;;;;;;;;;;;;;;;;;;;;;;;;;;;;;;;;;;;;;;;;;;;;;;;
3;16;2026;116100;01030100;7;7301;82;0;4;65;13;0;0;2;11;82;68;0;7;0;3;79;75;1;70;0;1;67;73;0;5;15;0;0;0;0;;;;;;;;;;;;;;;;;;;;
3;16;2026;116100;01030300;7;7301;33;0;2;22;9;0;0;0;1;33;33;0;0;0;0;0;32;2;26;0;5;31;33;0;7;1;0;0;0;0;;;;;;;;;;;;;;;;;;;;
3;16;2026;116100;24090700;7;7301;52;0;2;33;17;0;0;0;13;52;52;0;0;0;0;33;48;2;24;2;13;38;44;0;2;4;0;0;0;0;;;;;;;;;;;;;;;;;;;;
4;16;2026;116100;29101714;7;7301;1;0;0;0;1;0;0;0;0;1;1;0;0;0;0;1;0;0;1;0;0;0;0;0;0;0;0;0;0;0;;;;;;;;;;;;;;;;;;;;
2;16;2026;116100;29101715;7;7301;1;0;0;1;0;0;0;0;0;1;0;0;0;0;0;0;1;0;1;0;0;1;1;0;0;0;0;0;0;0;;;;;;;;;;;;;;;;;;;;
2;16;2026;116100;29101728;7;7301;83;0;18;65;;;;;;;;;;;;;;;;;;;;;;;;;;;;;;;;;;;;;;;;;;;;;;
1;16;2026;116111;29101728;7;7201;2;;;2;;;;;;;;;;;;;;;;;;;;;;;;;;;;;;;;;;;;;;;;;;;;;;
1;16;2026;116111;29101742;7;7201;1;1;;;;;;;;;;;;;;;;;;;;;;;;;;;;;;;;;;;;;;;;;;;;;;;;
1;16;2026;116111;01030100;7;7201;2;;;2;;;;;;2;1;0;0;0;1;2;0;0;2;;2;2;2;0;0;0;0;0;0;0;;;;;;;;;;;;;;;;;;;;
1;16;2026;116111;01030300;7;7201;2;;;;2;;;;;2;2;0;0;0;0;0;0;0;2;0;1;0;2;0;0;0;0;0;0;0;;;;;;;;;;;;;;;;;;;;
1;16;2026;116111;24090700;7;7201;1;;;1;;;;;;1;1;0;0;0;0;0;0;;1;0;1;0;1;0;0;0;0;0;0;0;;;;;;;;;;;;;;;;;;;;
2;16;2026;116111;29101728;7;7201;1;;1;;;;;;;;;;;;;;;;;;;;;;;;;;;;;;;;;;;;;;;;;;;;;;;
2;16;2026;116111;29101742;7;7201;4;;;;;;;;;;;;;;;;;;;;;;;;;;;;;;;;;;;;;;;;;;;;;;;;;
2;16;2026;116111;01030100;7;7201;1;;;1;;;;;1;1;;;;;;1;0;0;0;0;0;0;0;0;0;0;0;0;0;0;;;;;;;;;;;;;;;;;;;;
2;16;2026;116111;01030300;7;7201;5;0;0;5;0;0;0;0;0;5;5;0;0;0;0;0;0;0;5;0;4;0;4;0;0;0;0;0;0;0;;;;;;;;;;;;;;;;;;;;
4;16;2026;116111;29101728;7;7201;2;;;2;;;;;;;;;;;;;;;;;;;;;;;;;;;;;;;;;;;;;;;;;;;;;;
5;16;2026;116111;01030100;7;7201;2;;;1;2;;;;;2;0;0;0;0;2;2;0;0;1;0;1;0;1;0;0;0;0;0;0;0;;;;;;;;;;;;;;;;;;;;
5;16;2026;116111;01030300;7;7201;6;;;4;2;;;;;6;6;;;;;;0;0;6;0;5;0;5;0;0;1;0;0;0;0;;;;;;;;;;;;;;;;;;;;
5;16;2026;116111;24090700;7;7201;1;;;;1;;;;;1;1;;;;;;;;1;;1;;1;0;0;0;0;0;0;0;;;;;;;;;;;;;;;;;;;;
3;16;2026;116111;29101742;7;7201;7;1;;;;;;;;;;;;;;;;;;;;;;;;;;;;;;;;;;;;;;;;;;;;;;;;
3;16;2026;116111;01030100;7;7201;5;;;3;2;;;;;5;4;0;0;0;0;4;0;0;5;0;4;5;4;0;0;0;0;0;0;0;;;;;;;;;;;;;;;;;;;;
3;16;2026;116111;01030300;7;7201;8;;0;5;3;;;;;8;8;;;;;;0;;8;;6;0;7;0;0;0;0;0;0;0;;;;;;;;;;;;;;;;;;;;
3;16;2026;116111;24090700;7;7201;1;;;;1;;;;;1;1;;;;;;;;1;;1;0;1;0;0;0;0;0;0;0;;;;;;;;;;;;;;;;;;;;
4;16;2026;116111;01030100;7;7201;2;;;2;;;;;;2;1;0;0;0;2;2;0;;2;;2;2;2;0;0;0;0;0;0;0;;;;;;;;;;;;;;;;;;;;
4;16;2026;116111;24090700;7;7201;1;;;1;;0;0;0;0;1;1;0;0;0;0;;0;0;1;0;1;0;1;0;0;0;0;0;0;0;;;;;;;;;;;;;;;;;;;;
4;16;2026;116111;01030300;7;7201;5;;;1;4;0;0;0;0;5;5;0;0;0;0;0;0;0;2;0;2;0;4;0;0;0;0;0;0;0;;;;;;;;;;;;;;;;;;;;
5;16;2026;116111;29101728;7;7201;1;;;1;;;;;;;;;;;;;;;;;;;;;;;;;;;;;;;;;;;;;;;;;;;;;;
5;16;2026;116111;29101729;7;7201;1;;;1;;;;;;;;;;;;;;;;;;;;;;;;;;;;;;;;;;;;;;;;;;;;;;
5;16;2026;116111;29101742;7;7201;5;1;;;;;;;;;;;;;;;;;;;;;;;;;;;;;;;;;;;;;;;;;;;;;;;;
4;16;2026;116111;29101742;7;7201;5;1;;;;;;;;;;;;;;;;;;;;;;;;;;;;;;;;;;;;;;;;;;;;;;;;
6;16;2026;116106;29101715;7;7103;1;;;1;;;;;;1;;;;;;1;;;1;;1;;1;;0;1;0;0;0;0;;;;;;;;;;;;;;;;;;;;
6;16;2026;116106;29101728;7;7103;1;;;1;;;;;;;;;;;;;;;;;;;;;;;;;;;;;;;;;;;;;;;;;;;;;;
6;16;2026;116106;29101729;7;7103;1;;;1;;;;;;;;;;;;;;;;;;;;;;;;;;;;;;;;;;;;;;;;;;;;;;
6;16;2026;116106;01030100;7;7103;1;;;1;;;;;;1;;;;;;1;;;1;;1;;1;;0;1;0;0;0;0;;;;;;;;;;;;;;;;;;;;
3;16;2026;116107;29101742;7;7102;3;;;;;;;;;;;;;;;;;;;;;;;;;;;;;;;;;;;;;;;;;;;;;;;;;
2;16;2026;116107;01030300;7;7102;3;0;1;1;1;0;0;0;0;3;3;0;0;0;0;0;3;0;0;0;2;2;2;0;0;0;0;0;0;0;;;;;;;;;;;;;;;;;;;;
4;16;2026;116107;29101742;7;7102;2;;;;;;;;;;;;;;;;;;;;;;;;;;;;;;;;;;;;;;;;;;;;;;;;;
4;16;2026;116107;01030300;7;7102;2;0;2;0;0;0;0;0;2;2;0;0;0;0;0;2;0;0;0;2;2;2;0;0;1;0;0;0;0;0;;;;;;;;;;;;;;;;;;;;
6;16;2026;116107;29101728;7;7102;2;;;2;;;;;;;;;;;;;;;;;;;;;;;;;;;;;;;;;;;;;;;;;;;;;;
6;16;2026;116107;29101729;7;7102;2;;;2;;;;;;;;;;;;;;;;;;;;;;;;;;;;;;;;;;;;;;;;;;;;;;
6;16;2026;116107;29101742;7;7102;2;0;;;;;;;;;;;;;;;;;;;;;;;;;;;;;;;;;;;;;;;;;;;;;;;;
6;16;2026;116107;01030100;7;7102;2;0;0;1;1;0;0;0;0;2;0;0;1;0;2;1;2;0;2;0;0;2;2;0;0;0;0;0;0;0;;;;;;;;;;;;;;;;;;;;
6;16;2026;116107;01030300;7;7102;2;0;0;1;1;0;0;0;0;2;2;0;0;0;0;0;2;0;0;0;2;2;2;0;0;0;0;0;0;0;;;;;;;;;;;;;;;;;;;;
1;16;2026;116107;29101728;7;7102;1;;;1;;;;;;;;;;;;;;;;;;;;;;;;;;;;;;;;;;;;;;;;;;;;;;
1;16;2026;116107;29101729;7;7102;1;;;1;;;;;;;;;;;;;;;;;;;;;;;;;;;;;;;;;;;;;;;;;;;;;;
1;16;2026;116107;29101742;7;7102;1;;;;;;;;;;;;;;;;;;;;;;;;;;;;;;;;;;;;;;;;;;;;;;;;;
1;16;2026;116107;01030100;7;7102;1;;1;;0;0;0;0;1;0;0;1;0;0;1;1;0;1;;0;1;1;0;0;0;0;0;0;0;0;;;;;;;;;;;;;;;;;;;;
1;16;2026;116107;01030300;7;7102;1;;1;;0;0;0;0;1;1;0;1;0;0;0;1;0;0;;1;1;1;0;0;0;0;0;0;0;0;;;;;;;;;;;;;;;;;;;;
1;16;2026;116107;29101716;7;7102;1;;1;;0;0;0;1;1;0;0;0;0;0;0;1;1;0;;0;0;0;0;0;0;0;0;0;0;0;;;;;;;;;;;;;;;;;;;;
1;16;2026;116107;29101718;7;7102;1;;1;;;;;1;1;0;;;;;;;;;;;;;;0;0;0;0;0;0;0;;;;;;;;;;;;;;;;;;;;
5;16;2026;116107;29101728;7;7102;1;;;1;;;;;;;;;;;;;;;;;;;;;;;;;;;;;;;;;;;;;;;;;;;;;;
5;16;2026;116107;29101729;7;7102;1;;;1;;;;;;;;;;;;;;;;;;;;;;;;;;;;;;;;;;;;;;;;;;;;;;
4;16;2026;116105;29101729;7;7101;96;1;12;83;;;;;;;;;;;;;;;;;;;;;;;;;;;;;;;;;;;;;;;;;;;;;;
4;16;2026;116105;29101742;7;7101;86;94;;;;;;;;;;;;;;;;;;;;;;;;;;;;;;;;;;;;;;;;;;;;;;;;
3;16;2026;116105;29101728;7;7101;130;4;22;104;;;;;;;;;;;;;;;;;;;;;;;;;;;;;;;;;;;;;;;;;;;;;;
3;16;2026;116105;29101729;7;7101;4;1;0;3;;;;;;;;;;;;;;;;;;;;;;;;;;;;;;;;;;;;;;;;;;;;;;
3;16;2026;116105;29101742;7;7101;102;97;;;;;;;;;;;;;;;;;;;;;;;;;;;;;;;;;;;;;;;;;;;;;;;;
3;16;2026;116105;01030100;7;7101;140;0;8;103;29;0;3;1;10;139;127;0;0;0;4;113;127;10;120;6;117;123;135;0;0;19;0;0;0;0;;;;;;;;;;;;;;;;;;;;
3;16;2026;116105;29101714;7;7101;10;0;0;9;1;0;0;0;0;10;10;0;0;0;0;8;10;0;10;0;10;8;10;0;0;2;0;0;0;0;;;;;;;;;;;;;;;;;;;;
3;16;2026;116105;01030300;7;7101;103;0;2;68;33;0;0;0;1;95;102;0;0;1;0;0;103;1;94;1;93;27;103;0;0;11;0;0;0;0;;;;;;;;;;;;;;;;;;;;
3;16;2026;116105;24090700;7;7101;105;0;7;75;23;0;1;2;14;103;103;0;0;2;0;2;91;7;83;6;80;21;91;0;0;14;0;0;0;0;;;;;;;;;;;;;;;;;;;;
5;16;2026;116105;29101716;7;7101;1;0;0;0;0;0;0;0;0;0;0;0;0;0;0;0;0;0;0;0;0;0;0;0;0;0;0;0;0;0;;;;;;;;;;;;;;;;;;;;
5;16;2026;116105;29101718;7;7101;1;0;0;1;0;0;0;0;0;0;0;0;0;0;0;0;0;0;0;0;0;0;0;0;0;0;0;0;0;0;;;;;;;;;;;;;;;;;;;;
5;16;2026;116105;29101728;7;7101;136;3;21;112;;;;;;;;;;;;;;;;;;;;;;;;;;;;;;;;;;;;;;;;;;;;;;
5;16;2026;116105;29101742;7;7101;76;93;;;;;;;;;;;;;;;;;;;;;;;;;;;;;;;;;;;;;;;;;;;;;;;;
5;16;2026;116105;01030100;7;7101;143;0;8;112;23;1;3;1;9;141;130;0;0;0;3;104;131;10;120;9;117;118;135;0;0;21;0;0;0;0;;;;;;;;;;;;;;;;;;;;
5;16;2026;116105;29101714;7;7101;9;0;0;9;0;1;0;0;0;9;9;0;0;0;0;8;8;0;5;0;5;4;10;0;0;0;0;0;0;0;;;;;;;;;;;;;;;;;;;;
5;16;2026;116105;01030300;7;7101;76;0;1;41;34;0;0;0;1;72;76;0;0;0;0;0;74;1;71;1;71;17;103;0;0;3;0;0;0;0;;;;;;;;;;;;;;;;;;;;
5;16;2026;116105;24090700;7;7101;102;0;2;80;20;0;2;2;27;98;102;0;0;0;0;7;89;7;63;7;62;18;91;0;0;8;0;0;0;0;;;;;;;;;;;;;;;;;;;;
6;16;2026;116105;29101728;7;7101;105;1;19;85;;;;;;;;;;;;;;;;;;;;;;;;;;;;;;;;;;;;;;;;;;;;;;
4;16;2026;116105;01030100;7;7101;121;0;9;95;17;0;3;2;10;120;116;0;0;0;1;98;113;6;104;6;103;87;111;1;0;10;0;0;0;0;;;;;;;;;;;;;;;;;;;;
4;16;2026;116105;29101728;7;7101;96;1;12;83;;;;;;;;;;;;;;;;;;;;;;;;;;;;;;;;;;;;;;;;;;;;;;
4;16;2026;116105;01030300;7;7101;90;0;0;62;28;0;0;0;0;83;88;0;0;2;0;0;86;1;83;1;84;26;87;2;0;12;0;0;0;0;;;;;;;;;;;;;;;;;;;;
1;16;2026;116105;29101716;7;7101;1;0;0;0;1;0;0;0;0;0;0;0;0;0;0;0;0;0;0;0;0;0;0;0;0;0;0;0;0;0;;;;;;;;;;;;;;;;;;;;
1;16;2026;116105;29101718;7;7101;1;0;0;0;0;0;0;0;0;0;0;0;0;0;0;0;0;0;0;0;0;0;0;0;0;0;0;0;0;0;;;;;;;;;;;;;;;;;;;;
1;16;2026;116105;29101728;7;7101;129;3;10;116;;;;;;;;;;;;;;;;;;;;;;;;;;;;;;;;;;;;;;;;;;;;;;
1;16;2026;116105;29101729;7;7101;2;0;0;2;;;;;;;;;;;;;;;;;;;;;;;;;;;;;;;;;;;;;;;;;;;;;;
1;16;2026;116105;29101742;7;7101;94;114;;;;;;;;;;;;;;;;;;;;;;;;;;;;;;;;;;;;;;;;;;;;;;;;
1;16;2026;116105;01030100;7;7101;135;0;8;107;20;0;4;2;5;134;124;0;0;0;6;83;122;4;119;4;114;115;129;0;0;19;0;0;0;0;;;;;;;;;;;;;;;;;;;;
1;16;2026;116105;29101714;7;7101;7;0;1;3;3;0;0;0;1;7;7;0;0;0;0;4;6;0;5;0;5;4;5;0;0;0;0;0;0;0;;;;;;;;;;;;;;;;;;;;
1;16;2026;116105;01030300;7;7101;94;0;0;63;31;0;0;0;1;88;94;0;0;1;0;2;92;3;91;3;91;26;94;0;0;6;0;1;0;0;;;;;;;;;;;;;;;;;;;;
1;16;2026;116105;24090700;7;7101;121;0;6;84;31;1;5;4;21;121;121;0;0;4;0;15;108;9;97;9;96;20;102;0;0;12;0;0;0;0;;;;;;;;;;;;;;;;;;;;
4;16;2026;116105;29101714;7;7101;12;0;0;11;1;0;0;0;0;12;12;0;0;0;0;10;9;1;10;1;10;9;12;0;0;1;0;1;0;0;;;;;;;;;;;;;;;;;;;;
2;16;2026;116105;29101728;7;7101;96;2;12;82;;;;;;;;;;;;;;;;;;;;;;;;;;;;;;;;;;;;;;;;;;;;;;
2;16;2026;116105;29101729;7;7101;3;1;0;2;;;;;;;;;;;;;;;;;;;;;;;;;;;;;;;;;;;;;;;;;;;;;;
2;16;2026;116105;29101742;7;7101;83;66;;;;;;;;;;;;;;;;;;;;;;;;;;;;;;;;;;;;;;;;;;;;;;;;
6;16;2026;116105;29101742;7;7101;82;84;;;;;;;;;;;;;;;;;;;;;;;;;;;;;;;;;;;;;;;;;;;;;;;;
6;16;2026;116105;01030100;7;7101;113;1;9;89;14;0;0;0;10;111;107;0;0;0;1;73;104;12;95;13;104;59;99;0;0;11;0;0;0;0;;;;;;;;;;;;;;;;;;;;
6;16;2026;116105;29101714;7;7101;5;0;0;3;2;0;0;0;0;2;5;0;0;0;0;1;5;0;5;0;5;2;5;0;0;1;0;0;0;0;;;;;;;;;;;;;;;;;;;;
6;16;2026;116105;01030300;7;7101;84;0;0;60;24;0;0;1;1;81;84;0;0;0;0;0;77;12;72;2;76;36;82;0;0;14;0;0;0;0;;;;;;;;;;;;;;;;;;;;
6;16;2026;116105;24090700;7;7101;91;0;2;60;53;0;0;4;17;88;91;0;0;3;0;6;79;26;65;9;65;24;78;0;0;3;0;0;0;0;;;;;;;;;;;;;;;;;;;;
6;16;2026;116105;29101715;7;7101;1;0;0;0;0;0;0;0;0;0;0;0;0;0;0;0;0;0;0;0;0;0;0;0;0;0;0;0;0;0;;;;;;;;;;;;;;;;;;;;
6;16;2026;116105;29101716;7;7101;2;0;0;0;0;0;0;0;0;0;0;0;0;0;0;0;0;0;0;0;0;0;0;0;0;0;0;0;0;0;;;;;;;;;;;;;;;;;;;;
4;16;2026;116105;29101718;7;7101;1;0;0;0;1;0;0;0;0;1;0;0;0;0;0;0;0;0;1;0;1;0;1;0;0;0;0;0;0;0;;;;;;;;;;;;;;;;;;;;
4;3;2026;103101;29101728;2;2201;86;0;16;70;;;;;;;;;;;;;;;;;;;;;;;;;;;;;;;;;;;;;;;;;;;;;;
4;3;2026;103101;29101729;2;2201;1;0;0;1;;;;;;;;;;;;;;;;;;;;;;;;;;;;;;;;;;;;;;;;;;;;;;
6;3;2026;103104;29101715;2;2102;2;;;2;;;;;;;;;;;2;;2;;2;;;2;2;0;0;2;0;0;0;0;;;;;;;;;;;;;;;;;;;;
6;3;2026;103104;29101728;2;2102;1;;1;;;;;;;;;;;;;;;;;;;;;;;;;;;;;;;;;;;;;;;;;;;;;;;
6;3;2026;103104;01030100;2;2102;2;;;2;;;;;;;;;;;2;;2;;2;;;2;2;;0;2;0;0;0;0;;;;;;;;;;;;;;;;;;;;
3;3;2026;103101;29101728;2;2201;85;1;9;75;;;;;;;;;;;;;;;;;;;;;;;;;;;;;;;;;;;;;;;;;;;;;;
3;3;2026;103101;29101729;2;2201;8;0;4;4;;;;;;;;;;;;;;;;;;;;;;;;;;;;;;;;;;;;;;;;;;;;;;
6;3;2026;103311;29101715;2;2203;2;0;0;2;0;0;0;0;0;0;0;0;0;0;0;0;0;0;1;0;1;1;1;0;0;1;0;0;0;0;;;;;;;;;;;;;;;;;;;;
6;3;2026;103311;01030100;2;2203;2;0;0;2;0;0;0;0;0;0;0;0;0;0;0;0;1;0;1;0;1;1;1;0;0;1;0;0;0;0;;;;;;;;;;;;;;;;;;;;
3;3;2026;103101;29101742;2;2201;10;23;;;;;;;;;;;;;;;;;;;;;;;;;;;;;;;;;;;;;;;;;;;;;;;;
2;3;2026;103101;29101742;2;2201;11;17;;;;;;;;;;;;;;;;;;;;;;;;;;;;;;;;;;;;;;;;;;;;;;;;
2;3;2026;103101;01030100;2;2201;77;0;2;61;14;0;0;2;7;0;42;0;0;1;21;1;2;71;2;63;73;0;0;38;0;0;0;0;0;0;;;;;;;;;;;;;;;;;;;;
2;3;2026;103101;29101714;2;2201;1;0;0;1;0;0;0;0;0;0;0;0;0;0;1;0;0;1;0;1;1;0;0;0;0;0;0;0;0;0;;;;;;;;;;;;;;;;;;;;
2;3;2026;103101;01030300;2;2201;13;0;0;11;3;0;0;0;0;0;14;0;0;0;0;0;0;0;0;0;2;0;0;8;0;0;0;0;0;0;;;;;;;;;;;;;;;;;;;;
2;3;2026;103101;24090700;2;2201;26;0;2;17;6;0;0;0;7;0;24;0;0;1;0;0;0;0;0;0;9;0;0;9;0;0;0;0;0;0;;;;;;;;;;;;;;;;;;;;
4;3;2026;103102;29101728;2;2301;3;0;0;3;;;;;;;;;;;;;;;;;;;;;;;;;;;;;;;;;;;;;;;;;;;;;;
4;3;2026;103102;01030100;2;2301;3;0;0;3;0;0;0;0;0;0;0;0;0;0;3;3;0;0;3;0;3;3;3;0;0;3;0;0;0;0;;;;;;;;;;;;;;;;;;;;
3;3;2026;103102;29101728;2;2301;3;;2;1;;;;;;;;;;;;;;;;;;;;;;;;;;;;;;;;;;;;;;;;;;;;;;
3;3;2026;103102;29101729;2;2301;1;;1;;;;;;;;;;;;;;;;;;;;;;;;;;;;;;;;;;;;;;;;;;;;;;;
3;3;2026;103102;01030100;2;2301;4;;3;1;;;;;;;;;;3;;;0;4;0;1;4;4;;;2;0;0;0;0;0;;;;;;;;;;;;;;;;;;;;
6;3;2026;103102;29101728;2;2301;3;0;0;3;;;;;;;;;;;;;;;;;;;;;;;;;;;;;;;;;;;;;;;;;;;;;;
6;3;2026;103102;01030100;2;2301;3;0;3;0;0;0;0;0;0;0;0;0;0;0;3;0;0;3;0;1;2;3;0;0;3;0;1;0;0;0;;;;;;;;;;;;;;;;;;;;
2;3;2026;103103;29101728;2;2104;2;;1;1;;;;;;;;;;;;;;;;;;;;;;;;;;;;;;;;;;;;;;;;;;;;;;
2;3;2026;103103;01030100;2;2104;2;;;2;;;;;1;2;;;;;1;2;2;;2;;;2;2;;0;0;0;0;0;0;;;;;;;;;;;;;;;;;;;;
3;3;2026;103103;29101728;2;2104;2;;1;1;;;;;;;;;;;;;;;;;;;;;;;;;;;;;;;;;;;;;;;;;;;;;;
3;3;2026;103103;01030100;2;2104;2;;;2;;;;;;2;;;;;2;0;2;;2;;;1;2;;0;0;0;0;0;0;;;;;;;;;;;;;;;;;;;;
4;3;2026;103100;01030100;2;2101;104;0;9;89;6;0;0;0;10;104;91;0;0;0;2;62;33;6;87;1;32;66;100;0;1;65;0;0;0;0;;;;;;;;;;;;;;;;;;;;
4;3;2026;103100;29101714;2;2101;1;0;0;0;1;0;0;0;0;1;1;0;0;0;0;0;0;0;1;0;0;0;1;0;0;1;0;0;0;0;;;;;;;;;;;;;;;;;;;;
4;3;2026;103100;01030300;2;2101;28;0;0;19;9;0;0;0;1;28;27;0;0;1;0;0;0;1;26;0;5;10;24;0;0;18;0;0;0;0;;;;;;;;;;;;;;;;;;;;
5;3;2026;103100;29101717;2;2101;1;0;0;1;0;0;0;0;0;0;0;0;0;0;0;0;0;0;0;0;0;0;0;0;0;0;0;0;0;0;;;;;;;;;;;;;;;;;;;;
5;3;2026;103100;29101728;2;2101;90;0;11;79;;;;;;;;;;;;;;;;;;;;;;;;;;;;;;;;;;;;;;;;;;;;;;
5;3;2026;103100;01030100;2;2101;95;0;6;72;17;0;0;0;5;95;84;0;0;0;1;62;85;2;90;0;0;90;91;0;7;67;0;0;0;0;;;;;;;;;;;;;;;;;;;;
5;3;2026;103100;29101714;2;2101;2;0;0;2;0;0;0;0;0;2;2;0;0;0;0;0;0;0;1;0;0;0;2;0;0;1;0;0;0;0;;;;;;;;;;;;;;;;;;;;
5;3;2026;103100;01030300;2;2101;27;0;0;18;9;0;0;0;1;27;27;0;0;3;0;0;0;2;19;0;0;18;22;0;3;21;0;0;0;0;;;;;;;;;;;;;;;;;;;;
5;3;2026;103100;24090700;2;2101;59;0;2;45;12;0;1;0;6;59;59;0;0;1;0;31;10;3;43;0;0;40;48;0;0;32;0;0;0;0;;;;;;;;;;;;;;;;;;;;
2;3;2026;103100;29101728;2;2101;99;1;5;93;;;;;;;;;;;;;;;;;;;;;;;;;;;;;;;;;;;;;;;;;;;;;;
2;3;2026;103100;29101729;2;2101;3;0;0;3;;;;;;;;;;;;;;;;;;;;;;;;;;;;;;;;;;;;;;;;;;;;;;
2;3;2026;103100;01030100;2;2101;103;0;7;78;18;0;1;3;0;103;82;0;0;0;3;54;45;4;92;1;10;85;96;0;3;64;0;0;0;0;;;;;;;;;;;;;;;;;;;;
2;3;2026;103100;29101714;2;2101;1;0;0;0;1;0;0;0;0;1;1;0;0;0;0;0;0;0;1;0;0;1;1;0;0;1;0;0;0;0;;;;;;;;;;;;;;;;;;;;
2;3;2026;103100;01030300;2;2101;34;0;0;22;12;0;0;0;2;34;34;0;0;0;0;0;0;1;33;0;4;10;28;0;0;21;0;0;0;0;;;;;;;;;;;;;;;;;;;;
2;3;2026;103100;24090700;2;2101;50;0;3;33;14;0;1;1;6;50;49;0;0;1;0;15;8;3;37;0;2;8;43;0;0;27;0;0;0;0;;;;;;;;;;;;;;;;;;;;
4;3;2026;103100;24090700;2;2101;74;0;4;55;15;0;2;2;12;74;72;0;0;2;0;24;0;5;51;0;28;29;63;0;0;46;0;0;0;0;;;;;;;;;;;;;;;;;;;;
3;3;2026;103100;29101718;2;2101;1;0;0;1;0;0;0;0;0;0;0;0;0;0;0;0;0;0;0;0;0;0;0;0;0;0;0;0;0;0;;;;;;;;;;;;;;;;;;;;
3;3;2026;103100;29101728;2;2101;77;0;12;65;;;;;;;;;;;;;;;;;;;;;;;;;;;;;;;;;;;;;;;;;;;;;;
3;3;2026;103100;29101729;2;2101;1;0;1;0;;;;;;;;;;;;;;;;;;;;;;;;;;;;;;;;;;;;;;;;;;;;;;
3;3;2026;103100;01030100;2;2101;89;0;12;57;20;0;1;0;3;89;75;0;0;0;3;43;75;2;83;0;39;85;83;0;7;56;0;0;0;0;;;;;;;;;;;;;;;;;;;;
3;3;2026;103100;29101714;2;2101;3;0;0;0;3;0;0;0;0;3;3;0;0;0;0;1;0;0;3;0;0;1;3;0;0;2;0;0;0;0;;;;;;;;;;;;;;;;;;;;
3;3;2026;103100;01030300;2;2101;35;0;1;22;12;0;0;1;0;35;35;0;0;0;0;0;0;4;31;0;2;12;29;0;0;13;0;0;0;0;;;;;;;;;;;;;;;;;;;;
3;3;2026;103100;24090700;2;2101;81;0;9;54;18;0;4;3;13;81;81;0;0;0;0;27;10;3;37;0;25;8;67;0;0;27;0;0;0;0;;;;;;;;;;;;;;;;;;;;
5;3;2026;103102;29101728;2;2301;3;;;3;;;;;;;;;;;;;;;;;;;;;;;;;;;;;;;;;;;;;;;;;;;;;;
5;3;2026;103102;01030100;2;2301;3;0;1;2;0;0;0;0;0;0;0;0;0;0;0;3;0;0;2;0;1;2;2;0;1;2;0;0;0;0;;;;;;;;;;;;;;;;;;;;
3;3;2026;103104;29101728;2;2102;1;;;1;;;;;;;;;;;;;;;;;;;;;;;;;;;;;;;;;;;;;;;;;;;;;;
2;3;2026;103104;29101728;2;2102;1;;;1;;;;;;;;;;;;;;;;;;;;;;;;;;;;;;;;;;;;;;;;;;;;;;
2;3;2026;103104;29101729;2;2102;1;;;1;;;;;;;;;;;;;;;;;;;;;;;;;;;;;;;;;;;;;;;;;;;;;;
2;3;2026;103104;01030100;2;2102;1;;;;1;;;;;;;;;;;;1;;1;;;1;1;0;0;1;0;0;0;0;;;;;;;;;;;;;;;;;;;;
3;3;2026;103104;29101729;2;2102;1;;;1;;;;;;;;;;;;;;;;;;;;;;;;;;;;;;;;;;;;;;;;;;;;;;
3;3;2026;103104;01030100;2;2102;2;;;1;1;;;;;;;;;;2;2;2;;2;;;2;2;1;0;1;0;0;0;0;;;;;;;;;;;;;;;;;;;;
5;3;2026;103103;29101728;2;2104;1;;;1;;;;;;;;;;;;;;;;;;;;;;;;;;;;;;;;;;;;;;;;;;;;;;
5;3;2026;103103;01030100;2;2104;1;;;1;;;;;;1;;;;;;1;1;;1;;1;1;1;;0;1;0;0;0;0;;;;;;;;;;;;;;;;;;;;
5;3;2026;103101;29101715;2;2201;1;0;0;0;1;0;0;0;0;1;0;0;0;0;1;0;0;0;0;0;0;0;1;1;0;1;0;0;0;0;;;;;;;;;;;;;;;;;;;;
5;3;2026;103101;29101718;2;2201;1;0;0;1;0;0;0;0;0;1;0;0;0;0;0;0;0;0;1;0;0;0;1;0;0;0;0;0;0;0;;;;;;;;;;;;;;;;;;;;
5;3;2026;103101;29101728;2;2201;78;0;19;59;;;;;;;;;;;;;;;;;;;;;;;;;;;;;;;;;;;;;;;;;;;;;;
5;3;2026;103101;29101729;2;2201;3;0;2;1;;;;;;;;;;;;;;;;;;;;;;;;;;;;;;;;;;;;;;;;;;;;;;
5;3;2026;103101;29101742;2;2201;3;20;;;;;;;;;;;;;;;;;;;;;;;;;;;;;;;;;;;;;;;;;;;;;;;;
5;3;2026;103101;01030100;2;2201;97;0;8;73;16;0;0;0;10;96;58;0;0;0;33;45;89;5;84;2;15;81;94;5;10;63;0;0;0;0;;;;;;;;;;;;;;;;;;;;
5;3;2026;103101;29101714;2;2201;2;0;0;2;0;0;0;0;0;2;2;0;0;0;0;2;0;0;2;0;2;1;2;0;0;1;0;0;0;0;;;;;;;;;;;;;;;;;;;;
5;3;2026;103101;01030300;2;2201;9;0;0;6;3;0;0;0;1;9;9;0;0;0;0;0;6;0;6;0;1;1;8;0;1;6;0;0;0;0;;;;;;;;;;;;;;;;;;;;
5;3;2026;103101;24090700;2;2201;36;0;0;31;5;0;1;1;4;36;33;0;0;2;0;7;32;2;19;0;13;11;32;0;1;26;0;0;0;0;;;;;;;;;;;;;;;;;;;;
1;3;2026;103101;29101715;2;2201;1;0;0;1;0;0;0;0;0;1;0;0;0;0;0;0;1;0;1;0;0;1;1;0;0;1;0;0;0;0;;;;;;;;;;;;;;;;;;;;
1;3;2026;103102;29101728;2;2301;2;;1;1;;;;;;;;;;;;;;;;;;;;;;;;;;;;;;;;;;;;;;;;;;;;;;
1;3;2026;103102;29101729;2;2301;2;;1;1;;;;;;;;;;;;;;;;;;;;;;;;;;;;;;;;;;;;;;;;;;;;;;
1;3;2026;103102;01030100;2;2301;2;;;2;;;;;;;;;;;;2;2;;2;;2;3;3;;0;0;0;0;0;0;;;;;;;;;;;;;;;;;;;;
1;3;2026;103102;24090700;2;2301;1;;;1;;;;;;;1;;;;;;;;;;;;;;0;0;0;0;0;0;;;;;;;;;;;;;;;;;;;;
1;3;2026;103101;29101728;2;2201;63;0;10;53;;;;;;;;;;;;;;;;;;;;;;;;;;;;;;;;;;;;;;;;;;;;;;
1;3;2026;103101;29101729;2;2201;4;0;1;3;;;;;;;;;;;;;;;;;;;;;;;;;;;;;;;;;;;;;;;;;;;;;;
1;3;2026;103101;29101742;2;2201;12;26;;;;;;;;;;;;;;;;;;;;;;;;;;;;;;;;;;;;;;;;;;;;;;;;
1;3;2026;103101;01030100;2;2201;75;0;4;64;7;0;0;0;5;75;39;0;0;1;26;15;68;2;64;0;0;64;66;1;7;52;1;0;0;0;;;;;;;;;;;;;;;;;;;;
1;3;2026;103101;01030300;2;2201;18;0;1;11;6;0;0;0;0;18;18;0;0;0;0;0;17;0;12;0;0;3;17;0;1;15;0;0;0;0;;;;;;;;;;;;;;;;;;;;
1;3;2026;103101;24090700;2;2201;34;0;2;22;10;0;0;0;3;34;31;0;0;3;0;2;27;3;22;0;0;7;28;1;4;22;0;0;0;0;;;;;;;;;;;;;;;;;;;;
2;3;2026;103101;29101728;2;2201;62;0;6;56;;;;;;;;;;;;;;;;;;;;;;;;;;;;;;;;;;;;;;;;;;;;;;
2;3;2026;103101;29101729;2;2201;5;0;3;2;;;;;;;;;;;;;;;;;;;;;;;;;;;;;;;;;;;;;;;;;;;;;;
6;3;2026;103101;29101715;2;2201;1;0;0;1;0;0;0;0;0;1;0;0;0;0;0;0;1;0;0;0;0;1;0;0;0;1;0;0;0;0;;;;;;;;;;;;;;;;;;;;
6;3;2026;103101;29101728;2;2201;74;0;12;62;;;;;;;;;;;;;;;;;;;;;;;;;;;;;;;;;;;;;;;;;;;;;;
6;3;2026;103101;29101729;2;2201;7;0;2;5;;;;;;;;;;;;;;;;;;;;;;;;;;;;;;;;;;;;;;;;;;;;;;
6;3;2026;103101;29101742;2;2201;9;12;;;;;;;;;;;;;;;;;;;;;;;;;;;;;;;;;;;;;;;;;;;;;;;;
2;25;2026;125100;29101716;11;11101;0;0;1;0;0;0;0;0;0;0;0;0;0;0;0;0;0;0;0;0;0;0;0;0;0;0;0;0;0;0;;;;;;;;;;;;;;;;;;;;
2;25;2026;125100;29101742;11;11101;10;17;;;;;;;;;;;;;;;;;;;;;;;;;;;;;;;;;;;;;;;;;;;;;;;;
2;25;2026;125100;01030100;11;11101;20;0;1;15;4;0;0;1;0;20;17;0;0;0;9;16;19;0;18;0;16;17;19;0;5;1;0;0;0;0;;;;;;;;;;;;;;;;;;;;
2;25;2026;125100;29101714;11;11101;1;0;0;1;0;0;0;0;0;1;1;0;0;0;1;1;0;0;1;0;1;1;0;0;1;0;0;0;0;0;;;;;;;;;;;;;;;;;;;;
2;25;2026;125100;01030300;11;11101;18;0;1;14;3;0;0;0;3;18;18;0;0;0;0;3;16;0;10;0;14;8;16;0;6;2;0;0;0;0;;;;;;;;;;;;;;;;;;;;
2;25;2026;125100;24090700;11;11101;10;0;0;9;1;0;0;0;0;10;10;0;0;0;0;9;9;0;8;0;8;6;9;0;1;2;0;0;0;0;;;;;;;;;;;;;;;;;;;;
5;25;2026;125100;29101728;11;11101;21;0;7;14;;;;;;;;;;;;;;;;;;;;;;;;;;;;;;;;;;;;;;;;;;;;;;
1;25;2026;125101;29101728;11;11201;3;;0;3;;;;;;;;;;;;;;;;;;;;;;;;;;;;;;;;;;;;;;;;;;;;;;
1;25;2026;125101;01030100;11;11201;4;;;3;1;;;;1;1;3;1;;;1;4;4;;3;;3;3;3;0;0;1;0;0;0;0;;;;;;;;;;;;;;;;;;;;
6;25;2026;125100;29101728;11;11101;17;0;2;15;;;;;;;;;;;;;;;;;;;;;;;;;;;;;;;;;;;;;;;;;;;;;;
6;25;2026;125100;29101742;11;11101;14;21;;;;;;;;;;;;;;;;;;;;;;;;;;;;;;;;;;;;;;;;;;;;;;;;
6;25;2026;125100;01030100;11;11101;17;0;5;9;3;0;0;0;0;17;16;0;0;0;4;15;14;0;15;0;15;15;16;0;1;1;0;0;0;0;;;;;;;;;;;;;;;;;;;;
6;25;2026;125100;01030300;11;11101;20;0;0;12;8;0;0;0;6;20;20;0;0;0;0;2;13;0;13;0;15;10;14;0;5;0;0;0;0;0;;;;;;;;;;;;;;;;;;;;
6;25;2026;125100;24090700;11;11101;17;0;0;12;5;0;0;0;0;17;17;0;0;1;0;10;14;0;13;0;16;10;16;0;2;0;0;0;0;0;;;;;;;;;;;;;;;;;;;;
1;25;2026;125103;29101715;11;11301;1;;;1;;;;;1;1;;;;;;;0;0;0;0;0;0;0;0;0;0;0;0;0;0;;;;;;;;;;;;;;;;;;;;
1;25;2026;125103;29101728;11;11301;1;;1;;;;;;;;;;;;;;;;;;;;;;;;;;;;;;;;;;;;;;;;;;;;;;;
1;25;2026;125103;01030100;11;11301;1;;;1;;;;;1;1;;;;;;;;;;;;;;;0;0;0;0;0;0;;;;;;;;;;;;;;;;;;;;
3;25;2026;125100;01030100;11;11101;27;0;0;23;4;0;0;0;0;27;24;0;0;0;8;15;27;0;27;0;24;26;25;0;6;2;0;0;0;0;;;;;;;;;;;;;;;;;;;;
3;25;2026;125100;01030300;11;11101;18;0;0;13;5;0;1;0;3;18;18;0;0;0;0;1;15;1;11;2;10;10;16;0;5;0;0;0;0;0;;;;;;;;;;;;;;;;;;;;
3;25;2026;125100;24090700;11;11101;24;0;0;18;6;0;0;1;4;24;24;0;0;1;0;10;22;1;15;1;19;15;20;0;5;1;0;0;0;0;;;;;;;;;;;;;;;;;;;;
3;25;2026;125100;29101728;11;11101;27;0;4;23;;;;;;;;;;;;;;;;;;;;;;;;;;;;;;;;;;;;;;;;;;;;;;
1;25;2026;125100;29101728;11;11101;39;0;6;33;;;;;;;;;;;;;;;;;;;;;;;;;;;;;;;;;;;;;;;;;;;;;;
3;25;2026;125101;29101718;11;11201;1;;;1;;;;;;1;0;;;;1;;1;;1;;1;1;0;;0;0;0;0;0;0;;;;;;;;;;;;;;;;;;;;
3;25;2026;125101;29101742;11;11201;;1;;;;;;;;;;;;;;;;;;;;;;;;;;;;;;;;;;;;;;;;;;;;;;;;
1;25;2026;125100;01030100;11;11101;41;0;0;37;4;0;0;0;1;41;36;0;0;0;20;30;40;1;39;0;31;38;40;0;14;2;0;0;0;0;;;;;;;;;;;;;;;;;;;;
1;25;2026;125100;01030300;11;11101;32;0;1;21;10;0;0;0;2;32;32;0;0;0;0;7;31;2;22;1;26;21;29;0;7;1;0;0;0;0;;;;;;;;;;;;;;;;;;;;
1;25;2026;125100;24090700;11;11101;15;0;0;12;3;0;0;1;2;15;13;0;0;2;0;3;11;0;8;0;11;5;12;0;6;1;0;0;0;0;;;;;;;;;;;;;;;;;;;;
2;25;2026;125101;29101728;11;11201;2;;;2;;;;;;;;;;;;;;;;;;;;;;;;;;;;;;;;;;;;;;;;;;;;;;
2;25;2026;125101;29101742;11;11201;;2;;;;;;;;;;;;;;;;;;;;;;;;;;;;;;;;;;;;;;;;;;;;;;;;
2;25;2026;125101;01030100;11;11201;2;;1;1;;;;;;;1;1;;;;2;2;;2;;2;2;2;2;0;0;0;0;0;0;;;;;;;;;;;;;;;;;;;;
2;25;2026;125101;24090700;11;11201;2;;;2;;;;;;1;2;;;;;2;2;0;1;0;2;1;1;2;0;1;0;0;0;0;;;;;;;;;;;;;;;;;;;;
3;25;2026;125101;24090700;11;11201;1;;;1;;;;;;1;1;;;;;1;1;;1;;1;1;1;;0;0;0;0;0;0;;;;;;;;;;;;;;;;;;;;
4;25;2026;125100;29101728;11;11101;20;0;2;18;;;;;;;;;;;;;;;;;;;;;;;;;;;;;;;;;;;;;;;;;;;;;;
4;25;2026;125100;01030100;11;11101;22;0;3;16;3;0;0;0;0;22;20;0;0;0;4;16;22;0;21;0;13;20;21;0;6;1;0;0;0;0;;;;;;;;;;;;;;;;;;;;
4;25;2026;125100;01030300;11;11101;14;0;0;7;7;0;0;0;1;14;14;0;0;0;0;0;12;0;10;0;11;8;11;0;3;1;0;0;0;0;;;;;;;;;;;;;;;;;;;;
4;25;2026;125100;24090700;11;11101;11;0;3;3;5;0;0;0;0;11;11;0;0;0;0;6;10;0;9;0;11;7;11;0;3;0;0;0;0;0;;;;;;;;;;;;;;;;;;;;
4;25;2026;125103;29101728;11;11301;1;;;1;;;;;;;;;;;;;;;;;;;;;;;;;;;;;;;;;;;;;;;;;;;;;;
4;25;2026;125101;29101728;11;11201;1;;;1;;;;;;;;;;;;;;;;;;;;;;;;;;;;;;;;;;;;;;;;;;;;;;
4;25;2026;125101;01030100;11;11201;1;0;0;1;0;0;0;0;0;1;1;0;0;0;1;1;1;0;1;0;1;1;1;0;0;0;0;0;0;0;;;;;;;;;;;;;;;;;;;;
1;25;2026;125102;29101728;11;11401;1;;1;;;;;;;;;;;;;;;;;;;;;;;;;;;;;;;;;;;;;;;;;;;;;;;
1;25;2026;125102;01030100;11;11401;;1;0;0;0;0;0;0;1;1;0;1;0;0;0;0;1;0;0;0;0;0;0;0;0;0;0;0;0;0;;;;;;;;;;;;;;;;;;;;
4;25;2026;125103;29101729;11;11301;1;;;1;;;;;;;;;;;;;;;;;;;;;;;;;;;;;;;;;;;;;;;;;;;;;;
4;25;2026;125103;01030100;11;11301;;;;;1;;;;;1;;;;;;;;;;;1;1;;;;;;;;;;;;;;;;;;;;;;;;;;;;
6;7;2026;107108;29101729;5;5107;1;;;1;;;;;;;;;;;;;;;;;;;;;;;;;;;;;;;;;;;;;;;;;;;;;;
6;7;2026;107108;01030100;5;5107;1;0;0;1;0;0;0;0;0;0;0;0;0;0;0;0;1;0;1;0;0;1;1;0;0;0;0;0;0;0;;;;;;;;;;;;;;;;;;;;
1;21;2026;121109;29101742;9;9101;55;122;;;;;;;;;;;;;;;;;;;;;;;;;;;;;;;;;;;;;;;;;;;;;;;;
2;7;2026;107100;01030100;5;5109;71;0;3;55;13;1;2;6;14;0;0;0;0;0;35;62;48;2;56;2;54;49;62;0;1;12;0;0;0;0;;;;;;;;;;;;;;;;;;;;
2;7;2026;107100;29101714;5;5109;2;0;0;1;1;0;0;0;0;0;0;0;0;1;1;2;0;0;0;0;0;0;0;0;0;0;0;0;0;0;;;;;;;;;;;;;;;;;;;;
2;7;2026;107100;01030300;5;5109;20;0;0;11;9;0;1;5;10;0;0;0;0;0;0;0;31;1;35;1;34;6;37;0;1;6;0;0;0;0;;;;;;;;;;;;;;;;;;;;
2;7;2026;107100;24090700;5;5109;55;0;1;40;14;0;1;5;10;0;0;0;0;3;0;25;18;0;19;0;17;4;19;0;3;9;0;0;0;0;;;;;;;;;;;;;;;;;;;;
2;7;2026;107100;29101728;5;5109;62;1;15;46;;;;;;;;;;;;;;;;;;;;;;;;;;;;;;;;;;;;;;;;;;;;;;
2;7;2026;107100;29101729;5;5109;62;1;15;46;;;;;;;;;;;;;;;;;;;;;;;;;;;;;;;;;;;;;;;;;;;;;;
2;7;2026;107100;29101742;5;5109;18;51;;;;;;;;;;;;;;;;;;;;;;;;;;;;;;;;;;;;;;;;;;;;;;;;
4;7;2026;107100;29101728;5;5109;72;1;15;56;;;;;;;;;;;;;;;;;;;;;;;;;;;;;;;;;;;;;;;;;;;;;;
4;7;2026;107100;29101729;5;5109;72;1;15;56;;;;;;;;;;;;;;;;;;;;;;;;;;;;;;;;;;;;;;;;;;;;;;
4;7;2026;107100;29101742;5;5109;18;73;;;;;;;;;;;;;;;;;;;;;;;;;;;;;;;;;;;;;;;;;;;;;;;;
4;7;2026;107100;01030100;5;5109;76;0;6;51;19;0;3;1;6;0;0;0;0;0;28;50;59;2;66;2;51;40;62;0;4;11;0;0;0;0;;;;;;;;;;;;;;;;;;;;
4;7;2026;107100;29101714;5;5109;2;0;0;1;1;0;0;0;0;0;0;0;0;0;0;1;1;0;1;0;1;0;2;0;0;1;0;0;0;0;;;;;;;;;;;;;;;;;;;;
4;7;2026;107100;01030300;5;5109;19;0;0;14;5;0;0;0;0;0;0;0;0;0;0;0;14;0;14;0;12;2;15;0;1;4;0;0;0;0;;;;;;;;;;;;;;;;;;;;
4;7;2026;107100;24090700;5;5109;80;1;4;59;16;0;3;6;21;;0;0;0;3;0;39;43;5;44;4;36;8;62;0;7;13;0;0;0;0;;;;;;;;;;;;;;;;;;;;
5;7;2026;107100;29101728;5;5109;75;2;16;57;;;;;;;;;;;;;;;;;;;;;;;;;;;;;;;;;;;;;;;;;;;;;;
5;7;2026;107100;29101729;5;5109;78;2;16;60;;;;;;;;;;;;;;;;;;;;;;;;;;;;;;;;;;;;;;;;;;;;;;
3;7;2026;107100;29101716;5;5109;1;0;0;1;0;0;0;0;0;0;0;0;0;0;0;0;0;0;1;0;0;0;1;0;0;0;0;0;0;0;;;;;;;;;;;;;;;;;;;;
3;7;2026;107100;29101728;5;5109;76;1;19;56;;;;;;;;;;;;;;;;;;;;;;;;;;;;;;;;;;;;;;;;;;;;;;
3;7;2026;107100;29101729;5;5109;78;1;20;57;;;;;;;;;;;;;;;;;;;;;;;;;;;;;;;;;;;;;;;;;;;;;;
3;7;2026;107100;29101742;5;5109;30;60;;;;;;;;;;;;;;;;;;;;;;;;;;;;;;;;;;;;;;;;;;;;;;;;
3;7;2026;107100;01030100;5;5109;83;0;2;71;10;0;3;3;10;0;0;0;0;0;30;58;64;0;58;0;1;48;69;0;2;7;0;0;0;0;;;;;;;;;;;;;;;;;;;;
3;7;2026;107100;01030300;5;5109;33;0;0;25;8;0;0;0;3;0;0;0;0;1;0;0;28;1;19;1;1;0;34;0;1;7;0;0;0;0;;;;;;;;;;;;;;;;;;;;
3;7;2026;107100;24090700;5;5109;62;0;2;47;13;0;0;1;10;0;0;0;0;1;0;27;36;0;21;0;2;6;41;0;3;8;0;0;0;0;;;;;;;;;;;;;;;;;;;;
1;7;2026;107100;29101728;5;5109;79;2;19;58;;;;;;;;;;;;;;;;;;;;;;;;;;;;;;;;;;;;;;;;;;;;;;
1;7;2026;107100;29101729;5;5109;81;2;21;58;;;;;;;;;;;;;;;;;;;;;;;;;;;;;;;;;;;;;;;;;;;;;;
1;7;2026;107100;29101742;5;5109;23;57;;;;;;;;;;;;;;;;;;;;;;;;;;;;;;;;;;;;;;;;;;;;;;;;
1;7;2026;107100;01030100;5;5109;84;0;4;63;17;1;1;4;8;0;0;0;0;1;37;55;58;3;51;3;49;50;68;0;5;10;0;0;0;0;;;;;;;;;;;;;;;;;;;;
1;7;2026;107100;29101714;5;5109;1;0;0;1;0;0;0;0;0;0;0;0;0;1;1;1;1;0;1;0;1;2;1;0;0;0;0;0;0;0;;;;;;;;;;;;;;;;;;;;
1;7;2026;107100;01030300;5;5109;24;0;0;14;10;0;0;0;2;0;0;0;0;0;1;1;24;2;16;2;16;4;26;0;0;7;0;0;0;0;;;;;;;;;;;;;;;;;;;;
1;7;2026;107100;24090700;5;5109;64;0;1;44;19;0;3;5;16;0;0;0;0;3;2;19;25;0;18;0;16;10;40;0;2;8;0;0;0;0;;;;;;;;;;;;;;;;;;;;
5;7;2026;107100;29101742;5;5109;20;65;;;;;;;;;;;;;;;;;;;;;;;;;;;;;;;;;;;;;;;;;;;;;;;;
5;7;2026;107100;01030100;5;5109;80;1;5;59;15;0;2;0;5;0;0;0;0;1;32;11;56;1;72;1;60;54;71;0;1;11;0;0;0;0;;;;;;;;;;;;;;;;;;;;
5;7;2026;107100;29101714;5;5109;3;0;0;2;1;0;0;0;0;0;0;0;0;0;3;0;2;0;3;0;3;3;3;0;0;0;0;0;0;0;;;;;;;;;;;;;;;;;;;;
5;7;2026;107100;01030300;5;5109;21;0;0;14;7;0;0;1;3;0;0;0;0;1;0;21;15;0;17;0;15;2;18;0;2;2;0;0;0;0;;;;;;;;;;;;;;;;;;;;
5;7;2026;107100;24090700;5;5109;69;0;1;48;20;0;2;3;14;0;0;0;0;5;0;4;40;2;39;4;35;6;49;0;2;11;0;0;0;0;;;;;;;;;;;;;;;;;;;;
6;7;2026;107100;29101728;5;5109;55;0;26;29;;;;;;;;;;;;;;;;;;;;;;;;;;;;;;;;;;;;;;;;;;;;;;
6;7;2026;107100;29101729;5;5109;55;0;26;29;;;;;;;;;;;;;;;;;;;;;;;;;;;;;;;;;;;;;;;;;;;;;;
6;7;2026;107100;29101742;5;5109;16;72;;;;;;;;;;;;;;;;;;;;;;;;;;;;;;;;;;;;;;;;;;;;;;;;
6;7;2026;107100;01030100;5;5109;78;0;4;61;13;0;2;0;13;0;0;0;0;0;29;23;53;5;51;5;45;45;72;0;4;6;0;0;0;0;;;;;;;;;;;;;;;;;;;;
6;7;2026;107100;29101714;5;5109;1;0;0;1;0;0;0;0;0;0;0;0;0;0;0;0;1;0;0;0;0;0;1;0;0;1;0;0;0;0;;;;;;;;;;;;;;;;;;;;
6;7;2026;107100;01030300;5;5109;19;0;0;14;5;0;0;0;0;0;0;0;0;1;0;19;15;0;12;0;12;0;21;0;0;4;0;0;0;0;;;;;;;;;;;;;;;;;;;;
6;7;2026;107100;24090700;5;5109;82;0;4;55;23;0;5;6;15;0;0;0;0;6;1;50;42;2;22;2;21;7;51;0;3;7;0;0;0;0;;;;;;;;;;;;;;;;;;;;
3;7;2026;107105;29101729;5;5401;1;;;1;;;;;;;;;;;;;;;;;;;;;;;;;;;;;;;;;;;;;;;;;;;;;;
3;7;2026;107105;01030100;5;5401;2;;;2;;;;;;2;;;1;;1;;;;2;;2;2;2;0;0;0;0;0;0;0;;;;;;;;;;;;;;;;;;;;
1;7;2026;107105;29101715;5;5401;1;;;1;;0;0;0;0;0;0;0;0;0;0;0;0;0;1;0;0;1;1;0;0;0;0;0;0;0;;;;;;;;;;;;;;;;;;;;
1;7;2026;107105;29101728;5;5401;1;;;1;;;;;;;;;;;;;;;;;;;;;;;;;;;;;;;;;;;;;;;;;;;;;;
1;7;2026;107105;01030100;5;5401;1;;;1;;0;0;0;0;1;0;0;0;0;1;0;0;0;1;0;1;1;1;0;0;1;0;0;0;0;;;;;;;;;;;;;;;;;;;;
6;7;2026;107105;29101728;5;5401;2;;1;1;;;;;;;;;;;;;;;;;;;;;;;;;;;;;;;;;;;;;;;;;;;;;;
6;7;2026;107105;01030100;5;5401;2;;;2;;;;;;1;;;2;;;;;;2;;2;2;2;;0;1;0;0;0;0;;;;;;;;;;;;;;;;;;;;
3;7;2026;107106;29101728;5;5402;1;;;1;;;;;;;;;;;;;;;;;;;;;;;;;;;;;;;;;;;;;;;;;;;;;;
3;7;2026;107106;01030100;5;5402;1;;;1;;;;;;;;;;;1;;1;;1;;1;0;0;0;0;0;0;0;0;0;;;;;;;;;;;;;;;;;;;;
6;7;2026;107106;29101728;5;5402;1;0;0;1;;;;;;;;;;;;;;;;;;;;;;;;;;;;;;;;;;;;;;;;;;;;;;
6;7;2026;107106;01030100;5;5402;1;0;0;0;1;0;0;0;0;0;0;0;0;0;1;0;1;0;1;0;1;0;0;0;0;0;0;0;0;0;;;;;;;;;;;;;;;;;;;;
4;7;2026;107106;01030100;5;5402;1;0;0;1;0;0;0;0;0;0;0;0;0;0;0;1;1;0;1;0;0;1;1;0;0;0;0;0;0;0;;;;;;;;;;;;;;;;;;;;
1;7;2026;107101;29101715;5;5501;0;;;;;;;;;;;;;;;;;0;1;0;0;;;;;;;;;;;;;;;;;;;;;;;;;;;;;
4;7;2026;107101;29101742;5;5501;24;33;;;;;;;;;;;;;;;;;;;;;;;;;;;;;;;;;;;;;;;;;;;;;;;;
4;7;2026;107101;01030100;5;5501;57;;4;43;10;;;;10;31;46;;;;41;47;;5;52;5;49;;49;;0;10;0;0;0;0;;;;;;;;;;;;;;;;;;;;
4;7;2026;107101;29101714;5;5501;2;;;2;;;;;;2;2;;;;2;1;;0;2;0;2;;2;;0;0;0;0;0;0;;;;;;;;;;;;;;;;;;;;
4;7;2026;107101;01030300;5;5501;24;;;17;7;;;;3;;;;;;;;;2;17;2;17;;19;;2;2;0;0;0;0;;;;;;;;;;;;;;;;;;;;
4;7;2026;107101;24090700;5;5501;37;;1;27;9;0;1;;10;1;7;;;3;;13;;4;33;4;32;;32;;2;7;0;0;0;0;;;;;;;;;;;;;;;;;;;;
4;7;2026;107101;29101718;5;5501;1;;1;;;;;;;;;;;;;;;0;1;0;0;;;;0;0;0;0;0;0;;;;;;;;;;;;;;;;;;;;
4;7;2026;107101;29101728;5;5501;56;;15;41;;;;;;;;;;;;;;;;;;;;;;;;;;;;;;;;;;;;;;;;;;;;;;
4;7;2026;107101;29101729;5;5501;1;;1;0;;;;;;;;;;;;;;;;;;;;;;;;;;;;;;;;;;;;;;;;;;;;;;
3;7;2026;107101;29101717;5;5501;1;;;;1;;;;;;;;;;;;;0;0;0;0;;;;0;0;0;0;0;0;;;;;;;;;;;;;;;;;;;;
3;7;2026;107101;29101718;5;5501;;;;;;;;;;;;;;;;;;0;1;0;1;;;;;;;;;;;;;;;;;;;;;;;;;;;;;
3;7;2026;107101;29101728;5;5501;52;1;16;35;;;;;;;;;;;;;;;;;;;;;;;;;;;;;;;;;;;;;;;;;;;;;;
3;7;2026;107101;29101729;5;5501;2;;1;1;;;;;;;;;;;;;;;;;;;;;;;;;;;;;;;;;;;;;;;;;;;;;;
2;7;2026;107101;29101742;5;5501;20;24;;;;;;;;;;;;;;;;;;;;;;;;;;;;;;;;;;;;;;;;;;;;;;;;
2;7;2026;107101;01030100;5;5501;58;;0;46;12;;;;5;22;42;0;0;;10;39;;3;46;3;41;;54;0;1;2;0;0;0;0;;;;;;;;;;;;;;;;;;;;
2;7;2026;107101;01030300;5;5501;23;;0;15;8;;;;3;;;0;0;;;;;5;18;2;18;;20;0;0;0;0;0;0;0;;;;;;;;;;;;;;;;;;;;
2;7;2026;107101;24090700;5;5501;29;;0;25;4;;;1;6;;8;0;0;2;;13;;5;19;3;17;;21;0;3;6;0;0;0;0;;;;;;;;;;;;;;;;;;;;
3;7;2026;107101;29101742;5;5501;25;36;;;;;;;;;;;;;;;;;;;;;;;;;;;;;;;;;;;;;;;;;;;;;;;;
3;7;2026;107101;01030100;5;5501;59;;6;44;9;1;;;6;32;45;0;;;36;45;;3;52;3;46;;54;;0;12;0;0;0;0;;;;;;;;;;;;;;;;;;;;
3;7;2026;107101;29101714;5;5501;1;;;1;0;;;;1;;;0;;;;;;0;0;0;0;;;;0;0;0;0;0;0;;;;;;;;;;;;;;;;;;;;
3;7;2026;107101;01030300;5;5501;30;;;24;6;;;;3;;;0;;1;;;;1;26;1;23;;25;;0;3;0;0;0;0;;;;;;;;;;;;;;;;;;;;
3;7;2026;107101;24090700;5;5501;44;;1;32;11;;;;9;;13;0;;6;;15;;3;36;3;31;;39;;0;11;0;0;0;0;;;;;;;;;;;;;;;;;;;;
1;7;2026;107101;29101728;5;5501;43;;8;35;;;;;;;;;;;;;;;;;;;;;;;;;;;;;;;;;;;;;;;;;;;;;;
1;7;2026;107101;29101729;5;5501;1;;;1;;;;;;;;;;;;;;;;;;;;;;;;;;;;;;;;;;;;;;;;;;;;;;
1;7;2026;107101;29101742;5;5501;19;26;;;;;;;;;;;;;;;;;;;;;;;;;;;;;;;;;;;;;;;;;;;;;;;;
1;7;2026;107101;01030100;5;5501;45;;2;36;7;;;;3;22;33;;1;;29;38;;3;42;3;41;;43;;0;9;0;0;0;0;;;;;;;;;;;;;;;;;;;;
1;7;2026;107101;29101714;5;5501;1;;;1;;;;;;1;1;;;;1;1;;1;0;1;0;;;;0;1;0;0;0;0;;;;;;;;;;;;;;;;;;;;
1;7;2026;107101;01030300;5;5501;20;;1;13;6;;;;4;;;;;;;;;2;19;2;8;;18;;1;3;0;0;0;0;;;;;;;;;;;;;;;;;;;;
1;7;2026;107101;24090700;5;5501;31;;1;23;7;;;;6;;6;;;3;;14;;4;22;4;16;;27;;0;7;0;0;0;0;;;;;;;;;;;;;;;;;;;;
2;7;2026;107101;29101728;5;5501;51;;17;34;;;;;;;;;;;;;;;;;;;;;;;;;;;;;;;;;;;;;;;;;;;;;;
2;7;2026;107101;29101729;5;5501;1;;1;;;;;;;;;;;;;;;;;;;;;;;;;;;;;;;;;;;;;;;;;;;;;;;
5;7;2026;107101;29101728;5;5501;67;1;15;51;;;;;;;;;;;;;;;;;;;;;;;;;;;;;;;;;;;;;;;;;;;;;;
5;7;2026;107101;29101742;5;5501;22;23;;;;;;;;;;;;;;;;;;;;;;;;;;;;;;;;;;;;;;;;;;;;;;;;
5;7;2026;107101;01030100;5;5501;65;;1;55;9;1;;;6;33;47;;1;;52;56;;3;62;2;62;;60;;1;9;0;0;0;0;;;;;;;;;;;;;;;;;;;;
5;7;2026;107101;29101714;5;5501;3;;;3;;;;;1;1;3;;;;3;3;;1;2;1;2;;3;;1;1;0;0;0;0;;;;;;;;;;;;;;;;;;;;
5;7;2026;107101;01030300;5;5501;22;;;13;9;;;;;4;;;;1;;;;0;22;0;22;;20;;1;0;0;0;0;0;;;;;;;;;;;;;;;;;;;;
5;7;2026;107101;24090700;5;5501;26;;1;21;4;;;;3;8;10;;;1;;16;;2;24;2;21;;24;;0;4;0;0;0;0;;;;;;;;;;;;;;;;;;;;
6;7;2026;107101;29101742;5;5501;15;30;;;;;;;;;;;;;;;;;;;;;;;;;;;;;;;;;;;;;;;;;;;;;;;;
6;7;2026;107101;01030100;5;5501;44;;3;31;10;;;;5;26;33;;;;29;;;0;43;0;39;;40;;4;8;0;0;0;0;;;;;;;;;;;;;;;;;;;;
6;7;2026;107101;01030300;5;5501;15;;;10;5;;;;;;15;;;;;;;0;14;0;14;;15;;0;3;0;0;0;0;;;;;;;;;;;;;;;;;;;;
6;7;2026;107101;24090700;5;5501;38;;1;33;4;;;;5;;38;;;;;21;;3;33;2;26;;34;;2;9;0;0;0;0;;;;;;;;;;;;;;;;;;;;
6;7;2026;107101;29101728;5;5501;40;;11;29;;;;;;;;;;;;;;;;;;;;;;;;;;;;;;;;;;;;;;;;;;;;;;
3;7;2026;107103;29101728;5;5502;1;;;1;;;;;;;;;;;;;;;;;;;;;;;;;;;;;;;;;;;;;;;;;;;;;;
3;7;2026;107103;29101729;5;5502;1;;;1;;;;;;;;;;;;;;;;;;;;;;;;;;;;;;;;;;;;;;;;;;;;;;
3;7;2026;107103;01030100;5;5502;1;;;;1;;;;;;;;;;;;;;1;;1;1;1;;0;0;0;0;0;0;;;;;;;;;;;;;;;;;;;;
4;7;2026;107103;01030100;5;5502;1;;;1;;;;;;;;;;;;;;;1;;;1;1;;0;0;0;0;0;0;;;;;;;;;;;;;;;;;;;;
6;7;2026;107103;29101715;5;5502;1;;;1;;;;;;;;;;;;;;;;;;;;;0;0;0;0;0;0;;;;;;;;;;;;;;;;;;;;
6;7;2026;107103;29101728;5;5502;1;;1;;;;;;;;;;;;;;;;;;;;;;;;;;;;;;;;;;;;;;;;;;;;;;;
6;7;2026;107103;29101729;5;5502;1;;1;;;;;;;;;;;;;;;;;;;;;;;;;;;;;;;;;;;;;;;;;;;;;;;
6;7;2026;107103;01030100;5;5502;1;;;1;;;;;;;;;;;;;;;1;;1;1;1;;0;0;0;0;0;0;;;;;;;;;;;;;;;;;;;;
3;7;2026;107102;01030100;5;5801;40;0;2;28;10;1;0;0;6;4;35;0;15;0;23;39;28;1;27;0;2;22;35;0;3;5;0;0;0;0;;;;;;;;;;;;;;;;;;;;
3;7;2026;107102;29101714;5;5801;2;0;0;1;1;0;0;0;0;0;2;0;1;0;2;2;1;1;1;0;0;2;2;0;0;1;0;0;0;0;;;;;;;;;;;;;;;;;;;;
3;7;2026;107102;01030300;5;5801;21;0;0;10;11;0;0;0;1;13;21;0;2;0;0;14;18;0;5;0;5;3;21;0;0;3;0;0;0;0;;;;;;;;;;;;;;;;;;;;
3;7;2026;107102;24090700;5;5801;24;0;1;17;6;0;0;0;5;15;23;0;3;1;0;15;16;0;0;0;7;0;20;0;1;3;0;0;0;0;;;;;;;;;;;;;;;;;;;;
1;7;2026;107102;29101728;5;5801;32;0;9;23;;;;;;;;;;;;;;;;;;;;;;;;;;;;;;;;;;;;;;;;;;;;;;
1;7;2026;107102;29101729;5;5801;1;0;0;1;;;;;;;;;;;;;;;;;;;;;;;;;;;;;;;;;;;;;;;;;;;;;;
2;7;2026;107102;29101728;5;5801;37;0;5;32;;;;;;;;;;;;;;;;;;;;;;;;;;;;;;;;;;;;;;;;;;;;;;
2;7;2026;107102;01030100;5;5801;38;0;5;25;8;0;0;0;2;0;34;0;0;0;17;38;34;1;28;0;1;21;36;0;0;4;0;0;0;0;;;;;;;;;;;;;;;;;;;;
2;7;2026;107102;01030300;5;5801;18;0;1;10;7;0;0;0;2;18;18;0;2;0;0;9;13;0;5;0;4;4;15;0;0;2;0;0;0;0;;;;;;;;;;;;;;;;;;;;
2;7;2026;107102;24090700;5;5801;23;0;0;16;4;0;0;0;5;23;23;0;5;0;0;11;14;0;1;0;6;1;20;0;0;5;0;0;0;0;;;;;;;;;;;;;;;;;;;;
1;7;2026;107102;01030100;5;5801;33;0;3;24;6;0;0;0;4;0;29;0;10;0;16;31;0;0;0;0;0;19;30;0;2;3;0;0;0;0;;;;;;;;;;;;;;;;;;;;
1;7;2026;107102;01030300;5;5801;13;0;0;7;6;0;0;0;0;13;13;0;2;0;0;11;0;10;3;0;1;1;11;0;0;3;0;0;0;0;;;;;;;;;;;;;;;;;;;;
1;7;2026;107102;24090700;5;5801;31;0;1;21;9;0;0;1;5;31;30;0;8;1;0;18;0;0;3;0;1;0;27;0;1;7;0;0;0;0;;;;;;;;;;;;;;;;;;;;
6;7;2026;107102;29101728;5;5801;41;0;10;31;;;;;;;;;;;;;;;;;;;;;;;;;;;;;;;;;;;;;;;;;;;;;;
6;7;2026;107102;29101729;5;5801;2;0;1;1;;;;;;;;;;;;;;;;;;;;;;;;;;;;;;;;;;;;;;;;;;;;;;
6;7;2026;107102;01030100;5;5801;43;0;0;36;7;0;0;0;4;22;32;0;0;0;25;40;37;1;29;2;32;28;39;0;1;4;0;0;0;0;;;;;;;;;;;;;;;;;;;;
6;7;2026;107102;29101714;5;5801;1;0;0;1;0;0;0;0;0;1;0;0;0;0;1;1;0;0;0;0;1;0;0;0;0;0;0;0;0;0;;;;;;;;;;;;;;;;;;;;
6;7;2026;107102;01030300;5;5801;23;0;0;16;7;0;0;0;1;0;23;0;0;0;0;9;14;1;1;3;16;0;21;0;1;2;0;0;0;0;;;;;;;;;;;;;;;;;;;;
6;7;2026;107102;24090700;5;5801;18;0;1;13;4;0;0;0;5;4;16;0;0;1;0;8;5;0;2;2;14;0;15;0;0;3;0;0;0;0;;;;;;;;;;;;;;;;;;;;
4;7;2026;107102;29101728;5;5801;43;0;13;30;;;;;;;;;;;;;;;;;;;;;;;;;;;;;;;;;;;;;;;;;;;;;;
4;7;2026;107102;29101729;5;5801;1;0;0;1;;;;;;;;;;;;;;;;;;;;;;;;;;;;;;;;;;;;;;;;;;;;;;
4;7;2026;107102;01030100;5;5801;47;0;2;33;12;0;0;0;6;29;38;0;0;0;23;45;36;1;39;1;38;24;42;0;1;2;0;0;0;0;;;;;;;;;;;;;;;;;;;;
4;7;2026;107102;29101714;5;5801;1;0;0;1;0;0;0;0;0;1;1;0;0;0;1;1;1;0;1;0;1;1;1;0;0;1;0;0;0;0;;;;;;;;;;;;;;;;;;;;
4;7;2026;107102;01030300;5;5801;22;0;0;15;7;0;0;0;2;0;22;0;0;0;0;16;19;0;3;2;17;5;20;0;0;1;0;0;0;0;;;;;;;;;;;;;;;;;;;;
4;7;2026;107102;24090700;5;5801;16;0;0;13;3;0;0;0;2;3;16;0;0;0;0;10;9;0;1;1;11;0;12;0;1;2;0;0;0;0;;;;;;;;;;;;;;;;;;;;
3;7;2026;107102;29101728;5;5801;38;1;8;29;;;;;;;;;;;;;;;;;;;;;;;;;;;;;;;;;;;;;;;;;;;;;;
5;7;2026;107102;29101728;5;5801;46;0;11;35;;;;;;;;;;;;;;;;;;;;;;;;;;;;;;;;;;;;;;;;;;;;;;
5;7;2026;107102;29101729;5;5801;2;0;1;1;;;;;;;;;;;;;;;;;;;;;;;;;;;;;;;;;;;;;;;;;;;;;;
5;7;2026;107102;01030100;5;5801;49;0;2;39;8;0;0;0;3;34;34;0;0;0;31;39;43;2;34;2;41;27;43;0;0;6;0;0;0;0;;;;;;;;;;;;;;;;;;;;
5;7;2026;107102;01030300;5;5801;21;0;1;13;7;0;0;0;1;1;21;0;0;0;0;13;12;0;1;0;19;0;19;0;2;0;0;0;0;0;;;;;;;;;;;;;;;;;;;;
5;7;2026;107102;24090700;5;5801;18;0;2;11;5;0;0;0;3;7;17;0;0;0;0;12;12;0;1;0;16;0;15;0;1;1;0;0;0;0;;;;;;;;;;;;;;;;;;;;
3;7;2026;107104;01030100;5;5802;1;;;;1;;;;;;;;;;;;;;;;;;;;0;0;0;0;0;0;;;;;;;;;;;;;;;;;;;;
4;7;2026;107104;29101728;5;5802;1;;;1;;;;;;;;;;;;;;;;;;;;;;;;;;;;;;;;;;;;;;;;;;;;;;
4;7;2026;107104;01030100;5;5802;1;;;1;;;;;;;;;;;;;;;;;;1;;;0;0;0;0;0;0;;;;;;;;;;;;;;;;;;;;
6;7;2026;107104;29101728;5;5802;1;;;1;;;;;;;;;;;;;;;;;;;;;;;;;;;;;;;;;;;;;;;;;;;;;;
6;7;2026;107104;29101729;5;5802;1;;;1;;;;;;;;;;;;;;;;;;;;;;;;;;;;;;;;;;;;;;;;;;;;;;
6;7;2026;107104;01030100;5;5802;1;;;1;;;;;;;;;;;1;;;;1;;;;;;0;0;0;0;0;0;;;;;;;;;;;;;;;;;;;;
1;29;2026;129100;29101728;9;9201;21;0;4;17;;;;;;;;;;;;;;;;;;;;;;;;;;;;;;;;;;;;;;;;;;;;;;
3;29;2026;129106;29101728;9;9211;15;0;2;13;;;;;;;;;;;;;;;;;;;;;;;;;;;;;;;;;;;;;;;;;;;;;;
3;29;2026;129106;01030100;9;9211;17;0;1;12;4;0;0;0;2;17;11;0;0;0;2;0;15;1;16;1;16;15;17;0;11;1;0;0;0;0;;;;;;;;;;;;;;;;;;;;
3;29;2026;129106;01030300;9;9211;12;0;0;8;4;0;0;0;0;12;12;0;0;0;0;0;8;0;11;0;10;11;11;0;6;0;0;0;0;0;;;;;;;;;;;;;;;;;;;;
1;29;2026;129100;01030300;9;9201;32;0;1;20;11;0;0;0;0;0;32;0;0;0;0;0;11;0;22;0;30;23;31;0;3;0;0;0;0;0;;;;;;;;;;;;;;;;;;;;
1;29;2026;129100;24090700;9;9201;19;0;4;10;5;0;1;1;0;0;19;1;0;0;1;1;4;0;13;0;16;9;17;0;5;0;0;0;0;0;;;;;;;;;;;;;;;;;;;;
4;29;2026;129106;29101715;9;9211;1;0;0;1;0;0;0;0;0;0;0;0;0;0;0;0;1;0;1;0;0;1;0;0;1;0;0;0;0;0;;;;;;;;;;;;;;;;;;;;
4;29;2026;129106;29101728;9;9211;22;0;0;22;;;;;;;;;;;;;;;;;;;;;;;;;;;;;;;;;;;;;;;;;;;;;;
4;29;2026;129106;01030100;9;9211;22;0;0;20;2;0;0;0;0;22;17;0;0;0;3;0;16;0;22;0;22;22;22;2;8;1;0;0;0;0;;;;;;;;;;;;;;;;;;;;
4;29;2026;129106;01030300;9;9211;15;0;0;12;3;0;0;0;0;15;15;0;0;0;0;0;10;0;15;0;15;15;15;0;4;0;0;0;0;0;;;;;;;;;;;;;;;;;;;;
4;29;2026;129106;24090700;9;9211;15;0;1;10;4;1;0;0;6;13;15;0;0;0;0;0;3;4;7;3;9;8;9;0;2;0;0;0;0;0;;;;;;;;;;;;;;;;;;;;
4;29;2026;129103;29101728;9;9202;1;0;0;1;;;;;;;;;;;;;;;;;;;;;;;;;;;;;;;;;;;;;;;;;;;;;;
4;29;2026;129103;01030100;9;9202;1;0;0;1;0;0;0;0;0;0;0;0;0;0;0;1;1;0;1;0;1;1;1;1;1;0;0;0;0;0;;;;;;;;;;;;;;;;;;;;
3;29;2026;129100;29101728;9;9201;13;0;3;10;;;;;;;;;;;;;;;;;;;;;;;;;;;;;;;;;;;;;;;;;;;;;;
3;29;2026;129100;29101729;9;9201;1;0;0;1;;;;;;;;;;;;;;;;;;;;;;;;;;;;;;;;;;;;;;;;;;;;;;
3;29;2026;129100;01030100;9;9201;14;0;1;11;2;0;0;0;1;14;10;11;0;0;7;9;6;0;8;0;6;9;10;0;1;0;0;0;0;0;;;;;;;;;;;;;;;;;;;;
3;29;2026;129100;01030300;9;9201;30;0;2;18;10;0;0;0;3;0;30;0;0;0;0;0;12;0;17;0;27;22;26;0;4;0;0;0;0;0;;;;;;;;;;;;;;;;;;;;
3;29;2026;129100;24090700;9;9201;35;0;1;29;5;0;0;0;13;0;35;2;0;0;0;1;8;0;17;6;24;16;24;0;11;1;0;0;0;0;;;;;;;;;;;;;;;;;;;;
2;29;2026;129100;29101728;9;9201;13;0;5;8;;;;;;;;;;;;;;;;;;;;;;;;;;;;;;;;;;;;;;;;;;;;;;
2;29;2026;129100;01030100;9;9201;16;0;2;12;2;0;0;0;2;16;7;9;0;0;8;7;10;0;15;0;9;13;14;0;4;0;0;0;0;0;;;;;;;;;;;;;;;;;;;;
2;29;2026;129100;01030300;9;9201;23;0;1;18;4;0;0;0;0;0;23;0;0;0;0;0;14;0;13;0;22;18;23;0;2;0;1;0;0;0;;;;;;;;;;;;;;;;;;;;
2;29;2026;129100;24090700;9;9201;28;0;1;20;7;0;0;3;6;0;22;3;0;1;0;1;10;0;10;2;22;13;20;0;5;0;1;0;0;0;;;;;;;;;;;;;;;;;;;;
1;29;2026;129104;01030100;9;9210;1;0;0;1;0;0;0;0;0;1;0;0;0;0;0;0;1;0;1;0;0;1;0;0;0;0;0;0;0;0;;;;;;;;;;;;;;;;;;;;
3;29;2026;129104;01030100;9;9210;1;0;0;1;0;0;0;0;0;1;0;0;0;0;0;1;1;0;1;0;0;1;1;0;0;0;0;0;0;0;;;;;;;;;;;;;;;;;;;;
1;29;2026;129106;29101728;9;9211;27;0;9;18;;;;;;;;;;;;;;;;;;;;;;;;;;;;;;;;;;;;;;;;;;;;;;
1;29;2026;129106;29101729;9;9211;1;0;0;1;;;;;;;;;;;;;;;;;;;;;;;;;;;;;;;;;;;;;;;;;;;;;;
1;29;2026;129106;01030100;9;9211;28;0;3;21;4;0;0;0;5;28;22;0;0;0;2;0;28;1;27;1;26;27;28;0;4;1;0;0;0;0;;;;;;;;;;;;;;;;;;;;
1;29;2026;129106;01030300;9;9211;22;0;0;13;9;0;0;0;0;22;22;0;0;0;0;0;2;0;21;0;22;21;21;0;8;0;0;0;0;0;;;;;;;;;;;;;;;;;;;;
1;29;2026;129106;24090700;9;9211;25;0;1;19;5;0;0;0;4;25;25;0;0;0;0;0;16;0;14;1;19;19;20;0;7;0;0;0;0;0;;;;;;;;;;;;;;;;;;;;
4;29;2026;129108;29101715;9;9205;1;0;0;1;0;0;0;0;0;0;0;0;0;0;0;0;1;0;0;0;0;1;1;0;1;0;0;0;0;0;;;;;;;;;;;;;;;;;;;;
4;29;2026;129100;01030100;9;9201;17;0;1;12;4;0;0;0;2;17;8;13;0;0;11;11;10;0;13;0;14;12;14;0;1;0;0;0;0;0;;;;;;;;;;;;;;;;;;;;
4;29;2026;129100;01030300;9;9201;20;0;1;18;1;0;0;0;1;0;20;0;0;0;0;0;10;0;6;0;20;15;18;0;1;0;0;0;0;0;;;;;;;;;;;;;;;;;;;;
4;29;2026;129100;24090700;9;9201;18;0;1;16;1;0;0;1;1;0;18;1;0;0;0;0;3;0;4;0;16;10;15;0;3;1;0;0;0;0;;;;;;;;;;;;;;;;;;;;
5;29;2026;129104;01030100;9;9210;1;;;1;;;;;;;;;;;1;;;;1;;;;;;0;0;0;0;0;0;;;;;;;;;;;;;;;;;;;;
6;29;2026;129100;29101728;9;9201;32;0;8;24;;;;;;;;;;;;;;;;;;;;;;;;;;;;;;;;;;;;;;;;;;;;;;
6;29;2026;129100;29101729;9;9201;3;0;2;1;;;;;;;;;;;;;;;;;;;;;;;;;;;;;;;;;;;;;;;;;;;;;;
6;29;2026;129100;01030100;9;9201;37;1;3;23;10;0;0;1;7;37;20;20;0;0;29;11;17;2;27;2;21;26;27;0;4;0;0;0;0;0;;;;;;;;;;;;;;;;;;;;
6;29;2026;129100;01030300;9;9201;21;0;0;14;7;0;0;0;0;0;21;0;0;0;0;0;19;0;12;0;20;13;20;0;2;0;0;0;0;0;;;;;;;;;;;;;;;;;;;;
6;29;2026;129100;24090700;9;9201;23;1;0;17;5;0;0;1;6;0;23;7;0;1;0;2;11;1;8;4;15;6;15;0;1;0;1;0;0;0;;;;;;;;;;;;;;;;;;;;
6;29;2026;129106;29101728;9;9211;15;0;0;15;;;;;;;;;;;;;;;;;;;;;;;;;;;;;;;;;;;;;;;;;;;;;;
6;29;2026;129106;01030100;9;9211;16;0;2;14;0;0;0;0;0;16;14;0;0;0;1;0;14;1;14;1;13;14;14;0;6;0;0;0;0;0;;;;;;;;;;;;;;;;;;;;
6;29;2026;129106;01030300;9;9211;17;0;0;13;4;0;0;0;0;16;17;0;0;0;0;0;14;0;16;0;16;14;17;0;3;0;0;0;0;0;;;;;;;;;;;;;;;;;;;;
6;29;2026;129106;24090700;9;9211;16;0;1;10;5;0;0;0;3;16;16;0;0;0;0;0;7;0;10;0;9;9;14;0;1;0;0;0;0;0;;;;;;;;;;;;;;;;;;;;
5;29;2026;129100;29101728;9;9201;18;0;3;15;;;;;;;;;;;;;;;;;;;;;;;;;;;;;;;;;;;;;;;;;;;;;;
5;29;2026;129100;01030100;9;9201;19;0;1;15;3;0;0;2;1;19;14;9;0;0;14;7;11;0;13;1;15;11;14;0;2;1;0;0;0;0;;;;;;;;;;;;;;;;;;;;
5;29;2026;129100;01030300;9;9201;21;1;0;14;6;0;0;0;0;0;14;0;0;0;0;0;15;0;14;0;21;11;21;0;5;0;0;0;0;0;;;;;;;;;;;;;;;;;;;;
5;29;2026;129100;24090700;9;9201;17;0;0;14;3;0;0;0;3;0;17;5;0;0;2;3;5;0;10;1;14;13;13;0;4;0;0;0;0;0;;;;;;;;;;;;;;;;;;;;
5;29;2026;129106;29101728;9;9211;13;0;3;10;;;;;;;;;;;;;;;;;;;;;;;;;;;;;;;;;;;;;;;;;;;;;;
5;29;2026;129106;29101729;9;9211;1;0;0;1;;;;;;;;;;;;;;;;;;;;;;;;;;;;;;;;;;;;;;;;;;;;;;
5;29;2026;129106;01030100;9;9211;17;0;2;15;0;0;0;0;2;17;16;0;0;0;1;0;12;1;15;1;15;15;16;0;7;0;0;0;0;0;;;;;;;;;;;;;;;;;;;;
5;29;2026;129106;01030300;9;9211;15;0;1;11;5;0;0;0;1;15;15;0;0;0;0;0;10;0;14;0;14;13;13;0;5;0;0;0;0;0;;;;;;;;;;;;;;;;;;;;
5;29;2026;129106;24090700;9;9211;18;0;1;12;5;0;0;0;2;18;18;0;0;0;0;0;4;0;14;1;12;14;15;0;10;0;0;0;0;0;;;;;;;;;;;;;;;;;;;;
2;29;2026;129106;29101728;9;9211;16;0;1;15;;;;;;;;;;;;;;;;;;;;;;;;;;;;;;;;;;;;;;;;;;;;;;
2;29;2026;129106;01030100;9;9211;16;0;0;15;1;0;0;0;0;16;11;0;0;0;2;0;15;0;16;0;16;16;15;0;3;0;0;0;0;0;;;;;;;;;;;;;;;;;;;;
2;29;2026;129106;01030300;9;9211;15;0;1;12;2;0;0;0;1;15;15;0;0;0;0;0;7;1;15;1;15;15;15;0;3;0;0;0;0;0;;;;;;;;;;;;;;;;;;;;
2;29;2026;129106;24090700;9;9211;20;0;0;18;2;0;0;0;4;20;20;0;0;0;0;0;6;0;12;0;15;18;15;0;11;0;0;0;0;0;;;;;;;;;;;;;;;;;;;;
2;29;2026;129104;01030100;9;9210;1;0;0;1;0;0;0;0;0;0;0;0;0;0;0;1;1;0;1;0;0;1;1;0;0;0;0;0;0;0;;;;;;;;;;;;;;;;;;;;
6;29;2026;129104;01030100;9;9210;2;;;1;1;;;;;2;;;;;;2;;;2;;;2;2;;1;0;0;0;0;0;;;;;;;;;;;;;;;;;;;;
4;2;2026;102100;01030100;1;1101;153;0;19;112;23;0;1;1;9;154;125;0;74;0;58;10;147;0;140;0;0;134;;1;65;91;1;0;0;0;;;;;;;;;;;;;;;;;;;;
4;2;2026;102100;29101714;1;1101;1;0;1;0;0;0;0;0;0;1;1;0;1;0;0;0;1;0;0;0;0;0;;0;1;1;0;0;0;0;;;;;;;;;;;;;;;;;;;;
4;2;2026;102100;01030300;1;1101;31;0;1;22;8;0;0;0;3;37;37;0;37;1;0;0;28;0;8;0;0;7;;0;13;16;0;0;0;0;;;;;;;;;;;;;;;;;;;;
4;2;2026;102100;24090700;1;1101;72;0;2;55;15;0;1;3;7;73;70;0;73;3;0;0;64;0;8;0;0;4;;0;17;50;0;0;0;0;;;;;;;;;;;;;;;;;;;;
4;2;2026;102100;29101715;1;1101;2;0;0;2;0;0;0;0;0;2;0;0;0;0;1;0;0;0;0;0;0;0;0;0;1;2;0;0;0;0;;;;;;;;;;;;;;;;;;;;
4;2;2026;102100;29101716;1;1101;2;0;0;1;0;0;0;0;0;1;0;0;1;0;0;0;0;0;0;0;0;0;;0;1;0;0;0;0;0;;;;;;;;;;;;;;;;;;;;
4;2;2026;102100;29101717;1;1101;2;0;0;2;0;0;0;0;0;2;0;0;0;0;1;0;0;;;;;;;;2;2;0;0;0;0;;;;;;;;;;;;;;;;;;;;
4;2;2026;102100;29101718;1;1101;2;0;0;1;1;0;0;0;0;1;1;0;0;0;0;0;0;;;;;;;;0;0;0;0;0;0;;;;;;;;;;;;;;;;;;;;
3;2;2026;201319;29101728;1;1107;2;;2;;;;;;;;;;;;;;;;;;;;;;;;;;;;;;;;;;;;;;;;;;;;;;;
3;2;2026;201319;01030100;1;1107;2;;;1;1;;;;;1;;;;;;1;2;;2;;;2;2;0;0;0;0;0;0;0;;;;;;;;;;;;;;;;;;;;
4;2;2026;201319;29101728;1;1107;4;;;4;;;;;;;;;;;;;;;;;;;;;;;;;;;;;;;;;;;;;;;;;;;;;;
4;2;2026;201319;29101742;1;1107;3;;;;;;;;;;;;;;;;;;;;;;;;;;;;;;;;;;;;;;;;;;;;;;;;;
4;2;2026;201319;01030100;1;1107;4;;;4;;;;;1;4;2;1;;;3;2;4;;;;;4;4;0;0;2;0;0;0;0;;;;;;;;;;;;;;;;;;;;
4;2;2026;201319;01030300;1;1107;3;;;3;;;;;;0;3;;;;;;3;;;;;2;3;0;0;3;0;0;0;0;;;;;;;;;;;;;;;;;;;;
5;2;2026;201319;29101742;1;1107;3;;;;;;;;;;;;;;;;;;;;;;;;;;;;;;;;;;;;;;;;;;;;;;;;;
5;2;2026;201319;01030100;1;1107;1;;;1;;;;;1;1;;;;;1;;1;;;;;;1;;0;1;0;0;0;0;;;;;;;;;;;;;;;;;;;;
5;2;2026;201319;01030300;1;1107;3;;;3;;;;;3;;3;;;;;;3;;3;;;3;3;;0;3;0;0;0;0;;;;;;;;;;;;;;;;;;;;
5;2;2026;102100;29101715;1;1101;1;0;0;2;0;0;0;0;0;2;1;0;0;0;1;0;0;;;;;;;;1;1;0;0;0;0;;;;;;;;;;;;;;;;;;;;
5;2;2026;102100;29101716;1;1101;2;0;0;1;1;0;0;0;0;2;0;0;0;0;2;0;0;;;;;;;;1;2;0;0;0;0;;;;;;;;;;;;;;;;;;;;
5;2;2026;102100;29101717;1;1101;2;;;;;;;;;;;;;;;;;;;;;;;;0;0;0;0;0;0;;;;;;;;;;;;;;;;;;;;
5;2;2026;102100;29101718;1;1101;1;0;0;0;0;;;;;0;;;;;;;;;;;;;;;0;0;0;0;0;0;;;;;;;;;;;;;;;;;;;;
5;2;2026;102100;29101728;1;1101;126;0;20;106;;;;;;;;;;;;;;;;;;;;;;;;;;;;;;;;;;;;;;;;;;;;;;
5;2;2026;102100;29101729;1;1101;11;0;0;11;;;;;;;;;;;;;;;;;;;;;;;;;;;;;;;;;;;;;;;;;;;;;;
5;2;2026;102100;29101742;1;1101;17;29;;;;;;;;;;;;;;;;;;;;;;;;;;;;;;;;;;;;;;;;;;;;;;;;
5;2;2026;102100;01030100;1;1101;158;0;16;120;22;1;0;0;6;158;123;0;0;0;57;86;122;0;131;0;0;129;0;0;66;42;1;0;0;0;;;;;;;;;;;;;;;;;;;;
5;2;2026;102100;29101714;1;1101;1;0;0;1;0;0;0;0;0;1;1;0;0;0;0;1;0;0;1;0;0;1;0;0;1;1;0;0;0;0;;;;;;;;;;;;;;;;;;;;
5;2;2026;102100;01030300;1;1101;28;0;1;17;7;0;0;1;4;25;25;0;28;0;0;0;24;;4;;;20;;0;8;18;0;0;0;0;;;;;;;;;;;;;;;;;;;;
5;2;2026;102100;24090700;1;1101;70;0;3;51;19;0;1;4;13;73;70;0;70;3;0;0;41;;12;;;31;;0;20;49;0;0;0;0;;;;;;;;;;;;;;;;;;;;
3;2;2026;102100;29101715;1;1101;1;0;0;0;2;0;0;0;0;2;0;0;0;0;1;0;0;0;0;0;0;0;0;0;0;0;0;0;0;0;;;;;;;;;;;;;;;;;;;;
3;2;2026;102100;29101716;1;1101;4;0;0;1;3;0;0;0;1;1;0;0;0;0;1;0;0;0;0;0;0;0;0;0;2;3;0;0;0;0;;;;;;;;;;;;;;;;;;;;
3;2;2026;102100;29101717;1;1101;1;;;;1;;;;;1;;;;0;1;;0;0;0;0;0;0;0;0;0;0;0;0;0;0;;;;;;;;;;;;;;;;;;;;
3;2;2026;102100;29101718;1;1101;4;;;1;3;;;;1;1;;;;0;1;;;;;;;;;;2;3;0;0;0;0;;;;;;;;;;;;;;;;;;;;
3;2;2026;102100;29101728;1;1101;112;0;6;106;;;;;;;;;;;;;;;;;;;;;;;;;;;;;;;;;;;;;;;;;;;;;;
3;2;2026;102100;29101729;1;1101;46;0;16;30;;;;;;;;;;;;;;;;;;;;;;;;;;;;;;;;;;;;;;;;;;;;;;
3;2;2026;102100;29101742;1;1101;21;29;;;;;;;;;;;;;;;;;;;;;;;;;;;;;;;;;;;;;;;;;;;;;;;;
3;2;2026;102100;01030100;1;1101;149;0;14;119;16;0;0;0;11;149;115;0;0;49;49;18;120;0;132;0;0;121;0;1;57;93;1;0;0;0;;;;;;;;;;;;;;;;;;;;
3;2;2026;102100;01030300;1;1101;36;0;1;31;5;0;0;0;3;37;37;37;1;0;0;0;34;0;4;0;0;19;0;0;11;23;0;0;0;0;;;;;;;;;;;;;;;;;;;;
3;2;2026;102100;24090700;1;1101;66;1;1;53;10;0;2;1;11;65;65;65;1;0;0;0;49;0;11;0;0;34;0;0;24;44;0;0;0;0;;;;;;;;;;;;;;;;;;;;
6;2;2026;102305;29101728;1;1107;1;;1;;;;;;;;;;;;;;;;;;;;;;;;;;;;;;;;;;;;;;;;;;;;;;;
6;2;2026;102305;29101729;1;1107;1;;1;;;;;;;;;;;;;;;;;;;;;;;;;;;;;;;;;;;;;;;;;;;;;;;
1;2;2026;201319;29101728;1;1107;2;;;2;;;;;;;;;;;;;;;;;;;;;;;;;;;;;;;;;;;;;;;;;;;;;;
1;2;2026;201319;29101742;1;1107;1;;;;;;;;;;;;;;;;;;;;;;;;;;;;;;;;;;;;;;;;;;;;;;;;;
1;2;2026;201319;01030100;1;1107;2;;;2;;;;;;2;1;;;;1;;2;;2;;;2;2;;1;2;0;0;0;0;;;;;;;;;;;;;;;;;;;;
1;2;2026;201319;01030300;1;1107;1;;;1;;;;;;;;;;;;;1;;1;;;1;1;;0;1;0;0;0;0;;;;;;;;;;;;;;;;;;;;
2;2;2026;102100;29101715;1;1101;0;0;0;0;0;0;0;0;0;0;0;0;0;0;5;0;0;0;0;0;0;0;0;0;0;0;0;0;0;0;;;;;;;;;;;;;;;;;;;;
2;2;2026;102100;29101716;1;1101;5;0;0;4;1;0;0;0;0;5;2;0;0;0;0;0;0;0;0;0;0;0;4;0;2;3;0;0;0;0;;;;;;;;;;;;;;;;;;;;
2;2;2026;102100;29101728;1;1101;133;0;24;109;;;;;;;;;;;;;;;;;;;;;;;;;;;;;;;;;;;;;;;;;;;;;;
2;2;2026;102100;29101729;1;1101;3;0;1;2;;;;;;;;;;;;;;;;;;;;;;;;;;;;;;;;;;;;;;;;;;;;;;
2;2;2026;102100;29101742;1;1101;22;24;;;;;;;;;;;;;;;;;;;;;;;;;;;;;;;;;;;;;;;;;;;;;;;;
2;2;2026;102100;01030100;1;1101;144;0;7;118;18;0;0;1;9;143;113;0;0;0;30;20;128;131;;;126;0;138;1;41;98;0;1;0;0;;;;;;;;;;;;;;;;;;;;
2;2;2026;102100;29101714;1;1101;3;0;0;2;1;0;0;0;0;3;3;0;0;0;0;0;3;2;;;2;0;3;0;0;2;0;0;0;0;;;;;;;;;;;;;;;;;;;;
2;2;2026;102100;01030300;1;1101;34;0;0;27;7;0;0;0;0;34;34;0;34;2;0;0;30;7;;;6;0;33;0;8;26;0;0;0;0;;;;;;;;;;;;;;;;;;;;
2;2;2026;102100;24090700;1;1101;56;0;1;41;14;1;1;2;9;56;55;0;56;1;0;0;54;9;;;7;0;44;0;11;28;0;0;0;0;;;;;;;;;;;;;;;;;;;;
6;2;2026;201319;29101728;1;1107;1;;;1;;;;;;;;;;;;;;;;;;;;;;;;;;;;;;;;;;;;;;;;;;;;;;
6;2;2026;201319;29101742;1;1107;11;;;;;;;;;;;;;;;;;;;;;;;;;;;;;;;;;;;;;;;;;;;;;;;;;
6;2;2026;201319;01030100;1;1107;1;;;;1;;;;;1;1;;;;;;1;;1;;;1;1;0;0;0;0;0;0;0;;;;;;;;;;;;;;;;;;;;
6;2;2026;201319;01030300;1;1107;11;;1;9;1;;;;;1;11;;;;;;11;;10;;;9;11;0;2;6;0;0;0;0;;;;;;;;;;;;;;;;;;;;
1;2;2026;102100;29101715;1;1101;9;0;0;1;8;0;0;0;0;7;1;0;0;0;5;0;5;0;0;0;0;0;0;0;5;9;0;0;0;0;;;;;;;;;;;;;;;;;;;;
1;2;2026;102100;29101728;1;1101;145;0;28;117;;;;;;;;;;;;;;;;;;;;;;;;;;;;;;;;;;;;;;;;;;;;;;
1;2;2026;102100;29101729;1;1101;9;0;1;8;;;;;;;;;;;;;;;;;;;;;;;;;;;;;;;;;;;;;;;;;;;;;;
1;2;2026;102100;29101742;1;1101;30;29;;;;;;;;;;;;;;;;;;;;;;;;;;;;;;;;;;;;;;;;;;;;;;;;
1;2;2026;102100;01030100;1;1101;174;1;12;139;22;0;1;2;10;174;131;0;1;0;40;50;156;0;149;0;0;143;0;0;57;118;0;1;0;0;;;;;;;;;;;;;;;;;;;;
1;2;2026;102100;29101714;1;1101;4;0;0;3;1;0;0;0;0;4;4;0;2;0;1;3;0;0;3;0;0;1;0;0;0;3;0;0;0;0;;;;;;;;;;;;;;;;;;;;
1;2;2026;102100;01030300;1;1101;34;0;0;22;9;0;0;0;2;31;31;0;31;0;0;0;11;0;3;0;0;20;0;0;11;15;0;0;0;0;;;;;;;;;;;;;;;;;;;;
1;2;2026;102100;24090700;1;1101;64;0;1;51;15;0;0;2;9;67;67;0;67;1;0;0;21;0;8;0;0;33;0;0;21;51;0;0;0;0;;;;;;;;;;;;;;;;;;;;
1;12;2026;112101;29101718;13;13122;1;0;0;0;1;;;;;;;;;;;;;;;;;;;;0;0;0;0;0;0;;;;;;;;;;;;;;;;;;;;
1;12;2026;112101;29101728;13;13122;127;2;20;105;;;;;;;;;;;;;;;;;;;;;;;;;;;;;;;;;;;;;;;;;;;;;;
1;12;2026;112101;29101729;13;13122;4;0;1;3;;;;;;;;;;;;;;;;;;;;;;;;;;;;;;;;;;;;;;;;;;;;;;
1;12;2026;112101;29101742;13;13122;63;48;;;;;;;;;;;;;;;;;;;;;;;;;;;;;;;;;;;;;;;;;;;;;;;;
1;12;2026;112101;01030100;13;13122;122;0;4;93;25;0;2;2;4;111;119;0;0;0;3;9;3;2;93;0;0;38;116;0;7;32;0;0;0;0;;;;;;;;;;;;;;;;;;;;
1;12;2026;112101;29101714;13;13122;12;0;0;10;2;1;0;0;1;12;11;0;0;0;0;1;0;0;6;0;0;4;11;0;0;3;0;0;0;0;;;;;;;;;;;;;;;;;;;;
3;12;2026;112101;29101742;13;13122;66;46;;;;;;;;;;;;;;;;;;;;;;;;;;;;;;;;;;;;;;;;;;;;;;;;
3;12;2026;112101;29101728;13;13122;127;0;32;95;;;;;;;;;;;;;;;;;;;;;;;;;;;;;;;;;;;;;;;;;;;;;;
3;12;2026;112101;29101729;13;13122;4;0;2;2;;;;;;;;;;;;;;;;;;;;;;;;;;;;;;;;;;;;;;;;;;;;;;
3;12;2026;112101;01030100;13;13122;121;0;6;83;32;0;0;1;11;113;117;0;0;0;2;8;21;3;103;0;0;39;116;0;8;27;0;0;0;0;;;;;;;;;;;;;;;;;;;;
3;12;2026;112101;29101714;13;13122;14;0;1;12;1;0;0;0;0;14;14;0;0;0;0;4;2;0;5;0;0;1;11;0;2;5;0;0;0;0;;;;;;;;;;;;;;;;;;;;
3;12;2026;112101;01030300;13;13122;66;0;2;41;23;0;0;0;4;55;65;0;0;0;0;3;11;2;51;0;2;21;57;0;6;20;0;0;0;0;;;;;;;;;;;;;;;;;;;;
3;12;2026;112101;29101715;13;13122;1;0;0;1;0;;;;;;;;;;;;;;;;;;;;0;0;0;0;0;0;;;;;;;;;;;;;;;;;;;;
3;12;2026;112101;29101716;13;13122;1;0;0;1;0;;;;;;;;;;;;;;;;;;;;0;0;0;0;0;0;;;;;;;;;;;;;;;;;;;;
2;12;2026;112101;29101742;13;13122;41;43;;;;;;;;;;;;;;;;;;;;;;;;;;;;;;;;;;;;;;;;;;;;;;;;
2;12;2026;112101;01030100;13;13122;103;0;5;85;13;0;1;3;10;101;102;0;0;0;1;11;14;2;84;0;1;37;89;0;9;22;0;0;0;0;;;;;;;;;;;;;;;;;;;;
2;12;2026;112101;29101714;13;13122;11;0;0;10;1;0;0;0;1;11;11;0;0;0;0;1;1;0;9;0;0;1;7;0;1;5;0;0;0;0;;;;;;;;;;;;;;;;;;;;
2;12;2026;112101;01030300;13;13122;43;0;0;27;16;0;0;0;4;38;43;0;0;1;0;0;4;2;31;0;1;14;34;0;0;10;0;0;0;0;;;;;;;;;;;;;;;;;;;;
2;12;2026;112101;24090700;13;13122;45;0;0;36;9;0;0;3;8;39;44;0;0;1;0;4;10;0;25;0;1;10;31;4;4;15;0;0;0;0;;;;;;;;;;;;;;;;;;;;
2;12;2026;112101;29101728;13;13122;100;1;21;78;;;;;;;;;;;;;;;;;;;;;;;;;;;;;;;;;;;;;;;;;;;;;;
2;12;2026;112101;29101729;13;13122;11;0;2;9;;;;;;;;;;;;;;;;;;;;;;;;;;;;;;;;;;;;;;;;;;;;;;
2;12;2026;112101;29101717;13;13122;1;0;0;1;0;;;;;;;;;;;;;;;;;;;;0;0;0;0;0;0;;;;;;;;;;;;;;;;;;;;
4;12;2026;112101;29101716;13;13122;1;0;0;1;0;;;;;;;;;;;;;;;;;;;;0;0;0;0;0;0;;;;;;;;;;;;;;;;;;;;
4;12;2026;112101;29101728;13;13122;118;2;28;88;;;;;;;;;;;;;;;;;;;;;;;;;;;;;;;;;;;;;;;;;;;;;;
4;12;2026;112101;29101729;13;13122;7;0;1;6;;;;;;;;;;;;;;;;;;;;;;;;;;;;;;;;;;;;;;;;;;;;;;
4;12;2026;112101;29101742;13;13122;65;41;;;;;;;;;;;;;;;;;;;;;;;;;;;;;;;;;;;;;;;;;;;;;;;;
4;12;2026;112101;01030100;13;13122;115;0;3;93;19;1;1;0;4;104;109;0;0;0;5;10;7;4;105;0;0;40;105;0;6;23;0;0;0;0;;;;;;;;;;;;;;;;;;;;
4;12;2026;112101;29101714;13;13122;12;0;0;7;5;0;0;0;1;11;12;0;0;0;1;2;0;0;6;0;2;1;10;0;0;0;0;0;0;0;;;;;;;;;;;;;;;;;;;;
4;12;2026;112101;01030300;13;13122;65;0;2;39;24;0;0;0;3;54;65;0;0;0;0;0;5;2;50;0;0;20;56;0;3;18;0;0;0;0;;;;;;;;;;;;;;;;;;;;
4;12;2026;112101;24090700;13;13122;51;0;1;32;18;0;1;3;16;46;46;0;0;5;0;0;8;3;29;0;0;3;31;0;0;17;0;1;0;0;;;;;;;;;;;;;;;;;;;;
3;12;2026;112107;29101728;5;5201;6;;2;4;;;;;;;;;;;;;;;;;;;;;;;;;;;;;;;;;;;;;;;;;;;;;;
3;12;2026;112107;29101742;5;5201;1;3;;;;;;;;;;;;;;;;;;;;;;;;;;;;;;;;;;;;;;;;;;;;;;;;
3;12;2026;112107;01030100;5;5201;6;;;5;1;;;;;;6;;;;;6;;;6;;6;6;;;4;0;0;0;0;0;;;;;;;;;;;;;;;;;;;;
3;12;2026;112107;01030300;5;5201;1;;;;1;;;;;;1;;;;;0;0;;1;;1;1;;;0;0;0;0;0;0;;;;;;;;;;;;;;;;;;;;
3;12;2026;112107;24090700;5;5201;3;;;;3;;;;;;3;;;;;;;;3;;3;3;;;2;0;0;0;0;0;;;;;;;;;;;;;;;;;;;;
4;12;2026;112107;29101728;5;5201;3;0;1;2;;;;;;;;;;;;;;;;;;;;;;;;;;;;;;;;;;;;;;;;;;;;;;
4;12;2026;112107;01030100;5;5201;3;0;0;1;2;0;0;0;0;0;3;0;0;0;0;1;0;0;3;0;3;3;0;0;2;0;0;0;0;0;;;;;;;;;;;;;;;;;;;;
5;12;2026;112101;29101716;13;13122;1;0;0;0;1;;;;;;;;;;;;;;;;;;;;0;0;0;0;0;0;;;;;;;;;;;;;;;;;;;;
5;12;2026;112101;29101728;13;13122;127;1;33;93;;;;;;;;;;;;;;;;;;;;;;;;;;;;;;;;;;;;;;;;;;;;;;
5;12;2026;112101;29101729;13;13122;6;0;1;5;;;;;;;;;;;;;;;;;;;;;;;;;;;;;;;;;;;;;;;;;;;;;;
5;12;2026;112101;29101742;13;13122;62;62;;;;;;;;;;;;;;;;;;;;;;;;;;;;;;;;;;;;;;;;;;;;;;;;
5;12;2026;112101;01030100;13;13122;119;1;7;87;24;1;0;2;9;94;112;0;0;0;8;12;30;3;101;0;2;31;97;0;5;33;0;0;0;0;;;;;;;;;;;;;;;;;;;;
5;12;2026;112101;29101714;13;13122;16;0;0;12;4;0;0;0;1;15;16;0;0;0;0;1;3;2;5;0;1;1;13;0;2;4;0;0;0;0;;;;;;;;;;;;;;;;;;;;
5;12;2026;112101;01030300;13;13122;63;1;0;45;17;0;0;0;4;50;63;0;0;1;0;0;20;3;47;0;1;10;49;0;3;26;0;0;0;0;;;;;;;;;;;;;;;;;;;;
5;12;2026;112101;24090700;13;13122;65;0;3;48;14;0;0;2;15;56;65;0;0;1;0;4;11;2;42;1;5;15;60;0;6;17;0;0;0;0;;;;;;;;;;;;;;;;;;;;
5;12;2026;112107;29101728;5;5201;7;0;4;3;;;;;;;;;;;;;;;;;;;;;;;;;;;;;;;;;;;;;;;;;;;;;;
5;12;2026;112107;29101742;5;5201;1;;;;;;;;;;;;;;;;;;;;;;;;;;;;;;;;;;;;;;;;;;;;;;;;;
5;12;2026;112107;01030100;5;5201;6;0;0;5;1;0;0;1;1;0;5;0;0;0;1;0;;0;6;0;6;6;0;0;0;0;0;0;0;0;;;;;;;;;;;;;;;;;;;;
5;12;2026;112107;01030300;5;5201;1;0;0;0;1;0;0;0;0;0;1;0;0;0;0;0;;0;1;0;1;1;0;0;1;0;0;0;0;0;;;;;;;;;;;;;;;;;;;;
2;12;2026;112107;29101728;5;5201;6;;1;5;;;;;;;;;;;;;;;;;;;;;;;;;;;;;;;;;;;;;;;;;;;;;;
2;12;2026;112107;29101742;5;5201;2;2;;;;;;;;;;;;;;;;;;;;;;;;;;;;;;;;;;;;;;;;;;;;;;;;
2;12;2026;112107;01030100;5;5201;4;0;1;2;1;;;;;;4;;;;;4;;;4;;;4;;;3;0;0;0;0;0;;;;;;;;;;;;;;;;;;;;
2;12;2026;112107;29101714;5;5201;1;;;1;;;;;;;1;;;;;1;;;1;;;0;;;0;0;0;0;0;0;;;;;;;;;;;;;;;;;;;;
2;12;2026;112107;01030300;5;5201;1;;;;1;;;;;;1;;;;;;;;1;;;1;;;1;0;0;0;0;0;;;;;;;;;;;;;;;;;;;;
2;12;2026;112107;24090700;5;5201;3;;;1;2;;;;;;3;;;;;1;;;3;;;3;;;2;0;0;0;0;0;;;;;;;;;;;;;;;;;;;;
6;12;2026;112101;29101728;13;13122;125;2;25;98;;;;;;;;;;;;;;;;;;;;;;;;;;;;;;;;;;;;;;;;;;;;;;
6;12;2026;112101;29101729;13;13122;8;1;1;6;;;;;;;;;;;;;;;;;;;;;;;;;;;;;;;;;;;;;;;;;;;;;;
6;12;2026;112101;29101742;13;13122;63;33;;;;;;;;;;;;;;;;;;;;;;;;;;;;;;;;;;;;;;;;;;;;;;;;
6;12;2026;112107;29101728;5;5201;6;0;2;4;;;;;;;;;;;;;;;;;;;;;;;;;;;;;;;;;;;;;;;;;;;;;;
6;12;2026;112107;29101729;5;5201;6;0;2;4;;;;;;;;;;;;;;;;;;;;;;;;;;;;;;;;;;;;;;;;;;;;;;
6;12;2026;112107;29101742;5;5201;1;1;;;;;;;;;;;;;;;;;;;;;;;;;;;;;;;;;;;;;;;;;;;;;;;;
6;12;2026;112107;01030100;5;5201;6;0;0;6;0;0;0;0;2;5;5;0;0;0;0;0;0;0;3;0;0;6;0;0;4;0;0;0;0;0;;;;;;;;;;;;;;;;;;;;
6;12;2026;112107;01030300;5;5201;1;0;0;1;0;0;0;0;0;0;1;0;0;0;0;0;0;0;0;0;0;1;0;0;1;0;0;0;0;0;;;;;;;;;;;;;;;;;;;;
6;12;2026;112107;24090700;5;5201;1;0;0;0;1;0;0;0;0;0;1;0;0;0;0;0;0;0;0;0;0;1;0;0;0;0;0;0;0;0;;;;;;;;;;;;;;;;;;;;
6;12;2026;112101;01030100;13;13122;124;1;3;95;25;2;1;0;16;94;122;0;0;0;2;7;25;4;103;0;1;37;108;0;5;27;0;0;0;0;;;;;;;;;;;;;;;;;;;;
6;12;2026;112101;29101714;13;13122;12;0;0;10;2;0;0;0;1;15;12;0;0;0;0;2;4;0;6;0;0;0;11;0;0;3;0;0;0;0;;;;;;;;;;;;;;;;;;;;
6;12;2026;112101;01030300;13;13122;64;0;2;38;24;0;0;0;0;50;64;0;0;0;0;2;10;0;50;0;1;20;54;0;2;20;0;0;0;0;;;;;;;;;;;;;;;;;;;;
6;12;2026;112101;24090700;13;13122;37;0;2;21;14;0;1;1;8;56;37;0;0;1;0;0;5;1;21;0;0;4;29;0;3;15;0;0;0;0;;;;;;;;;;;;;;;;;;;;
1;1;2026;101100;29101728;15;15101;99;;11;88;;;;;;;;;;;;;;;;;;;;;;;;;;;;;;;;;;;;;;;;;;;;;;
1;1;2026;101100;29101729;15;15101;2;;1;1;;;;;;;;;;;;;;;;;;;;;;;;;;;;;;;;;;;;;;;;;;;;;;
5;4;2026;104101;29101729;3;3201;1;;1;;;;;;;;;;;;;;;;;;;;;;;;;;;;;;;;;;;;;;;;;;;;;;;
5;4;2026;104101;01030100;3;3201;1;;;1;;;;;;1;;;;;;;1;;1;;1;1;1;;0;1;0;0;0;0;;;;;;;;;;;;;;;;;;;;
2;15;2026;115100;29101728;6;6101;89;2;17;70;;;;;;;;;;;;;;;;;;;;;;;;;;;;;;;;;;;;;;;;;;;;;;
2;15;2026;115100;29101729;6;6101;9;;3;6;;;;;;;;;;;;;;;;;;;;;;;;;;;;;;;;;;;;;;;;;;;;;;
2;15;2026;115100;29101742;6;6101;16;59;;;;;;;;;;;;;;;;;;;;;;;;;;;;;;;;;;;;;;;;;;;;;;;;
2;6;2026;106100;29101742;5;5101;22;46;;;;;;;;;;;;;;;;;;;;;;;;;;;;;;;;;;;;;;;;;;;;;;;;
6;23;2026;123100;29101742;10;10301;9;40;;;;;;;;;;;;;;;;;;;;;;;;;;;;;;;;;;;;;;;;;;;;;;;;
1;15;2026;115100;29101718;6;6101;1;;;;1;;;;;;;;;;;;;;;;;;;;0;0;0;0;0;0;;;;;;;;;;;;;;;;;;;;
5;21;2026;121109;29101715;9;9101;1;0;1;0;0;0;0;0;0;1;0;0;0;0;1;0;0;0;0;0;0;0;0;0;0;0;0;0;0;0;;;;;;;;;;;;;;;;;;;;
4;18;2026;118105;29101742;8;8102;7;19;;;;;;;;;;;;;;;;;;;;;;;;;;;;;;;;;;;;;;;;;;;;;;;;
4;18;2026;118105;01030100;8;8102;14;;;10;4;;;;1;7;8;;;;3;9;13;;10;;2;10;10;;1;1;0;0;0;0;;;;;;;;;;;;;;;;;;;;
4;18;2026;118105;01030300;8;8102;7;;;6;1;;;;1;;7;;;;;2;6;1;3;;2;4;7;;0;2;0;0;0;0;;;;;;;;;;;;;;;;;;;;
4;18;2026;118105;24090700;8;8102;25;;2;18;5;;;;7;;25;;;1;;;9;;2;3;15;3;18;;3;3;0;0;0;0;;;;;;;;;;;;;;;;;;;;
2;11;2026;111100;29101728;13;13101;88;;5;83;;;;;;;;;;;;;;;;;;;;;;;;;;;;;;;;;;;;;;;;;;;;;;
3;8;2026;108101;29101728;5;5301;29;1;2;26;;;;;;;;;;;;;;;;;;;;;;;;;;;;;;;;;;;;;;;;;;;;;;
3;8;2026;108101;29101742;5;5301;24;12;;;;;;;;;;;;;;;;;;;;;;;;;;;;;;;;;;;;;;;;;;;;;;;;
3;8;2026;108101;01030100;5;5301;29;0;1;22;6;1;0;0;0;29;26;0;0;0;2;29;17;1;25;1;1;25;26;0;1;5;0;0;0;0;;;;;;;;;;;;;;;;;;;;
3;8;2026;108101;29101714;5;5301;1;0;0;1;0;0;0;0;0;1;1;0;0;0;0;1;0;0;1;0;0;1;1;0;0;0;0;0;0;0;;;;;;;;;;;;;;;;;;;;
3;8;2026;108101;01030300;5;5301;24;0;2;19;3;0;0;0;0;0;24;0;0;0;0;23;18;0;4;0;19;0;23;0;0;4;0;0;0;0;;;;;;;;;;;;;;;;;;;;
3;8;2026;108101;24090700;5;5301;12;0;0;9;3;0;0;0;1;0;12;0;0;0;0;12;7;1;2;0;7;0;11;0;0;3;0;0;0;0;;;;;;;;;;;;;;;;;;;;
3;8;2026;108100;29101715;5;5701;1;0;0;1;0;0;0;0;1;0;0;0;0;0;0;0;0;0;0;0;0;0;0;0;0;0;0;0;0;0;;;;;;;;;;;;;;;;;;;;
3;8;2026;108100;29101728;5;5701;37;0;2;35;;;;;;;;;;;;;;;;;;;;;;;;;;;;;;;;;;;;;;;;;;;;;;
3;8;2026;108100;29101729;5;5701;7;0;2;5;;;;;;;;;;;;;;;;;;;;;;;;;;;;;;;;;;;;;;;;;;;;;;
3;8;2026;108100;29101742;5;5701;25;34;;;;;;;;;;;;;;;;;;;;;;;;;;;;;;;;;;;;;;;;;;;;;;;;
1;8;2026;108100;29101728;5;5701;38;1;11;26;;;;;;;;;;;;;;;;;;;;;;;;;;;;;;;;;;;;;;;;;;;;;;
1;8;2026;108100;29101729;5;5701;3;0;1;2;;;;;;;;;;;;;;;;;;;;;;;;;;;;;;;;;;;;;;;;;;;;;;
1;8;2026;108100;29101742;5;5701;31;28;;;;;;;;;;;;;;;;;;;;;;;;;;;;;;;;;;;;;;;;;;;;;;;;
1;8;2026;108100;01030100;5;5701;42;0;4;30;8;0;1;0;4;42;32;26;0;0;19;23;33;1;28;0;8;36;38;1;0;12;0;0;0;0;;;;;;;;;;;;;;;;;;;;
1;8;2026;108100;29101714;5;5701;1;0;0;1;0;0;0;0;0;1;1;0;0;0;0;1;1;0;1;0;0;1;1;0;0;0;0;0;0;0;;;;;;;;;;;;;;;;;;;;
1;8;2026;108100;01030300;5;5701;31;0;0;24;7;0;0;0;1;30;31;0;0;2;0;12;28;0;15;0;5;28;29;0;0;4;0;0;0;0;;;;;;;;;;;;;;;;;;;;
1;8;2026;108100;24090700;5;5701;28;1;1;23;3;0;0;4;6;28;33;5;0;0;0;12;16;0;5;3;8;18;22;0;0;3;0;0;0;0;;;;;;;;;;;;;;;;;;;;
1;8;2026;108101;29101728;5;5301;28;0;3;25;;;;;;;;;;;;;;;;;;;;;;;;;;;;;;;;;;;;;;;;;;;;;;
5;8;2026;108101;29101728;5;5301;17;0;4;13;;;;;;;;;;;;;;;;;;;;;;;;;;;;;;;;;;;;;;;;;;;;;;
5;8;2026;108101;29101742;5;5301;18;16;;;;;;;;;;;;;;;;;;;;;;;;;;;;;;;;;;;;;;;;;;;;;;;;
5;8;2026;108101;01030100;5;5301;17;0;2;11;4;0;0;0;2;17;17;0;0;0;0;16;13;0;17;0;0;16;17;0;2;2;0;0;0;0;;;;;;;;;;;;;;;;;;;;
5;8;2026;108101;01030300;5;5301;18;0;0;12;6;0;0;0;1;0;18;0;0;0;0;14;8;0;0;0;10;0;15;0;0;2;0;0;0;0;;;;;;;;;;;;;;;;;;;;
5;8;2026;108101;24090700;5;5301;16;0;0;14;2;0;0;0;1;0;16;0;0;0;0;14;12;0;0;0;8;0;15;0;1;1;0;0;0;0;;;;;;;;;;;;;;;;;;;;
6;8;2026;108100;29101728;5;5701;30;0;7;23;;;;;;;;;;;;;;;;;;;;;;;;;;;;;;;;;;;;;;;;;;;;;;
6;8;2026;108100;29101729;5;5701;1;0;0;1;;;;;;;;;;;;;;;;;;;;;;;;;;;;;;;;;;;;;;;;;;;;;;
6;8;2026;108100;29101742;5;5701;24;35;;;;;;;;;;;;;;;;;;;;;;;;;;;;;;;;;;;;;;;;;;;;;;;;
6;8;2026;108100;01030100;5;5701;34;0;1;26;7;0;0;0;4;0;31;17;0;1;27;16;0;0;0;0;2;0;29;0;0;6;0;0;0;0;;;;;;;;;;;;;;;;;;;;
6;8;2026;108100;01030300;5;5701;26;0;1;20;5;0;0;0;0;0;25;0;0;0;0;4;0;0;0;0;1;0;24;0;0;0;0;0;0;0;;;;;;;;;;;;;;;;;;;;
6;8;2026;108100;24090700;5;5701;37;0;1;30;6;0;0;0;5;0;44;6;0;0;0;14;0;0;0;1;3;0;31;0;0;4;0;0;0;0;;;;;;;;;;;;;;;;;;;;
4;8;2026;108101;29101728;5;5301;20;0;5;15;;;;;;;;;;;;;;;;;;;;;;;;;;;;;;;;;;;;;;;;;;;;;;
4;8;2026;108101;29101729;5;5301;2;0;0;2;;;;;;;;;;;;;;;;;;;;;;;;;;;;;;;;;;;;;;;;;;;;;;
4;8;2026;108101;29101742;5;5301;18;13;;;;;;;;;;;;;;;;;;;;;;;;;;;;;;;;;;;;;;;;;;;;;;;;
4;8;2026;108101;01030100;5;5301;23;0;2;19;2;0;0;0;1;23;18;0;0;0;2;21;14;0;21;0;1;17;21;0;0;8;0;0;0;0;;;;;;;;;;;;;;;;;;;;
4;8;2026;108101;29101714;5;5301;1;0;0;1;0;0;0;0;0;1;1;0;0;0;0;1;0;0;1;0;0;1;1;0;0;0;0;0;0;0;;;;;;;;;;;;;;;;;;;;
4;8;2026;108101;01030300;5;5301;18;0;0;13;5;0;0;0;0;0;18;0;0;0;0;16;13;0;1;0;3;0;16;0;0;0;0;0;0;0;;;;;;;;;;;;;;;;;;;;
4;8;2026;108101;24090700;5;5301;15;0;2;10;3;0;0;0;4;0;15;0;0;0;0;12;6;0;0;1;3;0;9;0;0;1;1;0;0;0;;;;;;;;;;;;;;;;;;;;
6;8;2026;108101;29101718;5;5301;1;0;0;1;0;0;0;0;1;0;0;0;0;0;0;0;0;0;0;0;0;0;0;0;0;0;0;0;0;0;;;;;;;;;;;;;;;;;;;;
6;8;2026;108101;29101728;5;5301;30;1;5;24;;;;;;;;;;;;;;;;;;;;;;;;;;;;;;;;;;;;;;;;;;;;;;
6;8;2026;108101;29101742;5;5301;17;19;;;;;;;;;;;;;;;;;;;;;;;;;;;;;;;;;;;;;;;;;;;;;;;;
6;8;2026;108101;01030100;5;5301;30;1;1;21;7;1;0;0;1;30;28;0;0;0;1;30;25;0;28;0;0;28;28;0;2;6;0;0;0;0;;;;;;;;;;;;;;;;;;;;
6;8;2026;108101;29101714;5;5301;1;0;0;1;0;0;0;0;0;1;1;0;0;0;0;1;0;0;0;0;0;0;0;0;0;1;0;0;0;0;;;;;;;;;;;;;;;;;;;;
6;8;2026;108101;01030300;5;5301;17;0;1;14;2;0;0;0;1;0;17;0;0;0;0;12;9;0;0;0;15;2;16;0;0;1;0;0;0;0;;;;;;;;;;;;;;;;;;;;
6;8;2026;108101;24090700;5;5301;19;0;0;15;4;0;0;0;2;0;19;0;0;0;0;15;9;0;0;1;14;0;15;0;0;2;0;0;0;0;;;;;;;;;;;;;;;;;;;;
1;8;2026;108101;29101742;5;5301;15;19;;;;;;;;;;;;;;;;;;;;;;;;;;;;;;;;;;;;;;;;;;;;;;;;
1;8;2026;108101;01030100;5;5301;28;0;1;22;5;0;0;0;1;28;24;0;0;0;0;23;21;1;24;0;0;26;28;0;0;6;0;0;0;0;;;;;;;;;;;;;;;;;;;;
1;8;2026;108101;29101714;5;5301;1;0;0;0;1;0;0;0;0;1;1;0;0;0;0;1;0;0;1;0;0;1;1;0;0;0;0;0;0;0;;;;;;;;;;;;;;;;;;;;
1;8;2026;108101;01030300;5;5301;15;0;1;9;5;0;0;0;0;0;15;0;0;0;0;2;11;0;4;0;5;3;15;0;0;1;0;0;0;0;;;;;;;;;;;;;;;;;;;;
1;8;2026;108101;24090700;5;5301;20;0;1;16;3;0;0;0;1;0;20;0;0;0;0;20;9;0;3;0;4;1;19;0;0;3;0;0;0;0;;;;;;;;;;;;;;;;;;;;
4;8;2026;108100;29101718;5;5701;1;0;0;0;1;0;0;0;0;0;0;0;0;0;0;0;0;0;0;0;0;0;0;0;0;0;0;0;0;0;;;;;;;;;;;;;;;;;;;;
4;8;2026;108100;29101728;5;5701;46;1;9;36;;;;;;;;;;;;;;;;;;;;;;;;;;;;;;;;;;;;;;;;;;;;;;
4;8;2026;108100;29101742;5;5701;26;27;;;;;;;;;;;;;;;;;;;;;;;;;;;;;;;;;;;;;;;;;;;;;;;;
4;8;2026;108100;01030100;5;5701;50;0;4;41;5;1;1;0;6;0;31;17;0;1;27;16;0;0;0;0;6;0;47;0;0;14;0;0;0;0;;;;;;;;;;;;;;;;;;;;
4;8;2026;108100;01030300;5;5701;26;0;1;15;10;0;0;0;1;0;25;0;0;0;0;4;0;0;0;0;2;0;26;0;0;2;0;0;0;0;;;;;;;;;;;;;;;;;;;;
4;8;2026;108100;24090700;5;5701;30;0;1;23;6;0;1;1;5;0;44;6;0;0;0;14;0;0;0;1;7;0;24;0;0;7;0;0;0;0;;;;;;;;;;;;;;;;;;;;
3;8;2026;108102;01030100;5;5703;2;;;1;1;;;;1;2;;;;;;;1;;;;;2;;;0;1;0;0;0;0;;;;;;;;;;;;;;;;;;;;
5;8;2026;108100;29101728;5;5701;41;0;12;29;;;;;;;;;;;;;;;;;;;;;;;;;;;;;;;;;;;;;;;;;;;;;;
5;8;2026;108100;29101742;5;5701;29;25;;;;;;;;;;;;;;;;;;;;;;;;;;;;;;;;;;;;;;;;;;;;;;;;
5;8;2026;108100;01030100;5;5701;43;0;5;32;6;0;0;0;5;0;31;17;0;1;27;16;0;0;0;1;4;0;39;0;0;9;0;0;0;0;;;;;;;;;;;;;;;;;;;;
5;8;2026;108100;01030300;5;5701;29;0;0;23;6;0;0;0;1;0;25;0;0;0;0;4;0;0;0;1;7;0;27;0;0;2;0;0;0;0;;;;;;;;;;;;;;;;;;;;
5;8;2026;108100;24090700;5;5701;25;0;2;20;3;0;1;2;1;0;44;6;0;0;0;14;0;0;0;0;5;0;19;0;0;5;0;0;0;0;;;;;;;;;;;;;;;;;;;;
3;8;2026;108100;01030100;5;5701;46;0;4;36;6;0;0;0;2;0;31;17;0;1;27;16;0;0;0;0;1;0;45;0;0;10;0;0;0;0;;;;;;;;;;;;;;;;;;;;
3;8;2026;108100;01030300;5;5701;25;0;1;18;6;0;0;0;0;0;25;0;0;0;0;4;0;0;0;0;6;0;25;0;0;2;0;0;0;0;;;;;;;;;;;;;;;;;;;;
3;8;2026;108100;24090700;5;5701;36;0;2;29;5;0;0;2;7;0;44;6;0;0;0;14;0;0;0;0;5;0;28;0;0;10;0;0;0;0;;;;;;;;;;;;;;;;;;;;
3;21;2026;121109;29101728;9;9101;100;0;26;74;;;;;;;;;;;;;;;;;;;;;;;;;;;;;;;;;;;;;;;;;;;;;;
3;21;2026;121109;29101729;9;9101;36;0;11;25;;;;;;;;;;;;;;;;;;;;;;;;;;;;;;;;;;;;;;;;;;;;;;
3;21;2026;121109;29101742;9;9101;48;124;;;;;;;;;;;;;;;;;;;;;;;;;;;;;;;;;;;;;;;;;;;;;;;;
6;21;2026;121109;29101715;9;9101;1;0;0;1;0;0;0;0;0;0;0;0;0;0;0;1;1;0;0;0;0;1;1;0;0;0;0;0;0;0;;;;;;;;;;;;;;;;;;;;
6;21;2026;121109;29101718;9;9101;1;0;0;1;0;0;0;0;0;0;0;0;0;0;1;1;1;0;0;0;0;1;1;0;0;0;0;0;0;0;;;;;;;;;;;;;;;;;;;;
6;21;2026;121109;29101728;9;9101;121;2;32;87;;;;;;;;;;;;;;;;;;;;;;;;;;;;;;;;;;;;;;;;;;;;;;
6;21;2026;121109;29101729;9;9101;21;0;7;14;;;;;;;;;;;;;;;;;;;;;;;;;;;;;;;;;;;;;;;;;;;;;;
6;21;2026;121109;29101742;9;9101;41;113;;;;;;;;;;;;;;;;;;;;;;;;;;;;;;;;;;;;;;;;;;;;;;;;
6;21;2026;121109;01030100;9;9101;143;1;8;108;26;0;2;0;19;73;111;0;0;0;40;;129;11;123;15;122;122;137;3;36;3;0;0;0;0;;;;;;;;;;;;;;;;;;;;
6;21;2026;121109;29101714;9;9101;2;0;1;1;0;0;0;0;0;1;2;0;0;0;0;2;1;1;1;1;2;0;2;0;1;0;0;0;0;0;;;;;;;;;;;;;;;;;;;;
6;21;2026;121109;01030300;9;9101;45;0;1;30;14;0;0;0;4;6;45;0;0;1;0;0;41;1;8;5;37;52;41;1;15;2;0;0;0;0;;;;;;;;;;;;;;;;;;;;
6;21;2026;121109;24090700;9;9101;120;0;6;88;26;0;3;2;24;14;116;0;0;7;0;95;91;0;3;16;101;89;104;0;30;0;0;0;0;0;;;;;;;;;;;;;;;;;;;;
1;21;2026;121109;29101728;9;9101;101;0;25;76;;;;;;;;;;;;;;;;;;;;;;;;;;;;;;;;;;;;;;;;;;;;;;
1;21;2026;121109;29101729;9;9101;26;0;5;21;;;;;;;;;;;;;;;;;;;;;;;;;;;;;;;;;;;;;;;;;;;;;;
1;21;2026;121109;01030100;9;9101;137;0;4;104;29;0;0;1;9;86;97;0;0;1;35;137;128;3;129;4;120;122;127;1;33;3;0;0;0;0;;;;;;;;;;;;;;;;;;;;
1;21;2026;121109;29101714;9;9101;2;0;0;2;0;0;0;0;0;1;2;0;0;0;0;2;2;0;2;0;2;0;2;0;0;0;0;0;0;0;;;;;;;;;;;;;;;;;;;;
1;21;2026;121109;01030300;9;9101;58;0;1;33;24;0;1;1;6;5;58;0;0;1;0;0;54;0;1;5;51;52;49;0;15;0;0;0;0;0;;;;;;;;;;;;;;;;;;;;
1;21;2026;121109;24090700;9;9101;127;0;4;88;35;0;3;9;25;10;127;0;0;6;0;110;103;1;2;18;103;85;87;3;28;3;0;0;0;0;;;;;;;;;;;;;;;;;;;;
4;21;2026;121109;29101715;9;9101;1;0;0;0;1;0;0;0;0;0;0;0;0;0;1;0;0;0;0;0;0;0;1;0;0;0;0;0;0;0;;;;;;;;;;;;;;;;;;;;
4;21;2026;121109;29101718;9;9101;1;0;0;1;0;0;0;0;1;0;0;0;0;0;0;0;0;1;0;0;0;0;0;0;0;0;0;0;0;0;;;;;;;;;;;;;;;;;;;;
4;21;2026;121109;29101728;9;9101;86;1;23;62;;;;;;;;;;;;;;;;;;;;;;;;;;;;;;;;;;;;;;;;;;;;;;
4;21;2026;121109;29101729;9;9101;35;0;7;28;;;;;;;;;;;;;;;;;;;;;;;;;;;;;;;;;;;;;;;;;;;;;;
4;21;2026;121109;29101742;9;9101;46;113;;;;;;;;;;;;;;;;;;;;;;;;;;;;;;;;;;;;;;;;;;;;;;;;
4;21;2026;121109;01030100;9;9101;131;1;3;93;34;0;1;3;14;81;105;0;0;0;41;121;118;2;121;3;114;111;126;0;37;5;0;0;0;0;;;;;;;;;;;;;;;;;;;;
4;21;2026;121109;29101714;9;9101;1;0;1;0;0;0;0;0;0;0;1;0;0;0;0;1;1;0;2;0;3;3;3;0;0;0;0;0;0;0;;;;;;;;;;;;;;;;;;;;
4;21;2026;121109;01030300;9;9101;47;0;1;30;16;0;0;0;6;1;47;0;0;0;0;0;49;0;5;2;49;44;49;0;13;1;0;0;0;0;;;;;;;;;;;;;;;;;;;;
4;21;2026;121109;24090700;9;9101;120;0;8;86;26;0;6;6;20;4;119;0;0;1;0;91;101;0;5;19;92;82;97;0;35;4;0;0;0;0;;;;;;;;;;;;;;;;;;;;
5;21;2026;121109;29101742;9;9101;43;123;;;;;;;;;;;;;;;;;;;;;;;;;;;;;;;;;;;;;;;;;;;;;;;;
5;21;2026;121109;01030100;9;9101;142;0;11;108;23;2;2;3;14;77;113;0;0;0;60;131;131;6;121;12;124;131;132;2;31;2;0;0;0;0;;;;;;;;;;;;;;;;;;;;
5;21;2026;121109;29101714;9;9101;4;0;0;4;0;0;0;0;0;2;4;0;0;0;0;3;3;0;3;0;3;3;3;0;0;0;0;0;0;0;;;;;;;;;;;;;;;;;;;;
5;21;2026;121109;01030300;9;9101;43;0;0;26;17;0;0;1;7;3;43;0;0;0;0;0;41;3;5;6;41;41;40;0;9;4;0;0;0;0;;;;;;;;;;;;;;;;;;;;
5;21;2026;121109;24090700;9;9101;130;0;8;92;30;0;3;7;24;11;130;0;0;5;0;99;108;0;12;21;97;108;104;0;31;4;0;0;0;0;;;;;;;;;;;;;;;;;;;;
5;21;2026;121109;29101728;9;9101;118;2;36;80;;;;;;;;;;;;;;;;;;;;;;;;;;;;;;;;;;;;;;;;;;;;;;
5;21;2026;121109;29101729;9;9101;22;0;6;16;;;;;;;;;;;;;;;;;;;;;;;;;;;;;;;;;;;;;;;;;;;;;;
3;21;2026;121115;29101728;9;9102;1;;0;1;;;;;;;;;;;;;;;;;;;;;;;;;;;;;;;;;;;;;;;;;;;;;;
3;21;2026;121115;01030100;9;9102;1;0;1;0;0;0;0;0;1;0;0;0;0;1;0;1;0;1;0;0;1;1;0;0;0;0;0;0;0;0;;;;;;;;;;;;;;;;;;;;
1;21;2026;121115;29101728;9;9102;1;;1;0;;;;;;;;;;;;;;;;;;;;;;;;;;;;;;;;;;;;;;;;;;;;;;
1;21;2026;121115;29101729;9;9102;1;;1;0;;;;;;;;;;;;;;;;;;;;;;;;;;;;;;;;;;;;;;;;;;;;;;
1;21;2026;121115;01030100;9;9102;1;0;0;0;1;0;0;0;0;0;0;0;0;0;1;0;1;0;1;0;0;1;1;0;0;0;0;0;0;0;;;;;;;;;;;;;;;;;;;;
5;4;2026;104103;29101728;3;3301;13;0;3;10;;;;;;;;;;;;;;;;;;;;;;;;;;;;;;;;;;;;;;;;;;;;;;
5;4;2026;104103;29101729;3;3301;13;0;3;10;;;;;;;;;;;;;;;;;;;;;;;;;;;;;;;;;;;;;;;;;;;;;;
5;4;2026;104103;29101742;3;3301;24;12;;;;;;;;;;;;;;;;;;;;;;;;;;;;;;;;;;;;;;;;;;;;;;;;
5;4;2026;104103;01030100;3;3301;13;0;0;8;5;0;0;0;1;0;9;13;0;0;2;;;0;10;0;0;;;;2;1;0;0;0;0;;;;;;;;;;;;;;;;;;;;
4;21;2026;121113;29101728;9;9103;1;0;0;1;;;;;;;;;;;;;;;;;;;;;;;;;;;;;;;;;;;;;;;;;;;;;;
4;21;2026;121113;01030100;9;9103;1;;;1;;;;;;;;;;;;1;1;0;1;0;1;1;1;1;1;0;0;0;0;0;;;;;;;;;;;;;;;;;;;;
4;21;2026;121111;29101729;9;9106;1;0;1;0;;;;;;;;;;;;;;;;;;;;;;;;;;;;;;;;;;;;;;;;;;;;;;
4;21;2026;121111;01030100;9;9106;1;0;0;1;0;0;0;0;0;0;0;0;0;0;1;0;0;0;0;0;0;0;0;0;1;0;0;0;0;0;;;;;;;;;;;;;;;;;;;;
1;21;2026;121111;29101728;9;9106;1;0;0;1;;;;;;;;;;;;;;;;;;;;;;;;;;;;;;;;;;;;;;;;;;;;;;
1;21;2026;121111;01030100;9;9106;1;0;0;0;1;0;0;0;0;0;0;0;0;0;1;0;1;0;1;0;1;1;1;1;1;0;0;0;0;0;;;;;;;;;;;;;;;;;;;;
2;21;2026;121119;29101715;9;9107;1;;;1;;;;;;;;;;;;1;;;;;1;1;1;;0;0;0;0;0;0;;;;;;;;;;;;;;;;;;;;
2;21;2026;121119;29101729;9;9107;1;;;1;;;;;;;;;;;;;;;;;;;;;;;;;;;;;;;;;;;;;;;;;;;;;;
2;21;2026;121119;01030100;9;9107;1;;;1;;;;;;;;;;;;1;;;;;1;1;1;;0;0;0;0;0;0;;;;;;;;;;;;;;;;;;;;
2;21;2026;121110;29101728;9;9108;7;0;2;5;;;;;;;;;;;;;;;;;;;;;;;;;;;;;;;;;;;;;;;;;;;;;;
2;21;2026;121110;29101742;9;9108;1;0;;;;;;;;;;;;;;;;;;;;;;;;;;;;;;;;;;;;;;;;;;;;;;;;
2;21;2026;121110;01030100;9;9108;7;0;0;2;5;0;0;0;1;7;0;0;0;0;3;7;5;0;7;0;6;7;7;2;3;0;0;0;0;0;;;;;;;;;;;;;;;;;;;;
2;21;2026;121110;01030300;9;9108;1;0;0;0;1;0;0;0;0;1;1;0;0;0;0;0;1;0;1;0;0;1;1;1;1;0;0;0;0;0;;;;;;;;;;;;;;;;;;;;
4;21;2026;121110;29101742;9;9108;4;;;;;;;;;;;;;;;;;;;;;;;;;;;;;;;;;;;;;;;;;;;;;;;;;
4;21;2026;121110;01030100;9;9108;3;0;1;2;0;0;0;0;0;0;0;0;0;0;2;3;3;0;3;0;3;3;3;1;1;0;0;0;0;0;;;;;;;;;;;;;;;;;;;;
4;21;2026;121110;01030300;9;9108;4;0;0;2;2;0;0;0;0;0;3;0;0;1;0;0;4;0;4;0;4;4;4;2;2;0;0;0;0;0;;;;;;;;;;;;;;;;;;;;
6;21;2026;121110;29101716;9;9108;1;;;;1;;;;;;;;;;;;0;;0;;0;0;0;0;0;0;0;0;0;0;;;;;;;;;;;;;;;;;;;;
6;21;2026;121110;29101718;9;9108;1;;;;1;;;;;;;;;;;;0;;0;;0;0;0;0;0;0;0;0;0;0;;;;;;;;;;;;;;;;;;;;
6;21;2026;121110;29101729;9;9108;5;0;2;3;;;;;;;;;;;;;;;;;;;;;;;;;;;;;;;;;;;;;;;;;;;;;;
6;21;2026;121110;01030100;9;9108;5;;1;3;1;;;;;;;;;;;4;4;;4;;4;0;0;0;0;0;0;0;0;0;;;;;;;;;;;;;;;;;;;;
6;21;2026;121110;01030300;9;9108;12;;;;12;;;;;;;;;;;;12;;12;;12;0;0;0;0;0;0;0;0;0;;;;;;;;;;;;;;;;;;;;
3;21;2026;121110;29101728;9;9108;8;0;1;7;;;;;;;;;;;;;;;;;;;;;;;;;;;;;;;;;;;;;;;;;;;;;;
3;21;2026;121110;01030100;9;9108;8;0;0;6;2;0;0;0;0;1;6;0;0;0;7;8;6;0;7;0;6;7;8;3;5;0;0;0;0;0;;;;;;;;;;;;;;;;;;;;
3;21;2026;121110;01030300;9;9108;13;0;0;8;5;0;0;0;0;0;13;0;0;0;0;0;13;0;11;0;9;12;13;0;6;0;0;0;0;0;;;;;;;;;;;;;;;;;;;;
5;21;2026;121110;29101742;9;9108;6;0;;;;;;;;;;;;;;;;;;;;;;;;;;;;;;;;;;;;;;;;;;;;;;;;
5;21;2026;121110;01030100;9;9108;3;0;1;1;1;0;0;0;0;0;0;0;0;0;0;3;3;0;0;0;0;0;3;1;1;1;0;0;0;0;;;;;;;;;;;;;;;;;;;;
5;21;2026;121110;01030300;9;9108;6;0;0;1;5;0;0;0;0;0;6;0;0;0;0;0;0;0;0;0;0;6;6;0;6;1;0;0;0;0;;;;;;;;;;;;;;;;;;;;
1;21;2026;121110;29101728;9;9108;9;0;0;9;;;;;;;;;;;;;;;;;;;;;;;;;;;;;;;;;;;;;;;;;;;;;;
1;21;2026;121110;01030100;9;9108;9;0;0;7;2;0;0;0;0;0;0;0;0;0;2;9;8;0;9;0;5;9;9;2;2;0;0;0;0;0;;;;;;;;;;;;;;;;;;;;
1;21;2026;121110;01030300;9;9108;7;0;0;4;3;0;0;0;0;0;7;0;0;0;0;0;7;0;7;0;7;6;7;0;3;0;0;0;0;0;;;;;;;;;;;;;;;;;;;;
5;21;2026;121120;29101728;9;9109;1;;;1;;;;;;;;;;;;;;;;;;;;;;;;;;;;;;;;;;;;;;;;;;;;;;
5;21;2026;121120;01030100;9;9109;1;;;1;;;;;;;;;;;;1;1;;1;;1;;;;0;0;0;0;0;0;;;;;;;;;;;;;;;;;;;;
1;21;2026;121120;29101728;9;9109;1;0;1;0;;;;;;;;;;;;;;;;;;;;;;;;;;;;;;;;;;;;;;;;;;;;;;
1;21;2026;121120;01030100;9;9109;1;0;0;1;0;0;0;0;0;0;0;0;0;0;0;1;0;0;1;0;1;1;1;0;0;0;0;0;0;0;;;;;;;;;;;;;;;;;;;;
5;21;2026;121114;29101728;9;9111;3;;1;2;;;;;;;;;;;;;;;;;;;;;;;;;;;;;;;;;;;;;;;;;;;;;;
5;21;2026;121114;29101742;9;9111;4;;;;;;;;;;;;;;;;;;;;;;;;;;;;;;;;;;;;;;;;;;;;;;;;;
5;21;2026;121114;01030100;9;9111;3;;;3;;;;;;;;;;;2;;3;;3;;;3;3;;2;0;0;0;0;0;;;;;;;;;;;;;;;;;;;;
5;21;2026;121114;01030300;9;9111;4;;;3;1;;;;;;4;;;;;;4;;3;;;3;3;0;1;0;0;1;0;0;;;;;;;;;;;;;;;;;;;;
6;21;2026;121114;29101728;9;9111;4;;;4;;;;;;;;;;;;;;;;;;;;;;;;;;;;;;;;;;;;;;;;;;;;;;
6;21;2026;121114;29101742;9;9111;16;0;;;;;;;;;;;;;;;;;;;;;;;;;;;;;;;;;;;;;;;;;;;;;;;;
6;21;2026;121114;01030100;9;9111;4;;;3;1;;;;;;;2;;;1;2;3;0;3;0;0;3;4;0;0;0;0;0;0;0;;;;;;;;;;;;;;;;;;;;
6;21;2026;121114;01030300;9;9111;16;;;14;2;;;;;;16;;16;;;;16;0;16;0;0;12;16;0;3;0;0;0;0;0;;;;;;;;;;;;;;;;;;;;
4;21;2026;121114;29101728;9;9111;1;;;1;;;;;;;;;;;;;;;;;;;;;;;;;;;;;;;;;;;;;;;;;;;;;;
4;21;2026;121114;29101742;9;9111;11;;;;;;;;;;;;;;;;;;;;;;;;;;;;;;;;;;;;;;;;;;;;;;;;;
4;21;2026;121114;01030100;9;9111;1;;;1;;;;;;;;;;;1;;1;;1;;;1;1;0;0;0;0;0;0;0;;;;;;;;;;;;;;;;;;;;
4;21;2026;121114;01030300;9;9111;12;;;9;3;;;;;;12;;;;;;11;;12;;;11;11;0;5;0;0;0;0;0;;;;;;;;;;;;;;;;;;;;
3;21;2026;121114;29101728;9;9111;1;;;1;;;;;;;;;;;;;;;;;;;;;;;;;;;;;;;;;;;;;;;;;;;;;;
3;21;2026;121114;29101742;9;9111;12;;;;;;;;;;;;;;;;;;;;;;;;;;;;;;;;;;;;;;;;;;;;;;;;;
2;21;2026;121114;29101742;9;9111;12;0;;;;;;;;;;;;;;;;;;;;;;;;;;;;;;;;;;;;;;;;;;;;;;;;
2;21;2026;121114;01030300;9;9111;12;;;9;3;;;;;;12;;;;;;12;0;11;0;0;11;11;0;6;0;0;0;0;0;;;;;;;;;;;;;;;;;;;;
3;21;2026;121114;01030100;9;9111;1;;1;;;;;;;;;;;;;;1;;1;0;0;1;1;0;0;0;0;0;0;0;;;;;;;;;;;;;;;;;;;;
3;21;2026;121114;01030300;9;9111;12;;;9;3;;;;;;12;;;;;;12;;12;0;0;12;12;0;2;0;0;0;0;0;;;;;;;;;;;;;;;;;;;;
1;21;2026;121114;29101728;9;9111;3;0;1;2;;;;;;;;;;;;;;;;;;;;;;;;;;;;;;;;;;;;;;;;;;;;;;
1;21;2026;121114;29101742;9;9111;13;0;;;;;;;;;;;;;;;;;;;;;;;;;;;;;;;;;;;;;;;;;;;;;;;;
1;21;2026;121114;01030100;9;9111;3;0;0;0;3;0;0;0;0;0;0;2;0;0;1;3;3;0;3;0;0;3;3;0;2;0;0;0;0;0;;;;;;;;;;;;;;;;;;;;
1;21;2026;121114;01030300;9;9111;13;0;0;8;5;0;0;0;0;0;13;0;0;0;0;0;13;0;13;0;0;11;13;0;2;0;0;0;0;0;;;;;;;;;;;;;;;;;;;;
3;21;2026;121117;29101728;9;9114;7;0;2;5;;;;;;;;;;;;;;;;;;;;;;;;;;;;;;;;;;;;;;;;;;;;;;
3;21;2026;121117;29101742;9;9114;7;0;;;;;;;;;;;;;;;;;;;;;;;;;;;;;;;;;;;;;;;;;;;;;;;;
3;21;2026;121117;01030100;9;9114;7;0;0;5;2;0;0;0;1;7;0;0;0;0;1;4;7;1;6;1;6;7;7;0;0;0;0;0;0;0;;;;;;;;;;;;;;;;;;;;
3;21;2026;121117;01030300;9;9114;7;0;0;3;4;0;0;0;0;7;7;0;7;0;0;0;7;0;7;0;7;7;7;0;0;0;0;0;0;0;;;;;;;;;;;;;;;;;;;;
5;21;2026;121117;29101728;9;9114;3;0;1;2;;;;;;;;;;;;;;;;;;;;;;;;;;;;;;;;;;;;;;;;;;;;;;
5;21;2026;121117;29101742;9;9114;8;0;;;;;;;;;;;;;;;;;;;;;;;;;;;;;;;;;;;;;;;;;;;;;;;;
5;21;2026;121117;01030100;9;9114;3;0;0;3;0;0;0;0;0;3;0;0;0;0;1;1;3;0;3;0;3;3;3;0;1;0;0;0;0;0;;;;;;;;;;;;;;;;;;;;
5;21;2026;121117;01030300;9;9114;8;0;0;7;1;0;0;0;0;8;8;0;6;0;0;0;0;0;8;0;8;8;8;0;1;0;0;0;0;0;;;;;;;;;;;;;;;;;;;;
6;21;2026;121117;29101728;9;9114;6;0;1;5;;;;;;;;;;;;;;;;;;;;;;;;;;;;;;;;;;;;;;;;;;;;;;
6;21;2026;121117;29101742;9;9114;3;0;;;;;;;;;;;;;;;;;;;;;;;;;;;;;;;;;;;;;;;;;;;;;;;;
6;21;2026;121117;01030100;9;9114;6;0;0;4;2;0;0;0;0;6;0;1;1;0;3;2;6;1;5;1;5;6;6;0;0;0;0;0;0;0;;;;;;;;;;;;;;;;;;;;
6;21;2026;121117;01030300;9;9114;3;0;0;1;2;0;0;0;0;3;3;0;3;0;0;0;3;0;3;0;3;3;3;0;0;0;0;0;0;0;;;;;;;;;;;;;;;;;;;;
4;21;2026;121117;29101728;9;9114;4;0;0;4;;;;;;;;;;;;;;;;;;;;;;;;;;;;;;;;;;;;;;;;;;;;;;
4;21;2026;121117;29101742;9;9114;4;0;;;;;;;;;;;;;;;;;;;;;;;;;;;;;;;;;;;;;;;;;;;;;;;;
4;21;2026;121117;01030100;9;9114;4;0;0;4;0;0;0;0;0;4;0;0;0;0;2;4;4;0;4;0;4;4;4;0;0;0;0;0;0;0;;;;;;;;;;;;;;;;;;;;
4;21;2026;121117;01030300;9;9114;4;0;0;4;0;0;0;0;0;4;4;0;4;0;0;0;4;0;4;0;4;4;4;0;0;0;0;0;0;0;;;;;;;;;;;;;;;;;;;;
1;21;2026;121117;29101728;9;9114;4;0;1;3;;;;;;;;;;;;;;;;;;;;;;;;;;;;;;;;;;;;;;;;;;;;;;
1;21;2026;121117;29101742;9;9114;3;0;;;;;;;;;;;;;;;;;;;;;;;;;;;;;;;;;;;;;;;;;;;;;;;;
1;21;2026;121117;01030100;9;9114;4;0;1;3;0;0;0;0;0;4;0;0;0;0;4;4;4;0;4;0;4;4;4;0;0;0;0;0;0;0;;;;;;;;;;;;;;;;;;;;
1;21;2026;121117;01030300;9;9114;3;0;0;3;0;0;0;0;0;3;3;0;3;0;0;0;3;0;3;0;3;3;3;0;0;0;0;0;0;0;;;;;;;;;;;;;;;;;;;;
2;21;2026;121117;29101728;9;9114;3;0;2;1;;;;;;;;;;;;;;;;;;;;;;;;;;;;;;;;;;;;;;;;;;;;;;
2;21;2026;121117;29101742;9;9114;5;0;;;;;;;;;;;;;;;;;;;;;;;;;;;;;;;;;;;;;;;;;;;;;;;;
2;21;2026;121117;01030100;9;9114;3;0;0;3;0;0;0;0;1;3;0;1;0;0;1;1;3;0;3;0;3;3;3;0;0;0;0;0;0;0;;;;;;;;;;;;;;;;;;;;
2;21;2026;121117;01030300;9;9114;5;0;0;5;0;0;0;0;0;5;5;0;5;0;0;0;5;0;5;0;5;5;5;0;0;0;0;0;0;0;;;;;;;;;;;;;;;;;;;;
4;21;2026;121200;29101742;9;9115;3;0;;;;;;;;;;;;;;;;;;;;;;;;;;;;;;;;;;;;;;;;;;;;;;;;
4;21;2026;121200;01030300;9;9115;3;0;0;3;0;0;0;0;0;3;3;0;0;0;0;0;3;0;3;0;0;3;3;0;0;0;0;0;0;0;;;;;;;;;;;;;;;;;;;;
3;21;2026;121200;29101742;9;9115;1;0;;;;;;;;;;;;;;;;;;;;;;;;;;;;;;;;;;;;;;;;;;;;;;;;
3;21;2026;121200;01030300;9;9115;1;0;0;1;0;0;0;0;0;1;1;0;0;0;0;0;1;0;1;0;0;1;1;0;0;0;0;0;0;0;;;;;;;;;;;;;;;;;;;;
1;21;2026;121200;29101742;9;9115;5;0;;;;;;;;;;;;;;;;;;;;;;;;;;;;;;;;;;;;;;;;;;;;;;;;
1;21;2026;121200;01030300;9;9115;5;0;0;2;3;0;0;0;0;5;5;0;0;0;0;0;5;0;5;0;0;5;5;0;2;0;0;0;0;0;;;;;;;;;;;;;;;;;;;;
2;21;2026;121200;29101728;9;9115;1;0;0;1;;;;;;;;;;;;;;;;;;;;;;;;;;;;;;;;;;;;;;;;;;;;;;
2;21;2026;121200;29101742;9;9115;4;0;;;;;;;;;;;;;;;;;;;;;;;;;;;;;;;;;;;;;;;;;;;;;;;;
2;21;2026;121200;01030100;9;9115;1;0;0;1;0;0;0;0;0;0;0;0;0;0;1;0;1;0;1;0;0;1;1;0;0;0;0;0;0;0;;;;;;;;;;;;;;;;;;;;
2;21;2026;121200;01030300;9;9115;4;0;0;4;0;0;0;0;0;0;4;0;0;0;0;0;4;0;4;0;0;4;4;0;0;0;0;0;0;0;;;;;;;;;;;;;;;;;;;;
5;21;2026;121116;01030100;9;9116;1;;;1;;;;;;;;;;;;1;1;0;1;0;;1;1;1;1;0;0;0;0;0;;;;;;;;;;;;;;;;;;;;
4;21;2026;121116;01030100;9;9116;1;;;1;;0;0;0;0;0;0;0;0;0;;1;1;0;1;0;;1;1;1;1;0;0;0;0;0;;;;;;;;;;;;;;;;;;;;
2;21;2026;121118;29101728;9;9118;1;0;0;1;;;;;;;;;;;;;;;;;;;;;;;;;;;;;;;;;;;;;;;;;;;;;;
2;21;2026;121118;29101729;9;9118;1;0;0;1;;;;;;;;;;;;;;;;;;;;;;;;;;;;;;;;;;;;;;;;;;;;;;
2;21;2026;121118;01030100;9;9118;1;0;0;1;0;0;0;0;0;1;0;0;0;0;1;0;0;0;1;0;0;1;1;0;0;0;0;0;0;0;;;;;;;;;;;;;;;;;;;;
6;21;2026;121121;29101728;9;9120;41;0;9;32;;;;;;;;;;;;;;;;;;;;;;;;;;;;;;;;;;;;;;;;;;;;;;
6;21;2026;121121;29101742;9;9120;33;19;;;;;;;;;;;;;;;;;;;;;;;;;;;;;;;;;;;;;;;;;;;;;;;;
6;21;2026;121121;01030100;9;9120;41;0;0;35;6;0;0;0;2;39;19;0;0;0;8;41;33;0;30;0;10;36;38;2;9;2;0;0;0;0;;;;;;;;;;;;;;;;;;;;
6;21;2026;121121;01030300;9;9120;36;0;0;18;18;0;0;0;3;36;36;0;0;0;0;36;30;0;7;0;0;27;30;0;8;3;0;0;0;0;;;;;;;;;;;;;;;;;;;;
6;21;2026;121121;24090700;9;9120;19;0;1;14;4;0;1;0;3;19;17;0;0;2;0;17;17;0;8;0;1;15;15;0;1;2;0;0;0;0;;;;;;;;;;;;;;;;;;;;
4;21;2026;121121;29101728;9;9120;53;0;18;35;;;;;;;;;;;;;;;;;;;;;;;;;;;;;;;;;;;;;;;;;;;;;;
4;21;2026;121121;29101742;9;9120;19;20;;;;;;;;;;;;;;;;;;;;;;;;;;;;;;;;;;;;;;;;;;;;;;;;
4;21;2026;121121;01030100;9;9120;54;0;4;45;5;0;0;0;6;51;33;0;0;0;12;54;45;2;49;1;4;45;49;1;10;0;0;0;0;0;;;;;;;;;;;;;;;;;;;;
4;21;2026;121121;01030300;9;9120;19;0;0;13;6;0;0;0;1;19;19;0;0;0;0;19;19;0;11;0;0;17;18;0;3;1;0;0;0;0;;;;;;;;;;;;;;;;;;;;
4;21;2026;121121;24090700;9;9120;20;0;1;10;9;0;0;0;3;20;20;0;0;0;0;20;12;0;9;0;0;18;19;2;3;2;0;0;0;0;;;;;;;;;;;;;;;;;;;;
3;21;2026;121121;29101728;9;9120;31;1;7;23;;;;;;;;;;;;;;;;;;;;;;;;;;;;;;;;;;;;;;;;;;;;;;
3;21;2026;121121;29101729;9;9120;30;1;6;23;;;;;;;;;;;;;;;;;;;;;;;;;;;;;;;;;;;;;;;;;;;;;;
3;21;2026;121121;29101742;9;9120;22;15;;;;;;;;;;;;;;;;;;;;;;;;;;;;;;;;;;;;;;;;;;;;;;;;
3;21;2026;121121;01030100;9;9120;45;;;40;5;1;;;2;44;19;;;;9;45;41;2;42;;;40;41;;0;2;0;0;0;0;;;;;;;;;;;;;;;;;;;;
3;21;2026;121121;01030300;9;9120;23;;1;11;11;;;;2;23;23;;;;;23;21;;19;;1;16;20;;0;1;0;0;0;0;;;;;;;;;;;;;;;;;;;;
3;21;2026;121121;24090700;9;9120;16;;;15;1;;;;1;16;16;;;;;16;13;3;15;;;13;13;1;0;1;0;0;0;0;;;;;;;;;;;;;;;;;;;;
2;21;2026;121121;29101728;9;9120;37;0;5;32;;;;;;;;;;;;;;;;;;;;;;;;;;;;;;;;;;;;;;;;;;;;;;
2;21;2026;121121;29101742;9;9120;15;19;;;;;;;;;;;;;;;;;;;;;;;;;;;;;;;;;;;;;;;;;;;;;;;;
2;21;2026;121121;01030100;9;9120;37;0;2;23;12;0;0;0;3;37;27;0;1;0;6;3;35;1;36;0;0;35;33;0;8;1;0;0;0;0;;;;;;;;;;;;;;;;;;;;
2;21;2026;121121;29101714;9;9120;1;0;0;1;0;0;0;0;0;1;1;0;0;0;0;0;0;0;0;0;0;1;1;0;0;0;0;0;0;0;;;;;;;;;;;;;;;;;;;;
2;21;2026;121121;01030300;9;9120;18;0;0;12;6;0;0;0;3;18;18;0;0;0;0;0;18;4;14;0;0;15;13;0;2;1;0;0;0;0;;;;;;;;;;;;;;;;;;;;
2;21;2026;121121;24090700;9;9120;19;0;1;10;8;0;0;1;1;19;19;0;0;0;0;0;14;0;14;0;1;15;14;0;1;2;0;0;0;0;;;;;;;;;;;;;;;;;;;;
1;21;2026;121121;29101728;9;9120;42;0;7;35;;;;;;;;;;;;;;;;;;;;;;;;;;;;;;;;;;;;;;;;;;;;;;
1;21;2026;121121;29101742;9;9120;12;12;;;;;;;;;;;;;;;;;;;;;;;;;;;;;;;;;;;;;;;;;;;;;;;;
1;21;2026;121121;01030100;9;9120;42;0;3;30;9;0;0;0;3;42;28;0;0;0;13;42;35;1;38;0;1;37;38;0;10;1;0;0;0;0;;;;;;;;;;;;;;;;;;;;
1;21;2026;121121;01030300;9;9120;12;0;0;6;6;0;0;0;1;12;12;0;0;0;0;12;11;2;7;0;1;8;8;1;2;0;0;0;0;0;;;;;;;;;;;;;;;;;;;;
1;21;2026;121121;24090700;9;9120;14;0;2;8;4;0;0;0;2;14;14;0;0;0;0;12;11;0;13;0;0;9;11;0;2;1;0;0;0;0;;;;;;;;;;;;;;;;;;;;
5;21;2026;121121;29101728;9;9120;41;0;8;33;;;;;;;;;;;;;;;;;;;;;;;;;;;;;;;;;;;;;;;;;;;;;;
5;21;2026;121121;29101742;9;9120;17;18;;;;;;;;;;;;;;;;;;;;;;;;;;;;;;;;;;;;;;;;;;;;;;;;
5;21;2026;121121;01030100;9;9120;42;0;2;35;5;0;0;0;4;42;25;0;0;0;12;42;32;0;37;0;5;40;37;0;10;2;0;0;0;0;;;;;;;;;;;;;;;;;;;;
5;21;2026;121121;01030300;9;9120;17;0;0;11;6;0;0;0;0;17;17;0;0;0;0;16;17;0;11;0;0;15;14;0;0;0;0;0;0;0;;;;;;;;;;;;;;;;;;;;
5;21;2026;121121;24090700;9;9120;18;0;0;14;4;0;0;0;2;18;18;0;0;0;0;17;14;1;10;0;1;13;16;0;4;3;0;0;0;0;;;;;;;;;;;;;;;;;;;;
1;4;2026;104103;29101728;3;3301;20;;9;11;;;;;;;;;;;;;;;;;;;;;;;;;;;;;;;;;;;;;;;;;;;;;;
5;4;2026;104100;29101715;3;3101;1;0;0;2;0;0;0;0;0;2;0;0;0;0;1;0;2;0;2;0;0;2;2;0;0;1;0;0;0;0;;;;;;;;;;;;;;;;;;;;
5;4;2026;104100;29101716;3;3101;1;0;0;1;0;0;0;0;1;1;0;0;0;0;0;0;1;1;0;1;0;1;1;0;1;0;0;0;0;0;;;;;;;;;;;;;;;;;;;;
5;4;2026;104100;29101717;3;3101;1;0;0;1;0;0;0;0;1;1;0;0;0;0;0;0;1;1;0;1;0;1;1;0;1;0;0;0;0;0;;;;;;;;;;;;;;;;;;;;
5;4;2026;104100;29101728;3;3101;62;0;9;53;;;;;;;;;;;;;;;;;;;;;;;;;;;;;;;;;;;;;;;;;;;;;;
5;4;2026;104100;29101729;3;3101;1;0;0;1;;;;;;;;;;;;;;;;;;;;;;;;;;;;;;;;;;;;;;;;;;;;;;
5;4;2026;104100;29101742;3;3101;18;23;;;;;;;;;;;;;;;;;;;;;;;;;;;;;;;;;;;;;;;;;;;;;;;;
5;4;2026;104100;01030100;3;3101;65;0;7;48;10;0;0;0;9;65;20;40;0;0;29;30;62;1;57;2;44;56;56;0;16;31;0;0;0;0;;;;;;;;;;;;;;;;;;;;
5;4;2026;104100;29101714;3;3101;3;0;1;2;0;0;0;0;0;3;3;0;0;0;0;0;2;0;1;0;2;1;1;0;0;0;0;0;0;0;;;;;;;;;;;;;;;;;;;;
5;4;2026;104100;01030300;3;3101;18;0;1;12;5;0;0;0;1;17;19;1;0;0;0;0;18;0;1;0;20;0;18;0;5;7;0;0;0;0;;;;;;;;;;;;;;;;;;;;
5;4;2026;104100;24090700;3;3101;25;0;1;21;3;0;0;2;0;22;22;6;0;2;0;5;23;0;1;1;18;1;19;0;5;10;0;0;0;0;;;;;;;;;;;;;;;;;;;;
5;4;2026;104103;01030300;3;3301;27;0;1;15;11;0;0;0;0;0;27;1;0;0;0;;;0;4;0;7;;;;4;1;0;0;0;0;;;;;;;;;;;;;;;;;;;;
5;4;2026;104103;24090700;3;3301;11;0;0;7;4;0;0;0;1;0;11;2;0;1;0;;;0;1;0;0;;;;2;2;0;0;0;0;;;;;;;;;;;;;;;;;;;;
3;4;2026;104103;29101728;3;3301;12;;1;11;;;;;;;;;;;;;;;;;;;;;;;;;;;;;;;;;;;;;;;;;;;;;;
3;4;2026;104103;29101742;3;3301;23;14;;;;;;;;;;;;;;;;;;;;;;;;;;;;;;;;;;;;;;;;;;;;;;;;
3;4;2026;104103;01030100;3;3301;12;0;2;8;2;0;0;0;0;8;7;;0;0;5;;;;9;;12;;10;;2;3;0;0;0;0;;;;;;;;;;;;;;;;;;;;
3;4;2026;104103;01030300;3;3301;22;0;0;17;5;0;0;0;0;0;22;;0;0;0;;;;1;1;21;;23;;1;1;0;0;0;0;;;;;;;;;;;;;;;;;;;;
3;4;2026;104103;24090700;3;3301;14;0;0;14;0;0;0;0;0;0;14;;0;0;0;;;;;;14;;13;;0;0;0;0;0;0;;;;;;;;;;;;;;;;;;;;
2;4;2026;104103;29101728;3;3301;8;1;1;6;;;;;;;;;;;;;;;;;;;;;;;;;;;;;;;;;;;;;;;;;;;;;;
2;4;2026;104103;29101742;3;3301;21;8;;;;;;;;;;;;;;;;;;;;;;;;;;;;;;;;;;;;;;;;;;;;;;;;
2;4;2026;104103;01030100;3;3301;8;;2;5;1;1;;;;5;5;5;;;2;;;;6;;;;;;0;0;0;0;0;0;;;;;;;;;;;;;;;;;;;;
2;4;2026;104103;01030300;3;3301;22;;;16;6;;;;;;;;;;;;;;3;;;;;;0;0;0;0;0;0;;;;;;;;;;;;;;;;;;;;
2;4;2026;104103;24090700;3;3301;8;;1;5;2;;;;1;;2;2;;;;;;;;;;;;;0;0;0;0;0;0;;;;;;;;;;;;;;;;;;;;
4;4;2026;104100;29101718;3;3101;1;0;0;0;1;0;0;0;0;1;0;0;0;0;0;0;1;0;1;0;1;1;1;0;0;0;0;0;0;0;;;;;;;;;;;;;;;;;;;;
4;4;2026;104100;29101728;3;3101;54;0;6;48;;;;;;;;;;;;;;;;;;;;;;;;;;;;;;;;;;;;;;;;;;;;;;
4;4;2026;104100;29101729;3;3101;7;0;1;6;;;;;;;;;;;;;;;;;;;;;;;;;;;;;;;;;;;;;;;;;;;;;;
4;4;2026;104100;29101742;3;3101;11;17;;;;;;;;;;;;;;;;;;;;;;;;;;;;;;;;;;;;;;;;;;;;;;;;
4;4;2026;104100;01030100;3;3101;59;0;3;49;7;0;0;0;4;57;20;43;0;0;15;49;56;2;53;2;48;53;59;0;20;22;0;0;0;0;;;;;;;;;;;;;;;;;;;;
4;4;2026;104100;29101714;3;3101;2;0;0;2;0;0;0;0;0;2;2;2;0;0;2;2;2;0;1;0;2;1;2;0;2;2;0;0;0;0;;;;;;;;;;;;;;;;;;;;
4;4;2026;104100;01030300;3;3101;22;0;0;15;7;0;0;0;0;18;21;0;0;0;0;1;21;0;2;0;19;1;18;0;11;9;0;0;0;0;;;;;;;;;;;;;;;;;;;;
4;4;2026;104100;24090700;3;3101;27;1;1;21;4;0;1;5;6;24;25;10;0;3;0;5;20;0;2;3;16;0;16;0;5;10;0;0;0;0;;;;;;;;;;;;;;;;;;;;
3;4;2026;104100;29101715;3;3101;1;0;0;1;0;0;0;0;0;1;0;0;0;0;0;0;1;0;1;0;0;0;0;0;0;0;0;0;0;0;;;;;;;;;;;;;;;;;;;;
3;4;2026;104100;29101728;3;3101;51;0;17;34;;;;;;;;;;;;;;;;;;;;;;;;;;;;;;;;;;;;;;;;;;;;;;
3;4;2026;104100;29101729;3;3101;3;0;1;2;;;;;;;;;;;;;;;;;;;;;;;;;;;;;;;;;;;;;;;;;;;;;;
3;4;2026;104100;29101742;3;3101;13;24;;;;;;;;;;;;;;;;;;;;;;;;;;;;;;;;;;;;;;;;;;;;;;;;
3;4;2026;104100;01030100;3;3101;59;1;1;48;9;0;1;2;6;54;23;45;0;0;29;39;49;1;49;0;48;49;49;0;9;24;0;0;0;0;;;;;;;;;;;;;;;;;;;;
3;4;2026;104100;29101714;3;3101;2;0;1;0;1;0;0;1;0;2;2;1;0;0;1;2;2;0;1;0;1;1;1;0;1;0;0;0;0;0;;;;;;;;;;;;;;;;;;;;
3;4;2026;104100;01030300;3;3101;17;0;0;12;5;0;0;0;0;10;18;1;0;0;0;1;13;0;4;2;13;0;14;0;6;5;0;0;0;0;;;;;;;;;;;;;;;;;;;;
3;4;2026;104100;24090700;3;3101;30;0;0;25;5;0;0;2;5;21;29;8;0;0;0;8;30;1;7;4;18;1;23;0;8;12;0;0;0;0;;;;;;;;;;;;;;;;;;;;
4;4;2026;104103;29101716;3;3301;;;;;;;;;;;;;;;;;;;1;;;;;;;;;;;;;;;;;;;;;;;;;;;;;;;
4;4;2026;104103;29101717;3;3301;1;0;0;1;0;0;0;0;0;0;0;0;0;0;1;0;;;;;;;;;0;0;0;0;0;0;;;;;;;;;;;;;;;;;;;;
4;4;2026;104103;29101728;3;3301;15;0;4;11;;;;;;;;;;;;;;;;;;;;;;;;;;;;;;;;;;;;;;;;;;;;;;
4;4;2026;104103;29101742;3;3301;19;13;;;;;;;;;;;;;;;;;;;;;;;;;;;;;;;;;;;;;;;;;;;;;;;;
4;4;2026;104103;01030100;3;3301;17;0;0;16;1;0;0;0;1;0;10;9;0;0;4;;;1;13;0;0;;;;0;2;0;0;0;0;;;;;;;;;;;;;;;;;;;;
4;4;2026;104103;01030300;3;3301;18;0;0;14;4;0;0;0;0;0;18;1;0;0;0;;;0;0;0;0;;;;0;2;0;0;0;0;;;;;;;;;;;;;;;;;;;;
4;4;2026;104103;24090700;3;3301;15;0;0;14;1;0;0;0;1;0;15;7;0;0;0;;;0;1;0;0;;;;0;0;0;0;0;0;;;;;;;;;;;;;;;;;;;;
2;4;2026;104100;29101715;3;3101;1;0;0;1;0;0;0;0;0;1;0;0;0;0;0;0;1;0;1;0;1;1;1;0;0;0;0;0;0;0;;;;;;;;;;;;;;;;;;;;
2;4;2026;104100;29101718;3;3101;1;0;0;0;1;0;0;0;0;1;0;0;0;0;0;0;1;0;1;0;0;1;1;0;0;1;0;0;0;0;;;;;;;;;;;;;;;;;;;;
2;4;2026;104100;29101728;3;3101;63;0;18;45;;;;;;;;;;;;;;;;;;;;;;;;;;;;;;;;;;;;;;;;;;;;;;
2;4;2026;104100;29101729;3;3101;1;0;0;1;;;;;;;;;;;;;;;;;;;;;;;;;;;;;;;;;;;;;;;;;;;;;;
2;4;2026;104100;29101742;3;3101;16;29;;;;;;;;;;;;;;;;;;;;;;;;;;;;;;;;;;;;;;;;;;;;;;;;
2;4;2026;104100;01030100;3;3101;64;0;2;53;9;0;0;0;5;62;28;42;0;0;20;35;56;3;45;3;55;55;62;0;30;18;0;0;0;0;;;;;;;;;;;;;;;;;;;;
2;4;2026;104100;29101714;3;3101;1;0;0;1;0;0;0;0;0;0;1;1;0;0;0;1;1;0;0;0;1;0;1;0;0;0;0;0;0;0;;;;;;;;;;;;;;;;;;;;
2;4;2026;104100;01030300;3;3101;16;0;0;9;7;0;0;0;1;13;16;0;0;0;0;0;15;0;2;0;13;2;15;0;7;6;0;0;0;0;;;;;;;;;;;;;;;;;;;;
2;4;2026;104100;24090700;3;3101;35;0;1;29;5;0;0;0;8;30;35;13;0;0;0;12;32;0;7;4;21;2;23;0;7;19;0;0;0;0;;;;;;;;;;;;;;;;;;;;
1;4;2026;104100;29101718;3;3101;1;0;0;0;1;0;0;0;0;1;0;0;0;0;1;0;0;0;1;0;1;0;1;0;0;1;0;0;0;0;;;;;;;;;;;;;;;;;;;;
1;4;2026;104100;29101728;3;3101;66;0;16;50;;;;;;;;;;;;;;;;;;;;;;;;;;;;;;;;;;;;;;;;;;;;;;
1;4;2026;104100;29101729;3;3101;2;0;0;2;;;;;;;;;;;;;;;;;;;;;;;;;;;;;;;;;;;;;;;;;;;;;;
1;4;2026;104100;29101742;3;3101;19;28;;;;;;;;;;;;;;;;;;;;;;;;;;;;;;;;;;;;;;;;;;;;;;;;
1;4;2026;104100;01030100;3;3101;72;0;9;55;9;0;0;2;8;70;35;37;0;0;21;39;39;4;55;4;54;54;63;0;16;31;0;0;0;0;;;;;;;;;;;;;;;;;;;;
1;4;2026;104100;29101714;3;3101;1;0;0;1;0;0;0;0;0;0;0;0;0;0;0;0;0;0;0;0;0;0;0;0;0;0;0;0;0;0;;;;;;;;;;;;;;;;;;;;
1;4;2026;104100;01030300;3;3101;19;0;0;13;6;0;0;0;0;19;19;1;0;0;0;0;0;0;2;2;17;1;16;0;5;6;0;0;0;0;;;;;;;;;;;;;;;;;;;;
1;4;2026;104100;24090700;3;3101;30;0;2;20;8;0;0;0;5;25;29;11;0;1;0;0;10;0;4;2;24;0;23;0;6;7;0;0;0;0;;;;;;;;;;;;;;;;;;;;
6;4;2026;104101;29101729;3;3201;1;;1;;;;;;;;;;;;;;;;;;;;;;;;;;;;;;;;;;;;;;;;;;;;;;;
6;4;2026;104101;01030100;3;3201;1;;;1;;;;;;1;;;;;;;;;;;;;1;;0;0;0;0;0;0;;;;;;;;;;;;;;;;;;;;
6;4;2026;104103;29101728;3;3301;14;1;;13;;;;;;;;;;;;;;;;;;;;;;;;;;;;;;;;;;;;;;;;;;;;;;
6;4;2026;104103;29101742;3;3301;20;5;;;;;;;;;;;;;;;;;;;;;;;;;;;;;;;;;;;;;;;;;;;;;;;;
6;4;2026;104103;01030100;3;3301;15;0;1;14;0;1;0;0;0;0;13;15;0;0;5;15;0;0;11;0;0;14;14;0;0;2;0;0;0;0;;;;;;;;;;;;;;;;;;;;
6;4;2026;104103;01030300;3;3301;20;0;1;15;4;0;0;0;0;0;20;1;0;0;0;0;0;0;1;0;3;0;18;0;2;0;0;0;0;0;;;;;;;;;;;;;;;;;;;;
6;4;2026;104103;24090700;3;3301;7;0;0;7;0;0;0;0;2;0;7;2;0;0;0;7;0;0;0;0;0;0;6;0;1;0;0;0;0;0;;;;;;;;;;;;;;;;;;;;
6;4;2026;104100;29101715;3;3101;4;1;0;3;0;0;0;0;0;3;0;0;0;0;1;0;3;0;3;0;0;2;3;0;1;0;0;0;0;0;;;;;;;;;;;;;;;;;;;;
6;4;2026;104100;29101716;3;3101;0;0;0;0;0;0;0;0;0;0;0;0;0;0;0;0;1;0;1;0;0;1;1;0;0;0;0;0;0;0;;;;;;;;;;;;;;;;;;;;
6;4;2026;104100;29101728;3;3101;56;0;16;40;;;;;;;;;;;;;;;;;;;;;;;;;;;;;;;;;;;;;;;;;;;;;;
6;4;2026;104100;29101729;3;3101;2;0;1;1;;;;;;;;;;;;;;;;;;;;;;;;;;;;;;;;;;;;;;;;;;;;;;
6;4;2026;104100;29101742;3;3101;24;19;;;;;;;;;;;;;;;;;;;;;;;;;;;;;;;;;;;;;;;;;;;;;;;;
6;4;2026;104100;01030100;3;3101;60;2;4;45;9;0;0;2;6;60;30;45;0;0;17;37;55;0;55;1;2;55;55;0;17;19;0;0;0;0;;;;;;;;;;;;;;;;;;;;
6;4;2026;104100;01030300;3;3101;20;0;3;15;2;0;0;0;0;16;18;2;0;0;0;2;16;0;1;0;16;2;19;0;4;6;0;0;0;0;;;;;;;;;;;;;;;;;;;;
6;4;2026;104100;24090700;3;3101;26;1;0;20;5;0;1;3;3;18;26;0;0;1;0;6;20;0;1;2;12;0;19;0;4;10;0;0;0;0;;;;;;;;;;;;;;;;;;;;
