Region;Servicio de salud;Comuna;Establecimiento;CodigoEstablecimiento;Mes;Numerador;Denominador;PorcentajeCumplimiento
Antofagasta;Servicio de Salud Antofagasta;Antofagasta;Hospital Dr. Leonardo Guzmán (Antofagasta);103100;1;117;206;56.8
Antofagasta;Servicio de Salud Antofagasta;Antofagasta;Hospital Dr. Leonardo Guzmán (Antofagasta);103100;2;91;175;52.0
Antofagasta;Servicio de Salud Antofagasta;Antofagasta;Hospital Dr. Leonardo Guzmán (Antofagasta);103100;3;109;211;51.66
Antofagasta;Servicio de Salud Antofagasta;Antofagasta;Hospital Dr. Leonardo Guzmán (Antofagasta);103100;4;108;198;54.55
Antofagasta;Servicio de Salud Antofagasta;Antofagasta;Hospital Dr. Leonardo Guzmán (Antofagasta);103100;5;134;235;57.02
Antofagasta;Servicio de Salud Antofagasta;Antofagasta;Hospital Dr. Leonardo Guzmán (Antofagasta);103100;6;104;209;49.76
Antofagasta;Servicio de Salud Antofagasta;Antofagasta;Hospital Dr. Leonardo Guzmán (Antofagasta);103100;7;95;197;48.22
Antofagasta;Servicio de Salud Antofagasta;Antofagasta;Hospital Dr. Leonardo Guzmán (Antofagasta);103100;8;102;196;52.04
Antofagasta;Servicio de Salud Antofagasta;Antofagasta;Hospital Dr. Leonardo Guzmán (Antofagasta);103100;9;13;212;6.13
Antofagasta;Servicio de Salud Antofagasta;Antofagasta;Hospital Dr. Leonardo Guzmán (Antofagasta);103100;10;114;211;54.03
Antofagasta;Servicio de Salud Antofagasta;Antofagasta;Hospital Dr. Leonardo Guzmán (Antofagasta);103100;11;103;214;48.13
Antofagasta;Servicio de Salud Antofagasta;Antofagasta;Hospital Dr. Leonardo Guzmán (Antofagasta);103100;12;86;186;46.24
Antofagasta;Servicio de Salud Antofagasta;Calama;Hospital Dr. Carlos Cisternas (Calama);103101;1;89;141;63.12
Antofagasta;Servicio de Salud Antofagasta;Calama;Hospital Dr. Carlos Cisternas (Calama);103101;2;98;140;70.0
Antofagasta;Servicio de Salud Antofagasta;Calama;Hospital Dr. Carlos Cisternas (Calama);103101;3;111;148;75.0
Antofagasta;Servicio de Salud Antofagasta;Calama;Hospital Dr. Carlos Cisternas (Calama);103101;4;97;150;64.67
Antofagasta;Servicio de Salud Antofagasta;Calama;Hospital Dr. Carlos Cisternas (Calama);103101;5;96;143;67.13
Antofagasta;Servicio de Salud Antofagasta;Calama;Hospital Dr. Carlos Cisternas (Calama);103101;6;88;120;73.33
Antofagasta;Servicio de Salud Antofagasta;Calama;Hospital Dr. Carlos Cisternas (Calama);103101;7;78;99;78.79
Antofagasta;Servicio de Salud Antofagasta;Calama;Hospital Dr. Carlos Cisternas (Calama);103101;8;101;149;67.79
Antofagasta;Servicio de Salud Antofagasta;Calama;Hospital Dr. Carlos Cisternas (Calama);103101;9;107;130;82.31
Antofagasta;Servicio de Salud Antofagasta;Calama;Hospital Dr. Carlos Cisternas (Calama);103101;10;111;138;80.43
Antofagasta;Servicio de Salud Antofagasta;Calama;Hospital Dr. Carlos Cisternas (Calama);103101;11;110;138;79.71
Antofagasta;Servicio de Salud Antofagasta;Calama;Hospital Dr. Carlos Cisternas (Calama);103101;12;206;156;132.05
Antofagasta;Servicio de Salud Antofagasta;Mejillones;Hospital de Mejillones;103104;4;0;2;0.0
Antofagasta;Servicio de Salud Antofagasta;Mejillones;Hospital de Mejillones;103104;5;0;2;0.0
Antofagasta;Servicio de Salud Antofagasta;Mejillones;Hospital de Mejillones;103104;6;0;1;0.0
Antofagasta;Servicio de Salud Antofagasta;Mejillones;Hospital de Mejillones;103104;7;0;2;0.0
Antofagasta;Servicio de Salud Antofagasta;Mejillones;Hospital de Mejillones;103104;8;2;1;200.0
Antofagasta;Servicio de Salud Antofagasta;Mejillones;Hospital de Mejillones;103104;9;0;1;0.0
Antofagasta;Servicio de Salud Antofagasta;Mejillones;Hospital de Mejillones;103104;10;0;2;0.0
Antofagasta;Servicio de Salud Antofagasta;San Pedro de Atacama;Centro de Salud Familiar San Pedro Atacama;103311;11;0;1;0.0
Antofagasta;Servicio de Salud Antofagasta;Taltal;Hospital 21 de Mayo (Taltal);103103;2;1;2;50.0
Antofagasta;Servicio de Salud Antofagasta;Taltal;Hospital 21 de Mayo (Taltal);103103;4;3;3;100.0
Antofagasta;Servicio de Salud Antofagasta;Taltal;Hospital 21 de Mayo (Taltal);103103;6;1;1;100.0
Antofagasta;Servicio de Salud Antofagasta;Taltal;Hospital 21 de Mayo (Taltal);103103;9;6;3;200.0
Antofagasta;Servicio de Salud Antofagasta;Taltal;Hospital 21 de Mayo (Taltal);103103;10;2;1;200.0
Antofagasta;Servicio de Salud Antofagasta;Tocopilla;Hospital Dr. Marcos Macuada (Tocopilla);103102;1;2;4;50.0
Antofagasta;Servicio de Salud Antofagasta;Tocopilla;Hospital Dr. Marcos Macuada (Tocopilla);103102;2;1;1;100.0
Antofagasta;Servicio de Salud Antofagasta;Tocopilla;Hospital Dr. Marcos Macuada (Tocopilla);103102;3;2;3;66.67
Antofagasta;Servicio de Salud Antofagasta;Tocopilla;Hospital Dr. Marcos Macuada (Tocopilla);103102;4;5;5;100.0
Antofagasta;Servicio de Salud Antofagasta;Tocopilla;Hospital Dr. Marcos Macuada (Tocopilla);103102;5;5;6;83.33
Antofagasta;Servicio de Salud Antofagasta;Tocopilla;Hospital Dr. Marcos Macuada (Tocopilla);103102;6;2;3;66.67
Antofagasta;Servicio de Salud Antofagasta;Tocopilla;Hospital Dr. Marcos Macuada (Tocopilla);103102;7;6;4;150.0
Antofagasta;Servicio de Salud Antofagasta;Tocopilla;Hospital Dr. Marcos Macuada (Tocopilla);103102;8;4;4;100.0
Antofagasta;Servicio de Salud Antofagasta;Tocopilla;Hospital Dr. Marcos Macuada (Tocopilla);103102;9;3;4;75.0
Antofagasta;Servicio de Salud Antofagasta;Tocopilla;Hospital Dr. Marcos Macuada (Tocopilla);103102;10;2;2;100.0
Antofagasta;Servicio de Salud Antofagasta;Tocopilla;Hospital Dr. Marcos Macuada (Tocopilla);103102;12;4;4;100.0
Arica Parinacota;Servicio de Salud Arica y Parinacota;Arica;Hospital Regional Dr. Juan Noé Crevani (Arica);101100;1;166;172;96.51
Arica Parinacota;Servicio de Salud Arica y Parinacota;Arica;Hospital Regional Dr. Juan Noé Crevani (Arica);101100;2;173;175;98.86
Arica Parinacota;Servicio de Salud Arica y Parinacota;Arica;Hospital Regional Dr. Juan Noé Crevani (Arica);101100;3;175;176;99.43
Arica Parinacota;Servicio de Salud Arica y Parinacota;Arica;Hospital Regional Dr. Juan Noé Crevani (Arica);101100;4;166;173;95.95
Arica Parinacota;Servicio de Salud Arica y Parinacota;Arica;Hospital Regional Dr. Juan Noé Crevani (Arica);101100;5;135;141;95.74
Arica Parinacota;Servicio de Salud Arica y Parinacota;Arica;Hospital Regional Dr. Juan Noé Crevani (Arica);101100;6;147;154;95.45
Arica Parinacota;Servicio de Salud Arica y Parinacota;Arica;Hospital Regional Dr. Juan Noé Crevani (Arica);101100;7;139;145;95.86
Arica Parinacota;Servicio de Salud Arica y Parinacota;Arica;Hospital Regional Dr. Juan Noé Crevani (Arica);101100;8;146;153;95.42
Arica Parinacota;Servicio de Salud Arica y Parinacota;Arica;Hospital Regional Dr. Juan Noé Crevani (Arica);101100;9;137;143;95.8
Arica Parinacota;Servicio de Salud Arica y Parinacota;Arica;Hospital Regional Dr. Juan Noé Crevani (Arica);101100;10;87;141;61.7
Arica Parinacota;Servicio de Salud Arica y Parinacota;Arica;Hospital Regional Dr. Juan Noé Crevani (Arica);101100;11;159;163;97.55
Arica Parinacota;Servicio de Salud Arica y Parinacota;Arica;Hospital Regional Dr. Juan Noé Crevani (Arica);101100;12;146;150;97.33
Atacama;Servicio de Salud Atacama;Chañaral;Hospital Dr. Jerónimo Méndez Arancibia (Chañaral);104101;4;2;1;200.0
Atacama;Servicio de Salud Atacama;Chañaral;Hospital Dr. Jerónimo Méndez Arancibia (Chañaral);104101;5;0;2;0.0
Atacama;Servicio de Salud Atacama;Chañaral;Hospital Dr. Jerónimo Méndez Arancibia (Chañaral);104101;11;0;1;0.0
Atacama;Servicio de Salud Atacama;Chañaral;Hospital Dr. Jerónimo Méndez Arancibia (Chañaral);104101;12;2;3;66.67
Atacama;Servicio de Salud Atacama;Copiapó;Hospital San José del Carmen (Copiapó);104100;1;107;115;93.04
Atacama;Servicio de Salud Atacama;Copiapó;Hospital San José del Carmen (Copiapó);104100;2;89;95;93.68
Atacama;Servicio de Salud Atacama;Copiapó;Hospital San José del Carmen (Copiapó);104100;3;103;118;87.29
Atacama;Servicio de Salud Atacama;Copiapó;Hospital San José del Carmen (Copiapó);104100;4;104;112;92.86
Atacama;Servicio de Salud Atacama;Copiapó;Hospital San José del Carmen (Copiapó);104100;5;112;122;91.8
Atacama;Servicio de Salud Atacama;Copiapó;Hospital San José del Carmen (Copiapó);104100;6;114;117;97.44
Atacama;Servicio de Salud Atacama;Copiapó;Hospital San José del Carmen (Copiapó);104100;7;87;93;93.55
Atacama;Servicio de Salud Atacama;Copiapó;Hospital San José del Carmen (Copiapó);104100;8;86;95;90.53
Atacama;Servicio de Salud Atacama;Copiapó;Hospital San José del Carmen (Copiapó);104100;9;84;96;87.5
Atacama;Servicio de Salud Atacama;Copiapó;Hospital San José del Carmen (Copiapó);104100;10;95;102;93.14
Atacama;Servicio de Salud Atacama;Copiapó;Hospital San José del Carmen (Copiapó);104100;11;94;102;92.16
Atacama;Servicio de Salud Atacama;Copiapó;Hospital San José del Carmen (Copiapó);104100;12;95;101;94.06
Atacama;Servicio de Salud Atacama;Diego de Almagro;Hospital Dr. Florencio Vargas (Diego de Almagro);104102;9;0;2;0.0
Atacama;Servicio de Salud Atacama;Vallenar;Hospital Provincial del Huasco Monseñor Fernando Ariztía Ruiz (Vallenar);104103;1;35;35;100.0
Atacama;Servicio de Salud Atacama;Vallenar;Hospital Provincial del Huasco Monseñor Fernando Ariztía Ruiz (Vallenar);104103;2;57;61;93.44
Atacama;Servicio de Salud Atacama;Vallenar;Hospital Provincial del Huasco Monseñor Fernando Ariztía Ruiz (Vallenar);104103;3;45;45;100.0
Atacama;Servicio de Salud Atacama;Vallenar;Hospital Provincial del Huasco Monseñor Fernando Ariztía Ruiz (Vallenar);104103;4;46;57;80.7
Atacama;Servicio de Salud Atacama;Vallenar;Hospital Provincial del Huasco Monseñor Fernando Ariztía Ruiz (Vallenar);104103;5;60;60;100.0
Atacama;Servicio de Salud Atacama;Vallenar;Hospital Provincial del Huasco Monseñor Fernando Ariztía Ruiz (Vallenar);104103;6;52;54;96.3
Atacama;Servicio de Salud Atacama;Vallenar;Hospital Provincial del Huasco Monseñor Fernando Ariztía Ruiz (Vallenar);104103;7;63;65;96.92
Atacama;Servicio de Salud Atacama;Vallenar;Hospital Provincial del Huasco Monseñor Fernando Ariztía Ruiz (Vallenar);104103;8;38;45;84.44
Atacama;Servicio de Salud Atacama;Vallenar;Hospital Provincial del Huasco Monseñor Fernando Ariztía Ruiz (Vallenar);104103;9;50;53;94.34
Atacama;Servicio de Salud Atacama;Vallenar;Hospital Provincial del Huasco Monseñor Fernando Ariztía Ruiz (Vallenar);104103;10;40;41;97.56
Atacama;Servicio de Salud Atacama;Vallenar;Hospital Provincial del Huasco Monseñor Fernando Ariztía Ruiz (Vallenar);104103;11;40;45;88.89
Atacama;Servicio de Salud Atacama;Vallenar;Hospital Provincial del Huasco Monseñor Fernando Ariztía Ruiz (Vallenar);104103;12;43;45;95.56
Aysén del General Carlos Ibañez del Campo;Servicio de Salud Aysén;Aisén;Hospital de Puerto Aysén;125101;2;1;1;100.0
Aysén del General Carlos Ibañez del Campo;Servicio de Salud Aysén;Aisén;Hospital de Puerto Aysén;125101;3;2;2;100.0
Aysén del General Carlos Ibañez del Campo;Servicio de Salud Aysén;Aisén;Hospital de Puerto Aysén;125101;5;2;1;200.0
Aysén del General Carlos Ibañez del Campo;Servicio de Salud Aysén;Aisén;Hospital de Puerto Aysén;125101;7;1;2;50.0
Aysén del General Carlos Ibañez del Campo;Servicio de Salud Aysén;Aisén;Hospital de Puerto Aysén;125101;9;1;1;100.0
Aysén del General Carlos Ibañez del Campo;Servicio de Salud Aysén;Aisén;Hospital de Puerto Aysén;125101;10;1;1;100.0
Aysén del General Carlos Ibañez del Campo;Servicio de Salud Aysén;Aisén;Hospital de Puerto Aysén;125101;11;1;3;33.33
Aysén del General Carlos Ibañez del Campo;Servicio de Salud Aysén;Aisén;Hospital de Puerto Aysén;125101;12;1;3;33.33
Aysén del General Carlos Ibañez del Campo;Servicio de Salud Aysén;Chile Chico;Hospital Dr. Leopoldo Ortega Rodríguez (Chile Chico);125102;8;0;1;0.0
Aysén del General Carlos Ibañez del Campo;Servicio de Salud Aysén;Coyhaique;Hospital Regional de Coyhaique;125100;1;34;64;53.12
Aysén del General Carlos Ibañez del Campo;Servicio de Salud Aysén;Coyhaique;Hospital Regional de Coyhaique;125100;2;47;48;97.92
Aysén del General Carlos Ibañez del Campo;Servicio de Salud Aysén;Coyhaique;Hospital Regional de Coyhaique;125100;3;93;66;140.91
Aysén del General Carlos Ibañez del Campo;Servicio de Salud Aysén;Coyhaique;Hospital Regional de Coyhaique;125100;4;15;48;31.25
Aysén del General Carlos Ibañez del Campo;Servicio de Salud Aysén;Coyhaique;Hospital Regional de Coyhaique;125100;5;41;61;67.21
Aysén del General Carlos Ibañez del Campo;Servicio de Salud Aysén;Coyhaique;Hospital Regional de Coyhaique;125100;6;38;43;88.37
Aysén del General Carlos Ibañez del Campo;Servicio de Salud Aysén;Coyhaique;Hospital Regional de Coyhaique;125100;7;52;54;96.3
Aysén del General Carlos Ibañez del Campo;Servicio de Salud Aysén;Coyhaique;Hospital Regional de Coyhaique;125100;8;49;51;96.08
Aysén del General Carlos Ibañez del Campo;Servicio de Salud Aysén;Coyhaique;Hospital Regional de Coyhaique;125100;9;97;70;138.57
Aysén del General Carlos Ibañez del Campo;Servicio de Salud Aysén;Coyhaique;Hospital Regional de Coyhaique;125100;10;55;62;88.71
Aysén del General Carlos Ibañez del Campo;Servicio de Salud Aysén;Coyhaique;Hospital Regional de Coyhaique;125100;11;51;55;92.73
Aysén del General Carlos Ibañez del Campo;Servicio de Salud Aysén;Coyhaique;Hospital Regional de Coyhaique;125100;12;24;63;38.1
Biobío;Servicio de Salud Arauco;Arauco;Hospital San Vicente de Arauco;128113;9;0;1;0.0
Biobío;Servicio de Salud Arauco;Cañete;Hospital Intercultural Kallvu Llanka (Cañete);128111;1;6;3;200.0
Biobío;Servicio de Salud Arauco;Cañete;Hospital Intercultural Kallvu Llanka (Cañete);128111;3;3;3;100.0
Biobío;Servicio de Salud Arauco;Cañete;Hospital Intercultural Kallvu Llanka (Cañete);128111;4;6;3;200.0
Biobío;Servicio de Salud Arauco;Cañete;Hospital Intercultural Kallvu Llanka (Cañete);128111;5;4;4;100.0
Biobío;Servicio de Salud Arauco;Cañete;Hospital Intercultural Kallvu Llanka (Cañete);128111;6;0;2;0.0
Biobío;Servicio de Salud Arauco;Cañete;Hospital Intercultural Kallvu Llanka (Cañete);128111;7;1;3;33.33
Biobío;Servicio de Salud Arauco;Cañete;Hospital Intercultural Kallvu Llanka (Cañete);128111;8;2;2;100.0
Biobío;Servicio de Salud Arauco;Cañete;Hospital Intercultural Kallvu Llanka (Cañete);128111;9;1;1;100.0
Biobío;Servicio de Salud Arauco;Cañete;Hospital Intercultural Kallvu Llanka (Cañete);128111;10;2;1;200.0
Biobío;Servicio de Salud Arauco;Cañete;Hospital Intercultural Kallvu Llanka (Cañete);128111;11;1;1;100.0
Biobío;Servicio de Salud Arauco;Cañete;Hospital Intercultural Kallvu Llanka (Cañete);128111;12;7;5;140.0
Biobío;Servicio de Salud Arauco;Curanilahue;Hospital Provincial Dr. Rafael Avaría (Curanilahue);128109;1;61;91;67.03
Biobío;Servicio de Salud Arauco;Curanilahue;Hospital Provincial Dr. Rafael Avaría (Curanilahue);128109;2;51;72;70.83
Biobío;Servicio de Salud Arauco;Curanilahue;Hospital Provincial Dr. Rafael Avaría (Curanilahue);128109;3;49;62;79.03
Biobío;Servicio de Salud Arauco;Curanilahue;Hospital Provincial Dr. Rafael Avaría (Curanilahue);128109;4;60;79;75.95
Biobío;Servicio de Salud Arauco;Curanilahue;Hospital Provincial Dr. Rafael Avaría (Curanilahue);128109;5;54;73;73.97
Biobío;Servicio de Salud Arauco;Curanilahue;Hospital Provincial Dr. Rafael Avaría (Curanilahue);128109;6;55;84;65.48
Biobío;Servicio de Salud Arauco;Curanilahue;Hospital Provincial Dr. Rafael Avaría (Curanilahue);128109;7;67;82;81.71
Biobío;Servicio de Salud Arauco;Curanilahue;Hospital Provincial Dr. Rafael Avaría (Curanilahue);128109;8;60;79;75.95
Biobío;Servicio de Salud Arauco;Curanilahue;Hospital Provincial Dr. Rafael Avaría (Curanilahue);128109;9;65;83;78.31
Biobío;Servicio de Salud Arauco;Curanilahue;Hospital Provincial Dr. Rafael Avaría (Curanilahue);128109;10;66;77;85.71
Biobío;Servicio de Salud Arauco;Curanilahue;Hospital Provincial Dr. Rafael Avaría (Curanilahue);128109;11;59;67;88.06
Biobío;Servicio de Salud Arauco;Curanilahue;Hospital Provincial Dr. Rafael Avaría (Curanilahue);128109;12;51;60;85.0
Biobío;Servicio de Salud Arauco;Lebu;Hospital de Lebu;128110;1;1;1;100.0
Biobío;Servicio de Salud Arauco;Lebu;Hospital de Lebu;128110;4;3;3;100.0
Biobío;Servicio de Salud Arauco;Lebu;Hospital de Lebu;128110;11;2;3;66.67
Biobío;Servicio de Salud Arauco;Lebu;Hospital de Lebu;128110;12;1;2;50.0
Biobío;Servicio de Salud Biobío;Laja;Hospital Comunitario de Laja;120105;7;2;1;200.0
Biobío;Servicio de Salud Biobío;Laja;Hospital Comunitario de Laja;120105;9;1;1;100.0
Biobío;Servicio de Salud Biobío;Laja;Hospital Comunitario de Laja;120105;11;1;2;50.0
Biobío;Servicio de Salud Biobío;Laja;Hospital Comunitario de Laja;120105;12;2;2;100.0
Biobío;Servicio de Salud Biobío;Los Ángeles;Complejo Asistencial Dr. Víctor Ríos Ruiz (Los Ángeles);120101;1;199;210;94.76
Biobío;Servicio de Salud Biobío;Los Ángeles;Complejo Asistencial Dr. Víctor Ríos Ruiz (Los Ángeles);120101;2;168;179;93.85
Biobío;Servicio de Salud Biobío;Los Ángeles;Complejo Asistencial Dr. Víctor Ríos Ruiz (Los Ángeles);120101;3;167;170;98.24
Biobío;Servicio de Salud Biobío;Los Ángeles;Complejo Asistencial Dr. Víctor Ríos Ruiz (Los Ángeles);120101;4;162;174;93.1
Biobío;Servicio de Salud Biobío;Los Ángeles;Complejo Asistencial Dr. Víctor Ríos Ruiz (Los Ángeles);120101;5;98;184;53.26
Biobío;Servicio de Salud Biobío;Los Ángeles;Complejo Asistencial Dr. Víctor Ríos Ruiz (Los Ángeles);120101;6;183;191;95.81
Biobío;Servicio de Salud Biobío;Los Ángeles;Complejo Asistencial Dr. Víctor Ríos Ruiz (Los Ángeles);120101;7;156;167;93.41
Biobío;Servicio de Salud Biobío;Los Ángeles;Complejo Asistencial Dr. Víctor Ríos Ruiz (Los Ángeles);120101;8;157;170;92.35
Biobío;Servicio de Salud Biobío;Los Ángeles;Complejo Asistencial Dr. Víctor Ríos Ruiz (Los Ángeles);120101;9;153;157;97.45
Biobío;Servicio de Salud Biobío;Los Ángeles;Complejo Asistencial Dr. Víctor Ríos Ruiz (Los Ángeles);120101;10;165;172;95.93
Biobío;Servicio de Salud Biobío;Los Ángeles;Complejo Asistencial Dr. Víctor Ríos Ruiz (Los Ángeles);120101;11;153;165;92.73
Biobío;Servicio de Salud Biobío;Los Ángeles;Complejo Asistencial Dr. Víctor Ríos Ruiz (Los Ángeles);120101;12;151;162;93.21
Biobío;Servicio de Salud Biobío;Mulchén;Hospital de Mulchén;120102;1;4;2;200.0
Biobío;Servicio de Salud Biobío;Mulchén;Hospital de Mulchén;120102;2;4;2;200.0
Biobío;Servicio de Salud Biobío;Mulchén;Hospital de Mulchén;120102;4;1;1;100.0
Biobío;Servicio de Salud Biobío;Mulchén;Hospital de Mulchén;120102;9;2;2;100.0
Biobío;Servicio de Salud Biobío;Mulchén;Hospital de Mulchén;120102;10;2;1;200.0
Biobío;Servicio de Salud Biobío;Mulchén;Hospital de Mulchén;120102;12;1;2;50.0
Biobío;Servicio de Salud Biobío;Nacimiento;Hospital Comunitario y Familiar de Nacimiento;120103;1;1;1;100.0
Biobío;Servicio de Salud Biobío;Nacimiento;Hospital Comunitario y Familiar de Nacimiento;120103;2;1;1;100.0
Biobío;Servicio de Salud Biobío;Nacimiento;Hospital Comunitario y Familiar de Nacimiento;120103;3;1;1;100.0
Biobío;Servicio de Salud Biobío;Nacimiento;Hospital Comunitario y Familiar de Nacimiento;120103;4;1;1;100.0
Biobío;Servicio de Salud Biobío;Nacimiento;Hospital Comunitario y Familiar de Nacimiento;120103;5;1;2;50.0
Biobío;Servicio de Salud Biobío;Nacimiento;Hospital Comunitario y Familiar de Nacimiento;120103;8;1;1;100.0
Biobío;Servicio de Salud Biobío;Nacimiento;Hospital Comunitario y Familiar de Nacimiento;120103;9;1;1;100.0
Biobío;Servicio de Salud Biobío;Santa Bárbara;Hospital Comunitario de Santa Bárbara;120106;1;0;1;0.0
Biobío;Servicio de Salud Biobío;Santa Bárbara;Hospital Comunitario de Santa Bárbara;120106;2;1;1;100.0
Biobío;Servicio de Salud Biobío;Tucapel;Hospital Comunitario Dr. Roberto Muñoz Urrutia de Huépil;120107;7;1;1;100.0
Biobío;Servicio de Salud Biobío;Tucapel;Hospital Comunitario Dr. Roberto Muñoz Urrutia de Huépil;120107;11;1;1;100.0
Biobío;Servicio de Salud Biobío;Yumbel;Hospital Comunitario de Yumbel;120104;3;1;1;100.0
Biobío;Servicio de Salud Biobío;Yumbel;Hospital Comunitario de Yumbel;120104;4;2;2;100.0
Biobío;Servicio de Salud Biobío;Yumbel;Hospital Comunitario de Yumbel;120104;7;0;1;0.0
Biobío;Servicio de Salud Biobío;Yumbel;Hospital Comunitario de Yumbel;120104;9;1;1;100.0
Biobío;Servicio de Salud Biobío;Yumbel;Hospital Comunitario de Yumbel;120104;10;1;1;100.0
Biobío;Servicio de Salud Biobío;Yumbel;Hospital Comunitario de Yumbel;120104;12;1;1;100.0
Biobío;Servicio de Salud Concepción;Concepción;Hospital Clínico Regional Dr. Guillermo Grant Benavente (Concepción);118100;1;156;169;92.31
Biobío;Servicio de Salud Concepción;Concepción;Hospital Clínico Regional Dr. Guillermo Grant Benavente (Concepción);118100;2;138;153;90.2
Biobío;Servicio de Salud Concepción;Concepción;Hospital Clínico Regional Dr. Guillermo Grant Benavente (Concepción);118100;3;148;161;91.93
Biobío;Servicio de Salud Concepción;Concepción;Hospital Clínico Regional Dr. Guillermo Grant Benavente (Concepción);118100;4;129;143;90.21
Biobío;Servicio de Salud Concepción;Concepción;Hospital Clínico Regional Dr. Guillermo Grant Benavente (Concepción);118100;5;146;171;85.38
Biobío;Servicio de Salud Concepción;Concepción;Hospital Clínico Regional Dr. Guillermo Grant Benavente (Concepción);118100;6;123;137;89.78
Biobío;Servicio de Salud Concepción;Concepción;Hospital Clínico Regional Dr. Guillermo Grant Benavente (Concepción);118100;7;150;157;95.54
Biobío;Servicio de Salud Concepción;Concepción;Hospital Clínico Regional Dr. Guillermo Grant Benavente (Concepción);118100;8;134;152;88.16
Biobío;Servicio de Salud Concepción;Concepción;Hospital Clínico Regional Dr. Guillermo Grant Benavente (Concepción);118100;9;132;140;94.29
Biobío;Servicio de Salud Concepción;Concepción;Hospital Clínico Regional Dr. Guillermo Grant Benavente (Concepción);118100;10;158;173;91.33
Biobío;Servicio de Salud Concepción;Concepción;Hospital Clínico Regional Dr. Guillermo Grant Benavente (Concepción);118100;11;148;171;86.55
Biobío;Servicio de Salud Concepción;Concepción;Hospital Clínico Regional Dr. Guillermo Grant Benavente (Concepción);118100;12;132;153;86.27
Biobío;Servicio de Salud Concepción;Coronel;Hospital San José (Coronel);118105;1;30;30;100.0
Biobío;Servicio de Salud Concepción;Coronel;Hospital San José (Coronel);118105;2;43;47;91.49
Biobío;Servicio de Salud Concepción;Coronel;Hospital San José (Coronel);118105;3;31;34;91.18
Biobío;Servicio de Salud Concepción;Coronel;Hospital San José (Coronel);118105;4;30;38;78.95
Biobío;Servicio de Salud Concepción;Coronel;Hospital San José (Coronel);118105;5;36;40;90.0
Biobío;Servicio de Salud Concepción;Coronel;Hospital San José (Coronel);118105;6;37;43;86.05
Biobío;Servicio de Salud Concepción;Coronel;Hospital San José (Coronel);118105;7;36;50;72.0
Biobío;Servicio de Salud Concepción;Coronel;Hospital San José (Coronel);118105;8;23;39;58.97
Biobío;Servicio de Salud Concepción;Coronel;Hospital San José (Coronel);118105;9;38;47;80.85
Biobío;Servicio de Salud Concepción;Coronel;Hospital San José (Coronel);118105;10;39;41;95.12
Biobío;Servicio de Salud Concepción;Coronel;Hospital San José (Coronel);118105;11;33;35;94.29
Biobío;Servicio de Salud Concepción;Coronel;Hospital San José (Coronel);118105;12;47;51;92.16
Biobío;Servicio de Salud Concepción;Lota;Hospital de Lota;118106;1;7;8;87.5
Biobío;Servicio de Salud Concepción;Lota;Hospital de Lota;118106;2;5;6;83.33
Biobío;Servicio de Salud Concepción;Lota;Hospital de Lota;118106;3;4;4;100.0
Biobío;Servicio de Salud Concepción;Lota;Hospital de Lota;118106;4;7;7;100.0
Biobío;Servicio de Salud Concepción;Lota;Hospital de Lota;118106;5;3;3;100.0
Biobío;Servicio de Salud Concepción;Lota;Hospital de Lota;118106;6;7;7;100.0
Biobío;Servicio de Salud Concepción;Lota;Hospital de Lota;118106;7;7;7;100.0
Biobío;Servicio de Salud Concepción;Lota;Hospital de Lota;118106;8;7;7;100.0
Biobío;Servicio de Salud Concepción;Lota;Hospital de Lota;118106;9;3;2;150.0
Biobío;Servicio de Salud Concepción;Lota;Hospital de Lota;118106;10;8;10;80.0
Biobío;Servicio de Salud Concepción;Lota;Hospital de Lota;118106;11;8;9;88.89
Biobío;Servicio de Salud Concepción;Lota;Hospital de Lota;118106;12;6;6;100.0
Biobío;Servicio de Salud Concepción;Santa Juana;Hospital Clorinda Avello (Santa Juana);118107;12;1;2;50.0
Biobío;Servicio de Salud Talcahuano;Penco;Hospital Penco Lirquén;119102;3;1;1;100.0
Biobío;Servicio de Salud Talcahuano;Penco;Hospital Penco Lirquén;119102;4;1;1;100.0
Biobío;Servicio de Salud Talcahuano;Penco;Hospital Penco Lirquén;119102;11;1;1;100.0
Biobío;Servicio de Salud Talcahuano;Penco;Hospital Penco Lirquén;119102;12;1;1;100.0
Biobío;Servicio de Salud Talcahuano;Talcahuano;Hospital Las Higueras (Talcahuano);119100;1;121;129;93.8
Biobío;Servicio de Salud Talcahuano;Talcahuano;Hospital Las Higueras (Talcahuano);119100;2;105;109;96.33
Biobío;Servicio de Salud Talcahuano;Talcahuano;Hospital Las Higueras (Talcahuano);119100;3;114;122;93.44
Biobío;Servicio de Salud Talcahuano;Talcahuano;Hospital Las Higueras (Talcahuano);119100;4;119;127;93.7
Biobío;Servicio de Salud Talcahuano;Talcahuano;Hospital Las Higueras (Talcahuano);119100;5;118;123;95.93
Biobío;Servicio de Salud Talcahuano;Talcahuano;Hospital Las Higueras (Talcahuano);119100;6;106;110;96.36
Biobío;Servicio de Salud Talcahuano;Talcahuano;Hospital Las Higueras (Talcahuano);119100;7;119;125;95.2
Biobío;Servicio de Salud Talcahuano;Talcahuano;Hospital Las Higueras (Talcahuano);119100;8;105;114;92.11
Biobío;Servicio de Salud Talcahuano;Talcahuano;Hospital Las Higueras (Talcahuano);119100;9;102;116;87.93
Biobío;Servicio de Salud Talcahuano;Talcahuano;Hospital Las Higueras (Talcahuano);119100;10;103;110;93.64
Biobío;Servicio de Salud Talcahuano;Talcahuano;Hospital Las Higueras (Talcahuano);119100;11;112;119;94.12
Biobío;Servicio de Salud Talcahuano;Talcahuano;Hospital Las Higueras (Talcahuano);119100;12;112;122;91.8
Biobío;Servicio de Salud Talcahuano;Tome;Hospital de Tomé;119101;1;3;3;100.0
Biobío;Servicio de Salud Talcahuano;Tome;Hospital de Tomé;119101;3;2;2;100.0
Biobío;Servicio de Salud Talcahuano;Tome;Hospital de Tomé;119101;4;2;2;100.0
Biobío;Servicio de Salud Talcahuano;Tome;Hospital de Tomé;119101;7;1;1;100.0
Biobío;Servicio de Salud Talcahuano;Tome;Hospital de Tomé;119101;8;1;1;100.0
Biobío;Servicio de Salud Talcahuano;Tome;Hospital de Tomé;119101;9;2;2;100.0
Biobío;Servicio de Salud Talcahuano;Tome;Hospital de Tomé;119101;10;1;1;100.0
Biobío;Servicio de Salud Talcahuano;Tome;Hospital de Tomé;119101;11;3;3;100.0
Coquimbo;Servicio de Salud Coquimbo;Coquimbo;Hospital San Pablo (Coquimbo);105101;1;73;167;43.71
Coquimbo;Servicio de Salud Coquimbo;Coquimbo;Hospital San Pablo (Coquimbo);105101;2;55;155;35.48
Coquimbo;Servicio de Salud Coquimbo;Coquimbo;Hospital San Pablo (Coquimbo);105101;3;163;165;98.79
Coquimbo;Servicio de Salud Coquimbo;Coquimbo;Hospital San Pablo (Coquimbo);105101;4;158;161;98.14
Coquimbo;Servicio de Salud Coquimbo;Coquimbo;Hospital San Pablo (Coquimbo);105101;5;172;173;99.42
Coquimbo;Servicio de Salud Coquimbo;Coquimbo;Hospital San Pablo (Coquimbo);105101;6;146;153;95.42
Coquimbo;Servicio de Salud Coquimbo;Coquimbo;Hospital San Pablo (Coquimbo);105101;7;181;188;96.28
Coquimbo;Servicio de Salud Coquimbo;Coquimbo;Hospital San Pablo (Coquimbo);105101;8;144;151;95.36
Coquimbo;Servicio de Salud Coquimbo;Coquimbo;Hospital San Pablo (Coquimbo);105101;9;183;176;103.98
Coquimbo;Servicio de Salud Coquimbo;Coquimbo;Hospital San Pablo (Coquimbo);105101;10;125;132;94.7
Coquimbo;Servicio de Salud Coquimbo;Coquimbo;Hospital San Pablo (Coquimbo);105101;11;129;138;93.48
Coquimbo;Servicio de Salud Coquimbo;Coquimbo;Hospital San Pablo (Coquimbo);105101;12;60;162;37.04
Coquimbo;Servicio de Salud Coquimbo;Illapel;Hospital Dr. Humberto Elorza Cortés (Illapel);105103;1;38;42;90.48
Coquimbo;Servicio de Salud Coquimbo;Illapel;Hospital Dr. Humberto Elorza Cortés (Illapel);105103;2;32;35;91.43
Coquimbo;Servicio de Salud Coquimbo;Illapel;Hospital Dr. Humberto Elorza Cortés (Illapel);105103;3;31;38;81.58
Coquimbo;Servicio de Salud Coquimbo;Illapel;Hospital Dr. Humberto Elorza Cortés (Illapel);105103;4;64;47;136.17
Coquimbo;Servicio de Salud Coquimbo;Illapel;Hospital Dr. Humberto Elorza Cortés (Illapel);105103;5;54;40;135.0
Coquimbo;Servicio de Salud Coquimbo;Illapel;Hospital Dr. Humberto Elorza Cortés (Illapel);105103;6;46;37;124.32
Coquimbo;Servicio de Salud Coquimbo;Illapel;Hospital Dr. Humberto Elorza Cortés (Illapel);105103;7;43;33;130.3
Coquimbo;Servicio de Salud Coquimbo;Illapel;Hospital Dr. Humberto Elorza Cortés (Illapel);105103;8;32;26;123.08
Coquimbo;Servicio de Salud Coquimbo;Illapel;Hospital Dr. Humberto Elorza Cortés (Illapel);105103;9;49;41;119.51
Coquimbo;Servicio de Salud Coquimbo;Illapel;Hospital Dr. Humberto Elorza Cortés (Illapel);105103;10;37;31;119.35
Coquimbo;Servicio de Salud Coquimbo;Illapel;Hospital Dr. Humberto Elorza Cortés (Illapel);105103;11;10;20;50.0
Coquimbo;Servicio de Salud Coquimbo;Illapel;Hospital Dr. Humberto Elorza Cortés (Illapel);105103;12;51;39;130.77
Coquimbo;Servicio de Salud Coquimbo;La Serena;Hospital San Juan de Dios (La Serena);105100;1;90;102;88.24
Coquimbo;Servicio de Salud Coquimbo;La Serena;Hospital San Juan de Dios (La Serena);105100;2;105;113;92.92
Coquimbo;Servicio de Salud Coquimbo;La Serena;Hospital San Juan de Dios (La Serena);105100;3;130;136;95.59
Coquimbo;Servicio de Salud Coquimbo;La Serena;Hospital San Juan de Dios (La Serena);105100;4;120;130;92.31
Coquimbo;Servicio de Salud Coquimbo;La Serena;Hospital San Juan de Dios (La Serena);105100;5;112;120;93.33
Coquimbo;Servicio de Salud Coquimbo;La Serena;Hospital San Juan de Dios (La Serena);105100;6;134;141;95.04
Coquimbo;Servicio de Salud Coquimbo;La Serena;Hospital San Juan de Dios (La Serena);105100;7;115;123;93.5
Coquimbo;Servicio de Salud Coquimbo;La Serena;Hospital San Juan de Dios (La Serena);105100;8;114;124;91.94
Coquimbo;Servicio de Salud Coquimbo;La Serena;Hospital San Juan de Dios (La Serena);105100;9;126;132;95.45
Coquimbo;Servicio de Salud Coquimbo;La Serena;Hospital San Juan de Dios (La Serena);105100;10;120;121;99.17
Coquimbo;Servicio de Salud Coquimbo;La Serena;Hospital San Juan de Dios (La Serena);105100;11;105;109;96.33
Coquimbo;Servicio de Salud Coquimbo;La Serena;Hospital San Juan de Dios (La Serena);105100;12;129;140;92.14
Coquimbo;Servicio de Salud Coquimbo;Los Vilos;Hospital San Pedro (Los Vilos);105108;1;5;5;100.0
Coquimbo;Servicio de Salud Coquimbo;Los Vilos;Hospital San Pedro (Los Vilos);105108;2;3;3;100.0
Coquimbo;Servicio de Salud Coquimbo;Los Vilos;Hospital San Pedro (Los Vilos);105108;3;7;8;87.5
Coquimbo;Servicio de Salud Coquimbo;Los Vilos;Hospital San Pedro (Los Vilos);105108;4;6;6;100.0
Coquimbo;Servicio de Salud Coquimbo;Los Vilos;Hospital San Pedro (Los Vilos);105108;5;1;2;50.0
Coquimbo;Servicio de Salud Coquimbo;Los Vilos;Hospital San Pedro (Los Vilos);105108;6;5;5;100.0
Coquimbo;Servicio de Salud Coquimbo;Los Vilos;Hospital San Pedro (Los Vilos);105108;7;4;4;100.0
Coquimbo;Servicio de Salud Coquimbo;Los Vilos;Hospital San Pedro (Los Vilos);105108;8;1;1;100.0
Coquimbo;Servicio de Salud Coquimbo;Los Vilos;Hospital San Pedro (Los Vilos);105108;9;5;5;100.0
Coquimbo;Servicio de Salud Coquimbo;Los Vilos;Hospital San Pedro (Los Vilos);105108;11;4;4;100.0
Coquimbo;Servicio de Salud Coquimbo;Los Vilos;Hospital San Pedro (Los Vilos);105108;12;2;2;100.0
Coquimbo;Servicio de Salud Coquimbo;Ovalle;Hospital Dr. Antonio Tirado Lanas de Ovalle;105102;1;94;99;94.95
Coquimbo;Servicio de Salud Coquimbo;Ovalle;Hospital Dr. Antonio Tirado Lanas de Ovalle;105102;2;94;96;97.92
Coquimbo;Servicio de Salud Coquimbo;Ovalle;Hospital Dr. Antonio Tirado Lanas de Ovalle;105102;3;120;125;96.0
Coquimbo;Servicio de Salud Coquimbo;Ovalle;Hospital Dr. Antonio Tirado Lanas de Ovalle;105102;4;105;111;94.59
Coquimbo;Servicio de Salud Coquimbo;Ovalle;Hospital Dr. Antonio Tirado Lanas de Ovalle;105102;5;50;123;40.65
Coquimbo;Servicio de Salud Coquimbo;Ovalle;Hospital Dr. Antonio Tirado Lanas de Ovalle;105102;6;108;113;95.58
Coquimbo;Servicio de Salud Coquimbo;Ovalle;Hospital Dr. Antonio Tirado Lanas de Ovalle;105102;7;96;98;97.96
Coquimbo;Servicio de Salud Coquimbo;Ovalle;Hospital Dr. Antonio Tirado Lanas de Ovalle;105102;8;96;103;93.2
Coquimbo;Servicio de Salud Coquimbo;Ovalle;Hospital Dr. Antonio Tirado Lanas de Ovalle;105102;9;48;101;47.52
Coquimbo;Servicio de Salud Coquimbo;Ovalle;Hospital Dr. Antonio Tirado Lanas de Ovalle;105102;10;106;113;93.81
Coquimbo;Servicio de Salud Coquimbo;Ovalle;Hospital Dr. Antonio Tirado Lanas de Ovalle;105102;11;127;101;125.74
Coquimbo;Servicio de Salud Coquimbo;Ovalle;Hospital Dr. Antonio Tirado Lanas de Ovalle;105102;12;78;84;92.86
Coquimbo;Servicio de Salud Coquimbo;Salamanca;Hospital de Salamanca;105104;1;2;2;100.0
Coquimbo;Servicio de Salud Coquimbo;Salamanca;Hospital de Salamanca;105104;3;4;4;100.0
Coquimbo;Servicio de Salud Coquimbo;Salamanca;Hospital de Salamanca;105104;4;2;2;100.0
Coquimbo;Servicio de Salud Coquimbo;Salamanca;Hospital de Salamanca;105104;6;10;5;200.0
Coquimbo;Servicio de Salud Coquimbo;Salamanca;Hospital de Salamanca;105104;7;2;2;100.0
Coquimbo;Servicio de Salud Coquimbo;Salamanca;Hospital de Salamanca;105104;8;2;1;200.0
Coquimbo;Servicio de Salud Coquimbo;Salamanca;Hospital de Salamanca;105104;9;1;1;100.0
Coquimbo;Servicio de Salud Coquimbo;Salamanca;Hospital de Salamanca;105104;10;1;1;100.0
Coquimbo;Servicio de Salud Coquimbo;Salamanca;Hospital de Salamanca;105104;12;1;1;100.0
Coquimbo;Servicio de Salud Coquimbo;Vicuña;Hospital San Juan de Dios (Vicuña);105107;1;3;3;100.0
Coquimbo;Servicio de Salud Coquimbo;Vicuña;Hospital San Juan de Dios (Vicuña);105107;3;2;2;100.0
Coquimbo;Servicio de Salud Coquimbo;Vicuña;Hospital San Juan de Dios (Vicuña);105107;4;2;2;100.0
Coquimbo;Servicio de Salud Coquimbo;Vicuña;Hospital San Juan de Dios (Vicuña);105107;5;2;2;100.0
Coquimbo;Servicio de Salud Coquimbo;Vicuña;Hospital San Juan de Dios (Vicuña);105107;6;1;1;100.0
Coquimbo;Servicio de Salud Coquimbo;Vicuña;Hospital San Juan de Dios (Vicuña);105107;9;4;4;100.0
Coquimbo;Servicio de Salud Coquimbo;Vicuña;Hospital San Juan de Dios (Vicuña);105107;10;2;2;100.0
Coquimbo;Servicio de Salud Coquimbo;Vicuña;Hospital San Juan de Dios (Vicuña);105107;11;2;1;200.0
Coquimbo;Servicio de Salud Coquimbo;Vicuña;Hospital San Juan de Dios (Vicuña);105107;12;1;1;100.0
La Araucanía;Servicio de Salud Araucanía Norte;Angol;Hospital Dr. Mauricio Heyermann (Angol);129100;1;71;0;
La Araucanía;Servicio de Salud Araucanía Norte;Angol;Hospital Dr. Mauricio Heyermann (Angol);129100;2;36;57;63.16
La Araucanía;Servicio de Salud Araucanía Norte;Angol;Hospital Dr. Mauricio Heyermann (Angol);129100;3;18;0;
La Araucanía;Servicio de Salud Araucanía Norte;Angol;Hospital Dr. Mauricio Heyermann (Angol);129100;10;0;67;0.0
La Araucanía;Servicio de Salud Araucanía Norte;Angol;Hospital Dr. Mauricio Heyermann (Angol);129100;11;57;60;95.0
La Araucanía;Servicio de Salud Araucanía Norte;Angol;Hospital Dr. Mauricio Heyermann (Angol);129100;12;34;64;53.12
La Araucanía;Servicio de Salud Araucanía Norte;Collipulli;Hospital de Collipulli;129103;5;0;1;0.0
La Araucanía;Servicio de Salud Araucanía Sur;Temuco;Hospital Dr. Hernán Henríquez Aravena (Temuco);121109;1;157;328;47.87
La Araucanía;Servicio de Salud Araucanía Sur;Temuco;Hospital Dr. Hernán Henríquez Aravena (Temuco);121109;2;102;271;37.64
La Araucanía;Servicio de Salud Araucanía Sur;Temuco;Hospital Dr. Hernán Henríquez Aravena (Temuco);121109;3;294;315;93.33
La Araucanía;Servicio de Salud Araucanía Sur;Temuco;Hospital Dr. Hernán Henríquez Aravena (Temuco);121109;4;309;333;92.79
La Araucanía;Servicio de Salud Araucanía Sur;Temuco;Hospital Dr. Hernán Henríquez Aravena (Temuco);121109;5;295;308;95.78
La Araucanía;Servicio de Salud Araucanía Sur;Temuco;Hospital Dr. Hernán Henríquez Aravena (Temuco);121109;6;260;273;95.24
La Araucanía;Servicio de Salud Araucanía Sur;Temuco;Hospital Dr. Hernán Henríquez Aravena (Temuco);121109;7;273;287;95.12
La Araucanía;Servicio de Salud Araucanía Sur;Temuco;Hospital Dr. Hernán Henríquez Aravena (Temuco);121109;8;266;287;92.68
La Araucanía;Servicio de Salud Araucanía Sur;Temuco;Hospital Dr. Hernán Henríquez Aravena (Temuco);121109;9;302;314;96.18
La Araucanía;Servicio de Salud Araucanía Sur;Temuco;Hospital Dr. Hernán Henríquez Aravena (Temuco);121109;10;295;318;92.77
La Araucanía;Servicio de Salud Araucanía Sur;Temuco;Hospital Dr. Hernán Henríquez Aravena (Temuco);121109;11;271;291;93.13
La Araucanía;Servicio de Salud Araucanía Sur;Temuco;Hospital Dr. Hernán Henríquez Aravena (Temuco);121109;12;286;299;95.65
Libertador Gral. B. O'Higgins;Servicio de Salud Del Libertador B.O'Higgins;Graneros;Hospital Santa Filomena de Graneros;115101;4;0;1;0.0
Libertador Gral. B. O'Higgins;Servicio de Salud Del Libertador B.O'Higgins;Graneros;Hospital Santa Filomena de Graneros;115101;5;0;1;0.0
Libertador Gral. B. O'Higgins;Servicio de Salud Del Libertador B.O'Higgins;Litueche;Hospital de Litueche;115114;2;1;1;100.0
Libertador Gral. B. O'Higgins;Servicio de Salud Del Libertador B.O'Higgins;Lolol;Hospital de Lolol;115113;11;1;1;100.0
Libertador Gral. B. O'Higgins;Servicio de Salud Del Libertador B.O'Higgins;Lolol;Hospital de Lolol;115113;12;1;1;100.0
Libertador Gral. B. O'Higgins;Servicio de Salud Del Libertador B.O'Higgins;Nancagua;Hospital de Nancagua;115109;11;0;1;0.0
Libertador Gral. B. O'Higgins;Servicio de Salud Del Libertador B.O'Higgins;Nancagua;Hospital de Nancagua;115109;12;0;2;0.0
Libertador Gral. B. O'Higgins;Servicio de Salud Del Libertador B.O'Higgins;Peumo;Hospital Del Salvador de Peumo;115103;2;4;5;80.0
Libertador Gral. B. O'Higgins;Servicio de Salud Del Libertador B.O'Higgins;Peumo;Hospital Del Salvador de Peumo;115103;4;0;1;0.0
Libertador Gral. B. O'Higgins;Servicio de Salud Del Libertador B.O'Higgins;Peumo;Hospital Del Salvador de Peumo;115103;6;1;1;100.0
Libertador Gral. B. O'Higgins;Servicio de Salud Del Libertador B.O'Higgins;Peumo;Hospital Del Salvador de Peumo;115103;8;1;1;100.0
Libertador Gral. B. O'Higgins;Servicio de Salud Del Libertador B.O'Higgins;Peumo;Hospital Del Salvador de Peumo;115103;9;1;1;100.0
Libertador Gral. B. O'Higgins;Servicio de Salud Del Libertador B.O'Higgins;Peumo;Hospital Del Salvador de Peumo;115103;10;1;1;100.0
Libertador Gral. B. O'Higgins;Servicio de Salud Del Libertador B.O'Higgins;Peumo;Hospital Del Salvador de Peumo;115103;11;1;1;100.0
Libertador Gral. B. O'Higgins;Servicio de Salud Del Libertador B.O'Higgins;Pichidegua;Hospital de Pichidegua;115106;4;2;3;66.67
Libertador Gral. B. O'Higgins;Servicio de Salud Del Libertador B.O'Higgins;Pichilemu;Hospital de Pichilemu;115112;10;0;1;0.0
Libertador Gral. B. O'Higgins;Servicio de Salud Del Libertador B.O'Higgins;Pichilemu;Hospital de Pichilemu;115112;11;0;1;0.0
Libertador Gral. B. O'Higgins;Servicio de Salud Del Libertador B.O'Higgins;Rancagua;Hospital Dr. Franco Ravera Zunino;115100;1;179;156;114.74
Libertador Gral. B. O'Higgins;Servicio de Salud Del Libertador B.O'Higgins;Rancagua;Hospital Dr. Franco Ravera Zunino;115100;2;134;157;85.35
Libertador Gral. B. O'Higgins;Servicio de Salud Del Libertador B.O'Higgins;Rancagua;Hospital Dr. Franco Ravera Zunino;115100;3;149;167;89.22
Libertador Gral. B. O'Higgins;Servicio de Salud Del Libertador B.O'Higgins;Rancagua;Hospital Dr. Franco Ravera Zunino;115100;4;147;184;79.89
Libertador Gral. B. O'Higgins;Servicio de Salud Del Libertador B.O'Higgins;Rancagua;Hospital Dr. Franco Ravera Zunino;115100;5;126;157;80.25
Libertador Gral. B. O'Higgins;Servicio de Salud Del Libertador B.O'Higgins;Rancagua;Hospital Dr. Franco Ravera Zunino;115100;6;169;186;90.86
Libertador Gral. B. O'Higgins;Servicio de Salud Del Libertador B.O'Higgins;Rancagua;Hospital Dr. Franco Ravera Zunino;115100;7;157;183;85.79
Libertador Gral. B. O'Higgins;Servicio de Salud Del Libertador B.O'Higgins;Rancagua;Hospital Dr. Franco Ravera Zunino;115100;8;160;185;86.49
Libertador Gral. B. O'Higgins;Servicio de Salud Del Libertador B.O'Higgins;Rancagua;Hospital Dr. Franco Ravera Zunino;115100;9;182;213;85.45
Libertador Gral. B. O'Higgins;Servicio de Salud Del Libertador B.O'Higgins;Rancagua;Hospital Dr. Franco Ravera Zunino;115100;10;134;170;78.82
Libertador Gral. B. O'Higgins;Servicio de Salud Del Libertador B.O'Higgins;Rancagua;Hospital Dr. Franco Ravera Zunino;115100;11;143;168;85.12
Libertador Gral. B. O'Higgins;Servicio de Salud Del Libertador B.O'Higgins;Rancagua;Hospital Dr. Franco Ravera Zunino;115100;12;169;199;84.92
Libertador Gral. B. O'Higgins;Servicio de Salud Del Libertador B.O'Higgins;Rengo;Hospital Dr. Ricardo Valenzuela Sáez (Rengo);115104;1;70;92;76.09
Libertador Gral. B. O'Higgins;Servicio de Salud Del Libertador B.O'Higgins;Rengo;Hospital Dr. Ricardo Valenzuela Sáez (Rengo);115104;2;36;76;47.37
Libertador Gral. B. O'Higgins;Servicio de Salud Del Libertador B.O'Higgins;Rengo;Hospital Dr. Ricardo Valenzuela Sáez (Rengo);115104;3;97;97;100.0
Libertador Gral. B. O'Higgins;Servicio de Salud Del Libertador B.O'Higgins;Rengo;Hospital Dr. Ricardo Valenzuela Sáez (Rengo);115104;4;59;68;86.76
Libertador Gral. B. O'Higgins;Servicio de Salud Del Libertador B.O'Higgins;Rengo;Hospital Dr. Ricardo Valenzuela Sáez (Rengo);115104;5;77;93;82.8
Libertador Gral. B. O'Higgins;Servicio de Salud Del Libertador B.O'Higgins;Rengo;Hospital Dr. Ricardo Valenzuela Sáez (Rengo);115104;6;53;55;96.36
Libertador Gral. B. O'Higgins;Servicio de Salud Del Libertador B.O'Higgins;Rengo;Hospital Dr. Ricardo Valenzuela Sáez (Rengo);115104;7;73;79;92.41
Libertador Gral. B. O'Higgins;Servicio de Salud Del Libertador B.O'Higgins;Rengo;Hospital Dr. Ricardo Valenzuela Sáez (Rengo);115104;8;70;71;98.59
Libertador Gral. B. O'Higgins;Servicio de Salud Del Libertador B.O'Higgins;Rengo;Hospital Dr. Ricardo Valenzuela Sáez (Rengo);115104;9;87;96;90.62
Libertador Gral. B. O'Higgins;Servicio de Salud Del Libertador B.O'Higgins;Rengo;Hospital Dr. Ricardo Valenzuela Sáez (Rengo);115104;10;72;79;91.14
Libertador Gral. B. O'Higgins;Servicio de Salud Del Libertador B.O'Higgins;Rengo;Hospital Dr. Ricardo Valenzuela Sáez (Rengo);115104;11;60;68;88.24
Libertador Gral. B. O'Higgins;Servicio de Salud Del Libertador B.O'Higgins;Rengo;Hospital Dr. Ricardo Valenzuela Sáez (Rengo);115104;12;81;83;97.59
Libertador Gral. B. O'Higgins;Servicio de Salud Del Libertador B.O'Higgins;San Fernando;Centro Comunitario de Salud Familiar Angostura;200491;3;1;1;100.0
Libertador Gral. B. O'Higgins;Servicio de Salud Del Libertador B.O'Higgins;San Fernando;Hospital San Juan de Dios de San Fernando;115107;1;68;69;98.55
Libertador Gral. B. O'Higgins;Servicio de Salud Del Libertador B.O'Higgins;San Fernando;Hospital San Juan de Dios de San Fernando;115107;2;48;52;92.31
Libertador Gral. B. O'Higgins;Servicio de Salud Del Libertador B.O'Higgins;San Fernando;Hospital San Juan de Dios de San Fernando;115107;3;59;64;92.19
Libertador Gral. B. O'Higgins;Servicio de Salud Del Libertador B.O'Higgins;San Fernando;Hospital San Juan de Dios de San Fernando;115107;4;71;75;94.67
Libertador Gral. B. O'Higgins;Servicio de Salud Del Libertador B.O'Higgins;San Fernando;Hospital San Juan de Dios de San Fernando;115107;5;68;75;90.67
Libertador Gral. B. O'Higgins;Servicio de Salud Del Libertador B.O'Higgins;San Fernando;Hospital San Juan de Dios de San Fernando;115107;6;56;61;91.8
Libertador Gral. B. O'Higgins;Servicio de Salud Del Libertador B.O'Higgins;San Fernando;Hospital San Juan de Dios de San Fernando;115107;7;50;52;96.15
Libertador Gral. B. O'Higgins;Servicio de Salud Del Libertador B.O'Higgins;San Fernando;Hospital San Juan de Dios de San Fernando;115107;8;52;58;89.66
Libertador Gral. B. O'Higgins;Servicio de Salud Del Libertador B.O'Higgins;San Fernando;Hospital San Juan de Dios de San Fernando;115107;9;66;66;100.0
Libertador Gral. B. O'Higgins;Servicio de Salud Del Libertador B.O'Higgins;San Fernando;Hospital San Juan de Dios de San Fernando;115107;10;54;58;93.1
Libertador Gral. B. O'Higgins;Servicio de Salud Del Libertador B.O'Higgins;San Fernando;Hospital San Juan de Dios de San Fernando;115107;11;72;75;96.0
Libertador Gral. B. O'Higgins;Servicio de Salud Del Libertador B.O'Higgins;San Fernando;Hospital San Juan de Dios de San Fernando;115107;12;78;85;91.76
Libertador Gral. B. O'Higgins;Servicio de Salud Del Libertador B.O'Higgins;San Vicente;Hospital San Vicente de Tagua -Tagua;115105;1;2;2;100.0
Libertador Gral. B. O'Higgins;Servicio de Salud Del Libertador B.O'Higgins;San Vicente;Hospital San Vicente de Tagua -Tagua;115105;3;5;5;100.0
Libertador Gral. B. O'Higgins;Servicio de Salud Del Libertador B.O'Higgins;San Vicente;Hospital San Vicente de Tagua -Tagua;115105;4;4;6;66.67
Libertador Gral. B. O'Higgins;Servicio de Salud Del Libertador B.O'Higgins;San Vicente;Hospital San Vicente de Tagua -Tagua;115105;5;5;6;83.33
Libertador Gral. B. O'Higgins;Servicio de Salud Del Libertador B.O'Higgins;San Vicente;Hospital San Vicente de Tagua -Tagua;115105;6;5;5;100.0
Libertador Gral. B. O'Higgins;Servicio de Salud Del Libertador B.O'Higgins;San Vicente;Hospital San Vicente de Tagua -Tagua;115105;7;6;6;100.0
Libertador Gral. B. O'Higgins;Servicio de Salud Del Libertador B.O'Higgins;San Vicente;Hospital San Vicente de Tagua -Tagua;115105;8;6;4;150.0
Libertador Gral. B. O'Higgins;Servicio de Salud Del Libertador B.O'Higgins;San Vicente;Hospital San Vicente de Tagua -Tagua;115105;9;4;4;100.0
Libertador Gral. B. O'Higgins;Servicio de Salud Del Libertador B.O'Higgins;San Vicente;Hospital San Vicente de Tagua -Tagua;115105;10;2;2;100.0
Libertador Gral. B. O'Higgins;Servicio de Salud Del Libertador B.O'Higgins;San Vicente;Hospital San Vicente de Tagua -Tagua;115105;11;1;1;100.0
Libertador Gral. B. O'Higgins;Servicio de Salud Del Libertador B.O'Higgins;San Vicente;Hospital San Vicente de Tagua -Tagua;115105;12;1;1;100.0
Libertador Gral. B. O'Higgins;Servicio de Salud Del Libertador B.O'Higgins;Santa Cruz;Hospital de Santa Cruz;115110;1;62;67;92.54
Libertador Gral. B. O'Higgins;Servicio de Salud Del Libertador B.O'Higgins;Santa Cruz;Hospital de Santa Cruz;115110;2;66;67;98.51
Libertador Gral. B. O'Higgins;Servicio de Salud Del Libertador B.O'Higgins;Santa Cruz;Hospital de Santa Cruz;115110;3;47;51;92.16
Libertador Gral. B. O'Higgins;Servicio de Salud Del Libertador B.O'Higgins;Santa Cruz;Hospital de Santa Cruz;115110;4;62;74;83.78
Libertador Gral. B. O'Higgins;Servicio de Salud Del Libertador B.O'Higgins;Santa Cruz;Hospital de Santa Cruz;115110;5;63;65;96.92
Libertador Gral. B. O'Higgins;Servicio de Salud Del Libertador B.O'Higgins;Santa Cruz;Hospital de Santa Cruz;115110;6;54;61;88.52
Libertador Gral. B. O'Higgins;Servicio de Salud Del Libertador B.O'Higgins;Santa Cruz;Hospital de Santa Cruz;115110;7;56;59;94.92
Libertador Gral. B. O'Higgins;Servicio de Salud Del Libertador B.O'Higgins;Santa Cruz;Hospital de Santa Cruz;115110;8;45;45;100.0
Libertador Gral. B. O'Higgins;Servicio de Salud Del Libertador B.O'Higgins;Santa Cruz;Hospital de Santa Cruz;115110;9;61;63;96.83
Libertador Gral. B. O'Higgins;Servicio de Salud Del Libertador B.O'Higgins;Santa Cruz;Hospital de Santa Cruz;115110;10;54;59;91.53
Libertador Gral. B. O'Higgins;Servicio de Salud Del Libertador B.O'Higgins;Santa Cruz;Hospital de Santa Cruz;115110;11;54;55;98.18
Libertador Gral. B. O'Higgins;Servicio de Salud Del Libertador B.O'Higgins;Santa Cruz;Hospital de Santa Cruz;115110;12;56;59;94.92
Los Lagos;Servicio de Salud Chiloé;Castro;Hospital de Castro;133150;1;62;63;98.41
Los Lagos;Servicio de Salud Chiloé;Castro;Hospital de Castro;133150;2;60;49;122.45
Los Lagos;Servicio de Salud Chiloé;Castro;Hospital de Castro;133150;3;51;53;96.23
Los Lagos;Servicio de Salud Chiloé;Castro;Hospital de Castro;133150;4;29;1;2900.0
Los Lagos;Servicio de Salud Chiloé;Castro;Hospital de Castro;133150;5;67;70;95.71
Los Lagos;Servicio de Salud Chiloé;Castro;Hospital de Castro;133150;6;52;53;98.11
Los Lagos;Servicio de Salud Chiloé;Castro;Hospital de Castro;133150;7;35;68;51.47
Los Lagos;Servicio de Salud Chiloé;Castro;Hospital de Castro;133150;8;66;66;100.0
Los Lagos;Servicio de Salud Chiloé;Castro;Hospital de Castro;133150;9;59;59;100.0
Los Lagos;Servicio de Salud Chiloé;Castro;Hospital de Castro;133150;10;29;67;43.28
Los Lagos;Servicio de Salud Chiloé;Castro;Hospital de Castro;133150;11;62;67;92.54
Los Lagos;Servicio de Salud Chiloé;Castro;Hospital de Castro;133150;12;61;63;96.83
Los Lagos;Servicio de Salud Del Reloncaví;Calbuco;Hospital de Calbuco;124130;1;0;1;0.0
Los Lagos;Servicio de Salud Del Reloncaví;Calbuco;Hospital de Calbuco;124130;4;0;1;0.0
Los Lagos;Servicio de Salud Del Reloncaví;Calbuco;Hospital de Calbuco;124130;5;1;1;100.0
Los Lagos;Servicio de Salud Del Reloncaví;Calbuco;Hospital de Calbuco;124130;6;0;1;0.0
Los Lagos;Servicio de Salud Del Reloncaví;Calbuco;Hospital de Calbuco;124130;8;0;1;0.0
Los Lagos;Servicio de Salud Del Reloncaví;Calbuco;Hospital de Calbuco;124130;9;1;1;100.0
Los Lagos;Servicio de Salud Del Reloncaví;Frutillar;Hospital de Frutillar;124115;4;0;1;0.0
Los Lagos;Servicio de Salud Del Reloncaví;Frutillar;Hospital de Frutillar;124115;12;1;0;
Los Lagos;Servicio de Salud Del Reloncaví;Futaleufú;Hospital de Futaleufú;124145;6;1;1;100.0
Los Lagos;Servicio de Salud Del Reloncaví;Futaleufú;Hospital de Futaleufú;124145;8;1;1;100.0
Los Lagos;Servicio de Salud Del Reloncaví;Futaleufú;Hospital de Futaleufú;124145;12;1;1;100.0
Los Lagos;Servicio de Salud Del Reloncaví;Maullín;Hospital de Maullín;124125;12;1;0;
Los Lagos;Servicio de Salud Del Reloncaví;Puerto Montt;Hospital de Puerto Montt;124105;1;229;240;95.42
Los Lagos;Servicio de Salud Del Reloncaví;Puerto Montt;Hospital de Puerto Montt;124105;2;229;214;107.01
Los Lagos;Servicio de Salud Del Reloncaví;Puerto Montt;Hospital de Puerto Montt;124105;3;211;222;95.05
Los Lagos;Servicio de Salud Del Reloncaví;Puerto Montt;Hospital de Puerto Montt;124105;4;236;245;96.33
Los Lagos;Servicio de Salud Del Reloncaví;Puerto Montt;Hospital de Puerto Montt;124105;5;235;237;99.16
Los Lagos;Servicio de Salud Del Reloncaví;Puerto Montt;Hospital de Puerto Montt;124105;6;226;234;96.58
Los Lagos;Servicio de Salud Del Reloncaví;Puerto Montt;Hospital de Puerto Montt;124105;7;223;228;97.81
Los Lagos;Servicio de Salud Del Reloncaví;Puerto Montt;Hospital de Puerto Montt;124105;8;202;210;96.19
Los Lagos;Servicio de Salud Del Reloncaví;Puerto Montt;Hospital de Puerto Montt;124105;9;221;224;98.66
Los Lagos;Servicio de Salud Del Reloncaví;Puerto Montt;Hospital de Puerto Montt;124105;10;220;229;96.07
Los Lagos;Servicio de Salud Del Reloncaví;Puerto Montt;Hospital de Puerto Montt;124105;11;218;230;94.78
Los Lagos;Servicio de Salud Del Reloncaví;Puerto Montt;Hospital de Puerto Montt;124105;12;216;226;95.58
Los Lagos;Servicio de Salud Osorno;Osorno;Hospital Base San José de Osorno;123100;1;113;127;88.98
Los Lagos;Servicio de Salud Osorno;Osorno;Hospital Base San José de Osorno;123100;2;65;88;73.86
Los Lagos;Servicio de Salud Osorno;Osorno;Hospital Base San José de Osorno;123100;3;110;146;75.34
Los Lagos;Servicio de Salud Osorno;Osorno;Hospital Base San José de Osorno;123100;4;133;143;93.01
Los Lagos;Servicio de Salud Osorno;Osorno;Hospital Base San José de Osorno;123100;5;93;108;86.11
Los Lagos;Servicio de Salud Osorno;Osorno;Hospital Base San José de Osorno;123100;6;102;122;83.61
Los Lagos;Servicio de Salud Osorno;Osorno;Hospital Base San José de Osorno;123100;7;98;107;91.59
Los Lagos;Servicio de Salud Osorno;Osorno;Hospital Base San José de Osorno;123100;8;99;125;79.2
Los Lagos;Servicio de Salud Osorno;Osorno;Hospital Base San José de Osorno;123100;9;101;108;93.52
Los Lagos;Servicio de Salud Osorno;Osorno;Hospital Base San José de Osorno;123100;10;160;124;129.03
Los Lagos;Servicio de Salud Osorno;Osorno;Hospital Base San José de Osorno;123100;11;108;125;86.4
Los Lagos;Servicio de Salud Osorno;Osorno;Hospital Base San José de Osorno;123100;12;105;120;87.5
Los Lagos;Servicio de Salud Osorno;Purranque;Hospital de Purranque Dr. Juan Hepp Dubiau;123101;1;0;1;0.0
Los Lagos;Servicio de Salud Osorno;Purranque;Hospital de Purranque Dr. Juan Hepp Dubiau;123101;8;1;1;100.0
Los Ríos;Servicio de Salud Los Rios;La Unión;Hospital Juan Morey (La Unión);122104;1;5;5;100.0
Los Ríos;Servicio de Salud Los Rios;La Unión;Hospital Juan Morey (La Unión);122104;3;7;7;100.0
Los Ríos;Servicio de Salud Los Rios;La Unión;Hospital Juan Morey (La Unión);122104;4;17;11;154.55
Los Ríos;Servicio de Salud Los Rios;La Unión;Hospital Juan Morey (La Unión);122104;5;4;4;100.0
Los Ríos;Servicio de Salud Los Rios;La Unión;Hospital Juan Morey (La Unión);122104;6;4;4;100.0
Los Ríos;Servicio de Salud Los Rios;La Unión;Hospital Juan Morey (La Unión);122104;7;6;7;85.71
Los Ríos;Servicio de Salud Los Rios;La Unión;Hospital Juan Morey (La Unión);122104;8;5;4;125.0
Los Ríos;Servicio de Salud Los Rios;La Unión;Hospital Juan Morey (La Unión);122104;9;11;11;100.0
Los Ríos;Servicio de Salud Los Rios;La Unión;Hospital Juan Morey (La Unión);122104;10;2;2;100.0
Los Ríos;Servicio de Salud Los Rios;La Unión;Hospital Juan Morey (La Unión);122104;11;9;9;100.0
Los Ríos;Servicio de Salud Los Rios;La Unión;Hospital Juan Morey (La Unión);122104;12;3;6;50.0
Los Ríos;Servicio de Salud Los Rios;Paillaco;Hospital de Paillaco;122106;1;6;2;300.0
Los Ríos;Servicio de Salud Los Rios;Paillaco;Hospital de Paillaco;122106;2;6;3;200.0
Los Ríos;Servicio de Salud Los Rios;Paillaco;Hospital de Paillaco;122106;3;10;6;166.67
Los Ríos;Servicio de Salud Los Rios;Paillaco;Hospital de Paillaco;122106;4;4;2;200.0
Los Ríos;Servicio de Salud Los Rios;Paillaco;Hospital de Paillaco;122106;5;3;3;100.0
Los Ríos;Servicio de Salud Los Rios;Paillaco;Hospital de Paillaco;122106;6;3;6;50.0
Los Ríos;Servicio de Salud Los Rios;Paillaco;Hospital de Paillaco;122106;7;3;3;100.0
Los Ríos;Servicio de Salud Los Rios;Paillaco;Hospital de Paillaco;122106;8;1;2;50.0
Los Ríos;Servicio de Salud Los Rios;Paillaco;Hospital de Paillaco;122106;9;3;4;75.0
Los Ríos;Servicio de Salud Los Rios;Paillaco;Hospital de Paillaco;122106;10;3;3;100.0
Los Ríos;Servicio de Salud Los Rios;Paillaco;Hospital de Paillaco;122106;11;1;1;100.0
Los Ríos;Servicio de Salud Los Rios;Paillaco;Hospital de Paillaco;122106;12;2;3;66.67
Los Ríos;Servicio de Salud Los Rios;Panguipulli;Hospital de Panguipulli;122201;1;2;2;100.0
Los Ríos;Servicio de Salud Los Rios;Panguipulli;Hospital de Panguipulli;122201;2;3;7;42.86
Los Ríos;Servicio de Salud Los Rios;Panguipulli;Hospital de Panguipulli;122201;3;7;8;87.5
Los Ríos;Servicio de Salud Los Rios;Panguipulli;Hospital de Panguipulli;122201;4;7;7;100.0
Los Ríos;Servicio de Salud Los Rios;Panguipulli;Hospital de Panguipulli;122201;5;5;5;100.0
Los Ríos;Servicio de Salud Los Rios;Panguipulli;Hospital de Panguipulli;122201;6;7;7;100.0
Los Ríos;Servicio de Salud Los Rios;Panguipulli;Hospital de Panguipulli;122201;7;3;4;75.0
Los Ríos;Servicio de Salud Los Rios;Panguipulli;Hospital de Panguipulli;122201;8;5;6;83.33
Los Ríos;Servicio de Salud Los Rios;Panguipulli;Hospital de Panguipulli;122201;9;0;4;0.0
Los Ríos;Servicio de Salud Los Rios;Panguipulli;Hospital de Panguipulli;122201;10;2;3;66.67
Los Ríos;Servicio de Salud Los Rios;Panguipulli;Hospital de Panguipulli;122201;11;3;4;75.0
Los Ríos;Servicio de Salud Los Rios;Panguipulli;Hospital de Panguipulli;122201;12;5;5;100.0
Los Ríos;Servicio de Salud Los Rios;Río Bueno;Hospital de Río Bueno;122105;2;3;3;100.0
Los Ríos;Servicio de Salud Los Rios;Río Bueno;Hospital de Río Bueno;122105;3;0;2;0.0
Los Ríos;Servicio de Salud Los Rios;Río Bueno;Hospital de Río Bueno;122105;4;3;3;100.0
Los Ríos;Servicio de Salud Los Rios;Río Bueno;Hospital de Río Bueno;122105;5;1;1;100.0
Los Ríos;Servicio de Salud Los Rios;Río Bueno;Hospital de Río Bueno;122105;6;1;2;50.0
Los Ríos;Servicio de Salud Los Rios;Río Bueno;Hospital de Río Bueno;122105;7;2;2;100.0
Los Ríos;Servicio de Salud Los Rios;Río Bueno;Hospital de Río Bueno;122105;8;1;1;100.0
Los Ríos;Servicio de Salud Los Rios;Río Bueno;Hospital de Río Bueno;122105;10;1;3;33.33
Los Ríos;Servicio de Salud Los Rios;Valdivia;Hospital Base Valdivia;122100;3;81;139;58.27
Los Ríos;Servicio de Salud Los Rios;Valdivia;Hospital Base Valdivia;122100;4;74;147;50.34
Los Ríos;Servicio de Salud Los Rios;Valdivia;Hospital Base Valdivia;122100;5;123;159;77.36
Los Ríos;Servicio de Salud Los Rios;Valdivia;Hospital Base Valdivia;122100;6;71;0;
Los Ríos;Servicio de Salud Los Rios;Valdivia;Hospital Base Valdivia;122100;7;197;137;143.8
Los Ríos;Servicio de Salud Los Rios;Valdivia;Hospital Base Valdivia;122100;10;111;138;80.43
Los Ríos;Servicio de Salud Los Rios;Valdivia;Hospital Base Valdivia;122100;11;131;130;100.77
Los Ríos;Servicio de Salud Los Rios;Valdivia;Hospital Base Valdivia;122100;12;74;144;51.39
Magallanes y de la Antártica Chilena;Servicio de Salud Magallanes;Natales;Hospital Dr. Augusto Essmann Burgos ( Natales);126101;1;12;12;100.0
Magallanes y de la Antártica Chilena;Servicio de Salud Magallanes;Natales;Hospital Dr. Augusto Essmann Burgos ( Natales);126101;2;10;10;100.0
Magallanes y de la Antártica Chilena;Servicio de Salud Magallanes;Natales;Hospital Dr. Augusto Essmann Burgos ( Natales);126101;3;12;12;100.0
Magallanes y de la Antártica Chilena;Servicio de Salud Magallanes;Natales;Hospital Dr. Augusto Essmann Burgos ( Natales);126101;4;7;12;58.33
Magallanes y de la Antártica Chilena;Servicio de Salud Magallanes;Natales;Hospital Dr. Augusto Essmann Burgos ( Natales);126101;5;23;23;100.0
Magallanes y de la Antártica Chilena;Servicio de Salud Magallanes;Natales;Hospital Dr. Augusto Essmann Burgos ( Natales);126101;6;13;12;108.33
Magallanes y de la Antártica Chilena;Servicio de Salud Magallanes;Natales;Hospital Dr. Augusto Essmann Burgos ( Natales);126101;7;11;12;91.67
Magallanes y de la Antártica Chilena;Servicio de Salud Magallanes;Natales;Hospital Dr. Augusto Essmann Burgos ( Natales);126101;8;14;14;100.0
Magallanes y de la Antártica Chilena;Servicio de Salud Magallanes;Natales;Hospital Dr. Augusto Essmann Burgos ( Natales);126101;9;9;9;100.0
Magallanes y de la Antártica Chilena;Servicio de Salud Magallanes;Natales;Hospital Dr. Augusto Essmann Burgos ( Natales);126101;10;15;21;71.43
Magallanes y de la Antártica Chilena;Servicio de Salud Magallanes;Natales;Hospital Dr. Augusto Essmann Burgos ( Natales);126101;11;22;20;110.0
Magallanes y de la Antártica Chilena;Servicio de Salud Magallanes;Natales;Hospital Dr. Augusto Essmann Burgos ( Natales);126101;12;17;17;100.0
Magallanes y de la Antártica Chilena;Servicio de Salud Magallanes;Porvenir;Hospital Dr. Marco Antonio Chamorro ( Porvenir);126102;7;2;2;100.0
Magallanes y de la Antártica Chilena;Servicio de Salud Magallanes;Punta Arenas;Hospital Clínico de Magallanes Dr. Lautaro Navarro Avaria;126100;1;56;59;94.92
Magallanes y de la Antártica Chilena;Servicio de Salud Magallanes;Punta Arenas;Hospital Clínico de Magallanes Dr. Lautaro Navarro Avaria;126100;2;66;69;95.65
Magallanes y de la Antártica Chilena;Servicio de Salud Magallanes;Punta Arenas;Hospital Clínico de Magallanes Dr. Lautaro Navarro Avaria;126100;3;30;66;45.45
Magallanes y de la Antártica Chilena;Servicio de Salud Magallanes;Punta Arenas;Hospital Clínico de Magallanes Dr. Lautaro Navarro Avaria;126100;4;59;65;90.77
Magallanes y de la Antártica Chilena;Servicio de Salud Magallanes;Punta Arenas;Hospital Clínico de Magallanes Dr. Lautaro Navarro Avaria;126100;5;59;58;101.72
Magallanes y de la Antártica Chilena;Servicio de Salud Magallanes;Punta Arenas;Hospital Clínico de Magallanes Dr. Lautaro Navarro Avaria;126100;6;63;70;90.0
Magallanes y de la Antártica Chilena;Servicio de Salud Magallanes;Punta Arenas;Hospital Clínico de Magallanes Dr. Lautaro Navarro Avaria;126100;7;54;48;112.5
Magallanes y de la Antártica Chilena;Servicio de Salud Magallanes;Punta Arenas;Hospital Clínico de Magallanes Dr. Lautaro Navarro Avaria;126100;8;63;58;108.62
Magallanes y de la Antártica Chilena;Servicio de Salud Magallanes;Punta Arenas;Hospital Clínico de Magallanes Dr. Lautaro Navarro Avaria;126100;9;56;57;98.25
Magallanes y de la Antártica Chilena;Servicio de Salud Magallanes;Punta Arenas;Hospital Clínico de Magallanes Dr. Lautaro Navarro Avaria;126100;10;53;56;94.64
Magallanes y de la Antártica Chilena;Servicio de Salud Magallanes;Punta Arenas;Hospital Clínico de Magallanes Dr. Lautaro Navarro Avaria;126100;11;62;62;100.0
Magallanes y de la Antártica Chilena;Servicio de Salud Magallanes;Punta Arenas;Hospital Clínico de Magallanes Dr. Lautaro Navarro Avaria;126100;12;68;64;106.25
Maule;Servicio de Salud Del Maule;Cauquenes;Hospital San Juan de Dios (Cauquenes);116111;1;33;23;143.48
Maule;Servicio de Salud Del Maule;Cauquenes;Hospital San Juan de Dios (Cauquenes);116111;2;20;15;133.33
Maule;Servicio de Salud Del Maule;Cauquenes;Hospital San Juan de Dios (Cauquenes);116111;3;16;18;88.89
Maule;Servicio de Salud Del Maule;Cauquenes;Hospital San Juan de Dios (Cauquenes);116111;4;8;22;36.36
Maule;Servicio de Salud Del Maule;Cauquenes;Hospital San Juan de Dios (Cauquenes);116111;5;18;19;94.74
Maule;Servicio de Salud Del Maule;Cauquenes;Hospital San Juan de Dios (Cauquenes);116111;6;17;17;100.0
Maule;Servicio de Salud Del Maule;Cauquenes;Hospital San Juan de Dios (Cauquenes);116111;7;16;16;100.0
Maule;Servicio de Salud Del Maule;Cauquenes;Hospital San Juan de Dios (Cauquenes);116111;8;9;9;100.0
Maule;Servicio de Salud Del Maule;Cauquenes;Hospital San Juan de Dios (Cauquenes);116111;9;18;18;100.0
Maule;Servicio de Salud Del Maule;Cauquenes;Hospital San Juan de Dios (Cauquenes);116111;10;10;11;90.91
Maule;Servicio de Salud Del Maule;Cauquenes;Hospital San Juan de Dios (Cauquenes);116111;11;9;9;100.0
Maule;Servicio de Salud Del Maule;Cauquenes;Hospital San Juan de Dios (Cauquenes);116111;12;10;11;90.91
Maule;Servicio de Salud Del Maule;Constitución;Hospital de Constitución;116107;1;4;4;100.0
Maule;Servicio de Salud Del Maule;Constitución;Hospital de Constitución;116107;2;12;10;120.0
Maule;Servicio de Salud Del Maule;Constitución;Hospital de Constitución;116107;3;5;5;100.0
Maule;Servicio de Salud Del Maule;Constitución;Hospital de Constitución;116107;4;11;9;122.22
Maule;Servicio de Salud Del Maule;Constitución;Hospital de Constitución;116107;5;5;5;100.0
Maule;Servicio de Salud Del Maule;Constitución;Hospital de Constitución;116107;6;2;1;200.0
Maule;Servicio de Salud Del Maule;Constitución;Hospital de Constitución;116107;7;8;5;160.0
Maule;Servicio de Salud Del Maule;Constitución;Hospital de Constitución;116107;8;4;6;66.67
Maule;Servicio de Salud Del Maule;Constitución;Hospital de Constitución;116107;9;3;2;150.0
Maule;Servicio de Salud Del Maule;Constitución;Hospital de Constitución;116107;10;3;2;150.0
Maule;Servicio de Salud Del Maule;Constitución;Hospital de Constitución;116107;11;7;6;116.67
Maule;Servicio de Salud Del Maule;Constitución;Hospital de Constitución;116107;12;7;4;175.0
Maule;Servicio de Salud Del Maule;Curicó;Hospital San Juan de Dios (Curicó);116100;1;159;166;95.78
Maule;Servicio de Salud Del Maule;Curicó;Hospital San Juan de Dios (Curicó);116100;2;146;156;93.59
Maule;Servicio de Salud Del Maule;Curicó;Hospital San Juan de Dios (Curicó);116100;3;152;163;93.25
Maule;Servicio de Salud Del Maule;Curicó;Hospital San Juan de Dios (Curicó);116100;4;162;168;96.43
Maule;Servicio de Salud Del Maule;Curicó;Hospital San Juan de Dios (Curicó);116100;5;146;155;94.19
Maule;Servicio de Salud Del Maule;Curicó;Hospital San Juan de Dios (Curicó);116100;6;156;163;95.71
Maule;Servicio de Salud Del Maule;Curicó;Hospital San Juan de Dios (Curicó);116100;7;186;195;95.38
Maule;Servicio de Salud Del Maule;Curicó;Hospital San Juan de Dios (Curicó);116100;8;152;167;91.02
Maule;Servicio de Salud Del Maule;Curicó;Hospital San Juan de Dios (Curicó);116100;9;164;174;94.25
Maule;Servicio de Salud Del Maule;Curicó;Hospital San Juan de Dios (Curicó);116100;10;186;191;97.38
Maule;Servicio de Salud Del Maule;Curicó;Hospital San Juan de Dios (Curicó);116100;11;164;170;96.47
Maule;Servicio de Salud Del Maule;Curicó;Hospital San Juan de Dios (Curicó);116100;12;184;194;94.85
Maule;Servicio de Salud Del Maule;Licantén;Hospital de Licantén;116104;8;1;1;100.0
Maule;Servicio de Salud Del Maule;Licantén;Hospital de Licantén;116104;10;0;2;0.0
Maule;Servicio de Salud Del Maule;Linares;Hospital Presidente Carlos Ibáñez del Campo (Linares);116108;1;113;139;81.29
Maule;Servicio de Salud Del Maule;Linares;Hospital Presidente Carlos Ibáñez del Campo (Linares);116108;2;92;113;81.42
Maule;Servicio de Salud Del Maule;Linares;Hospital Presidente Carlos Ibáñez del Campo (Linares);116108;3;116;127;91.34
Maule;Servicio de Salud Del Maule;Linares;Hospital Presidente Carlos Ibáñez del Campo (Linares);116108;4;83;113;73.45
Maule;Servicio de Salud Del Maule;Linares;Hospital Presidente Carlos Ibáñez del Campo (Linares);116108;5;107;123;86.99
Maule;Servicio de Salud Del Maule;Linares;Hospital Presidente Carlos Ibáñez del Campo (Linares);116108;6;100;125;80.0
Maule;Servicio de Salud Del Maule;Linares;Hospital Presidente Carlos Ibáñez del Campo (Linares);116108;7;83;108;76.85
Maule;Servicio de Salud Del Maule;Linares;Hospital Presidente Carlos Ibáñez del Campo (Linares);116108;8;90;107;84.11
Maule;Servicio de Salud Del Maule;Linares;Hospital Presidente Carlos Ibáñez del Campo (Linares);116108;9;133;129;103.1
Maule;Servicio de Salud Del Maule;Linares;Hospital Presidente Carlos Ibáñez del Campo (Linares);116108;10;106;132;80.3
Maule;Servicio de Salud Del Maule;Linares;Hospital Presidente Carlos Ibáñez del Campo (Linares);116108;11;95;123;77.24
Maule;Servicio de Salud Del Maule;Linares;Hospital Presidente Carlos Ibáñez del Campo (Linares);116108;12;76;98;77.55
Maule;Servicio de Salud Del Maule;Parral;Hospital San José (Parral);116110;1;10;10;100.0
Maule;Servicio de Salud Del Maule;Parral;Hospital San José (Parral);116110;2;14;13;107.69
Maule;Servicio de Salud Del Maule;Parral;Hospital San José (Parral);116110;3;2;11;18.18
Maule;Servicio de Salud Del Maule;Parral;Hospital San José (Parral);116110;4;12;12;100.0
Maule;Servicio de Salud Del Maule;Parral;Hospital San José (Parral);116110;5;11;9;122.22
Maule;Servicio de Salud Del Maule;Parral;Hospital San José (Parral);116110;6;9;8;112.5
Maule;Servicio de Salud Del Maule;Parral;Hospital San José (Parral);116110;7;8;7;114.29
Maule;Servicio de Salud Del Maule;Parral;Hospital San José (Parral);116110;8;9;9;100.0
Maule;Servicio de Salud Del Maule;Parral;Hospital San José (Parral);116110;9;0;13;0.0
Maule;Servicio de Salud Del Maule;Parral;Hospital San José (Parral);116110;10;0;3;0.0
Maule;Servicio de Salud Del Maule;Parral;Hospital San José (Parral);116110;11;0;6;0.0
Maule;Servicio de Salud Del Maule;Parral;Hospital San José (Parral);116110;12;7;7;100.0
Maule;Servicio de Salud Del Maule;San Javier;Hospital Dr. Abel Fuentealba Lagos de San Javier;116109;1;10;10;100.0
Maule;Servicio de Salud Del Maule;San Javier;Hospital Dr. Abel Fuentealba Lagos de San Javier;116109;2;3;3;100.0
Maule;Servicio de Salud Del Maule;San Javier;Hospital Dr. Abel Fuentealba Lagos de San Javier;116109;3;0;6;0.0
Maule;Servicio de Salud Del Maule;San Javier;Hospital Dr. Abel Fuentealba Lagos de San Javier;116109;4;10;10;100.0
Maule;Servicio de Salud Del Maule;San Javier;Hospital Dr. Abel Fuentealba Lagos de San Javier;116109;5;3;3;100.0
Maule;Servicio de Salud Del Maule;San Javier;Hospital Dr. Abel Fuentealba Lagos de San Javier;116109;6;14;14;100.0
Maule;Servicio de Salud Del Maule;San Javier;Hospital Dr. Abel Fuentealba Lagos de San Javier;116109;7;6;16;37.5
Maule;Servicio de Salud Del Maule;San Javier;Hospital Dr. Abel Fuentealba Lagos de San Javier;116109;8;16;14;114.29
Maule;Servicio de Salud Del Maule;San Javier;Hospital Dr. Abel Fuentealba Lagos de San Javier;116109;9;8;6;133.33
Maule;Servicio de Salud Del Maule;San Javier;Hospital Dr. Abel Fuentealba Lagos de San Javier;116109;10;6;7;85.71
Maule;Servicio de Salud Del Maule;San Javier;Hospital Dr. Abel Fuentealba Lagos de San Javier;116109;11;5;5;100.0
Maule;Servicio de Salud Del Maule;San Javier;Hospital Dr. Abel Fuentealba Lagos de San Javier;116109;12;6;6;100.0
Maule;Servicio de Salud Del Maule;Talca;Hospital Dr. César Garavagno Burotto (Talca);116105;1;295;317;93.06
Maule;Servicio de Salud Del Maule;Talca;Hospital Dr. César Garavagno Burotto (Talca);116105;2;269;288;93.4
Maule;Servicio de Salud Del Maule;Talca;Hospital Dr. César Garavagno Burotto (Talca);116105;3;283;305;92.79
Maule;Servicio de Salud Del Maule;Talca;Hospital Dr. César Garavagno Burotto (Talca);116105;4;280;306;91.5
Maule;Servicio de Salud Del Maule;Talca;Hospital Dr. César Garavagno Burotto (Talca);116105;5;259;285;90.88
Maule;Servicio de Salud Del Maule;Talca;Hospital Dr. César Garavagno Burotto (Talca);116105;6;273;290;94.14
Maule;Servicio de Salud Del Maule;Talca;Hospital Dr. César Garavagno Burotto (Talca);116105;7;269;295;91.19
Maule;Servicio de Salud Del Maule;Talca;Hospital Dr. César Garavagno Burotto (Talca);116105;8;286;307;93.16
Maule;Servicio de Salud Del Maule;Talca;Hospital Dr. César Garavagno Burotto (Talca);116105;9;300;323;92.88
Maule;Servicio de Salud Del Maule;Talca;Hospital Dr. César Garavagno Burotto (Talca);116105;10;282;307;91.86
Maule;Servicio de Salud Del Maule;Talca;Hospital Dr. César Garavagno Burotto (Talca);116105;11;267;289;92.39
Maule;Servicio de Salud Del Maule;Talca;Hospital Dr. César Garavagno Burotto (Talca);116105;12;284;303;93.73
Metropolitana de Santiago;Servicio de Salud Metropolitano Central;Maipú;Hospital Clínico Metropolitano El Carmen Doctor Luis Valentín Ferrada;111101;1;211;217;97.24
Metropolitana de Santiago;Servicio de Salud Metropolitano Central;Maipú;Hospital Clínico Metropolitano El Carmen Doctor Luis Valentín Ferrada;111101;2;176;183;96.17
Metropolitana de Santiago;Servicio de Salud Metropolitano Central;Maipú;Hospital Clínico Metropolitano El Carmen Doctor Luis Valentín Ferrada;111101;3;203;211;96.21
Metropolitana de Santiago;Servicio de Salud Metropolitano Central;Maipú;Hospital Clínico Metropolitano El Carmen Doctor Luis Valentín Ferrada;111101;4;208;219;94.98
Metropolitana de Santiago;Servicio de Salud Metropolitano Central;Maipú;Hospital Clínico Metropolitano El Carmen Doctor Luis Valentín Ferrada;111101;5;178;191;93.19
Metropolitana de Santiago;Servicio de Salud Metropolitano Central;Maipú;Hospital Clínico Metropolitano El Carmen Doctor Luis Valentín Ferrada;111101;6;175;186;94.09
Metropolitana de Santiago;Servicio de Salud Metropolitano Central;Maipú;Hospital Clínico Metropolitano El Carmen Doctor Luis Valentín Ferrada;111101;7;186;197;94.42
Metropolitana de Santiago;Servicio de Salud Metropolitano Central;Maipú;Hospital Clínico Metropolitano El Carmen Doctor Luis Valentín Ferrada;111101;8;157;162;96.91
Metropolitana de Santiago;Servicio de Salud Metropolitano Central;Maipú;Hospital Clínico Metropolitano El Carmen Doctor Luis Valentín Ferrada;111101;9;196;204;96.08
Metropolitana de Santiago;Servicio de Salud Metropolitano Central;Maipú;Hospital Clínico Metropolitano El Carmen Doctor Luis Valentín Ferrada;111101;10;167;177;94.35
Metropolitana de Santiago;Servicio de Salud Metropolitano Central;Maipú;Hospital Clínico Metropolitano El Carmen Doctor Luis Valentín Ferrada;111101;11;165;175;94.29
Metropolitana de Santiago;Servicio de Salud Metropolitano Central;Maipú;Hospital Clínico Metropolitano El Carmen Doctor Luis Valentín Ferrada;111101;12;175;183;95.63
Metropolitana de Santiago;Servicio de Salud Metropolitano Central;Santiago;Hospital Clínico San Borja Arriarán;111100;1;229;270;84.81
Metropolitana de Santiago;Servicio de Salud Metropolitano Central;Santiago;Hospital Clínico San Borja Arriarán;111100;2;233;251;92.83
Metropolitana de Santiago;Servicio de Salud Metropolitano Central;Santiago;Hospital Clínico San Borja Arriarán;111100;3;230;246;93.5
Metropolitana de Santiago;Servicio de Salud Metropolitano Central;Santiago;Hospital Clínico San Borja Arriarán;111100;4;210;266;78.95
Metropolitana de Santiago;Servicio de Salud Metropolitano Central;Santiago;Hospital Clínico San Borja Arriarán;111100;5;251;271;92.62
Metropolitana de Santiago;Servicio de Salud Metropolitano Central;Santiago;Hospital Clínico San Borja Arriarán;111100;6;211;224;94.2
Metropolitana de Santiago;Servicio de Salud Metropolitano Central;Santiago;Hospital Clínico San Borja Arriarán;111100;7;235;249;94.38
Metropolitana de Santiago;Servicio de Salud Metropolitano Central;Santiago;Hospital Clínico San Borja Arriarán;111100;8;219;227;96.48
Metropolitana de Santiago;Servicio de Salud Metropolitano Central;Santiago;Hospital Clínico San Borja Arriarán;111100;9;214;235;91.06
Metropolitana de Santiago;Servicio de Salud Metropolitano Central;Santiago;Hospital Clínico San Borja Arriarán;111100;10;248;259;95.75
Metropolitana de Santiago;Servicio de Salud Metropolitano Central;Santiago;Hospital Clínico San Borja Arriarán;111100;11;245;262;93.51
Metropolitana de Santiago;Servicio de Salud Metropolitano Central;Santiago;Hospital Clínico San Borja Arriarán;111100;12;239;268;89.18
Metropolitana de Santiago;Servicio de Salud Metropolitano Norte;Colina;SAPU Esmeralda;200955;5;1;0;
Metropolitana de Santiago;Servicio de Salud Metropolitano Norte;Colina;SAPU Esmeralda;200955;12;0;1;0.0
Metropolitana de Santiago;Servicio de Salud Metropolitano Norte;Colina;SAR Colina;109810;3;0;1;0.0
Metropolitana de Santiago;Servicio de Salud Metropolitano Norte;Colina;SAR Colina;109810;11;2;0;
Metropolitana de Santiago;Servicio de Salud Metropolitano Norte;Independencia;Complejo Hospitalario San José (Santiago, Independencia);109100;1;382;412;92.72
Metropolitana de Santiago;Servicio de Salud Metropolitano Norte;Independencia;Complejo Hospitalario San José (Santiago, Independencia);109100;2;372;399;93.23
Metropolitana de Santiago;Servicio de Salud Metropolitano Norte;Independencia;Complejo Hospitalario San José (Santiago, Independencia);109100;3;360;387;93.02
Metropolitana de Santiago;Servicio de Salud Metropolitano Norte;Independencia;Complejo Hospitalario San José (Santiago, Independencia);109100;4;400;421;95.01
Metropolitana de Santiago;Servicio de Salud Metropolitano Norte;Independencia;Complejo Hospitalario San José (Santiago, Independencia);109100;5;358;398;89.95
Metropolitana de Santiago;Servicio de Salud Metropolitano Norte;Independencia;Complejo Hospitalario San José (Santiago, Independencia);109100;6;339;366;92.62
Metropolitana de Santiago;Servicio de Salud Metropolitano Norte;Independencia;Complejo Hospitalario San José (Santiago, Independencia);109100;7;335;357;93.84
Metropolitana de Santiago;Servicio de Salud Metropolitano Norte;Independencia;Complejo Hospitalario San José (Santiago, Independencia);109100;8;145;370;39.19
Metropolitana de Santiago;Servicio de Salud Metropolitano Norte;Independencia;Complejo Hospitalario San José (Santiago, Independencia);109100;9;284;307;92.51
Metropolitana de Santiago;Servicio de Salud Metropolitano Norte;Independencia;Complejo Hospitalario San José (Santiago, Independencia);109100;10;320;344;93.02
Metropolitana de Santiago;Servicio de Salud Metropolitano Norte;Independencia;Complejo Hospitalario San José (Santiago, Independencia);109100;11;502;344;145.93
Metropolitana de Santiago;Servicio de Salud Metropolitano Norte;Independencia;Complejo Hospitalario San José (Santiago, Independencia);109100;12;351;375;93.6
Metropolitana de Santiago;Servicio de Salud Metropolitano Occidente;Cerro Navia;Hospital  Félix Bulnes Cerda;110120;1;126;232;54.31
Metropolitana de Santiago;Servicio de Salud Metropolitano Occidente;Cerro Navia;Hospital  Félix Bulnes Cerda;110120;2;201;209;96.17
Metropolitana de Santiago;Servicio de Salud Metropolitano Occidente;Cerro Navia;Hospital  Félix Bulnes Cerda;110120;3;355;251;141.43
Metropolitana de Santiago;Servicio de Salud Metropolitano Occidente;Cerro Navia;Hospital  Félix Bulnes Cerda;110120;4;206;213;96.71
Metropolitana de Santiago;Servicio de Salud Metropolitano Occidente;Cerro Navia;Hospital  Félix Bulnes Cerda;110120;5;225;230;97.83
Metropolitana de Santiago;Servicio de Salud Metropolitano Occidente;Cerro Navia;Hospital  Félix Bulnes Cerda;110120;6;195;203;96.06
Metropolitana de Santiago;Servicio de Salud Metropolitano Occidente;Cerro Navia;Hospital  Félix Bulnes Cerda;110120;7;201;209;96.17
Metropolitana de Santiago;Servicio de Salud Metropolitano Occidente;Cerro Navia;Hospital  Félix Bulnes Cerda;110120;8;188;195;96.41
Metropolitana de Santiago;Servicio de Salud Metropolitano Occidente;Cerro Navia;Hospital  Félix Bulnes Cerda;110120;9;206;212;97.17
Metropolitana de Santiago;Servicio de Salud Metropolitano Occidente;Cerro Navia;Hospital  Félix Bulnes Cerda;110120;10;106;222;47.75
Metropolitana de Santiago;Servicio de Salud Metropolitano Occidente;Cerro Navia;Hospital  Félix Bulnes Cerda;110120;11;190;211;90.05
Metropolitana de Santiago;Servicio de Salud Metropolitano Occidente;Cerro Navia;Hospital  Félix Bulnes Cerda;110120;12;219;234;93.59
Metropolitana de Santiago;Servicio de Salud Metropolitano Occidente;Curacaví;Hospital de Curacaví;110160;4;0;1;0.0
Metropolitana de Santiago;Servicio de Salud Metropolitano Occidente;Melipilla;Hospital San José (Melipilla);110150;1;100;110;90.91
Metropolitana de Santiago;Servicio de Salud Metropolitano Occidente;Melipilla;Hospital San José (Melipilla);110150;2;116;130;89.23
Metropolitana de Santiago;Servicio de Salud Metropolitano Occidente;Melipilla;Hospital San José (Melipilla);110150;3;47;136;34.56
Metropolitana de Santiago;Servicio de Salud Metropolitano Occidente;Melipilla;Hospital San José (Melipilla);110150;4;128;134;95.52
Metropolitana de Santiago;Servicio de Salud Metropolitano Occidente;Melipilla;Hospital San José (Melipilla);110150;5;101;108;93.52
Metropolitana de Santiago;Servicio de Salud Metropolitano Occidente;Melipilla;Hospital San José (Melipilla);110150;6;109;119;91.6
Metropolitana de Santiago;Servicio de Salud Metropolitano Occidente;Melipilla;Hospital San José (Melipilla);110150;7;118;131;90.08
Metropolitana de Santiago;Servicio de Salud Metropolitano Occidente;Melipilla;Hospital San José (Melipilla);110150;8;103;116;88.79
Metropolitana de Santiago;Servicio de Salud Metropolitano Occidente;Melipilla;Hospital San José (Melipilla);110150;9;116;130;89.23
Metropolitana de Santiago;Servicio de Salud Metropolitano Occidente;Melipilla;Hospital San José (Melipilla);110150;10;124;131;94.66
Metropolitana de Santiago;Servicio de Salud Metropolitano Occidente;Melipilla;Hospital San José (Melipilla);110150;11;97;107;90.65
Metropolitana de Santiago;Servicio de Salud Metropolitano Occidente;Melipilla;Hospital San José (Melipilla);110150;12;122;132;92.42
Metropolitana de Santiago;Servicio de Salud Metropolitano Occidente;Peñaflor;Hospital de Peñaflor;110140;1;5;5;100.0
Metropolitana de Santiago;Servicio de Salud Metropolitano Occidente;Peñaflor;Hospital de Peñaflor;110140;2;7;7;100.0
Metropolitana de Santiago;Servicio de Salud Metropolitano Occidente;Peñaflor;Hospital de Peñaflor;110140;3;6;7;85.71
Metropolitana de Santiago;Servicio de Salud Metropolitano Occidente;Peñaflor;Hospital de Peñaflor;110140;4;4;6;66.67
Metropolitana de Santiago;Servicio de Salud Metropolitano Occidente;Peñaflor;Hospital de Peñaflor;110140;5;8;9;88.89
Metropolitana de Santiago;Servicio de Salud Metropolitano Occidente;Peñaflor;Hospital de Peñaflor;110140;6;4;4;100.0
Metropolitana de Santiago;Servicio de Salud Metropolitano Occidente;Peñaflor;Hospital de Peñaflor;110140;7;6;6;100.0
Metropolitana de Santiago;Servicio de Salud Metropolitano Occidente;Peñaflor;Hospital de Peñaflor;110140;8;3;5;60.0
Metropolitana de Santiago;Servicio de Salud Metropolitano Occidente;Peñaflor;Hospital de Peñaflor;110140;9;4;4;100.0
Metropolitana de Santiago;Servicio de Salud Metropolitano Occidente;Peñaflor;Hospital de Peñaflor;110140;10;2;2;100.0
Metropolitana de Santiago;Servicio de Salud Metropolitano Occidente;Peñaflor;Hospital de Peñaflor;110140;11;2;3;66.67
Metropolitana de Santiago;Servicio de Salud Metropolitano Occidente;Peñaflor;Hospital de Peñaflor;110140;12;1;4;25.0
Metropolitana de Santiago;Servicio de Salud Metropolitano Occidente;Santiago;Hospital San Juan de Dios (Santiago, Santiago);110100;1;192;202;95.05
Metropolitana de Santiago;Servicio de Salud Metropolitano Occidente;Santiago;Hospital San Juan de Dios (Santiago, Santiago);110100;2;142;148;95.95
Metropolitana de Santiago;Servicio de Salud Metropolitano Occidente;Santiago;Hospital San Juan de Dios (Santiago, Santiago);110100;3;155;156;99.36
Metropolitana de Santiago;Servicio de Salud Metropolitano Occidente;Santiago;Hospital San Juan de Dios (Santiago, Santiago);110100;4;182;194;93.81
Metropolitana de Santiago;Servicio de Salud Metropolitano Occidente;Santiago;Hospital San Juan de Dios (Santiago, Santiago);110100;5;168;177;94.92
Metropolitana de Santiago;Servicio de Salud Metropolitano Occidente;Santiago;Hospital San Juan de Dios (Santiago, Santiago);110100;6;134;148;90.54
Metropolitana de Santiago;Servicio de Salud Metropolitano Occidente;Santiago;Hospital San Juan de Dios (Santiago, Santiago);110100;7;181;191;94.76
Metropolitana de Santiago;Servicio de Salud Metropolitano Occidente;Santiago;Hospital San Juan de Dios (Santiago, Santiago);110100;8;219;166;131.93
Metropolitana de Santiago;Servicio de Salud Metropolitano Occidente;Santiago;Hospital San Juan de Dios (Santiago, Santiago);110100;9;247;196;126.02
Metropolitana de Santiago;Servicio de Salud Metropolitano Occidente;Santiago;Hospital San Juan de Dios (Santiago, Santiago);110100;10;167;183;91.26
Metropolitana de Santiago;Servicio de Salud Metropolitano Occidente;Santiago;Hospital San Juan de Dios (Santiago, Santiago);110100;11;132;141;93.62
Metropolitana de Santiago;Servicio de Salud Metropolitano Occidente;Santiago;Hospital San Juan de Dios (Santiago, Santiago);110100;12;158;170;92.94
Metropolitana de Santiago;Servicio de Salud Metropolitano Occidente;Talagante;Hospital Adalberto Steeger (Talagante);110130;1;74;74;100.0
Metropolitana de Santiago;Servicio de Salud Metropolitano Occidente;Talagante;Hospital Adalberto Steeger (Talagante);110130;2;34;75;45.33
Metropolitana de Santiago;Servicio de Salud Metropolitano Occidente;Talagante;Hospital Adalberto Steeger (Talagante);110130;3;90;75;120.0
Metropolitana de Santiago;Servicio de Salud Metropolitano Occidente;Talagante;Hospital Adalberto Steeger (Talagante);110130;4;74;67;110.45
Metropolitana de Santiago;Servicio de Salud Metropolitano Occidente;Talagante;Hospital Adalberto Steeger (Talagante);110130;5;109;75;145.33
Metropolitana de Santiago;Servicio de Salud Metropolitano Occidente;Talagante;Hospital Adalberto Steeger (Talagante);110130;6;52;64;81.25
Metropolitana de Santiago;Servicio de Salud Metropolitano Occidente;Talagante;Hospital Adalberto Steeger (Talagante);110130;7;32;54;59.26
Metropolitana de Santiago;Servicio de Salud Metropolitano Occidente;Talagante;Hospital Adalberto Steeger (Talagante);110130;8;68;74;91.89
Metropolitana de Santiago;Servicio de Salud Metropolitano Occidente;Talagante;Hospital Adalberto Steeger (Talagante);110130;9;66;70;94.29
Metropolitana de Santiago;Servicio de Salud Metropolitano Occidente;Talagante;Hospital Adalberto Steeger (Talagante);110130;10;45;57;78.95
Metropolitana de Santiago;Servicio de Salud Metropolitano Occidente;Talagante;Hospital Adalberto Steeger (Talagante);110130;11;94;68;138.24
Metropolitana de Santiago;Servicio de Salud Metropolitano Occidente;Talagante;Hospital Adalberto Steeger (Talagante);110130;12;71;72;98.61
Metropolitana de Santiago;Servicio de Salud Metropolitano Oriente;Peñalolén;Hospital Dr. Luis Tisné B. (Santiago, Peñalolén);112101;1;223;236;94.49
Metropolitana de Santiago;Servicio de Salud Metropolitano Oriente;Peñalolén;Hospital Dr. Luis Tisné B. (Santiago, Peñalolén);112101;2;197;214;92.06
Metropolitana de Santiago;Servicio de Salud Metropolitano Oriente;Peñalolén;Hospital Dr. Luis Tisné B. (Santiago, Peñalolén);112101;3;262;285;91.93
Metropolitana de Santiago;Servicio de Salud Metropolitano Oriente;Peñalolén;Hospital Dr. Luis Tisné B. (Santiago, Peñalolén);112101;4;227;243;93.42
Metropolitana de Santiago;Servicio de Salud Metropolitano Oriente;Peñalolén;Hospital Dr. Luis Tisné B. (Santiago, Peñalolén);112101;5;234;250;93.6
Metropolitana de Santiago;Servicio de Salud Metropolitano Oriente;Peñalolén;Hospital Dr. Luis Tisné B. (Santiago, Peñalolén);112101;6;213;230;92.61
Metropolitana de Santiago;Servicio de Salud Metropolitano Oriente;Peñalolén;Hospital Dr. Luis Tisné B. (Santiago, Peñalolén);112101;7;208;228;91.23
Metropolitana de Santiago;Servicio de Salud Metropolitano Oriente;Peñalolén;Hospital Dr. Luis Tisné B. (Santiago, Peñalolén);112101;8;227;244;93.03
Metropolitana de Santiago;Servicio de Salud Metropolitano Oriente;Peñalolén;Hospital Dr. Luis Tisné B. (Santiago, Peñalolén);112101;9;195;214;91.12
Metropolitana de Santiago;Servicio de Salud Metropolitano Oriente;Peñalolén;Hospital Dr. Luis Tisné B. (Santiago, Peñalolén);112101;10;195;211;92.42
Metropolitana de Santiago;Servicio de Salud Metropolitano Oriente;Peñalolén;Hospital Dr. Luis Tisné B. (Santiago, Peñalolén);112101;11;211;218;96.79
Metropolitana de Santiago;Servicio de Salud Metropolitano Oriente;Peñalolén;Hospital Dr. Luis Tisné B. (Santiago, Peñalolén);112101;12;221;241;91.7
Metropolitana de Santiago;Servicio de Salud Metropolitano Sur;San Bernardo;Hospital El Pino (Santiago, San Bernardo);113180;1;174;180;96.67
Metropolitana de Santiago;Servicio de Salud Metropolitano Sur;San Bernardo;Hospital El Pino (Santiago, San Bernardo);113180;2;146;155;94.19
Metropolitana de Santiago;Servicio de Salud Metropolitano Sur;San Bernardo;Hospital El Pino (Santiago, San Bernardo);113180;3;156;159;98.11
Metropolitana de Santiago;Servicio de Salud Metropolitano Sur;San Bernardo;Hospital El Pino (Santiago, San Bernardo);113180;4;140;144;97.22
Metropolitana de Santiago;Servicio de Salud Metropolitano Sur;San Bernardo;Hospital El Pino (Santiago, San Bernardo);113180;5;66;67;98.51
Metropolitana de Santiago;Servicio de Salud Metropolitano Sur;San Bernardo;Hospital El Pino (Santiago, San Bernardo);113180;6;87;94;92.55
Metropolitana de Santiago;Servicio de Salud Metropolitano Sur;San Bernardo;Hospital El Pino (Santiago, San Bernardo);113180;7;145;147;98.64
Metropolitana de Santiago;Servicio de Salud Metropolitano Sur;San Bernardo;Hospital El Pino (Santiago, San Bernardo);113180;8;144;148;97.3
Metropolitana de Santiago;Servicio de Salud Metropolitano Sur;San Bernardo;Hospital El Pino (Santiago, San Bernardo);113180;9;129;139;92.81
Metropolitana de Santiago;Servicio de Salud Metropolitano Sur;San Bernardo;Hospital El Pino (Santiago, San Bernardo);113180;10;121;124;97.58
Metropolitana de Santiago;Servicio de Salud Metropolitano Sur;San Bernardo;Hospital El Pino (Santiago, San Bernardo);113180;11;129;136;94.85
Metropolitana de Santiago;Servicio de Salud Metropolitano Sur;San Bernardo;Hospital El Pino (Santiago, San Bernardo);113180;12;134;136;98.53
Metropolitana de Santiago;Servicio de Salud Metropolitano Sur;San Bernardo;Hospital Parroquial de San Bernardo (D);113190;1;95;104;91.35
Metropolitana de Santiago;Servicio de Salud Metropolitano Sur;San Bernardo;Hospital Parroquial de San Bernardo (D);113190;2;93;104;89.42
Metropolitana de Santiago;Servicio de Salud Metropolitano Sur;San Bernardo;Hospital Parroquial de San Bernardo (D);113190;3;90;90;100.0
Metropolitana de Santiago;Servicio de Salud Metropolitano Sur;San Bernardo;Hospital Parroquial de San Bernardo (D);113190;4;100;102;98.04
Metropolitana de Santiago;Servicio de Salud Metropolitano Sur;San Bernardo;Hospital Parroquial de San Bernardo (D);113190;5;149;150;99.33
Metropolitana de Santiago;Servicio de Salud Metropolitano Sur;San Bernardo;Hospital Parroquial de San Bernardo (D);113190;6;154;154;100.0
Metropolitana de Santiago;Servicio de Salud Metropolitano Sur;San Bernardo;Hospital Parroquial de San Bernardo (D);113190;7;116;116;100.0
Metropolitana de Santiago;Servicio de Salud Metropolitano Sur;San Bernardo;Hospital Parroquial de San Bernardo (D);113190;8;103;103;100.0
Metropolitana de Santiago;Servicio de Salud Metropolitano Sur;San Bernardo;Hospital Parroquial de San Bernardo (D);113190;9;91;93;97.85
Metropolitana de Santiago;Servicio de Salud Metropolitano Sur;San Bernardo;Hospital Parroquial de San Bernardo (D);113190;10;92;93;98.92
Metropolitana de Santiago;Servicio de Salud Metropolitano Sur;San Bernardo;Hospital Parroquial de San Bernardo (D);113190;11;97;98;98.98
Metropolitana de Santiago;Servicio de Salud Metropolitano Sur;San Bernardo;Hospital Parroquial de San Bernardo (D);113190;12;100;102;98.04
Metropolitana de Santiago;Servicio de Salud Metropolitano Sur Oriente;La Florida;Hospital Clínico Metropolitano La Florida Dra. Eloísa Díaz Insunza;114105;1;173;180;96.11
Metropolitana de Santiago;Servicio de Salud Metropolitano Sur Oriente;La Florida;Hospital Clínico Metropolitano La Florida Dra. Eloísa Díaz Insunza;114105;2;139;143;97.2
Metropolitana de Santiago;Servicio de Salud Metropolitano Sur Oriente;La Florida;Hospital Clínico Metropolitano La Florida Dra. Eloísa Díaz Insunza;114105;3;144;144;100.0
Metropolitana de Santiago;Servicio de Salud Metropolitano Sur Oriente;La Florida;Hospital Clínico Metropolitano La Florida Dra. Eloísa Díaz Insunza;114105;4;127;180;70.56
Metropolitana de Santiago;Servicio de Salud Metropolitano Sur Oriente;La Florida;Hospital Clínico Metropolitano La Florida Dra. Eloísa Díaz Insunza;114105;5;180;194;92.78
Metropolitana de Santiago;Servicio de Salud Metropolitano Sur Oriente;La Florida;Hospital Clínico Metropolitano La Florida Dra. Eloísa Díaz Insunza;114105;6;166;177;93.79
Metropolitana de Santiago;Servicio de Salud Metropolitano Sur Oriente;La Florida;Hospital Clínico Metropolitano La Florida Dra. Eloísa Díaz Insunza;114105;7;159;171;92.98
Metropolitana de Santiago;Servicio de Salud Metropolitano Sur Oriente;La Florida;Hospital Clínico Metropolitano La Florida Dra. Eloísa Díaz Insunza;114105;8;164;174;94.25
Metropolitana de Santiago;Servicio de Salud Metropolitano Sur Oriente;La Florida;Hospital Clínico Metropolitano La Florida Dra. Eloísa Díaz Insunza;114105;9;175;182;96.15
Metropolitana de Santiago;Servicio de Salud Metropolitano Sur Oriente;La Florida;Hospital Clínico Metropolitano La Florida Dra. Eloísa Díaz Insunza;114105;10;182;184;98.91
Metropolitana de Santiago;Servicio de Salud Metropolitano Sur Oriente;La Florida;Hospital Clínico Metropolitano La Florida Dra. Eloísa Díaz Insunza;114105;11;143;151;94.7
Metropolitana de Santiago;Servicio de Salud Metropolitano Sur Oriente;La Florida;Hospital Clínico Metropolitano La Florida Dra. Eloísa Díaz Insunza;114105;12;156;165;94.55
Metropolitana de Santiago;Servicio de Salud Metropolitano Sur Oriente;Puente Alto;Complejo Hospitalario Dr. Sótero del Río (Santiago, Puente Alto);114101;1;205;259;79.15
Metropolitana de Santiago;Servicio de Salud Metropolitano Sur Oriente;Puente Alto;Complejo Hospitalario Dr. Sótero del Río (Santiago, Puente Alto);114101;2;190;221;85.97
Metropolitana de Santiago;Servicio de Salud Metropolitano Sur Oriente;Puente Alto;Complejo Hospitalario Dr. Sótero del Río (Santiago, Puente Alto);114101;3;191;249;76.71
Metropolitana de Santiago;Servicio de Salud Metropolitano Sur Oriente;Puente Alto;Complejo Hospitalario Dr. Sótero del Río (Santiago, Puente Alto);114101;4;225;264;85.23
Metropolitana de Santiago;Servicio de Salud Metropolitano Sur Oriente;Puente Alto;Complejo Hospitalario Dr. Sótero del Río (Santiago, Puente Alto);114101;5;214;256;83.59
Metropolitana de Santiago;Servicio de Salud Metropolitano Sur Oriente;Puente Alto;Complejo Hospitalario Dr. Sótero del Río (Santiago, Puente Alto);114101;6;177;238;74.37
Metropolitana de Santiago;Servicio de Salud Metropolitano Sur Oriente;Puente Alto;Complejo Hospitalario Dr. Sótero del Río (Santiago, Puente Alto);114101;7;206;252;81.75
Metropolitana de Santiago;Servicio de Salud Metropolitano Sur Oriente;Puente Alto;Complejo Hospitalario Dr. Sótero del Río (Santiago, Puente Alto);114101;8;200;254;78.74
Metropolitana de Santiago;Servicio de Salud Metropolitano Sur Oriente;Puente Alto;Complejo Hospitalario Dr. Sótero del Río (Santiago, Puente Alto);114101;9;180;223;80.72
Metropolitana de Santiago;Servicio de Salud Metropolitano Sur Oriente;Puente Alto;Complejo Hospitalario Dr. Sótero del Río (Santiago, Puente Alto);114101;10;139;241;57.68
Metropolitana de Santiago;Servicio de Salud Metropolitano Sur Oriente;Puente Alto;Complejo Hospitalario Dr. Sótero del Río (Santiago, Puente Alto);114101;11;167;218;76.61
Metropolitana de Santiago;Servicio de Salud Metropolitano Sur Oriente;Puente Alto;Complejo Hospitalario Dr. Sótero del Río (Santiago, Puente Alto);114101;12;203;266;76.32
Metropolitana de Santiago;Servicio de Salud Metropolitano Sur Oriente;San Ramón;Hospital Padre Alberto Hurtado (San Ramón);114103;1;133;157;84.71
Metropolitana de Santiago;Servicio de Salud Metropolitano Sur Oriente;San Ramón;Hospital Padre Alberto Hurtado (San Ramón);114103;2;143;161;88.82
Metropolitana de Santiago;Servicio de Salud Metropolitano Sur Oriente;San Ramón;Hospital Padre Alberto Hurtado (San Ramón);114103;3;165;181;91.16
Metropolitana de Santiago;Servicio de Salud Metropolitano Sur Oriente;San Ramón;Hospital Padre Alberto Hurtado (San Ramón);114103;4;141;167;84.43
Metropolitana de Santiago;Servicio de Salud Metropolitano Sur Oriente;San Ramón;Hospital Padre Alberto Hurtado (San Ramón);114103;5;136;158;86.08
Metropolitana de Santiago;Servicio de Salud Metropolitano Sur Oriente;San Ramón;Hospital Padre Alberto Hurtado (San Ramón);114103;6;139;158;87.97
Metropolitana de Santiago;Servicio de Salud Metropolitano Sur Oriente;San Ramón;Hospital Padre Alberto Hurtado (San Ramón);114103;7;131;132;99.24
Metropolitana de Santiago;Servicio de Salud Metropolitano Sur Oriente;San Ramón;Hospital Padre Alberto Hurtado (San Ramón);114103;8;126;135;93.33
Metropolitana de Santiago;Servicio de Salud Metropolitano Sur Oriente;San Ramón;Hospital Padre Alberto Hurtado (San Ramón);114103;9;145;160;90.62
Metropolitana de Santiago;Servicio de Salud Metropolitano Sur Oriente;San Ramón;Hospital Padre Alberto Hurtado (San Ramón);114103;10;131;150;87.33
Metropolitana de Santiago;Servicio de Salud Metropolitano Sur Oriente;San Ramón;Hospital Padre Alberto Hurtado (San Ramón);114103;11;142;146;97.26
Metropolitana de Santiago;Servicio de Salud Metropolitano Sur Oriente;San Ramón;Hospital Padre Alberto Hurtado (San Ramón);114103;12;139;149;93.29
Tarapacá;Servicio de Salud Tarapacá;Alto Hospicio;Centro de Salud Familiar Pedro Pulgar Melgarejo;102305;4;3;0;
Tarapacá;Servicio de Salud Tarapacá;Alto Hospicio;Centro de Salud Familiar Pedro Pulgar Melgarejo;102305;8;2;0;
Tarapacá;Servicio de Salud Tarapacá;Alto Hospicio;Centro de Salud Familiar Pedro Pulgar Melgarejo;102305;9;2;0;
Tarapacá;Servicio de Salud Tarapacá;Alto Hospicio;Hospital de Alto Hospicio;201319;10;1;5;20.0
Tarapacá;Servicio de Salud Tarapacá;Alto Hospicio;Hospital de Alto Hospicio;201319;11;8;8;100.0
Tarapacá;Servicio de Salud Tarapacá;Alto Hospicio;Hospital de Alto Hospicio;201319;12;7;8;87.5
Tarapacá;Servicio de Salud Tarapacá;Iquique;Hospital Dr. Ernesto Torres Galdames (Iquique);102100;1;214;276;77.54
Tarapacá;Servicio de Salud Tarapacá;Iquique;Hospital Dr. Ernesto Torres Galdames (Iquique);102100;2;159;243;65.43
Tarapacá;Servicio de Salud Tarapacá;Iquique;Hospital Dr. Ernesto Torres Galdames (Iquique);102100;3;186;269;69.14
Tarapacá;Servicio de Salud Tarapacá;Iquique;Hospital Dr. Ernesto Torres Galdames (Iquique);102100;4;198;284;69.72
Tarapacá;Servicio de Salud Tarapacá;Iquique;Hospital Dr. Ernesto Torres Galdames (Iquique);102100;5;177;274;64.6
Tarapacá;Servicio de Salud Tarapacá;Iquique;Hospital Dr. Ernesto Torres Galdames (Iquique);102100;6;218;263;82.89
Tarapacá;Servicio de Salud Tarapacá;Iquique;Hospital Dr. Ernesto Torres Galdames (Iquique);102100;7;138;247;55.87
Tarapacá;Servicio de Salud Tarapacá;Iquique;Hospital Dr. Ernesto Torres Galdames (Iquique);102100;8;181;258;70.16
Tarapacá;Servicio de Salud Tarapacá;Iquique;Hospital Dr. Ernesto Torres Galdames (Iquique);102100;9;177;278;63.67
Tarapacá;Servicio de Salud Tarapacá;Iquique;Hospital Dr. Ernesto Torres Galdames (Iquique);102100;10;184;280;65.71
Tarapacá;Servicio de Salud Tarapacá;Iquique;Hospital Dr. Ernesto Torres Galdames (Iquique);102100;11;165;248;66.53
Tarapacá;Servicio de Salud Tarapacá;Iquique;Hospital Dr. Ernesto Torres Galdames (Iquique);102100;12;178;272;65.44
Valparaíso;Servicio de Salud Aconcagua;Llaillay;Hospital San Francisco (Llaillay);108102;3;1;1;100.0
Valparaíso;Servicio de Salud Aconcagua;Los Andes;Hospital San Juan de Dios (Los Andes);108101;1;62;62;100.0
Valparaíso;Servicio de Salud Aconcagua;Los Andes;Hospital San Juan de Dios (Los Andes);108101;2;53;53;100.0
Valparaíso;Servicio de Salud Aconcagua;Los Andes;Hospital San Juan de Dios (Los Andes);108101;3;65;65;100.0
Valparaíso;Servicio de Salud Aconcagua;Los Andes;Hospital San Juan de Dios (Los Andes);108101;4;50;52;96.15
Valparaíso;Servicio de Salud Aconcagua;Los Andes;Hospital San Juan de Dios (Los Andes);108101;5;52;52;100.0
Valparaíso;Servicio de Salud Aconcagua;Los Andes;Hospital San Juan de Dios (Los Andes);108101;6;49;49;100.0
Valparaíso;Servicio de Salud Aconcagua;Los Andes;Hospital San Juan de Dios (Los Andes);108101;7;48;49;97.96
Valparaíso;Servicio de Salud Aconcagua;Los Andes;Hospital San Juan de Dios (Los Andes);108101;8;53;53;100.0
Valparaíso;Servicio de Salud Aconcagua;Los Andes;Hospital San Juan de Dios (Los Andes);108101;9;44;45;97.78
Valparaíso;Servicio de Salud Aconcagua;Los Andes;Hospital San Juan de Dios (Los Andes);108101;10;54;55;98.18
Valparaíso;Servicio de Salud Aconcagua;Los Andes;Hospital San Juan de Dios (Los Andes);108101;11;53;54;98.15
Valparaíso;Servicio de Salud Aconcagua;Los Andes;Hospital San Juan de Dios (Los Andes);108101;12;47;48;97.92
Valparaíso;Servicio de Salud Aconcagua;San Felipe;Hospital San Camilo de San Felipe;108100;1;120;125;96.0
Valparaíso;Servicio de Salud Aconcagua;San Felipe;Hospital San Camilo de San Felipe;108100;2;101;106;95.28
Valparaíso;Servicio de Salud Aconcagua;San Felipe;Hospital San Camilo de San Felipe;108100;3;102;110;92.73
Valparaíso;Servicio de Salud Aconcagua;San Felipe;Hospital San Camilo de San Felipe;108100;4;86;97;88.66
Valparaíso;Servicio de Salud Aconcagua;San Felipe;Hospital San Camilo de San Felipe;108100;5;102;110;92.73
Valparaíso;Servicio de Salud Aconcagua;San Felipe;Hospital San Camilo de San Felipe;108100;6;104;107;97.2
Valparaíso;Servicio de Salud Aconcagua;San Felipe;Hospital San Camilo de San Felipe;108100;7;93;103;90.29
Valparaíso;Servicio de Salud Aconcagua;San Felipe;Hospital San Camilo de San Felipe;108100;8;51;100;51.0
Valparaíso;Servicio de Salud Aconcagua;San Felipe;Hospital San Camilo de San Felipe;108100;9;53;85;62.35
Valparaíso;Servicio de Salud Aconcagua;San Felipe;Hospital San Camilo de San Felipe;108100;10;105;113;92.92
Valparaíso;Servicio de Salud Aconcagua;San Felipe;Hospital San Camilo de San Felipe;108100;11;109;114;95.61
Valparaíso;Servicio de Salud Aconcagua;San Felipe;Hospital San Camilo de San Felipe;108100;12;90;92;97.83
Valparaíso;Servicio de Salud Metropolitano Oriente;Isla de Pascua;Hospital Hanga Roa (Isla De Pascua);112107;1;8;7;114.29
Valparaíso;Servicio de Salud Metropolitano Oriente;Isla de Pascua;Hospital Hanga Roa (Isla De Pascua);112107;2;7;7;100.0
Valparaíso;Servicio de Salud Metropolitano Oriente;Isla de Pascua;Hospital Hanga Roa (Isla De Pascua);112107;3;10;11;90.91
Valparaíso;Servicio de Salud Metropolitano Oriente;Isla de Pascua;Hospital Hanga Roa (Isla De Pascua);112107;4;3;5;60.0
Valparaíso;Servicio de Salud Metropolitano Oriente;Isla de Pascua;Hospital Hanga Roa (Isla De Pascua);112107;5;2;7;28.57
Valparaíso;Servicio de Salud Metropolitano Oriente;Isla de Pascua;Hospital Hanga Roa (Isla De Pascua);112107;6;4;4;100.0
Valparaíso;Servicio de Salud Metropolitano Oriente;Isla de Pascua;Hospital Hanga Roa (Isla De Pascua);112107;7;4;4;100.0
Valparaíso;Servicio de Salud Metropolitano Oriente;Isla de Pascua;Hospital Hanga Roa (Isla De Pascua);112107;8;8;8;100.0
Valparaíso;Servicio de Salud Metropolitano Oriente;Isla de Pascua;Hospital Hanga Roa (Isla De Pascua);112107;9;11;11;100.0
Valparaíso;Servicio de Salud Metropolitano Oriente;Isla de Pascua;Hospital Hanga Roa (Isla De Pascua);112107;10;11;11;100.0
Valparaíso;Servicio de Salud Metropolitano Oriente;Isla de Pascua;Hospital Hanga Roa (Isla De Pascua);112107;11;6;4;150.0
Valparaíso;Servicio de Salud Metropolitano Oriente;Isla de Pascua;Hospital Hanga Roa (Isla De Pascua);112107;12;7;7;100.0
Valparaíso;Servicio de Salud Valparaíso San Antonio;San Antonio;Hospital Claudio Vicuña (San Antonio);106103;1;20;81;24.69
Valparaíso;Servicio de Salud Valparaíso San Antonio;San Antonio;Hospital Claudio Vicuña (San Antonio);106103;2;26;71;36.62
Valparaíso;Servicio de Salud Valparaíso San Antonio;San Antonio;Hospital Claudio Vicuña (San Antonio);106103;3;33;88;37.5
Valparaíso;Servicio de Salud Valparaíso San Antonio;San Antonio;Hospital Claudio Vicuña (San Antonio);106103;4;32;80;40.0
Valparaíso;Servicio de Salud Valparaíso San Antonio;San Antonio;Hospital Claudio Vicuña (San Antonio);106103;5;39;99;39.39
Valparaíso;Servicio de Salud Valparaíso San Antonio;San Antonio;Hospital Claudio Vicuña (San Antonio);106103;6;45;88;51.14
Valparaíso;Servicio de Salud Valparaíso San Antonio;San Antonio;Hospital Claudio Vicuña (San Antonio);106103;7;52;95;54.74
Valparaíso;Servicio de Salud Valparaíso San Antonio;San Antonio;Hospital Claudio Vicuña (San Antonio);106103;8;40;72;55.56
Valparaíso;Servicio de Salud Valparaíso San Antonio;San Antonio;Hospital Claudio Vicuña (San Antonio);106103;9;98;100;98.0
Valparaíso;Servicio de Salud Valparaíso San Antonio;San Antonio;Hospital Claudio Vicuña (San Antonio);106103;10;63;111;56.76
Valparaíso;Servicio de Salud Valparaíso San Antonio;San Antonio;Hospital Claudio Vicuña (San Antonio);106103;11;74;81;91.36
Valparaíso;Servicio de Salud Valparaíso San Antonio;San Antonio;Hospital Claudio Vicuña (San Antonio);106103;12;26;72;36.11
Valparaíso;Servicio de Salud Valparaíso San Antonio;Valparaíso;Hospital Carlos Van Buren (Valparaíso);106100;1;117;134;87.31
Valparaíso;Servicio de Salud Valparaíso San Antonio;Valparaíso;Hospital Carlos Van Buren (Valparaíso);106100;2;106;116;91.38
Valparaíso;Servicio de Salud Valparaíso San Antonio;Valparaíso;Hospital Carlos Van Buren (Valparaíso);106100;3;119;130;91.54
Valparaíso;Servicio de Salud Valparaíso San Antonio;Valparaíso;Hospital Carlos Van Buren (Valparaíso);106100;4;81;92;88.04
Valparaíso;Servicio de Salud Valparaíso San Antonio;Valparaíso;Hospital Carlos Van Buren (Valparaíso);106100;5;81;91;89.01
Valparaíso;Servicio de Salud Valparaíso San Antonio;Valparaíso;Hospital Carlos Van Buren (Valparaíso);106100;6;105;111;94.59
Valparaíso;Servicio de Salud Valparaíso San Antonio;Valparaíso;Hospital Carlos Van Buren (Valparaíso);106100;7;107;118;90.68
Valparaíso;Servicio de Salud Valparaíso San Antonio;Valparaíso;Hospital Carlos Van Buren (Valparaíso);106100;8;90;104;86.54
Valparaíso;Servicio de Salud Valparaíso San Antonio;Valparaíso;Hospital Carlos Van Buren (Valparaíso);106100;9;108;114;94.74
Valparaíso;Servicio de Salud Valparaíso San Antonio;Valparaíso;Hospital Carlos Van Buren (Valparaíso);106100;10;117;126;92.86
Valparaíso;Servicio de Salud Valparaíso San Antonio;Valparaíso;Hospital Carlos Van Buren (Valparaíso);106100;11;108;114;94.74
Valparaíso;Servicio de Salud Valparaíso San Antonio;Valparaíso;Hospital Carlos Van Buren (Valparaíso);106100;12;119;127;93.7
Valparaíso;Servicio de Salud Viña del Mar Quillota;Quintero;Hospital Adriana Cousiño (Quintero);107108;5;2;1;200.0
Ñuble;Servicio de Salud Ñuble;Bulnes;Hospital Comunitario de Salud Familiar de Bulnes;117103;7;2;2;100.0
Ñuble;Servicio de Salud Ñuble;Bulnes;Hospital Comunitario de Salud Familiar de Bulnes;117103;8;2;2;100.0
Ñuble;Servicio de Salud Ñuble;Bulnes;Hospital Comunitario de Salud Familiar de Bulnes;117103;11;1;1;100.0
Ñuble;Servicio de Salud Ñuble;Chillán;Hospital Clínico Herminda Martín (Chillán);117101;1;69;152;45.39
Ñuble;Servicio de Salud Ñuble;Chillán;Hospital Clínico Herminda Martín (Chillán);117101;2;232;177;131.07
Ñuble;Servicio de Salud Ñuble;Chillán;Hospital Clínico Herminda Martín (Chillán);117101;3;164;128;128.12
Ñuble;Servicio de Salud Ñuble;Chillán;Hospital Clínico Herminda Martín (Chillán);117101;4;127;154;82.47
Ñuble;Servicio de Salud Ñuble;Chillán;Hospital Clínico Herminda Martín (Chillán);117101;5;178;176;101.14
Ñuble;Servicio de Salud Ñuble;Chillán;Hospital Clínico Herminda Martín (Chillán);117101;6;137;142;96.48
Ñuble;Servicio de Salud Ñuble;Chillán;Hospital Clínico Herminda Martín (Chillán);117101;7;143;161;88.82
Ñuble;Servicio de Salud Ñuble;Chillán;Hospital Clínico Herminda Martín (Chillán);117101;8;133;149;89.26
Ñuble;Servicio de Salud Ñuble;Chillán;Hospital Clínico Herminda Martín (Chillán);117101;9;127;178;71.35
Ñuble;Servicio de Salud Ñuble;Chillán;Hospital Clínico Herminda Martín (Chillán);117101;10;122;171;71.35
Ñuble;Servicio de Salud Ñuble;Chillán;Hospital Clínico Herminda Martín (Chillán);117101;11;165;184;89.67
Ñuble;Servicio de Salud Ñuble;Chillán;Hospital Clínico Herminda Martín (Chillán);117101;12;151;162;93.21
Ñuble;Servicio de Salud Ñuble;Coelemu;Hospital Comunitario de Salud Familiar Dr. Eduardo Contreras Trabucco de Coelemu;117108;4;0;1;0.0
Ñuble;Servicio de Salud Ñuble;Coelemu;Hospital Comunitario de Salud Familiar Dr. Eduardo Contreras Trabucco de Coelemu;117108;7;1;1;100.0
Ñuble;Servicio de Salud Ñuble;El Carmen;Hospital Comunitario de Salud Familiar de El Carmen;117107;12;0;1;0.0
Ñuble;Servicio de Salud Ñuble;Quirihue;Hospital Comunitario de Salud Familiar de Quirihue;117106;2;0;1;0.0
Ñuble;Servicio de Salud Ñuble;Quirihue;Hospital Comunitario de Salud Familiar de Quirihue;117106;6;2;2;100.0
Ñuble;Servicio de Salud Ñuble;Quirihue;Hospital Comunitario de Salud Familiar de Quirihue;117106;10;1;1;100.0
Ñuble;Servicio de Salud Ñuble;Quirihue;Hospital Comunitario de Salud Familiar de Quirihue;117106;12;0;2;0.0
Ñuble;Servicio de Salud Ñuble;San Carlos;Hospital de San Carlos;117102;1;72;48;150.0
Ñuble;Servicio de Salud Ñuble;San Carlos;Hospital de San Carlos;117102;2;61;44;138.64
Ñuble;Servicio de Salud Ñuble;San Carlos;Hospital de San Carlos;117102;3;38;39;97.44
Ñuble;Servicio de Salud Ñuble;San Carlos;Hospital de San Carlos;117102;4;46;32;143.75
Ñuble;Servicio de Salud Ñuble;San Carlos;Hospital de San Carlos;117102;5;74;49;151.02
Ñuble;Servicio de Salud Ñuble;San Carlos;Hospital de San Carlos;117102;6;49;52;94.23
Ñuble;Servicio de Salud Ñuble;San Carlos;Hospital de San Carlos;117102;7;83;52;159.62
Ñuble;Servicio de Salud Ñuble;San Carlos;Hospital de San Carlos;117102;8;65;41;158.54
Ñuble;Servicio de Salud Ñuble;San Carlos;Hospital de San Carlos;117102;9;51;51;100.0
Ñuble;Servicio de Salud Ñuble;San Carlos;Hospital de San Carlos;117102;10;60;39;153.85
Ñuble;Servicio de Salud Ñuble;San Carlos;Hospital de San Carlos;117102;11;75;45;166.67
Ñuble;Servicio de Salud Ñuble;San Carlos;Hospital de San Carlos;117102;12;68;46;147.83
Ñuble;Servicio de Salud Ñuble;Yungay;Hospital Comunitario de Salud Familiar Pedro Morales Campos (Yungay);117104;8;1;1;100.0
