Region;Servicio de salud;Comuna;Establecimiento;CodigoEstablecimiento;Mes;Numerador;Denominador;PorcentajeCumplimiento
Antofagasta;Servicio de Salud Antofagasta;Antofagasta;Centro Comunitario de Salud Familiar Antofagasta;103704;1;12;7;171.43
Antofagasta;Servicio de Salud Antofagasta;Antofagasta;Centro Comunitario de Salud Familiar Antofagasta;103704;2;4;10;40.0
Antofagasta;Servicio de Salud Antofagasta;Antofagasta;Centro Comunitario de Salud Familiar Antofagasta;103704;3;12;10;120.0
Antofagasta;Servicio de Salud Antofagasta;Antofagasta;Centro Comunitario de Salud Familiar Antofagasta;103704;4;16;6;266.67
Antofagasta;Servicio de Salud Antofagasta;Antofagasta;Centro Comunitario de Salud Familiar Antofagasta;103704;5;17;6;283.33
Antofagasta;Servicio de Salud Antofagasta;Antofagasta;Centro Comunitario de Salud Familiar Antofagasta;103704;6;21;7;300.0
Antofagasta;Servicio de Salud Antofagasta;Antofagasta;Centro Comunitario de Salud Familiar Coviefi;200621;1;0;9;0.0
Antofagasta;Servicio de Salud Antofagasta;Antofagasta;Centro Comunitario de Salud Familiar Coviefi;200621;2;0;6;0.0
Antofagasta;Servicio de Salud Antofagasta;Antofagasta;Centro Comunitario de Salud Familiar Coviefi;200621;3;0;7;0.0
Antofagasta;Servicio de Salud Antofagasta;Antofagasta;Centro Comunitario de Salud Familiar Coviefi;200621;4;0;7;0.0
Antofagasta;Servicio de Salud Antofagasta;Antofagasta;Centro Comunitario de Salud Familiar Coviefi;200621;5;0;3;0.0
Antofagasta;Servicio de Salud Antofagasta;Antofagasta;Centro Comunitario de Salud Familiar Coviefi;200621;6;0;6;0.0
Antofagasta;Servicio de Salud Antofagasta;Antofagasta;Centro de Salud Familiar Antonio Rendic (Ex Cautín);103301;1;18;28;64.29
Antofagasta;Servicio de Salud Antofagasta;Antofagasta;Centro de Salud Familiar Antonio Rendic (Ex Cautín);103301;2;27;16;168.75
Antofagasta;Servicio de Salud Antofagasta;Antofagasta;Centro de Salud Familiar Antonio Rendic (Ex Cautín);103301;3;24;33;72.73
Antofagasta;Servicio de Salud Antofagasta;Antofagasta;Centro de Salud Familiar Antonio Rendic (Ex Cautín);103301;4;31;27;114.81
Antofagasta;Servicio de Salud Antofagasta;Antofagasta;Centro de Salud Familiar Antonio Rendic (Ex Cautín);103301;5;24;23;104.35
Antofagasta;Servicio de Salud Antofagasta;Antofagasta;Centro de Salud Familiar Antonio Rendic (Ex Cautín);103301;6;15;23;65.22
Antofagasta;Servicio de Salud Antofagasta;Antofagasta;Centro de Salud Familiar Central Oriente de Antofagasta;103308;1;0;24;0.0
Antofagasta;Servicio de Salud Antofagasta;Antofagasta;Centro de Salud Familiar Central Oriente de Antofagasta;103308;2;0;24;0.0
Antofagasta;Servicio de Salud Antofagasta;Antofagasta;Centro de Salud Familiar Central Oriente de Antofagasta;103308;3;32;37;86.49
Antofagasta;Servicio de Salud Antofagasta;Antofagasta;Centro de Salud Familiar Central Oriente de Antofagasta;103308;4;13;30;43.33
Antofagasta;Servicio de Salud Antofagasta;Antofagasta;Centro de Salud Familiar Central Oriente de Antofagasta;103308;5;21;22;95.45
Antofagasta;Servicio de Salud Antofagasta;Antofagasta;Centro de Salud Familiar Central Oriente de Antofagasta;103308;6;28;39;71.79
Antofagasta;Servicio de Salud Antofagasta;Antofagasta;Centro de Salud Familiar Centro Sur de Antofagasta;103303;1;8;42;19.05
Antofagasta;Servicio de Salud Antofagasta;Antofagasta;Centro de Salud Familiar Centro Sur de Antofagasta;103303;2;16;19;84.21
Antofagasta;Servicio de Salud Antofagasta;Antofagasta;Centro de Salud Familiar Centro Sur de Antofagasta;103303;3;18;45;40.0
Antofagasta;Servicio de Salud Antofagasta;Antofagasta;Centro de Salud Familiar Centro Sur de Antofagasta;103303;4;32;43;74.42
Antofagasta;Servicio de Salud Antofagasta;Antofagasta;Centro de Salud Familiar Centro Sur de Antofagasta;103303;5;31;32;96.88
Antofagasta;Servicio de Salud Antofagasta;Antofagasta;Centro de Salud Familiar Centro Sur de Antofagasta;103303;6;29;33;87.88
Antofagasta;Servicio de Salud Antofagasta;Antofagasta;Centro de Salud Familiar Corvallis;103302;1;5;30;16.67
Antofagasta;Servicio de Salud Antofagasta;Antofagasta;Centro de Salud Familiar Corvallis;103302;2;10;25;40.0
Antofagasta;Servicio de Salud Antofagasta;Antofagasta;Centro de Salud Familiar Corvallis;103302;3;16;29;55.17
Antofagasta;Servicio de Salud Antofagasta;Antofagasta;Centro de Salud Familiar Corvallis;103302;4;9;18;50.0
Antofagasta;Servicio de Salud Antofagasta;Antofagasta;Centro de Salud Familiar Corvallis;103302;5;16;36;44.44
Antofagasta;Servicio de Salud Antofagasta;Antofagasta;Centro de Salud Familiar Corvallis;103302;6;6;25;24.0
Antofagasta;Servicio de Salud Antofagasta;Antofagasta;Centro de Salud Familiar Dra. Maria Cristina Rojas Neumann;200216;1;20;43;46.51
Antofagasta;Servicio de Salud Antofagasta;Antofagasta;Centro de Salud Familiar Dra. Maria Cristina Rojas Neumann;200216;2;17;32;53.12
Antofagasta;Servicio de Salud Antofagasta;Antofagasta;Centro de Salud Familiar Dra. Maria Cristina Rojas Neumann;200216;3;12;36;33.33
Antofagasta;Servicio de Salud Antofagasta;Antofagasta;Centro de Salud Familiar Dra. Maria Cristina Rojas Neumann;200216;4;21;46;45.65
Antofagasta;Servicio de Salud Antofagasta;Antofagasta;Centro de Salud Familiar Dra. Maria Cristina Rojas Neumann;200216;5;13;29;44.83
Antofagasta;Servicio de Salud Antofagasta;Antofagasta;Centro de Salud Familiar Dra. Maria Cristina Rojas Neumann;200216;6;21;29;72.41
Antofagasta;Servicio de Salud Antofagasta;Antofagasta;Centro de Salud Familiar Juan Pablo II de Antofagasta;103304;1;15;39;38.46
Antofagasta;Servicio de Salud Antofagasta;Antofagasta;Centro de Salud Familiar Juan Pablo II de Antofagasta;103304;2;20;17;117.65
Antofagasta;Servicio de Salud Antofagasta;Antofagasta;Centro de Salud Familiar Juan Pablo II de Antofagasta;103304;3;15;40;37.5
Antofagasta;Servicio de Salud Antofagasta;Antofagasta;Centro de Salud Familiar Juan Pablo II de Antofagasta;103304;4;0;25;0.0
Antofagasta;Servicio de Salud Antofagasta;Antofagasta;Centro de Salud Familiar Juan Pablo II de Antofagasta;103304;5;14;26;53.85
Antofagasta;Servicio de Salud Antofagasta;Antofagasta;Centro de Salud Familiar Juan Pablo II de Antofagasta;103304;6;29;24;120.83
Antofagasta;Servicio de Salud Antofagasta;Antofagasta;Centro de Salud Familiar Norte de Antofagasta;103300;1;7;28;25.0
Antofagasta;Servicio de Salud Antofagasta;Antofagasta;Centro de Salud Familiar Norte de Antofagasta;103300;2;4;28;14.29
Antofagasta;Servicio de Salud Antofagasta;Antofagasta;Centro de Salud Familiar Norte de Antofagasta;103300;3;7;41;17.07
Antofagasta;Servicio de Salud Antofagasta;Antofagasta;Centro de Salud Familiar Norte de Antofagasta;103300;4;5;39;12.82
Antofagasta;Servicio de Salud Antofagasta;Antofagasta;Centro de Salud Familiar Norte de Antofagasta;103300;5;5;33;15.15
Antofagasta;Servicio de Salud Antofagasta;Antofagasta;Centro de Salud Familiar Norte de Antofagasta;103300;6;7;37;18.92
Antofagasta;Servicio de Salud Antofagasta;Antofagasta;Centro de Salud Familiar Valdivieso;200450;1;0;33;0.0
Antofagasta;Servicio de Salud Antofagasta;Antofagasta;Centro de Salud Familiar Valdivieso;200450;2;0;27;0.0
Antofagasta;Servicio de Salud Antofagasta;Antofagasta;Centro de Salud Familiar Valdivieso;200450;3;0;20;0.0
Antofagasta;Servicio de Salud Antofagasta;Antofagasta;Centro de Salud Familiar Valdivieso;200450;4;0;25;0.0
Antofagasta;Servicio de Salud Antofagasta;Antofagasta;Centro de Salud Familiar Valdivieso;200450;5;0;19;0.0
Antofagasta;Servicio de Salud Antofagasta;Antofagasta;Centro de Salud Familiar Valdivieso;200450;6;0;19;0.0
Antofagasta;Servicio de Salud Antofagasta;Calama;Centro Comunitario de Salud Familiar Alemania;103707;1;16;6;266.67
Antofagasta;Servicio de Salud Antofagasta;Calama;Centro Comunitario de Salud Familiar Alemania;103707;2;2;4;50.0
Antofagasta;Servicio de Salud Antofagasta;Calama;Centro Comunitario de Salud Familiar Alemania;103707;3;3;5;60.0
Antofagasta;Servicio de Salud Antofagasta;Calama;Centro Comunitario de Salud Familiar Alemania;103707;4;12;9;133.33
Antofagasta;Servicio de Salud Antofagasta;Calama;Centro Comunitario de Salud Familiar Alemania;103707;5;14;4;350.0
Antofagasta;Servicio de Salud Antofagasta;Calama;Centro Comunitario de Salud Familiar Alemania;103707;6;10;7;142.86
Antofagasta;Servicio de Salud Antofagasta;Calama;Centro Comunitario de Salud Familiar Oasis;200241;1;0;8;0.0
Antofagasta;Servicio de Salud Antofagasta;Calama;Centro Comunitario de Salud Familiar Oasis;200241;2;0;2;0.0
Antofagasta;Servicio de Salud Antofagasta;Calama;Centro Comunitario de Salud Familiar Oasis;200241;3;7;6;116.67
Antofagasta;Servicio de Salud Antofagasta;Calama;Centro Comunitario de Salud Familiar Oasis;200241;4;16;5;320.0
Antofagasta;Servicio de Salud Antofagasta;Calama;Centro Comunitario de Salud Familiar Oasis;200241;5;7;5;140.0
Antofagasta;Servicio de Salud Antofagasta;Calama;Centro Comunitario de Salud Familiar Oasis;200241;6;5;2;250.0
Antofagasta;Servicio de Salud Antofagasta;Calama;Centro Comunitario de Salud Familiar Sur;103705;1;29;3;966.67
Antofagasta;Servicio de Salud Antofagasta;Calama;Centro Comunitario de Salud Familiar Sur;103705;2;41;5;820.0
Antofagasta;Servicio de Salud Antofagasta;Calama;Centro Comunitario de Salud Familiar Sur;103705;3;27;9;300.0
Antofagasta;Servicio de Salud Antofagasta;Calama;Centro Comunitario de Salud Familiar Sur;103705;4;33;8;412.5
Antofagasta;Servicio de Salud Antofagasta;Calama;Centro Comunitario de Salud Familiar Sur;103705;5;27;6;450.0
Antofagasta;Servicio de Salud Antofagasta;Calama;Centro Comunitario de Salud Familiar Sur;103705;6;35;6;583.33
Antofagasta;Servicio de Salud Antofagasta;Calama;Centro de Salud Familiar Alemania de Calama;103307;1;0;48;0.0
Antofagasta;Servicio de Salud Antofagasta;Calama;Centro de Salud Familiar Alemania de Calama;103307;2;0;44;0.0
Antofagasta;Servicio de Salud Antofagasta;Calama;Centro de Salud Familiar Alemania de Calama;103307;3;52;56;92.86
Antofagasta;Servicio de Salud Antofagasta;Calama;Centro de Salud Familiar Alemania de Calama;103307;4;46;58;79.31
Antofagasta;Servicio de Salud Antofagasta;Calama;Centro de Salud Familiar Alemania de Calama;103307;5;30;45;66.67
Antofagasta;Servicio de Salud Antofagasta;Calama;Centro de Salud Familiar Alemania de Calama;103307;6;41;50;82.0
Antofagasta;Servicio de Salud Antofagasta;Calama;Centro de Salud Familiar Central de Calama;103305;1;0;43;0.0
Antofagasta;Servicio de Salud Antofagasta;Calama;Centro de Salud Familiar Central de Calama;103305;2;115;31;370.97
Antofagasta;Servicio de Salud Antofagasta;Calama;Centro de Salud Familiar Central de Calama;103305;3;64;63;101.59
Antofagasta;Servicio de Salud Antofagasta;Calama;Centro de Salud Familiar Central de Calama;103305;4;77;41;187.8
Antofagasta;Servicio de Salud Antofagasta;Calama;Centro de Salud Familiar Central de Calama;103305;5;64;33;193.94
Antofagasta;Servicio de Salud Antofagasta;Calama;Centro de Salud Familiar Central de Calama;103305;6;75;41;182.93
Antofagasta;Servicio de Salud Antofagasta;Calama;Centro de Salud Familiar Montt;103306;1;0;28;0.0
Antofagasta;Servicio de Salud Antofagasta;Calama;Centro de Salud Familiar Montt;103306;2;0;23;0.0
Antofagasta;Servicio de Salud Antofagasta;Calama;Centro de Salud Familiar Montt;103306;3;20;43;46.51
Antofagasta;Servicio de Salud Antofagasta;Calama;Centro de Salud Familiar Montt;103306;4;22;38;57.89
Antofagasta;Servicio de Salud Antofagasta;Calama;Centro de Salud Familiar Montt;103306;5;21;32;65.62
Antofagasta;Servicio de Salud Antofagasta;Calama;Centro de Salud Familiar Montt;103306;6;29;23;126.09
Antofagasta;Servicio de Salud Antofagasta;Calama;Centro de Salud Familiar Norponiente;103312;1;0;23;0.0
Antofagasta;Servicio de Salud Antofagasta;Calama;Centro de Salud Familiar Norponiente;103312;2;0;29;0.0
Antofagasta;Servicio de Salud Antofagasta;Calama;Centro de Salud Familiar Norponiente;103312;3;27;23;117.39
Antofagasta;Servicio de Salud Antofagasta;Calama;Centro de Salud Familiar Norponiente;103312;4;7;18;38.89
Antofagasta;Servicio de Salud Antofagasta;Calama;Centro de Salud Familiar Norponiente;103312;5;17;10;170.0
Antofagasta;Servicio de Salud Antofagasta;Calama;Centro de Salud Familiar Norponiente;103312;6;28;0;
Antofagasta;Servicio de Salud Antofagasta;Calama;Posta de Salud Rural Chiu-Chiu;103410;1;0;1;0.0
Antofagasta;Servicio de Salud Antofagasta;Calama;Posta de Salud Rural Chiu-Chiu;103410;3;0;1;0.0
Antofagasta;Servicio de Salud Antofagasta;Maria Elena;Centro de Salud Familiar María Elena;103309;1;0;2;0.0
Antofagasta;Servicio de Salud Antofagasta;Maria Elena;Centro de Salud Familiar María Elena;103309;2;0;3;0.0
Antofagasta;Servicio de Salud Antofagasta;Maria Elena;Centro de Salud Familiar María Elena;103309;3;0;6;0.0
Antofagasta;Servicio de Salud Antofagasta;Maria Elena;Centro de Salud Familiar María Elena;103309;4;0;4;0.0
Antofagasta;Servicio de Salud Antofagasta;Maria Elena;Centro de Salud Familiar María Elena;103309;5;0;2;0.0
Antofagasta;Servicio de Salud Antofagasta;Maria Elena;Centro de Salud Familiar María Elena;103309;6;0;2;0.0
Antofagasta;Servicio de Salud Antofagasta;Maria Elena;Posta de Salud Rural Quillagua (María Elena);103411;4;0;2;0.0
Antofagasta;Servicio de Salud Antofagasta;Mejillones;Hospital de Mejillones;103104;1;0;14;0.0
Antofagasta;Servicio de Salud Antofagasta;Mejillones;Hospital de Mejillones;103104;2;8;15;53.33
Antofagasta;Servicio de Salud Antofagasta;Mejillones;Hospital de Mejillones;103104;3;9;13;69.23
Antofagasta;Servicio de Salud Antofagasta;Mejillones;Hospital de Mejillones;103104;4;47;18;261.11
Antofagasta;Servicio de Salud Antofagasta;Mejillones;Hospital de Mejillones;103104;5;29;16;181.25
Antofagasta;Servicio de Salud Antofagasta;Mejillones;Hospital de Mejillones;103104;6;10;11;90.91
Antofagasta;Servicio de Salud Antofagasta;San Pedro de Atacama;Centro de Salud Familiar San Pedro Atacama;103311;1;30;19;157.89
Antofagasta;Servicio de Salud Antofagasta;San Pedro de Atacama;Centro de Salud Familiar San Pedro Atacama;103311;2;35;11;318.18
Antofagasta;Servicio de Salud Antofagasta;San Pedro de Atacama;Centro de Salud Familiar San Pedro Atacama;103311;3;18;15;120.0
Antofagasta;Servicio de Salud Antofagasta;San Pedro de Atacama;Centro de Salud Familiar San Pedro Atacama;103311;4;60;13;461.54
Antofagasta;Servicio de Salud Antofagasta;San Pedro de Atacama;Centro de Salud Familiar San Pedro Atacama;103311;5;25;10;250.0
Antofagasta;Servicio de Salud Antofagasta;San Pedro de Atacama;Centro de Salud Familiar San Pedro Atacama;103311;6;12;9;133.33
Antofagasta;Servicio de Salud Antofagasta;San Pedro de Atacama;Posta de Salud Rural Toconao;103403;2;0;1;0.0
Antofagasta;Servicio de Salud Antofagasta;San Pedro de Atacama;Posta de Salud Rural Toconao;103403;3;0;1;0.0
Antofagasta;Servicio de Salud Antofagasta;San Pedro de Atacama;Posta de Salud Rural Toconao;103403;4;0;1;0.0
Antofagasta;Servicio de Salud Antofagasta;San Pedro de Atacama;Posta de Salud Rural Toconao;103403;5;0;1;0.0
Antofagasta;Servicio de Salud Antofagasta;San Pedro de Atacama;Posta de Salud Rural Toconao;103403;6;0;2;0.0
Antofagasta;Servicio de Salud Antofagasta;Sierra Gorda;Posta de Salud Rural Baquedano;103400;1;0;1;0.0
Antofagasta;Servicio de Salud Antofagasta;Sierra Gorda;Posta de Salud Rural Baquedano;103400;2;0;1;0.0
Antofagasta;Servicio de Salud Antofagasta;Sierra Gorda;Posta de Salud Rural Baquedano;103400;5;2;4;50.0
Antofagasta;Servicio de Salud Antofagasta;Sierra Gorda;Posta de Salud Rural Baquedano;103400;6;0;1;0.0
Antofagasta;Servicio de Salud Antofagasta;Sierra Gorda;Posta de Salud Rural Sierra Gorda;103401;1;0;2;0.0
Antofagasta;Servicio de Salud Antofagasta;Sierra Gorda;Posta de Salud Rural Sierra Gorda;103401;2;0;1;0.0
Antofagasta;Servicio de Salud Antofagasta;Sierra Gorda;Posta de Salud Rural Sierra Gorda;103401;4;0;2;0.0
Antofagasta;Servicio de Salud Antofagasta;Sierra Gorda;Posta de Salud Rural Sierra Gorda;103401;5;1;2;50.0
Antofagasta;Servicio de Salud Antofagasta;Taltal;Hospital 21 de Mayo (Taltal);103103;1;0;8;0.0
Antofagasta;Servicio de Salud Antofagasta;Taltal;Hospital 21 de Mayo (Taltal);103103;2;0;9;0.0
Antofagasta;Servicio de Salud Antofagasta;Taltal;Hospital 21 de Mayo (Taltal);103103;3;0;6;0.0
Antofagasta;Servicio de Salud Antofagasta;Taltal;Hospital 21 de Mayo (Taltal);103103;4;0;9;0.0
Antofagasta;Servicio de Salud Antofagasta;Taltal;Hospital 21 de Mayo (Taltal);103103;5;12;11;109.09
Antofagasta;Servicio de Salud Antofagasta;Taltal;Hospital 21 de Mayo (Taltal);103103;6;0;9;0.0
Antofagasta;Servicio de Salud Antofagasta;Taltal;Posta de Salud Rural Paposo;103413;4;0;1;0.0
Antofagasta;Servicio de Salud Antofagasta;Tocopilla;Hospital Dr. Marcos Macuada (Tocopilla);103102;1;0;20;0.0
Antofagasta;Servicio de Salud Antofagasta;Tocopilla;Hospital Dr. Marcos Macuada (Tocopilla);103102;2;9;12;75.0
Antofagasta;Servicio de Salud Antofagasta;Tocopilla;Hospital Dr. Marcos Macuada (Tocopilla);103102;3;9;23;39.13
Antofagasta;Servicio de Salud Antofagasta;Tocopilla;Hospital Dr. Marcos Macuada (Tocopilla);103102;4;4;22;18.18
Antofagasta;Servicio de Salud Antofagasta;Tocopilla;Hospital Dr. Marcos Macuada (Tocopilla);103102;5;5;24;20.83
Antofagasta;Servicio de Salud Antofagasta;Tocopilla;Hospital Dr. Marcos Macuada (Tocopilla);103102;6;4;18;22.22
Arica Parinacota;Servicio de Salud Arica y Parinacota;Arica;Centro Comunitario de Salud Familiar Cerro La Cruz;101704;1;0;2;0.0
Arica Parinacota;Servicio de Salud Arica y Parinacota;Arica;Centro Comunitario de Salud Familiar Cerro La Cruz;101704;2;0;4;0.0
Arica Parinacota;Servicio de Salud Arica y Parinacota;Arica;Centro Comunitario de Salud Familiar Cerro La Cruz;101704;3;0;1;0.0
Arica Parinacota;Servicio de Salud Arica y Parinacota;Arica;Centro Comunitario de Salud Familiar Cerro La Cruz;101704;4;0;1;0.0
Arica Parinacota;Servicio de Salud Arica y Parinacota;Arica;Centro Comunitario de Salud Familiar Cerro La Cruz;101704;5;0;1;0.0
Arica Parinacota;Servicio de Salud Arica y Parinacota;Arica;Centro Comunitario de Salud Familiar Cerro La Cruz;101704;6;0;1;0.0
Arica Parinacota;Servicio de Salud Arica y Parinacota;Arica;Centro Comunitario de Salud Familiar Dr. Miguel Massa Sassi;101702;1;0;5;0.0
Arica Parinacota;Servicio de Salud Arica y Parinacota;Arica;Centro Comunitario de Salud Familiar Dr. Miguel Massa Sassi;101702;2;0;2;0.0
Arica Parinacota;Servicio de Salud Arica y Parinacota;Arica;Centro Comunitario de Salud Familiar Dr. Miguel Massa Sassi;101702;3;0;3;0.0
Arica Parinacota;Servicio de Salud Arica y Parinacota;Arica;Centro Comunitario de Salud Familiar Dr. Miguel Massa Sassi;101702;4;0;3;0.0
Arica Parinacota;Servicio de Salud Arica y Parinacota;Arica;Centro Comunitario de Salud Familiar Dr. Miguel Massa Sassi;101702;5;0;1;0.0
Arica Parinacota;Servicio de Salud Arica y Parinacota;Arica;Centro Comunitario de Salud Familiar Dr. Miguel Massa Sassi;101702;6;0;5;0.0
Arica Parinacota;Servicio de Salud Arica y Parinacota;Arica;Centro Comunitario de Salud Familiar Dr. René García Valenzuela;101703;1;0;8;0.0
Arica Parinacota;Servicio de Salud Arica y Parinacota;Arica;Centro Comunitario de Salud Familiar Dr. René García Valenzuela;101703;2;0;1;0.0
Arica Parinacota;Servicio de Salud Arica y Parinacota;Arica;Centro Comunitario de Salud Familiar Dr. René García Valenzuela;101703;3;0;6;0.0
Arica Parinacota;Servicio de Salud Arica y Parinacota;Arica;Centro Comunitario de Salud Familiar Dr. René García Valenzuela;101703;4;0;8;0.0
Arica Parinacota;Servicio de Salud Arica y Parinacota;Arica;Centro Comunitario de Salud Familiar Dr. René García Valenzuela;101703;5;0;1;0.0
Arica Parinacota;Servicio de Salud Arica y Parinacota;Arica;Centro Comunitario de Salud Familiar Dr. René García Valenzuela;101703;6;0;2;0.0
Arica Parinacota;Servicio de Salud Arica y Parinacota;Arica;Centro de Salud Familiar Dr. Amador Neghme de Arica;101302;1;9;35;25.71
Arica Parinacota;Servicio de Salud Arica y Parinacota;Arica;Centro de Salud Familiar Dr. Amador Neghme de Arica;101302;2;0;17;0.0
Arica Parinacota;Servicio de Salud Arica y Parinacota;Arica;Centro de Salud Familiar Dr. Amador Neghme de Arica;101302;3;0;25;0.0
Arica Parinacota;Servicio de Salud Arica y Parinacota;Arica;Centro de Salud Familiar Dr. Amador Neghme de Arica;101302;4;0;26;0.0
Arica Parinacota;Servicio de Salud Arica y Parinacota;Arica;Centro de Salud Familiar Dr. Amador Neghme de Arica;101302;5;0;19;0.0
Arica Parinacota;Servicio de Salud Arica y Parinacota;Arica;Centro de Salud Familiar Dr. Amador Neghme de Arica;101302;6;0;17;0.0
Arica Parinacota;Servicio de Salud Arica y Parinacota;Arica;Centro de Salud Familiar E.U. Iris Veliz Hume (Ex Oriente);101303;1;23;37;62.16
Arica Parinacota;Servicio de Salud Arica y Parinacota;Arica;Centro de Salud Familiar E.U. Iris Veliz Hume (Ex Oriente);101303;2;0;28;0.0
Arica Parinacota;Servicio de Salud Arica y Parinacota;Arica;Centro de Salud Familiar E.U. Iris Veliz Hume (Ex Oriente);101303;3;0;35;0.0
Arica Parinacota;Servicio de Salud Arica y Parinacota;Arica;Centro de Salud Familiar E.U. Iris Veliz Hume (Ex Oriente);101303;4;0;38;0.0
Arica Parinacota;Servicio de Salud Arica y Parinacota;Arica;Centro de Salud Familiar E.U. Iris Veliz Hume (Ex Oriente);101303;5;0;23;0.0
Arica Parinacota;Servicio de Salud Arica y Parinacota;Arica;Centro de Salud Familiar E.U. Iris Veliz Hume (Ex Oriente);101303;6;0;30;0.0
Arica Parinacota;Servicio de Salud Arica y Parinacota;Arica;Centro de Salud Familiar Eugenio Petruccelli Astudillo (ex Punta Norte);101307;1;15;41;36.59
Arica Parinacota;Servicio de Salud Arica y Parinacota;Arica;Centro de Salud Familiar Eugenio Petruccelli Astudillo (ex Punta Norte);101307;2;0;37;0.0
Arica Parinacota;Servicio de Salud Arica y Parinacota;Arica;Centro de Salud Familiar Eugenio Petruccelli Astudillo (ex Punta Norte);101307;3;0;47;0.0
Arica Parinacota;Servicio de Salud Arica y Parinacota;Arica;Centro de Salud Familiar Eugenio Petruccelli Astudillo (ex Punta Norte);101307;4;0;27;0.0
Arica Parinacota;Servicio de Salud Arica y Parinacota;Arica;Centro de Salud Familiar Eugenio Petruccelli Astudillo (ex Punta Norte);101307;5;0;30;0.0
Arica Parinacota;Servicio de Salud Arica y Parinacota;Arica;Centro de Salud Familiar Eugenio Petruccelli Astudillo (ex Punta Norte);101307;6;0;34;0.0
Arica Parinacota;Servicio de Salud Arica y Parinacota;Arica;Centro de Salud Familiar Matrona Rosa Vascopé Zarzola;200866;1;11;30;36.67
Arica Parinacota;Servicio de Salud Arica y Parinacota;Arica;Centro de Salud Familiar Matrona Rosa Vascopé Zarzola;200866;2;0;21;0.0
Arica Parinacota;Servicio de Salud Arica y Parinacota;Arica;Centro de Salud Familiar Matrona Rosa Vascopé Zarzola;200866;3;0;28;0.0
Arica Parinacota;Servicio de Salud Arica y Parinacota;Arica;Centro de Salud Familiar Matrona Rosa Vascopé Zarzola;200866;4;0;26;0.0
Arica Parinacota;Servicio de Salud Arica y Parinacota;Arica;Centro de Salud Familiar Matrona Rosa Vascopé Zarzola;200866;5;0;22;0.0
Arica Parinacota;Servicio de Salud Arica y Parinacota;Arica;Centro de Salud Familiar Matrona Rosa Vascopé Zarzola;200866;6;0;20;0.0
Arica Parinacota;Servicio de Salud Arica y Parinacota;Arica;Centro de Salud Familiar Remigio Sapunar Marín;101305;1;0;29;0.0
Arica Parinacota;Servicio de Salud Arica y Parinacota;Arica;Centro de Salud Familiar Remigio Sapunar Marín;101305;2;0;14;0.0
Arica Parinacota;Servicio de Salud Arica y Parinacota;Arica;Centro de Salud Familiar Remigio Sapunar Marín;101305;3;0;35;0.0
Arica Parinacota;Servicio de Salud Arica y Parinacota;Arica;Centro de Salud Familiar Remigio Sapunar Marín;101305;4;0;20;0.0
Arica Parinacota;Servicio de Salud Arica y Parinacota;Arica;Centro de Salud Familiar Remigio Sapunar Marín;101305;5;0;13;0.0
Arica Parinacota;Servicio de Salud Arica y Parinacota;Arica;Centro de Salud Familiar Remigio Sapunar Marín;101305;6;0;24;0.0
Arica Parinacota;Servicio de Salud Arica y Parinacota;Arica;Centro de Salud Familiar Víctor Bertín Soto;101300;1;23;34;67.65
Arica Parinacota;Servicio de Salud Arica y Parinacota;Arica;Centro de Salud Familiar Víctor Bertín Soto;101300;2;10;19;52.63
Arica Parinacota;Servicio de Salud Arica y Parinacota;Arica;Centro de Salud Familiar Víctor Bertín Soto;101300;3;21;31;67.74
Arica Parinacota;Servicio de Salud Arica y Parinacota;Arica;Centro de Salud Familiar Víctor Bertín Soto;101300;4;0;25;0.0
Arica Parinacota;Servicio de Salud Arica y Parinacota;Arica;Centro de Salud Familiar Víctor Bertín Soto;101300;5;9;18;50.0
Arica Parinacota;Servicio de Salud Arica y Parinacota;Arica;Centro de Salud Familiar Víctor Bertín Soto;101300;6;0;20;0.0
Arica Parinacota;Servicio de Salud Arica y Parinacota;Arica;Posta de Salud Rural Poconchile;101401;1;0;2;0.0
Arica Parinacota;Servicio de Salud Arica y Parinacota;Arica;Posta de Salud Rural Poconchile;101401;3;0;3;0.0
Arica Parinacota;Servicio de Salud Arica y Parinacota;Arica;Posta de Salud Rural Poconchile;101401;4;0;2;0.0
Arica Parinacota;Servicio de Salud Arica y Parinacota;Arica;Posta de Salud Rural San Miguel de Azapa;101400;1;5;18;27.78
Arica Parinacota;Servicio de Salud Arica y Parinacota;Arica;Posta de Salud Rural San Miguel de Azapa;101400;2;0;14;0.0
Arica Parinacota;Servicio de Salud Arica y Parinacota;Arica;Posta de Salud Rural San Miguel de Azapa;101400;3;0;21;0.0
Arica Parinacota;Servicio de Salud Arica y Parinacota;Arica;Posta de Salud Rural San Miguel de Azapa;101400;4;0;18;0.0
Arica Parinacota;Servicio de Salud Arica y Parinacota;Arica;Posta de Salud Rural San Miguel de Azapa;101400;5;0;13;0.0
Arica Parinacota;Servicio de Salud Arica y Parinacota;Arica;Posta de Salud Rural San Miguel de Azapa;101400;6;0;7;0.0
Arica Parinacota;Servicio de Salud Arica y Parinacota;Arica;Posta de Salud Rural Sobraya;101408;1;0;9;0.0
Arica Parinacota;Servicio de Salud Arica y Parinacota;Arica;Posta de Salud Rural Sobraya;101408;2;0;8;0.0
Arica Parinacota;Servicio de Salud Arica y Parinacota;Arica;Posta de Salud Rural Sobraya;101408;3;0;5;0.0
Arica Parinacota;Servicio de Salud Arica y Parinacota;Arica;Posta de Salud Rural Sobraya;101408;4;0;8;0.0
Arica Parinacota;Servicio de Salud Arica y Parinacota;Arica;Posta de Salud Rural Sobraya;101408;5;0;7;0.0
Arica Parinacota;Servicio de Salud Arica y Parinacota;Arica;Posta de Salud Rural Sobraya;101408;6;0;11;0.0
Arica Parinacota;Servicio de Salud Arica y Parinacota;Camarones;Posta de Salud Rural Codpa;101406;1;1;0;
Arica Parinacota;Servicio de Salud Arica y Parinacota;Camarones;Posta de Salud Rural Codpa;101406;4;1;1;100.0
Arica Parinacota;Servicio de Salud Arica y Parinacota;Camarones;Posta de Salud Rural Codpa;101406;5;1;0;
Arica Parinacota;Servicio de Salud Arica y Parinacota;Camarones;Posta de Salud Rural Codpa;101406;6;1;0;
Arica Parinacota;Servicio de Salud Arica y Parinacota;General Lagos;Posta de Salud Rural Visviri;101404;1;1;2;50.0
Arica Parinacota;Servicio de Salud Arica y Parinacota;General Lagos;Posta de Salud Rural Visviri;101404;2;0;3;0.0
Arica Parinacota;Servicio de Salud Arica y Parinacota;General Lagos;Posta de Salud Rural Visviri;101404;3;1;1;100.0
Arica Parinacota;Servicio de Salud Arica y Parinacota;General Lagos;Posta de Salud Rural Visviri;101404;4;2;0;
Arica Parinacota;Servicio de Salud Arica y Parinacota;General Lagos;Posta de Salud Rural Visviri;101404;5;2;0;
Arica Parinacota;Servicio de Salud Arica y Parinacota;General Lagos;Posta de Salud Rural Visviri;101404;6;0;1;0.0
Arica Parinacota;Servicio de Salud Arica y Parinacota;Putre;Centro de Salud Familiar Putre;101304;1;0;2;0.0
Arica Parinacota;Servicio de Salud Arica y Parinacota;Putre;Centro de Salud Familiar Putre;101304;3;0;1;0.0
Arica Parinacota;Servicio de Salud Arica y Parinacota;Putre;Centro de Salud Familiar Putre;101304;4;0;2;0.0
Arica Parinacota;Servicio de Salud Arica y Parinacota;Putre;Centro de Salud Familiar Putre;101304;5;3;1;300.0
Arica Parinacota;Servicio de Salud Arica y Parinacota;Putre;Posta de Salud Rural Ticnamar;101407;4;0;1;0.0
Atacama;Servicio de Salud Atacama;Alto del Carmen;Centro de Salud Familiar Alto del Carmen;104322;1;0;1;0.0
Atacama;Servicio de Salud Atacama;Alto del Carmen;Centro de Salud Familiar Alto del Carmen;104322;3;0;4;0.0
Atacama;Servicio de Salud Atacama;Alto del Carmen;Centro de Salud Familiar Alto del Carmen;104322;4;0;2;0.0
Atacama;Servicio de Salud Atacama;Alto del Carmen;Centro de Salud Familiar Alto del Carmen;104322;5;0;3;0.0
Atacama;Servicio de Salud Atacama;Alto del Carmen;Centro de Salud Familiar Alto del Carmen;104322;6;0;1;0.0
Atacama;Servicio de Salud Atacama;Alto del Carmen;Posta de Salud Rural Conay;104407;1;0;1;0.0
Atacama;Servicio de Salud Atacama;Alto del Carmen;Posta de Salud Rural Conay;104407;4;0;1;0.0
Atacama;Servicio de Salud Atacama;Alto del Carmen;Posta de Salud Rural Conay;104407;5;0;1;0.0
Atacama;Servicio de Salud Atacama;Alto del Carmen;Posta de Salud Rural El Tránsito;104404;3;0;1;0.0
Atacama;Servicio de Salud Atacama;Alto del Carmen;Posta de Salud Rural San Félix;104403;3;0;1;0.0
Atacama;Servicio de Salud Atacama;Caldera;Centro Comunitario de Salud Familiar Orfelia Lavín;104701;1;0;5;0.0
Atacama;Servicio de Salud Atacama;Caldera;Centro Comunitario de Salud Familiar Orfelia Lavín;104701;2;0;2;0.0
Atacama;Servicio de Salud Atacama;Caldera;Centro Comunitario de Salud Familiar Orfelia Lavín;104701;3;0;3;0.0
Atacama;Servicio de Salud Atacama;Caldera;Centro Comunitario de Salud Familiar Orfelia Lavín;104701;4;0;2;0.0
Atacama;Servicio de Salud Atacama;Caldera;Centro Comunitario de Salud Familiar Orfelia Lavín;104701;5;0;1;0.0
Atacama;Servicio de Salud Atacama;Caldera;Centro Comunitario de Salud Familiar Orfelia Lavín;104701;6;0;4;0.0
Atacama;Servicio de Salud Atacama;Caldera;Centro de Salud Familiar Rosario Corvalán;104301;1;0;17;0.0
Atacama;Servicio de Salud Atacama;Caldera;Centro de Salud Familiar Rosario Corvalán;104301;2;0;7;0.0
Atacama;Servicio de Salud Atacama;Caldera;Centro de Salud Familiar Rosario Corvalán;104301;3;0;11;0.0
Atacama;Servicio de Salud Atacama;Caldera;Centro de Salud Familiar Rosario Corvalán;104301;4;0;11;0.0
Atacama;Servicio de Salud Atacama;Caldera;Centro de Salud Familiar Rosario Corvalán;104301;5;12;10;120.0
Atacama;Servicio de Salud Atacama;Caldera;Centro de Salud Familiar Rosario Corvalán;104301;6;15;11;136.36
Atacama;Servicio de Salud Atacama;Chañaral;Centro de Salud Familiar Dr. Luis Herrera;104309;1;11;11;100.0
Atacama;Servicio de Salud Atacama;Chañaral;Centro de Salud Familiar Dr. Luis Herrera;104309;2;2;12;16.67
Atacama;Servicio de Salud Atacama;Chañaral;Centro de Salud Familiar Dr. Luis Herrera;104309;3;5;10;50.0
Atacama;Servicio de Salud Atacama;Chañaral;Centro de Salud Familiar Dr. Luis Herrera;104309;4;7;6;116.67
Atacama;Servicio de Salud Atacama;Chañaral;Centro de Salud Familiar Dr. Luis Herrera;104309;5;10;8;125.0
Atacama;Servicio de Salud Atacama;Chañaral;Centro de Salud Familiar Dr. Luis Herrera;104309;6;4;12;33.33
Atacama;Servicio de Salud Atacama;Chañaral;Posta de Salud Rural El Salado de Chañaral;104401;3;0;1;0.0
Atacama;Servicio de Salud Atacama;Chañaral;Posta de Salud Rural El Salado de Chañaral;104401;4;0;1;0.0
Atacama;Servicio de Salud Atacama;Copiapó;Centro de Salud Familiar Candelaria Rosario;104305;1;3;8;37.5
Atacama;Servicio de Salud Atacama;Copiapó;Centro de Salud Familiar Candelaria Rosario;104305;2;2;7;28.57
Atacama;Servicio de Salud Atacama;Copiapó;Centro de Salud Familiar Candelaria Rosario;104305;3;14;6;233.33
Atacama;Servicio de Salud Atacama;Copiapó;Centro de Salud Familiar Candelaria Rosario;104305;4;3;3;100.0
Atacama;Servicio de Salud Atacama;Copiapó;Centro de Salud Familiar Candelaria Rosario;104305;5;31;1;3100.0
Atacama;Servicio de Salud Atacama;Copiapó;Centro de Salud Familiar Candelaria Rosario;104305;6;0;5;0.0
Atacama;Servicio de Salud Atacama;Copiapó;Centro de Salud Familiar Dr. Bernardo Mellibovsky;104321;1;25;14;178.57
Atacama;Servicio de Salud Atacama;Copiapó;Centro de Salud Familiar Dr. Bernardo Mellibovsky;104321;2;0;11;0.0
Atacama;Servicio de Salud Atacama;Copiapó;Centro de Salud Familiar Dr. Bernardo Mellibovsky;104321;3;7;23;30.43
Atacama;Servicio de Salud Atacama;Copiapó;Centro de Salud Familiar Dr. Bernardo Mellibovsky;104321;4;16;21;76.19
Atacama;Servicio de Salud Atacama;Copiapó;Centro de Salud Familiar Dr. Bernardo Mellibovsky;104321;5;31;21;147.62
Atacama;Servicio de Salud Atacama;Copiapó;Centro de Salud Familiar Dr. Bernardo Mellibovsky;104321;6;13;17;76.47
Atacama;Servicio de Salud Atacama;Copiapó;Centro de Salud Familiar Juan Martínez;104302;1;10;8;125.0
Atacama;Servicio de Salud Atacama;Copiapó;Centro de Salud Familiar Juan Martínez;104302;2;7;7;100.0
Atacama;Servicio de Salud Atacama;Copiapó;Centro de Salud Familiar Juan Martínez;104302;3;3;15;20.0
Atacama;Servicio de Salud Atacama;Copiapó;Centro de Salud Familiar Juan Martínez;104302;4;13;20;65.0
Atacama;Servicio de Salud Atacama;Copiapó;Centro de Salud Familiar Juan Martínez;104302;5;0;19;0.0
Atacama;Servicio de Salud Atacama;Copiapó;Centro de Salud Familiar Juan Martínez;104302;6;0;11;0.0
Atacama;Servicio de Salud Atacama;Copiapó;Centro de Salud Familiar Manuel Rodríguez;104306;1;0;16;0.0
Atacama;Servicio de Salud Atacama;Copiapó;Centro de Salud Familiar Manuel Rodríguez;104306;2;30;14;214.29
Atacama;Servicio de Salud Atacama;Copiapó;Centro de Salud Familiar Manuel Rodríguez;104306;3;34;22;154.55
Atacama;Servicio de Salud Atacama;Copiapó;Centro de Salud Familiar Manuel Rodríguez;104306;4;42;22;190.91
Atacama;Servicio de Salud Atacama;Copiapó;Centro de Salud Familiar Manuel Rodríguez;104306;5;30;13;230.77
Atacama;Servicio de Salud Atacama;Copiapó;Centro de Salud Familiar Manuel Rodríguez;104306;6;21;10;210.0
Atacama;Servicio de Salud Atacama;Copiapó;Centro de Salud Familiar Paipote;104307;1;0;23;0.0
Atacama;Servicio de Salud Atacama;Copiapó;Centro de Salud Familiar Paipote;104307;2;0;18;0.0
Atacama;Servicio de Salud Atacama;Copiapó;Centro de Salud Familiar Paipote;104307;3;0;22;0.0
Atacama;Servicio de Salud Atacama;Copiapó;Centro de Salud Familiar Paipote;104307;4;0;19;0.0
Atacama;Servicio de Salud Atacama;Copiapó;Centro de Salud Familiar Paipote;104307;5;0;15;0.0
Atacama;Servicio de Salud Atacama;Copiapó;Centro de Salud Familiar Paipote;104307;6;22;25;88.0
Atacama;Servicio de Salud Atacama;Copiapó;Centro de Salud Familiar Pedro León Gallo;104303;1;17;24;70.83
Atacama;Servicio de Salud Atacama;Copiapó;Centro de Salud Familiar Pedro León Gallo;104303;2;9;16;56.25
Atacama;Servicio de Salud Atacama;Copiapó;Centro de Salud Familiar Pedro León Gallo;104303;3;27;43;62.79
Atacama;Servicio de Salud Atacama;Copiapó;Centro de Salud Familiar Pedro León Gallo;104303;4;20;31;64.52
Atacama;Servicio de Salud Atacama;Copiapó;Centro de Salud Familiar Pedro León Gallo;104303;5;17;23;73.91
Atacama;Servicio de Salud Atacama;Copiapó;Centro de Salud Familiar Pedro León Gallo;104303;6;28;39;71.79
Atacama;Servicio de Salud Atacama;Copiapó;Centro de Salud Familiar Rosario-Palomar;104304;1;12;14;85.71
Atacama;Servicio de Salud Atacama;Copiapó;Centro de Salud Familiar Rosario-Palomar;104304;2;2;19;10.53
Atacama;Servicio de Salud Atacama;Copiapó;Centro de Salud Familiar Rosario-Palomar;104304;3;13;21;61.9
Atacama;Servicio de Salud Atacama;Copiapó;Centro de Salud Familiar Rosario-Palomar;104304;4;11;19;57.89
Atacama;Servicio de Salud Atacama;Copiapó;Centro de Salud Familiar Rosario-Palomar;104304;5;0;14;0.0
Atacama;Servicio de Salud Atacama;Copiapó;Centro de Salud Familiar Rosario-Palomar;104304;6;22;17;129.41
Atacama;Servicio de Salud Atacama;Copiapó;Centro de Salud Familiar Santa Elvira;104300;1;0;9;0.0
Atacama;Servicio de Salud Atacama;Copiapó;Centro de Salud Familiar Santa Elvira;104300;2;0;10;0.0
Atacama;Servicio de Salud Atacama;Copiapó;Centro de Salud Familiar Santa Elvira;104300;3;39;16;243.75
Atacama;Servicio de Salud Atacama;Copiapó;Centro de Salud Familiar Santa Elvira;104300;4;19;14;135.71
Atacama;Servicio de Salud Atacama;Copiapó;Centro de Salud Familiar Santa Elvira;104300;5;17;9;188.89
Atacama;Servicio de Salud Atacama;Copiapó;Centro de Salud Familiar Santa Elvira;104300;6;19;16;118.75
Atacama;Servicio de Salud Atacama;Diego de Almagro;Centro de Salud Familiar El Salvador;104311;1;4;3;133.33
Atacama;Servicio de Salud Atacama;Diego de Almagro;Centro de Salud Familiar El Salvador;104311;3;0;2;0.0
Atacama;Servicio de Salud Atacama;Diego de Almagro;Centro de Salud Familiar El Salvador;104311;4;5;2;250.0
Atacama;Servicio de Salud Atacama;Diego de Almagro;Centro de Salud Familiar El Salvador;104311;5;2;1;200.0
Atacama;Servicio de Salud Atacama;Diego de Almagro;Centro de Salud Familiar El Salvador;104311;6;0;1;0.0
Atacama;Servicio de Salud Atacama;Diego de Almagro;Hospital Dr. Florencio Vargas (Diego de Almagro);104102;1;0;5;0.0
Atacama;Servicio de Salud Atacama;Diego de Almagro;Hospital Dr. Florencio Vargas (Diego de Almagro);104102;2;0;4;0.0
Atacama;Servicio de Salud Atacama;Diego de Almagro;Hospital Dr. Florencio Vargas (Diego de Almagro);104102;3;7;4;175.0
Atacama;Servicio de Salud Atacama;Diego de Almagro;Hospital Dr. Florencio Vargas (Diego de Almagro);104102;4;3;1;300.0
Atacama;Servicio de Salud Atacama;Diego de Almagro;Hospital Dr. Florencio Vargas (Diego de Almagro);104102;5;11;3;366.67
Atacama;Servicio de Salud Atacama;Diego de Almagro;Hospital Dr. Florencio Vargas (Diego de Almagro);104102;6;3;7;42.86
Atacama;Servicio de Salud Atacama;Freirina;Centro de Salud Familiar Freirina;104314;1;0;4;0.0
Atacama;Servicio de Salud Atacama;Freirina;Centro de Salud Familiar Freirina;104314;2;0;2;0.0
Atacama;Servicio de Salud Atacama;Freirina;Centro de Salud Familiar Freirina;104314;3;9;3;300.0
Atacama;Servicio de Salud Atacama;Freirina;Centro de Salud Familiar Freirina;104314;4;2;5;40.0
Atacama;Servicio de Salud Atacama;Freirina;Centro de Salud Familiar Freirina;104314;5;0;4;0.0
Atacama;Servicio de Salud Atacama;Freirina;Centro de Salud Familiar Freirina;104314;6;9;4;225.0
Atacama;Servicio de Salud Atacama;Freirina;Posta de Salud Rural Carrizalillo (Freirina);104409;6;0;1;0.0
Atacama;Servicio de Salud Atacama;Huasco;Centro de Salud Familiar Juan Verdaguer;104319;1;0;1;0.0
Atacama;Servicio de Salud Atacama;Huasco;Centro de Salud Familiar Juan Verdaguer;104319;2;0;2;0.0
Atacama;Servicio de Salud Atacama;Huasco;Centro de Salud Familiar Juan Verdaguer;104319;3;3;4;75.0
Atacama;Servicio de Salud Atacama;Huasco;Centro de Salud Familiar Juan Verdaguer;104319;4;0;3;0.0
Atacama;Servicio de Salud Atacama;Huasco;Centro de Salud Familiar Juan Verdaguer;104319;5;0;1;0.0
Atacama;Servicio de Salud Atacama;Huasco;Centro de Salud Familiar Juan Verdaguer;104319;6;2;6;33.33
Atacama;Servicio de Salud Atacama;Huasco;Hospital Dr. Manuel Magalhaes Medling (Huasco);104104;1;0;7;0.0
Atacama;Servicio de Salud Atacama;Huasco;Hospital Dr. Manuel Magalhaes Medling (Huasco);104104;2;0;4;0.0
Atacama;Servicio de Salud Atacama;Huasco;Hospital Dr. Manuel Magalhaes Medling (Huasco);104104;3;3;5;60.0
Atacama;Servicio de Salud Atacama;Huasco;Hospital Dr. Manuel Magalhaes Medling (Huasco);104104;4;0;4;0.0
Atacama;Servicio de Salud Atacama;Huasco;Hospital Dr. Manuel Magalhaes Medling (Huasco);104104;5;0;3;0.0
Atacama;Servicio de Salud Atacama;Huasco;Hospital Dr. Manuel Magalhaes Medling (Huasco);104104;6;6;1;600.0
Atacama;Servicio de Salud Atacama;Huasco;Posta de Salud Rural Jeremías Cortés;104416;1;0;2;0.0
Atacama;Servicio de Salud Atacama;Huasco;Posta de Salud Rural Jeremías Cortés;104416;2;0;1;0.0
Atacama;Servicio de Salud Atacama;Huasco;Posta de Salud Rural Jeremías Cortés;104416;3;0;1;0.0
Atacama;Servicio de Salud Atacama;Huasco;Posta de Salud Rural Jeremías Cortés;104416;4;0;4;0.0
Atacama;Servicio de Salud Atacama;Huasco;Posta de Salud Rural Padre Mariano Avellana Lasierra;104415;5;0;1;0.0
Atacama;Servicio de Salud Atacama;Huasco;Posta de Salud Rural Segundo Ponce;104413;2;0;1;0.0
Atacama;Servicio de Salud Atacama;Tierra Amarilla;Centro de Salud Familiar Dr. Salvador Allende Gossens;104308;1;0;9;0.0
Atacama;Servicio de Salud Atacama;Tierra Amarilla;Centro de Salud Familiar Dr. Salvador Allende Gossens;104308;2;0;2;0.0
Atacama;Servicio de Salud Atacama;Tierra Amarilla;Centro de Salud Familiar Dr. Salvador Allende Gossens;104308;3;10;11;90.91
Atacama;Servicio de Salud Atacama;Tierra Amarilla;Centro de Salud Familiar Dr. Salvador Allende Gossens;104308;4;14;5;280.0
Atacama;Servicio de Salud Atacama;Tierra Amarilla;Centro de Salud Familiar Dr. Salvador Allende Gossens;104308;5;7;10;70.0
Atacama;Servicio de Salud Atacama;Tierra Amarilla;Centro de Salud Familiar Dr. Salvador Allende Gossens;104308;6;2;7;28.57
Atacama;Servicio de Salud Atacama;Tierra Amarilla;Posta de Salud Rural Los Loros;104400;1;0;1;0.0
Atacama;Servicio de Salud Atacama;Tierra Amarilla;Posta de Salud Rural Los Loros;104400;2;0;3;0.0
Atacama;Servicio de Salud Atacama;Tierra Amarilla;Posta de Salud Rural Los Loros;104400;3;0;4;0.0
Atacama;Servicio de Salud Atacama;Tierra Amarilla;Posta de Salud Rural Los Loros;104400;4;7;0;
Atacama;Servicio de Salud Atacama;Tierra Amarilla;Posta de Salud Rural Los Loros;104400;6;0;2;0.0
Atacama;Servicio de Salud Atacama;Vallenar;Centro de Salud Familiar Baquedano;104316;1;0;7;0.0
Atacama;Servicio de Salud Atacama;Vallenar;Centro de Salud Familiar Baquedano;104316;2;0;4;0.0
Atacama;Servicio de Salud Atacama;Vallenar;Centro de Salud Familiar Baquedano;104316;3;4;10;40.0
Atacama;Servicio de Salud Atacama;Vallenar;Centro de Salud Familiar Baquedano;104316;4;0;4;0.0
Atacama;Servicio de Salud Atacama;Vallenar;Centro de Salud Familiar Baquedano;104316;5;4;3;133.33
Atacama;Servicio de Salud Atacama;Vallenar;Centro de Salud Familiar Baquedano;104316;6;0;3;0.0
Atacama;Servicio de Salud Atacama;Vallenar;Centro de Salud Familiar Estación;104313;1;4;11;36.36
Atacama;Servicio de Salud Atacama;Vallenar;Centro de Salud Familiar Estación;104313;2;5;8;62.5
Atacama;Servicio de Salud Atacama;Vallenar;Centro de Salud Familiar Estación;104313;3;4;9;44.44
Atacama;Servicio de Salud Atacama;Vallenar;Centro de Salud Familiar Estación;104313;4;1;17;5.88
Atacama;Servicio de Salud Atacama;Vallenar;Centro de Salud Familiar Estación;104313;5;5;12;41.67
Atacama;Servicio de Salud Atacama;Vallenar;Centro de Salud Familiar Estación;104313;6;3;9;33.33
Atacama;Servicio de Salud Atacama;Vallenar;Centro de Salud Familiar Hermanos Carrera;104315;1;0;6;0.0
Atacama;Servicio de Salud Atacama;Vallenar;Centro de Salud Familiar Hermanos Carrera;104315;2;0;15;0.0
Atacama;Servicio de Salud Atacama;Vallenar;Centro de Salud Familiar Hermanos Carrera;104315;3;1;8;12.5
Atacama;Servicio de Salud Atacama;Vallenar;Centro de Salud Familiar Hermanos Carrera;104315;4;0;11;0.0
Atacama;Servicio de Salud Atacama;Vallenar;Centro de Salud Familiar Hermanos Carrera;104315;5;0;10;0.0
Atacama;Servicio de Salud Atacama;Vallenar;Centro de Salud Familiar Hermanos Carrera;104315;6;4;5;80.0
Atacama;Servicio de Salud Atacama;Vallenar;Centro de Salud Familiar Joan Crawford Astudillo;104317;1;0;15;0.0
Atacama;Servicio de Salud Atacama;Vallenar;Centro de Salud Familiar Joan Crawford Astudillo;104317;2;0;11;0.0
Atacama;Servicio de Salud Atacama;Vallenar;Centro de Salud Familiar Joan Crawford Astudillo;104317;3;17;13;130.77
Atacama;Servicio de Salud Atacama;Vallenar;Centro de Salud Familiar Joan Crawford Astudillo;104317;4;8;21;38.1
Atacama;Servicio de Salud Atacama;Vallenar;Centro de Salud Familiar Joan Crawford Astudillo;104317;5;5;14;35.71
Atacama;Servicio de Salud Atacama;Vallenar;Centro de Salud Familiar Joan Crawford Astudillo;104317;6;7;14;50.0
Atacama;Servicio de Salud Atacama;Vallenar;Posta de Salud Rural Cachiyuyo;104410;3;0;1;0.0
Atacama;Servicio de Salud Atacama;Vallenar;Posta de Salud Rural Domeyko;104405;1;0;1;0.0
Atacama;Servicio de Salud Atacama;Vallenar;Posta de Salud Rural Domeyko;104405;2;0;1;0.0
Atacama;Servicio de Salud Atacama;Vallenar;Posta de Salud Rural Domeyko;104405;5;0;1;0.0
Atacama;Servicio de Salud Atacama;Vallenar;Posta de Salud Rural Hacienda Ventanas;104408;4;0;1;0.0
Aysén del General Carlos Ibañez del Campo;Servicio de Salud Aysén;Aisén;Centro Comunitario de Salud Familiar  Villa Mañihuales;125418;1;9;1;900.0
Aysén del General Carlos Ibañez del Campo;Servicio de Salud Aysén;Aisén;Centro Comunitario de Salud Familiar  Villa Mañihuales;125418;3;2;0;
Aysén del General Carlos Ibañez del Campo;Servicio de Salud Aysén;Aisén;Centro Comunitario de Salud Familiar  Villa Mañihuales;125418;4;2;0;
Aysén del General Carlos Ibañez del Campo;Servicio de Salud Aysén;Aisén;Centro Comunitario de Salud Familiar  Villa Mañihuales;125418;6;1;0;
Aysén del General Carlos Ibañez del Campo;Servicio de Salud Aysén;Aisén;Centro Comunitario de Salud Familiar Puerto Chacabuco;125417;1;0;3;0.0
Aysén del General Carlos Ibañez del Campo;Servicio de Salud Aysén;Aisén;Centro Comunitario de Salud Familiar Puerto Chacabuco;125417;3;0;1;0.0
Aysén del General Carlos Ibañez del Campo;Servicio de Salud Aysén;Aisén;Centro Comunitario de Salud Familiar Puerto Chacabuco;125417;5;0;1;0.0
Aysén del General Carlos Ibañez del Campo;Servicio de Salud Aysén;Aisén;Centro Comunitario de Salud Familiar Puerto Chacabuco;125417;6;0;1;0.0
Aysén del General Carlos Ibañez del Campo;Servicio de Salud Aysén;Aisén;Centro Comunitario de Salud Familiar Ribera Sur;125701;1;0;6;0.0
Aysén del General Carlos Ibañez del Campo;Servicio de Salud Aysén;Aisén;Centro Comunitario de Salud Familiar Ribera Sur;125701;2;0;3;0.0
Aysén del General Carlos Ibañez del Campo;Servicio de Salud Aysén;Aisén;Centro Comunitario de Salud Familiar Ribera Sur;125701;5;0;5;0.0
Aysén del General Carlos Ibañez del Campo;Servicio de Salud Aysén;Aisén;Centro de Salud Familiar Puerto Aysen;200380;1;1;14;7.14
Aysén del General Carlos Ibañez del Campo;Servicio de Salud Aysén;Aisén;Centro de Salud Familiar Puerto Aysen;200380;2;3;12;25.0
Aysén del General Carlos Ibañez del Campo;Servicio de Salud Aysén;Aisén;Centro de Salud Familiar Puerto Aysen;200380;3;4;17;23.53
Aysén del General Carlos Ibañez del Campo;Servicio de Salud Aysén;Aisén;Centro de Salud Familiar Puerto Aysen;200380;4;3;14;21.43
Aysén del General Carlos Ibañez del Campo;Servicio de Salud Aysén;Aisén;Centro de Salud Familiar Puerto Aysen;200380;5;2;8;25.0
Aysén del General Carlos Ibañez del Campo;Servicio de Salud Aysén;Aisén;Centro de Salud Familiar Puerto Aysen;200380;6;5;8;62.5
Aysén del General Carlos Ibañez del Campo;Servicio de Salud Aysén;Aisén;Posta de Salud Rural Caleta Andrade;125403;2;0;1;0.0
Aysén del General Carlos Ibañez del Campo;Servicio de Salud Aysén;Aisén;Posta de Salud Rural Caleta Andrade;125403;3;0;1;0.0
Aysén del General Carlos Ibañez del Campo;Servicio de Salud Aysén;Aisén;Posta de Salud Rural Caleta Andrade;125403;4;1;0;
Aysén del General Carlos Ibañez del Campo;Servicio de Salud Aysén;Aisén;Posta de Salud Rural Caleta Andrade;125403;5;1;0;
Aysén del General Carlos Ibañez del Campo;Servicio de Salud Aysén;Aisén;Posta de Salud Rural Puerto Aguirre;125402;3;0;2;0.0
Aysén del General Carlos Ibañez del Campo;Servicio de Salud Aysén;Aisén;Posta de Salud Rural Puerto Aguirre;125402;5;1;0;
Aysén del General Carlos Ibañez del Campo;Servicio de Salud Aysén;Chile Chico;Hospital Dr. Leopoldo Ortega Rodríguez (Chile Chico);125102;1;0;2;0.0
Aysén del General Carlos Ibañez del Campo;Servicio de Salud Aysén;Chile Chico;Hospital Dr. Leopoldo Ortega Rodríguez (Chile Chico);125102;2;0;3;0.0
Aysén del General Carlos Ibañez del Campo;Servicio de Salud Aysén;Chile Chico;Hospital Dr. Leopoldo Ortega Rodríguez (Chile Chico);125102;3;0;1;0.0
Aysén del General Carlos Ibañez del Campo;Servicio de Salud Aysén;Chile Chico;Hospital Dr. Leopoldo Ortega Rodríguez (Chile Chico);125102;4;1;2;50.0
Aysén del General Carlos Ibañez del Campo;Servicio de Salud Aysén;Chile Chico;Hospital Dr. Leopoldo Ortega Rodríguez (Chile Chico);125102;5;2;3;66.67
Aysén del General Carlos Ibañez del Campo;Servicio de Salud Aysén;Chile Chico;Hospital Dr. Leopoldo Ortega Rodríguez (Chile Chico);125102;6;1;1;100.0
Aysén del General Carlos Ibañez del Campo;Servicio de Salud Aysén;Chile Chico;Posta de Salud Rural Bernardita Zuñiga Vargas;125410;2;1;0;
Aysén del General Carlos Ibañez del Campo;Servicio de Salud Aysén;Chile Chico;Posta de Salud Rural Bernardita Zuñiga Vargas;125410;3;0;2;0.0
Aysén del General Carlos Ibañez del Campo;Servicio de Salud Aysén;Chile Chico;Posta de Salud Rural Puerto Bertrand;125409;6;0;1;0.0
Aysén del General Carlos Ibañez del Campo;Servicio de Salud Aysén;Cisnes;Centro de Salud Familiar La Junta;125442;1;0;1;0.0
Aysén del General Carlos Ibañez del Campo;Servicio de Salud Aysén;Cisnes;Centro de Salud Familiar La Junta;125442;2;1;0;
Aysén del General Carlos Ibañez del Campo;Servicio de Salud Aysén;Cisnes;Centro de Salud Familiar La Junta;125442;3;6;2;300.0
Aysén del General Carlos Ibañez del Campo;Servicio de Salud Aysén;Cisnes;Centro de Salud Familiar La Junta;125442;4;1;0;
Aysén del General Carlos Ibañez del Campo;Servicio de Salud Aysén;Cisnes;Centro de Salud Familiar La Junta;125442;5;3;1;300.0
Aysén del General Carlos Ibañez del Campo;Servicio de Salud Aysén;Cisnes;Centro de Salud Familiar La Junta;125442;6;1;0;
Aysén del General Carlos Ibañez del Campo;Servicio de Salud Aysén;Cisnes;Hospital Dr. Jorge Ibar Bruce (Cisnes);125104;1;0;3;0.0
Aysén del General Carlos Ibañez del Campo;Servicio de Salud Aysén;Cisnes;Hospital Dr. Jorge Ibar Bruce (Cisnes);125104;2;0;3;0.0
Aysén del General Carlos Ibañez del Campo;Servicio de Salud Aysén;Cisnes;Hospital Dr. Jorge Ibar Bruce (Cisnes);125104;3;0;1;0.0
Aysén del General Carlos Ibañez del Campo;Servicio de Salud Aysén;Cisnes;Hospital Dr. Jorge Ibar Bruce (Cisnes);125104;4;4;3;133.33
Aysén del General Carlos Ibañez del Campo;Servicio de Salud Aysén;Cisnes;Hospital Dr. Jorge Ibar Bruce (Cisnes);125104;5;2;3;66.67
Aysén del General Carlos Ibañez del Campo;Servicio de Salud Aysén;Cisnes;Hospital Dr. Jorge Ibar Bruce (Cisnes);125104;6;11;1;1100.0
Aysén del General Carlos Ibañez del Campo;Servicio de Salud Aysén;Cisnes;Posta de Salud Rural Puyuhuapi;125421;5;1;0;
Aysén del General Carlos Ibañez del Campo;Servicio de Salud Aysén;Cochrane;Hospital Lord Cochrane;125103;1;0;5;0.0
Aysén del General Carlos Ibañez del Campo;Servicio de Salud Aysén;Cochrane;Hospital Lord Cochrane;125103;2;0;3;0.0
Aysén del General Carlos Ibañez del Campo;Servicio de Salud Aysén;Cochrane;Hospital Lord Cochrane;125103;3;0;5;0.0
Aysén del General Carlos Ibañez del Campo;Servicio de Salud Aysén;Cochrane;Hospital Lord Cochrane;125103;4;0;1;0.0
Aysén del General Carlos Ibañez del Campo;Servicio de Salud Aysén;Cochrane;Hospital Lord Cochrane;125103;5;5;3;166.67
Aysén del General Carlos Ibañez del Campo;Servicio de Salud Aysén;Cochrane;Hospital Lord Cochrane;125103;6;1;3;33.33
Aysén del General Carlos Ibañez del Campo;Servicio de Salud Aysén;Coyhaique;CESFAM  Víctor Domingo Silva;125300;1;17;15;113.33
Aysén del General Carlos Ibañez del Campo;Servicio de Salud Aysén;Coyhaique;CESFAM  Víctor Domingo Silva;125300;2;14;17;82.35
Aysén del General Carlos Ibañez del Campo;Servicio de Salud Aysén;Coyhaique;CESFAM  Víctor Domingo Silva;125300;3;18;17;105.88
Aysén del General Carlos Ibañez del Campo;Servicio de Salud Aysén;Coyhaique;CESFAM  Víctor Domingo Silva;125300;4;13;19;68.42
Aysén del General Carlos Ibañez del Campo;Servicio de Salud Aysén;Coyhaique;CESFAM  Víctor Domingo Silva;125300;5;11;12;91.67
Aysén del General Carlos Ibañez del Campo;Servicio de Salud Aysén;Coyhaique;CESFAM  Víctor Domingo Silva;125300;6;21;18;116.67
Aysén del General Carlos Ibañez del Campo;Servicio de Salud Aysén;Coyhaique;Consultorio Alejandro Gutiérrez;125301;1;16;21;76.19
Aysén del General Carlos Ibañez del Campo;Servicio de Salud Aysén;Coyhaique;Consultorio Alejandro Gutiérrez;125301;2;13;15;86.67
Aysén del General Carlos Ibañez del Campo;Servicio de Salud Aysén;Coyhaique;Consultorio Alejandro Gutiérrez;125301;3;8;23;34.78
Aysén del General Carlos Ibañez del Campo;Servicio de Salud Aysén;Coyhaique;Consultorio Alejandro Gutiérrez;125301;4;4;16;25.0
Aysén del General Carlos Ibañez del Campo;Servicio de Salud Aysén;Coyhaique;Consultorio Alejandro Gutiérrez;125301;5;25;13;192.31
Aysén del General Carlos Ibañez del Campo;Servicio de Salud Aysén;Coyhaique;Consultorio Alejandro Gutiérrez;125301;6;18;18;100.0
Aysén del General Carlos Ibañez del Campo;Servicio de Salud Aysén;Coyhaique;Posta de Salud Rural Balmaceda;125400;2;0;1;0.0
Aysén del General Carlos Ibañez del Campo;Servicio de Salud Aysén;Coyhaique;Posta de Salud Rural Balmaceda;125400;3;0;1;0.0
Aysén del General Carlos Ibañez del Campo;Servicio de Salud Aysén;Coyhaique;Posta de Salud Rural Balmaceda;125400;5;1;0;
Aysén del General Carlos Ibañez del Campo;Servicio de Salud Aysén;Coyhaique;Posta de Salud Rural El Blanco;125413;1;3;0;
Aysén del General Carlos Ibañez del Campo;Servicio de Salud Aysén;Coyhaique;Posta de Salud Rural El Blanco;125413;4;1;1;100.0
Aysén del General Carlos Ibañez del Campo;Servicio de Salud Aysén;Coyhaique;Posta de Salud Rural Lago Atravesado;125423;2;1;1;100.0
Aysén del General Carlos Ibañez del Campo;Servicio de Salud Aysén;Coyhaique;Posta de Salud Rural Valle Simpson;125414;2;2;1;200.0
Aysén del General Carlos Ibañez del Campo;Servicio de Salud Aysén;Coyhaique;Posta de Salud Rural Valle Simpson;125414;4;1;0;
Aysén del General Carlos Ibañez del Campo;Servicio de Salud Aysén;Coyhaique;Posta de Salud Rural Valle Simpson;125414;5;1;0;
Aysén del General Carlos Ibañez del Campo;Servicio de Salud Aysén;Guaitecas;Posta de Salud Rural Melinka;125401;2;0;1;0.0
Aysén del General Carlos Ibañez del Campo;Servicio de Salud Aysén;Guaitecas;Posta de Salud Rural Melinka;125401;3;1;1;100.0
Aysén del General Carlos Ibañez del Campo;Servicio de Salud Aysén;Guaitecas;Posta de Salud Rural Melinka;125401;4;1;0;
Aysén del General Carlos Ibañez del Campo;Servicio de Salud Aysén;Guaitecas;Posta de Salud Rural Melinka;125401;5;2;0;
Aysén del General Carlos Ibañez del Campo;Servicio de Salud Aysén;Guaitecas;Posta de Salud Rural Melinka;125401;6;0;3;0.0
Aysén del General Carlos Ibañez del Campo;Servicio de Salud Aysén;Lago Verde;Posta de Salud Rural La Tapera;125405;4;0;2;0.0
Aysén del General Carlos Ibañez del Campo;Servicio de Salud Aysén;Lago Verde;Posta de Salud Rural La Tapera;125405;6;1;0;
Aysén del General Carlos Ibañez del Campo;Servicio de Salud Aysén;Lago Verde;Posta de Salud Rural Lago Verde;125404;1;1;0;
Aysén del General Carlos Ibañez del Campo;Servicio de Salud Aysén;O'Higgins;Posta de Salud Rural Villa O'Higgins;125425;1;1;1;100.0
Aysén del General Carlos Ibañez del Campo;Servicio de Salud Aysén;O'Higgins;Posta de Salud Rural Villa O'Higgins;125425;2;0;1;0.0
Aysén del General Carlos Ibañez del Campo;Servicio de Salud Aysén;O'Higgins;Posta de Salud Rural Villa O'Higgins;125425;4;1;0;
Aysén del General Carlos Ibañez del Campo;Servicio de Salud Aysén;Río Ibáñez;Posta de Salud Rural Cerro Castillo (Río Ibáñez);125420;1;4;0;
Aysén del General Carlos Ibañez del Campo;Servicio de Salud Aysén;Río Ibáñez;Posta de Salud Rural Cerro Castillo (Río Ibáñez);125420;2;1;1;100.0
Aysén del General Carlos Ibañez del Campo;Servicio de Salud Aysén;Río Ibáñez;Posta de Salud Rural Cerro Castillo (Río Ibáñez);125420;3;2;0;
Aysén del General Carlos Ibañez del Campo;Servicio de Salud Aysén;Río Ibáñez;Posta de Salud Rural Puerto Ibáñez;125419;1;1;0;
Aysén del General Carlos Ibañez del Campo;Servicio de Salud Aysén;Río Ibáñez;Posta de Salud Rural Puerto Ibáñez;125419;2;2;2;100.0
Aysén del General Carlos Ibañez del Campo;Servicio de Salud Aysén;Río Ibáñez;Posta de Salud Rural Puerto Ibáñez;125419;3;0;1;0.0
Aysén del General Carlos Ibañez del Campo;Servicio de Salud Aysén;Río Ibáñez;Posta de Salud Rural Puerto Ibáñez;125419;4;1;0;
Aysén del General Carlos Ibañez del Campo;Servicio de Salud Aysén;Río Ibáñez;Posta de Salud Rural Río Tranquilo;125412;1;3;0;
Aysén del General Carlos Ibañez del Campo;Servicio de Salud Aysén;Río Ibáñez;Posta de Salud Rural Río Tranquilo;125412;2;0;1;0.0
Aysén del General Carlos Ibañez del Campo;Servicio de Salud Aysén;Río Ibáñez;Posta de Salud Rural Río Tranquilo;125412;3;1;0;
Aysén del General Carlos Ibañez del Campo;Servicio de Salud Aysén;Río Ibáñez;Posta de Salud Rural Río Tranquilo;125412;4;1;0;
Aysén del General Carlos Ibañez del Campo;Servicio de Salud Aysén;Río Ibáñez;Posta de Salud Rural Río Tranquilo;125412;5;0;2;0.0
Aysén del General Carlos Ibañez del Campo;Servicio de Salud Aysén;Tortel;Posta de Salud Rural Caleta Tortel;125428;1;0;2;0.0
Aysén del General Carlos Ibañez del Campo;Servicio de Salud Aysén;Tortel;Posta de Salud Rural Caleta Tortel;125428;3;2;1;200.0
Aysén del General Carlos Ibañez del Campo;Servicio de Salud Aysén;Tortel;Posta de Salud Rural Caleta Tortel;125428;5;0;1;0.0
Biobío;Servicio de Salud Arauco;Arauco;Centro de Salud Familiar Carampangue;128438;1;0;2;0.0
Biobío;Servicio de Salud Arauco;Arauco;Centro de Salud Familiar Carampangue;128438;2;0;4;0.0
Biobío;Servicio de Salud Arauco;Arauco;Centro de Salud Familiar Carampangue;128438;3;0;8;0.0
Biobío;Servicio de Salud Arauco;Arauco;Centro de Salud Familiar Carampangue;128438;4;0;4;0.0
Biobío;Servicio de Salud Arauco;Arauco;Centro de Salud Familiar Carampangue;128438;5;0;7;0.0
Biobío;Servicio de Salud Arauco;Arauco;Centro de Salud Familiar Carampangue;128438;6;0;6;0.0
Biobío;Servicio de Salud Arauco;Arauco;Centro de Salud Familiar Laraquete;128414;1;0;3;0.0
Biobío;Servicio de Salud Arauco;Arauco;Centro de Salud Familiar Laraquete;128414;2;0;4;0.0
Biobío;Servicio de Salud Arauco;Arauco;Centro de Salud Familiar Laraquete;128414;3;0;1;0.0
Biobío;Servicio de Salud Arauco;Arauco;Centro de Salud Familiar Laraquete;128414;4;5;2;250.0
Biobío;Servicio de Salud Arauco;Arauco;Centro de Salud Familiar Laraquete;128414;5;0;3;0.0
Biobío;Servicio de Salud Arauco;Arauco;Centro de Salud Familiar Laraquete;128414;6;0;5;0.0
Biobío;Servicio de Salud Arauco;Arauco;Centro de Salud Familiar Tubul;128729;1;0;1;0.0
Biobío;Servicio de Salud Arauco;Arauco;Centro de Salud Familiar Tubul;128729;2;0;1;0.0
Biobío;Servicio de Salud Arauco;Arauco;Centro de Salud Familiar Tubul;128729;3;0;2;0.0
Biobío;Servicio de Salud Arauco;Arauco;Centro de Salud Familiar Tubul;128729;4;0;1;0.0
Biobío;Servicio de Salud Arauco;Arauco;Centro de Salud Familiar Tubul;128729;5;0;2;0.0
Biobío;Servicio de Salud Arauco;Arauco;Centro de Salud Familiar Tubul;128729;6;0;1;0.0
Biobío;Servicio de Salud Arauco;Arauco;Hospital San Vicente de Arauco;128113;1;5;13;38.46
Biobío;Servicio de Salud Arauco;Arauco;Hospital San Vicente de Arauco;128113;2;3;9;33.33
Biobío;Servicio de Salud Arauco;Arauco;Hospital San Vicente de Arauco;128113;3;12;7;171.43
Biobío;Servicio de Salud Arauco;Arauco;Hospital San Vicente de Arauco;128113;4;0;11;0.0
Biobío;Servicio de Salud Arauco;Arauco;Hospital San Vicente de Arauco;128113;5;0;10;0.0
Biobío;Servicio de Salud Arauco;Arauco;Hospital San Vicente de Arauco;128113;6;0;10;0.0
Biobío;Servicio de Salud Arauco;Arauco;Posta de Salud Rural Llico (Arauco);128444;1;0;2;0.0
Biobío;Servicio de Salud Arauco;Arauco;Posta de Salud Rural Llico (Arauco);128444;5;0;1;0.0
Biobío;Servicio de Salud Arauco;Arauco;Posta de Salud Rural Punta Lavapié;128413;1;0;1;0.0
Biobío;Servicio de Salud Arauco;Arauco;Posta de Salud Rural Punta Lavapié;128413;2;0;1;0.0
Biobío;Servicio de Salud Arauco;Arauco;Posta de Salud Rural Punta Lavapié;128413;3;0;1;0.0
Biobío;Servicio de Salud Arauco;Arauco;Posta de Salud Rural Punta Lavapié;128413;4;0;2;0.0
Biobío;Servicio de Salud Arauco;Arauco;Posta de Salud Rural Punta Lavapié;128413;6;6;0;
Biobío;Servicio de Salud Arauco;Arauco;Posta de Salud Rural Ramadillas;128412;2;0;1;0.0
Biobío;Servicio de Salud Arauco;Arauco;Posta de Salud Rural Ramadillas;128412;3;0;1;0.0
Biobío;Servicio de Salud Arauco;Arauco;Posta de Salud Rural Ramadillas;128412;4;0;3;0.0
Biobío;Servicio de Salud Arauco;Cañete;Centro Comunitario de Salud Familiar Antiquina;128416;1;3;1;300.0
Biobío;Servicio de Salud Arauco;Cañete;Centro Comunitario de Salud Familiar Antiquina;128416;2;0;1;0.0
Biobío;Servicio de Salud Arauco;Cañete;Centro Comunitario de Salud Familiar Antiquina;128416;3;4;3;133.33
Biobío;Servicio de Salud Arauco;Cañete;Centro Comunitario de Salud Familiar Antiquina;128416;4;3;1;300.0
Biobío;Servicio de Salud Arauco;Cañete;Centro Comunitario de Salud Familiar Antiquina;128416;6;1;3;33.33
Biobío;Servicio de Salud Arauco;Cañete;Hospital Intercultural Kallvu Llanka (Cañete);128111;1;0;21;0.0
Biobío;Servicio de Salud Arauco;Cañete;Hospital Intercultural Kallvu Llanka (Cañete);128111;2;0;23;0.0
Biobío;Servicio de Salud Arauco;Cañete;Hospital Intercultural Kallvu Llanka (Cañete);128111;3;6;15;40.0
Biobío;Servicio de Salud Arauco;Cañete;Hospital Intercultural Kallvu Llanka (Cañete);128111;4;0;23;0.0
Biobío;Servicio de Salud Arauco;Cañete;Hospital Intercultural Kallvu Llanka (Cañete);128111;5;8;15;53.33
Biobío;Servicio de Salud Arauco;Cañete;Hospital Intercultural Kallvu Llanka (Cañete);128111;6;7;12;58.33
Biobío;Servicio de Salud Arauco;Cañete;Posta de Salud Rural Cayucupil;128415;1;0;6;0.0
Biobío;Servicio de Salud Arauco;Cañete;Posta de Salud Rural Cayucupil;128415;3;0;5;0.0
Biobío;Servicio de Salud Arauco;Cañete;Posta de Salud Rural Cayucupil;128415;4;0;3;0.0
Biobío;Servicio de Salud Arauco;Cañete;Posta de Salud Rural Cayucupil;128415;5;0;1;0.0
Biobío;Servicio de Salud Arauco;Cañete;Posta de Salud Rural Cayucupil;128415;6;2;2;100.0
Biobío;Servicio de Salud Arauco;Cañete;Posta de Salud Rural Huentelolén;128418;1;2;0;
Biobío;Servicio de Salud Arauco;Cañete;Posta de Salud Rural Huentelolén;128418;2;0;1;0.0
Biobío;Servicio de Salud Arauco;Cañete;Posta de Salud Rural Huentelolén;128418;3;0;3;0.0
Biobío;Servicio de Salud Arauco;Cañete;Posta de Salud Rural Huentelolén;128418;4;0;4;0.0
Biobío;Servicio de Salud Arauco;Cañete;Posta de Salud Rural Huentelolén;128418;5;5;2;250.0
Biobío;Servicio de Salud Arauco;Cañete;Posta de Salud Rural Huentelolén;128418;6;0;2;0.0
Biobío;Servicio de Salud Arauco;Cañete;Posta de Salud Rural Llenquehue;128423;2;0;2;0.0
Biobío;Servicio de Salud Arauco;Cañete;Posta de Salud Rural Llenquehue;128423;3;0;1;0.0
Biobío;Servicio de Salud Arauco;Cañete;Posta de Salud Rural Lloncao;128424;2;0;1;0.0
Biobío;Servicio de Salud Arauco;Cañete;Posta de Salud Rural Pangueco (Cañete);128446;1;2;0;
Biobío;Servicio de Salud Arauco;Cañete;Posta de Salud Rural Pangueco (Cañete);128446;3;6;2;300.0
Biobío;Servicio de Salud Arauco;Cañete;Posta de Salud Rural Pangueco (Cañete);128446;4;0;3;0.0
Biobío;Servicio de Salud Arauco;Cañete;Posta de Salud Rural Pangueco (Cañete);128446;5;0;1;0.0
Biobío;Servicio de Salud Arauco;Cañete;Posta de Salud Rural Pocuno;128425;1;0;1;0.0
Biobío;Servicio de Salud Arauco;Cañete;Posta de Salud Rural Pocuno;128425;3;0;1;0.0
Biobío;Servicio de Salud Arauco;Cañete;Posta de Salud Rural Pocuno;128425;6;0;1;0.0
Biobío;Servicio de Salud Arauco;Contulmo;Centro Comunitario de Salud Familiar Elicura;128426;1;0;1;0.0
Biobío;Servicio de Salud Arauco;Contulmo;Centro Comunitario de Salud Familiar Elicura;128426;3;0;1;0.0
Biobío;Servicio de Salud Arauco;Contulmo;Centro Comunitario de Salud Familiar Elicura;128426;4;0;2;0.0
Biobío;Servicio de Salud Arauco;Contulmo;Centro Comunitario de Salud Familiar Elicura;128426;5;0;1;0.0
Biobío;Servicio de Salud Arauco;Contulmo;Centro Comunitario de Salud Familiar Elicura;128426;6;7;0;
Biobío;Servicio de Salud Arauco;Contulmo;Hospital de Contulmo;128112;1;0;4;0.0
Biobío;Servicio de Salud Arauco;Contulmo;Hospital de Contulmo;128112;2;0;4;0.0
Biobío;Servicio de Salud Arauco;Contulmo;Hospital de Contulmo;128112;3;0;2;0.0
Biobío;Servicio de Salud Arauco;Contulmo;Hospital de Contulmo;128112;4;5;4;125.0
Biobío;Servicio de Salud Arauco;Contulmo;Hospital de Contulmo;128112;5;0;2;0.0
Biobío;Servicio de Salud Arauco;Contulmo;Hospital de Contulmo;128112;6;0;2;0.0
Biobío;Servicio de Salud Arauco;Curanilahue;APS 2;201307;1;10;17;58.82
Biobío;Servicio de Salud Arauco;Curanilahue;APS 2;201307;2;12;14;85.71
Biobío;Servicio de Salud Arauco;Curanilahue;APS 2;201307;3;12;11;109.09
Biobío;Servicio de Salud Arauco;Curanilahue;APS 2;201307;4;7;14;50.0
Biobío;Servicio de Salud Arauco;Curanilahue;APS 2;201307;5;7;15;46.67
Biobío;Servicio de Salud Arauco;Curanilahue;APS 2;201307;6;7;15;46.67
Biobío;Servicio de Salud Arauco;Curanilahue;Centro de Salud Familiar Eleuterio Ramírez;128327;1;0;9;0.0
Biobío;Servicio de Salud Arauco;Curanilahue;Centro de Salud Familiar Eleuterio Ramírez;128327;2;0;3;0.0
Biobío;Servicio de Salud Arauco;Curanilahue;Centro de Salud Familiar Eleuterio Ramírez;128327;3;0;13;0.0
Biobío;Servicio de Salud Arauco;Curanilahue;Centro de Salud Familiar Eleuterio Ramírez;128327;4;13;9;144.44
Biobío;Servicio de Salud Arauco;Curanilahue;Centro de Salud Familiar Eleuterio Ramírez;128327;5;5;8;62.5
Biobío;Servicio de Salud Arauco;Curanilahue;Centro de Salud Familiar Eleuterio Ramírez;128327;6;8;9;88.89
Biobío;Servicio de Salud Arauco;Curanilahue;Posta de Salud Rural San José de Colico;128442;1;0;1;0.0
Biobío;Servicio de Salud Arauco;Curanilahue;Posta de Salud Rural San José de Colico;128442;2;0;2;0.0
Biobío;Servicio de Salud Arauco;Curanilahue;Posta de Salud Rural San José de Colico;128442;3;0;2;0.0
Biobío;Servicio de Salud Arauco;Curanilahue;Posta de Salud Rural San José de Colico;128442;4;0;1;0.0
Biobío;Servicio de Salud Arauco;Lebu;Centro de Salud Familiar Lebu Norte;128311;1;0;7;0.0
Biobío;Servicio de Salud Arauco;Lebu;Centro de Salud Familiar Lebu Norte;128311;2;0;6;0.0
Biobío;Servicio de Salud Arauco;Lebu;Centro de Salud Familiar Lebu Norte;128311;3;0;8;0.0
Biobío;Servicio de Salud Arauco;Lebu;Centro de Salud Familiar Lebu Norte;128311;4;0;8;0.0
Biobío;Servicio de Salud Arauco;Lebu;Centro de Salud Familiar Lebu Norte;128311;5;0;8;0.0
Biobío;Servicio de Salud Arauco;Lebu;Centro de Salud Familiar Lebu Norte;128311;6;0;6;0.0
Biobío;Servicio de Salud Arauco;Lebu;Hospital de Lebu;128110;1;0;11;0.0
Biobío;Servicio de Salud Arauco;Lebu;Hospital de Lebu;128110;2;0;7;0.0
Biobío;Servicio de Salud Arauco;Lebu;Hospital de Lebu;128110;3;0;12;0.0
Biobío;Servicio de Salud Arauco;Lebu;Hospital de Lebu;128110;4;0;8;0.0
Biobío;Servicio de Salud Arauco;Lebu;Hospital de Lebu;128110;5;0;10;0.0
Biobío;Servicio de Salud Arauco;Lebu;Hospital de Lebu;128110;6;0;8;0.0
Biobío;Servicio de Salud Arauco;Lebu;Posta de Salud Rural Isla Mocha;128410;1;0;1;0.0
Biobío;Servicio de Salud Arauco;Lebu;Posta de Salud Rural Isla Mocha;128410;2;0;1;0.0
Biobío;Servicio de Salud Arauco;Lebu;Posta de Salud Rural Pehuén;128406;2;0;1;0.0
Biobío;Servicio de Salud Arauco;Lebu;Posta de Salud Rural Pehuén;128406;3;0;1;0.0
Biobío;Servicio de Salud Arauco;Lebu;Posta de Salud Rural Pehuén;128406;4;0;2;0.0
Biobío;Servicio de Salud Arauco;Lebu;Posta de Salud Rural Santa Rosa (Lebu);128443;1;0;1;0.0
Biobío;Servicio de Salud Arauco;Lebu;Posta de Salud Rural Santa Rosa (Lebu);128443;4;0;1;0.0
Biobío;Servicio de Salud Arauco;Lebu;Posta de Salud Rural Santa Rosa (Lebu);128443;6;0;1;0.0
Biobío;Servicio de Salud Arauco;Los Álamos;Centro Comunitario de Salud Familiar Los Álamos;128728;1;0;3;0.0
Biobío;Servicio de Salud Arauco;Los Álamos;Centro Comunitario de Salud Familiar Los Álamos;128728;2;0;3;0.0
Biobío;Servicio de Salud Arauco;Los Álamos;Centro Comunitario de Salud Familiar Los Álamos;128728;3;0;3;0.0
Biobío;Servicio de Salud Arauco;Los Álamos;Centro Comunitario de Salud Familiar Los Álamos;128728;4;0;2;0.0
Biobío;Servicio de Salud Arauco;Los Álamos;Centro Comunitario de Salud Familiar Los Álamos;128728;5;0;7;0.0
Biobío;Servicio de Salud Arauco;Los Álamos;Centro Comunitario de Salud Familiar Los Álamos;128728;6;4;2;200.0
Biobío;Servicio de Salud Arauco;Los Álamos;Centro de Salud Familiar Los Álamos;128328;1;3;15;20.0
Biobío;Servicio de Salud Arauco;Los Álamos;Centro de Salud Familiar Los Álamos;128328;2;4;4;100.0
Biobío;Servicio de Salud Arauco;Los Álamos;Centro de Salud Familiar Los Álamos;128328;3;1;14;7.14
Biobío;Servicio de Salud Arauco;Los Álamos;Centro de Salud Familiar Los Álamos;128328;4;4;7;57.14
Biobío;Servicio de Salud Arauco;Los Álamos;Centro de Salud Familiar Los Álamos;128328;5;2;11;18.18
Biobío;Servicio de Salud Arauco;Los Álamos;Centro de Salud Familiar Los Álamos;128328;6;3;10;30.0
Biobío;Servicio de Salud Arauco;Los Álamos;Posta de Salud Rural Antihuala;128417;1;0;1;0.0
Biobío;Servicio de Salud Arauco;Los Álamos;Posta de Salud Rural Antihuala;128417;2;0;2;0.0
Biobío;Servicio de Salud Arauco;Los Álamos;Posta de Salud Rural Antihuala;128417;3;0;1;0.0
Biobío;Servicio de Salud Arauco;Los Álamos;Posta de Salud Rural Antihuala;128417;5;0;3;0.0
Biobío;Servicio de Salud Arauco;Los Álamos;Posta de Salud Rural Antihuala;128417;6;0;4;0.0
Biobío;Servicio de Salud Arauco;Los Álamos;Posta de Salud Rural Pangue;128408;1;0;2;0.0
Biobío;Servicio de Salud Arauco;Los Álamos;Posta de Salud Rural Pangue;128408;2;0;2;0.0
Biobío;Servicio de Salud Arauco;Los Álamos;Posta de Salud Rural Pangue;128408;4;0;1;0.0
Biobío;Servicio de Salud Arauco;Los Álamos;Posta de Salud Rural Ranquilco;128445;2;0;1;0.0
Biobío;Servicio de Salud Arauco;Los Álamos;Posta de Salud Rural Tres Pinos;128407;1;0;2;0.0
Biobío;Servicio de Salud Arauco;Los Álamos;Posta de Salud Rural Tres Pinos;128407;3;0;2;0.0
Biobío;Servicio de Salud Arauco;Los Álamos;Posta de Salud Rural Tres Pinos;128407;4;0;1;0.0
Biobío;Servicio de Salud Arauco;Los Álamos;Posta de Salud Rural Tres Pinos;128407;5;0;3;0.0
Biobío;Servicio de Salud Arauco;Los Álamos;Posta de Salud Rural Tres Pinos;128407;6;0;1;0.0
Biobío;Servicio de Salud Arauco;Tirúa;Centro Comunitario de Salud Familiar Quidico;128730;1;0;1;0.0
Biobío;Servicio de Salud Arauco;Tirúa;Centro Comunitario de Salud Familiar Quidico;128730;2;0;1;0.0
Biobío;Servicio de Salud Arauco;Tirúa;Centro Comunitario de Salud Familiar Quidico;128730;3;0;2;0.0
Biobío;Servicio de Salud Arauco;Tirúa;Centro Comunitario de Salud Familiar Quidico;128730;4;0;3;0.0
Biobío;Servicio de Salud Arauco;Tirúa;Centro Comunitario de Salud Familiar Quidico;128730;5;0;2;0.0
Biobío;Servicio de Salud Arauco;Tirúa;Centro Comunitario de Salud Familiar Quidico;128730;6;0;1;0.0
Biobío;Servicio de Salud Arauco;Tirúa;Centro de Salud Familiar Isabel Jiménez;128324;1;0;7;0.0
Biobío;Servicio de Salud Arauco;Tirúa;Centro de Salud Familiar Isabel Jiménez;128324;2;0;8;0.0
Biobío;Servicio de Salud Arauco;Tirúa;Centro de Salud Familiar Isabel Jiménez;128324;3;0;4;0.0
Biobío;Servicio de Salud Arauco;Tirúa;Centro de Salud Familiar Isabel Jiménez;128324;4;0;4;0.0
Biobío;Servicio de Salud Arauco;Tirúa;Centro de Salud Familiar Isabel Jiménez;128324;5;0;4;0.0
Biobío;Servicio de Salud Arauco;Tirúa;Centro de Salud Familiar Isabel Jiménez;128324;6;0;6;0.0
Biobío;Servicio de Salud Arauco;Tirúa;Posta de Salud Rural Alto Quilantahue;128421;5;0;1;0.0
Biobío;Servicio de Salud Arauco;Tirúa;Posta de Salud Rural Casa de Piedra;128422;1;0;2;0.0
Biobío;Servicio de Salud Arauco;Tirúa;Posta de Salud Rural Casa de Piedra;128422;2;1;0;
Biobío;Servicio de Salud Arauco;Tirúa;Posta de Salud Rural Casa de Piedra;128422;3;0;1;0.0
Biobío;Servicio de Salud Arauco;Tirúa;Posta de Salud Rural Casa de Piedra;128422;6;2;0;
Biobío;Servicio de Salud Arauco;Tirúa;Posta de Salud Rural Loncotripai;128448;2;1;0;
Biobío;Servicio de Salud Arauco;Tirúa;Posta de Salud Rural Loncotripai;128448;4;0;1;0.0
Biobío;Servicio de Salud Arauco;Tirúa;Posta de Salud Rural Primer Agua;128447;1;0;1;0.0
Biobío;Servicio de Salud Arauco;Tirúa;Posta de Salud Rural Primer Agua;128447;3;0;2;0.0
Biobío;Servicio de Salud Arauco;Tirúa;Posta de Salud Rural Primer Agua;128447;4;0;3;0.0
Biobío;Servicio de Salud Arauco;Tirúa;Posta de Salud Rural Primer Agua;128447;6;1;0;
Biobío;Servicio de Salud Arauco;Tirúa;Posta de Salud Rural Ranquilhue;128420;3;0;1;0.0
Biobío;Servicio de Salud Arauco;Tirúa;Posta de Salud Rural Ranquilhue;128420;4;0;1;0.0
Biobío;Servicio de Salud Arauco;Tirúa;Posta de Salud Rural Ranquilhue;128420;6;0;2;0.0
Biobío;Servicio de Salud Biobío;Alto Biobío;Centro de Salud Familiar Ralco;120312;1;2;3;66.67
Biobío;Servicio de Salud Biobío;Alto Biobío;Centro de Salud Familiar Ralco;120312;2;0;3;0.0
Biobío;Servicio de Salud Biobío;Alto Biobío;Centro de Salud Familiar Ralco;120312;3;0;3;0.0
Biobío;Servicio de Salud Biobío;Alto Biobío;Centro de Salud Familiar Ralco;120312;4;0;7;0.0
Biobío;Servicio de Salud Biobío;Alto Biobío;Centro de Salud Familiar Ralco;120312;5;9;5;180.0
Biobío;Servicio de Salud Biobío;Alto Biobío;Centro de Salud Familiar Ralco;120312;6;0;1;0.0
Biobío;Servicio de Salud Biobío;Alto Biobío;Posta de Salud Rural Butalelbum;120471;2;0;2;0.0
Biobío;Servicio de Salud Biobío;Alto Biobío;Posta de Salud Rural Butalelbum;120471;6;0;2;0.0
Biobío;Servicio de Salud Biobío;Alto Biobío;Posta de Salud Rural Callaqui;120444;2;0;1;0.0
Biobío;Servicio de Salud Biobío;Alto Biobío;Posta de Salud Rural Callaqui;120444;3;0;1;0.0
Biobío;Servicio de Salud Biobío;Alto Biobío;Posta de Salud Rural Cauñicú;120464;1;0;1;0.0
Biobío;Servicio de Salud Biobío;Alto Biobío;Posta de Salud Rural Cauñicú;120464;3;1;1;100.0
Biobío;Servicio de Salud Biobío;Alto Biobío;Posta de Salud Rural Malla Malla;120449;2;0;1;0.0
Biobío;Servicio de Salud Biobío;Alto Biobío;Posta de Salud Rural Malla Palmucho;120450;6;0;1;0.0
Biobío;Servicio de Salud Biobío;Alto Biobío;Posta de Salud Rural Pitril;120441;5;1;1;100.0
Biobío;Servicio de Salud Biobío;Alto Biobío;Posta de Salud Rural Pitril;120441;6;0;2;0.0
Biobío;Servicio de Salud Biobío;Alto Biobío;Posta de Salud Rural Ralco Lepoy;120448;1;0;1;0.0
Biobío;Servicio de Salud Biobío;Alto Biobío;Posta de Salud Rural Ralco Lepoy;120448;2;0;1;0.0
Biobío;Servicio de Salud Biobío;Alto Biobío;Posta de Salud Rural Ralco Lepoy;120448;3;3;3;100.0
Biobío;Servicio de Salud Biobío;Alto Biobío;Posta de Salud Rural Ralco Lepoy;120448;4;1;1;100.0
Biobío;Servicio de Salud Biobío;Alto Biobío;Posta de Salud Rural Ralco Lepoy;120448;5;1;1;100.0
Biobío;Servicio de Salud Biobío;Alto Biobío;Posta de Salud Rural Ralco Lepoy;120448;6;2;2;100.0
Biobío;Servicio de Salud Biobío;Alto Biobío;Posta de Salud Rural Trapa Trapa;120445;1;0;1;0.0
Biobío;Servicio de Salud Biobío;Antuco;Centro de Salud Familiar Antuco;120303;1;0;3;0.0
Biobío;Servicio de Salud Biobío;Antuco;Centro de Salud Familiar Antuco;120303;2;0;2;0.0
Biobío;Servicio de Salud Biobío;Antuco;Centro de Salud Familiar Antuco;120303;3;0;1;0.0
Biobío;Servicio de Salud Biobío;Antuco;Centro de Salud Familiar Antuco;120303;4;2;0;
Biobío;Servicio de Salud Biobío;Antuco;Centro de Salud Familiar Antuco;120303;5;3;0;
Biobío;Servicio de Salud Biobío;Antuco;Centro de Salud Familiar Antuco;120303;6;5;2;250.0
Biobío;Servicio de Salud Biobío;Antuco;Posta de Salud Rural Los Canelos (Antuco);120415;2;0;1;0.0
Biobío;Servicio de Salud Biobío;Antuco;Posta de Salud Rural Los Canelos (Antuco);120415;4;0;2;0.0
Biobío;Servicio de Salud Biobío;Cabrero;Centro Comunitario de Salud Familiar Cabrero;200243;1;0;1;0.0
Biobío;Servicio de Salud Biobío;Cabrero;Centro Comunitario de Salud Familiar Cabrero;200243;2;3;5;60.0
Biobío;Servicio de Salud Biobío;Cabrero;Centro Comunitario de Salud Familiar Cabrero;200243;3;0;1;0.0
Biobío;Servicio de Salud Biobío;Cabrero;Centro Comunitario de Salud Familiar Cabrero;200243;4;0;1;0.0
Biobío;Servicio de Salud Biobío;Cabrero;Centro Comunitario de Salud Familiar Cabrero;200243;5;0;1;0.0
Biobío;Servicio de Salud Biobío;Cabrero;Centro Comunitario de Salud Familiar Cabrero;200243;6;3;0;
Biobío;Servicio de Salud Biobío;Cabrero;Centro de Salud Familiar Lautaro Cáceres Ramos;120305;1;4;14;28.57
Biobío;Servicio de Salud Biobío;Cabrero;Centro de Salud Familiar Lautaro Cáceres Ramos;120305;2;4;15;26.67
Biobío;Servicio de Salud Biobío;Cabrero;Centro de Salud Familiar Lautaro Cáceres Ramos;120305;3;4;15;26.67
Biobío;Servicio de Salud Biobío;Cabrero;Centro de Salud Familiar Lautaro Cáceres Ramos;120305;4;10;12;83.33
Biobío;Servicio de Salud Biobío;Cabrero;Centro de Salud Familiar Lautaro Cáceres Ramos;120305;5;6;12;50.0
Biobío;Servicio de Salud Biobío;Cabrero;Centro de Salud Familiar Lautaro Cáceres Ramos;120305;6;15;17;88.24
Biobío;Servicio de Salud Biobío;Cabrero;Centro de Salud Familiar Monteaguila;120304;1;0;4;0.0
Biobío;Servicio de Salud Biobío;Cabrero;Centro de Salud Familiar Monteaguila;120304;2;0;7;0.0
Biobío;Servicio de Salud Biobío;Cabrero;Centro de Salud Familiar Monteaguila;120304;3;4;10;40.0
Biobío;Servicio de Salud Biobío;Cabrero;Centro de Salud Familiar Monteaguila;120304;4;0;7;0.0
Biobío;Servicio de Salud Biobío;Cabrero;Centro de Salud Familiar Monteaguila;120304;5;0;10;0.0
Biobío;Servicio de Salud Biobío;Cabrero;Centro de Salud Familiar Monteaguila;120304;6;15;6;250.0
Biobío;Servicio de Salud Biobío;Cabrero;Posta de Salud Rural Charrúa;120456;4;0;1;0.0
Biobío;Servicio de Salud Biobío;Cabrero;Posta de Salud Rural Charrúa;120456;5;0;1;0.0
Biobío;Servicio de Salud Biobío;Cabrero;Posta de Salud Rural Chillancito;120455;1;0;1;0.0
Biobío;Servicio de Salud Biobío;Laja;Centro Comunitario de Salud Familiar Laja;200267;1;0;1;0.0
Biobío;Servicio de Salud Biobío;Laja;Centro Comunitario de Salud Familiar Laja;200267;2;6;1;600.0
Biobío;Servicio de Salud Biobío;Laja;Centro Comunitario de Salud Familiar Laja;200267;3;0;2;0.0
Biobío;Servicio de Salud Biobío;Laja;Centro Comunitario de Salud Familiar Laja;200267;4;0;4;0.0
Biobío;Servicio de Salud Biobío;Laja;Centro Comunitario de Salud Familiar Laja;200267;5;0;1;0.0
Biobío;Servicio de Salud Biobío;Laja;Centro Comunitario de Salud Familiar Laja;200267;6;0;2;0.0
Biobío;Servicio de Salud Biobío;Laja;Consultorio General Rural del  Laja;201396;1;0;3;0.0
Biobío;Servicio de Salud Biobío;Laja;Consultorio General Rural del  Laja;201396;2;0;3;0.0
Biobío;Servicio de Salud Biobío;Laja;Consultorio General Rural del  Laja;201396;3;0;1;0.0
Biobío;Servicio de Salud Biobío;Laja;Consultorio General Rural del  Laja;201396;4;0;2;0.0
Biobío;Servicio de Salud Biobío;Laja;Consultorio General Rural del  Laja;201396;5;0;3;0.0
Biobío;Servicio de Salud Biobío;Laja;Consultorio General Rural del  Laja;201396;6;0;6;0.0
Biobío;Servicio de Salud Biobío;Laja;Hospital Comunitario de Laja;120105;1;2;8;25.0
Biobío;Servicio de Salud Biobío;Laja;Hospital Comunitario de Laja;120105;2;3;6;50.0
Biobío;Servicio de Salud Biobío;Laja;Hospital Comunitario de Laja;120105;3;1;11;9.09
Biobío;Servicio de Salud Biobío;Laja;Hospital Comunitario de Laja;120105;4;6;20;30.0
Biobío;Servicio de Salud Biobío;Laja;Hospital Comunitario de Laja;120105;5;4;10;40.0
Biobío;Servicio de Salud Biobío;Laja;Hospital Comunitario de Laja;120105;6;0;9;0.0
Biobío;Servicio de Salud Biobío;Laja;Posta de Salud Rural Puente Perales;120421;2;0;1;0.0
Biobío;Servicio de Salud Biobío;Laja;Posta de Salud Rural Puente Perales;120421;5;0;2;0.0
Biobío;Servicio de Salud Biobío;Laja;Posta de Salud Rural Puente Perales;120421;6;0;1;0.0
Biobío;Servicio de Salud Biobío;Laja;Posta de Salud Rural Santa Elena (Laja);120420;3;0;3;0.0
Biobío;Servicio de Salud Biobío;Laja;Posta de Salud Rural Santa Elena (Laja);120420;4;0;2;0.0
Biobío;Servicio de Salud Biobío;Laja;Posta de Salud Rural Santa Elena (Laja);120420;6;0;2;0.0
Biobío;Servicio de Salud Biobío;Los Ángeles;CESFAM Sur Dr. Pablo Murúa Barbenza;120311;1;8;16;50.0
Biobío;Servicio de Salud Biobío;Los Ángeles;CESFAM Sur Dr. Pablo Murúa Barbenza;120311;2;10;7;142.86
Biobío;Servicio de Salud Biobío;Los Ángeles;CESFAM Sur Dr. Pablo Murúa Barbenza;120311;3;7;13;53.85
Biobío;Servicio de Salud Biobío;Los Ángeles;CESFAM Sur Dr. Pablo Murúa Barbenza;120311;4;7;10;70.0
Biobío;Servicio de Salud Biobío;Los Ángeles;CESFAM Sur Dr. Pablo Murúa Barbenza;120311;5;8;14;57.14
Biobío;Servicio de Salud Biobío;Los Ángeles;CESFAM Sur Dr. Pablo Murúa Barbenza;120311;6;3;7;42.86
Biobío;Servicio de Salud Biobío;Los Ángeles;Centro Comunitario de Salud Familiar El Peral;120407;2;0;3;0.0
Biobío;Servicio de Salud Biobío;Los Ángeles;Centro Comunitario de Salud Familiar El Peral;120407;3;0;3;0.0
Biobío;Servicio de Salud Biobío;Los Ángeles;Centro Comunitario de Salud Familiar El Peral;120407;4;0;3;0.0
Biobío;Servicio de Salud Biobío;Los Ángeles;Centro Comunitario de Salud Familiar El Peral;120407;5;4;0;
Biobío;Servicio de Salud Biobío;Los Ángeles;Centro Comunitario de Salud Familiar El Peral;120407;6;3;2;150.0
Biobío;Servicio de Salud Biobío;Los Ángeles;Centro Comunitario de Salud Familiar Galvarino;120701;1;0;6;0.0
Biobío;Servicio de Salud Biobío;Los Ángeles;Centro Comunitario de Salud Familiar Galvarino;120701;2;0;6;0.0
Biobío;Servicio de Salud Biobío;Los Ángeles;Centro Comunitario de Salud Familiar Galvarino;120701;3;0;5;0.0
Biobío;Servicio de Salud Biobío;Los Ángeles;Centro Comunitario de Salud Familiar Galvarino;120701;4;0;6;0.0
Biobío;Servicio de Salud Biobío;Los Ángeles;Centro Comunitario de Salud Familiar Galvarino;120701;5;0;7;0.0
Biobío;Servicio de Salud Biobío;Los Ángeles;Centro Comunitario de Salud Familiar Galvarino;120701;6;0;5;0.0
Biobío;Servicio de Salud Biobío;Los Ángeles;Centro Comunitario de Salud Familiar Las Azaleas;120781;1;0;2;0.0
Biobío;Servicio de Salud Biobío;Los Ángeles;Centro Comunitario de Salud Familiar Las Azaleas;120781;2;0;2;0.0
Biobío;Servicio de Salud Biobío;Los Ángeles;Centro Comunitario de Salud Familiar Las Azaleas;120781;3;0;1;0.0
Biobío;Servicio de Salud Biobío;Los Ángeles;Centro Comunitario de Salud Familiar Las Azaleas;120781;4;0;5;0.0
Biobío;Servicio de Salud Biobío;Los Ángeles;Centro Comunitario de Salud Familiar Las Azaleas;120781;6;0;1;0.0
Biobío;Servicio de Salud Biobío;Los Ángeles;Centro Comunitario de Salud Familiar Los Carrera;120780;1;0;3;0.0
Biobío;Servicio de Salud Biobío;Los Ángeles;Centro Comunitario de Salud Familiar Los Carrera;120780;2;0;1;0.0
Biobío;Servicio de Salud Biobío;Los Ángeles;Centro Comunitario de Salud Familiar Los Carrera;120780;3;0;2;0.0
Biobío;Servicio de Salud Biobío;Los Ángeles;Centro Comunitario de Salud Familiar Los Carrera;120780;4;0;3;0.0
Biobío;Servicio de Salud Biobío;Los Ángeles;Centro Comunitario de Salud Familiar Los Carrera;120780;5;0;1;0.0
Biobío;Servicio de Salud Biobío;Los Ángeles;Centro Comunitario de Salud Familiar Los Carrera;120780;6;0;2;0.0
Biobío;Servicio de Salud Biobío;Los Ángeles;Centro Comunitario de Salud Familiar Los Pioneros;120710;1;0;7;0.0
Biobío;Servicio de Salud Biobío;Los Ángeles;Centro Comunitario de Salud Familiar Los Pioneros;120710;2;0;3;0.0
Biobío;Servicio de Salud Biobío;Los Ángeles;Centro Comunitario de Salud Familiar Los Pioneros;120710;3;6;6;100.0
Biobío;Servicio de Salud Biobío;Los Ángeles;Centro Comunitario de Salud Familiar Los Pioneros;120710;4;1;3;33.33
Biobío;Servicio de Salud Biobío;Los Ángeles;Centro Comunitario de Salud Familiar Los Pioneros;120710;5;4;0;
Biobío;Servicio de Salud Biobío;Los Ángeles;Centro Comunitario de Salud Familiar Los Pioneros;120710;6;0;2;0.0
Biobío;Servicio de Salud Biobío;Los Ángeles;Centro Comunitario de Salud Familiar Villa Los Ríos;120711;1;0;3;0.0
Biobío;Servicio de Salud Biobío;Los Ángeles;Centro Comunitario de Salud Familiar Villa Los Ríos;120711;2;0;4;0.0
Biobío;Servicio de Salud Biobío;Los Ángeles;Centro Comunitario de Salud Familiar Villa Los Ríos;120711;3;0;5;0.0
Biobío;Servicio de Salud Biobío;Los Ángeles;Centro Comunitario de Salud Familiar Villa Los Ríos;120711;4;0;1;0.0
Biobío;Servicio de Salud Biobío;Los Ángeles;Centro Comunitario de Salud Familiar Villa Los Ríos;120711;5;0;2;0.0
Biobío;Servicio de Salud Biobío;Los Ángeles;Centro Comunitario de Salud Familiar Villa Los Ríos;120711;6;0;1;0.0
Biobío;Servicio de Salud Biobío;Los Ángeles;Centro de Salud Familiar 2 Septiembre;120309;1;0;23;0.0
Biobío;Servicio de Salud Biobío;Los Ángeles;Centro de Salud Familiar 2 Septiembre;120309;2;0;21;0.0
Biobío;Servicio de Salud Biobío;Los Ángeles;Centro de Salud Familiar 2 Septiembre;120309;3;8;23;34.78
Biobío;Servicio de Salud Biobío;Los Ángeles;Centro de Salud Familiar 2 Septiembre;120309;4;24;16;150.0
Biobío;Servicio de Salud Biobío;Los Ángeles;Centro de Salud Familiar 2 Septiembre;120309;5;12;19;63.16
Biobío;Servicio de Salud Biobío;Los Ángeles;Centro de Salud Familiar 2 Septiembre;120309;6;13;16;81.25
Biobío;Servicio de Salud Biobío;Los Ángeles;Centro de Salud Familiar Entre Ríos;200312;1;2;23;8.7
Biobío;Servicio de Salud Biobío;Los Ángeles;Centro de Salud Familiar Entre Ríos;200312;2;17;15;113.33
Biobío;Servicio de Salud Biobío;Los Ángeles;Centro de Salud Familiar Entre Ríos;200312;3;0;24;0.0
Biobío;Servicio de Salud Biobío;Los Ángeles;Centro de Salud Familiar Entre Ríos;200312;4;24;19;126.32
Biobío;Servicio de Salud Biobío;Los Ángeles;Centro de Salud Familiar Entre Ríos;200312;5;10;20;50.0
Biobío;Servicio de Salud Biobío;Los Ángeles;Centro de Salud Familiar Entre Ríos;200312;6;33;14;235.71
Biobío;Servicio de Salud Biobío;Los Ángeles;Centro de Salud Familiar Nororiente de Los Ángeles;120301;1;10;23;43.48
Biobío;Servicio de Salud Biobío;Los Ángeles;Centro de Salud Familiar Nororiente de Los Ángeles;120301;2;17;10;170.0
Biobío;Servicio de Salud Biobío;Los Ángeles;Centro de Salud Familiar Nororiente de Los Ángeles;120301;3;9;20;45.0
Biobío;Servicio de Salud Biobío;Los Ángeles;Centro de Salud Familiar Nororiente de Los Ángeles;120301;4;13;20;65.0
Biobío;Servicio de Salud Biobío;Los Ángeles;Centro de Salud Familiar Nororiente de Los Ángeles;120301;5;5;21;23.81
Biobío;Servicio de Salud Biobío;Los Ángeles;Centro de Salud Familiar Nororiente de Los Ángeles;120301;6;4;12;33.33
Biobío;Servicio de Salud Biobío;Los Ángeles;Centro de Salud Familiar Norte de Los Ángeles;120310;1;17;23;73.91
Biobío;Servicio de Salud Biobío;Los Ángeles;Centro de Salud Familiar Norte de Los Ángeles;120310;2;12;22;54.55
Biobío;Servicio de Salud Biobío;Los Ángeles;Centro de Salud Familiar Norte de Los Ángeles;120310;3;7;24;29.17
Biobío;Servicio de Salud Biobío;Los Ángeles;Centro de Salud Familiar Norte de Los Ángeles;120310;4;27;24;112.5
Biobío;Servicio de Salud Biobío;Los Ángeles;Centro de Salud Familiar Norte de Los Ángeles;120310;5;17;25;68.0
Biobío;Servicio de Salud Biobío;Los Ángeles;Centro de Salud Familiar Norte de Los Ángeles;120310;6;23;21;109.52
Biobío;Servicio de Salud Biobío;Los Ángeles;Centro de Salud Familiar Nuevo Horizonte;120315;1;3;23;13.04
Biobío;Servicio de Salud Biobío;Los Ángeles;Centro de Salud Familiar Nuevo Horizonte;120315;2;7;7;100.0
Biobío;Servicio de Salud Biobío;Los Ángeles;Centro de Salud Familiar Nuevo Horizonte;120315;3;0;24;0.0
Biobío;Servicio de Salud Biobío;Los Ángeles;Centro de Salud Familiar Nuevo Horizonte;120315;4;4;15;26.67
Biobío;Servicio de Salud Biobío;Los Ángeles;Centro de Salud Familiar Nuevo Horizonte;120315;5;5;35;14.29
Biobío;Servicio de Salud Biobío;Los Ángeles;Centro de Salud Familiar Nuevo Horizonte;120315;6;9;16;56.25
Biobío;Servicio de Salud Biobío;Los Ángeles;Centro de Salud Familiar Santa Fe;120302;1;0;9;0.0
Biobío;Servicio de Salud Biobío;Los Ángeles;Centro de Salud Familiar Santa Fe;120302;2;0;5;0.0
Biobío;Servicio de Salud Biobío;Los Ángeles;Centro de Salud Familiar Santa Fe;120302;3;13;9;144.44
Biobío;Servicio de Salud Biobío;Los Ángeles;Centro de Salud Familiar Santa Fe;120302;4;6;7;85.71
Biobío;Servicio de Salud Biobío;Los Ángeles;Centro de Salud Familiar Santa Fe;120302;5;21;8;262.5
Biobío;Servicio de Salud Biobío;Los Ángeles;Centro de Salud Familiar Santa Fe;120302;6;11;9;122.22
Biobío;Servicio de Salud Biobío;Los Ángeles;Posta de Salud Rural Alborada;120414;4;0;1;0.0
Biobío;Servicio de Salud Biobío;Los Ángeles;Posta de Salud Rural Alborada;120414;6;0;2;0.0
Biobío;Servicio de Salud Biobío;Los Ángeles;Posta de Salud Rural Chacayal Norte;120402;1;0;1;0.0
Biobío;Servicio de Salud Biobío;Los Ángeles;Posta de Salud Rural Chacayal Norte;120402;3;0;3;0.0
Biobío;Servicio de Salud Biobío;Los Ángeles;Posta de Salud Rural Chacayal Norte;120402;4;0;1;0.0
Biobío;Servicio de Salud Biobío;Los Ángeles;Posta de Salud Rural Chacayal Norte;120402;5;0;2;0.0
Biobío;Servicio de Salud Biobío;Los Ángeles;Posta de Salud Rural Chacayal Norte;120402;6;0;1;0.0
Biobío;Servicio de Salud Biobío;Los Ángeles;Posta de Salud Rural Chacayal Sur;120467;1;0;1;0.0
Biobío;Servicio de Salud Biobío;Los Ángeles;Posta de Salud Rural Chacayal Sur;120467;2;0;3;0.0
Biobío;Servicio de Salud Biobío;Los Ángeles;Posta de Salud Rural Chacayal Sur;120467;3;0;1;0.0
Biobío;Servicio de Salud Biobío;Los Ángeles;Posta de Salud Rural Chacayal Sur;120467;4;0;2;0.0
Biobío;Servicio de Salud Biobío;Los Ángeles;Posta de Salud Rural Chacayal Sur;120467;5;0;1;0.0
Biobío;Servicio de Salud Biobío;Los Ángeles;Posta de Salud Rural Chacayal Sur;120467;6;0;3;0.0
Biobío;Servicio de Salud Biobío;Los Ángeles;Posta de Salud Rural Dicahue;120411;6;0;1;0.0
Biobío;Servicio de Salud Biobío;Los Ángeles;Posta de Salud Rural El Durazno ( Los Ángeles);120403;3;0;1;0.0
Biobío;Servicio de Salud Biobío;Los Ángeles;Posta de Salud Rural El Durazno ( Los Ángeles);120403;5;0;1;0.0
Biobío;Servicio de Salud Biobío;Los Ángeles;Posta de Salud Rural El Durazno ( Los Ángeles);120403;6;0;1;0.0
Biobío;Servicio de Salud Biobío;Los Ángeles;Posta de Salud Rural Llano Blanco;120405;2;0;3;0.0
Biobío;Servicio de Salud Biobío;Los Ángeles;Posta de Salud Rural Llano Blanco;120405;3;0;1;0.0
Biobío;Servicio de Salud Biobío;Los Ángeles;Posta de Salud Rural Llano Blanco;120405;4;0;1;0.0
Biobío;Servicio de Salud Biobío;Los Ángeles;Posta de Salud Rural Llano Blanco;120405;5;0;1;0.0
Biobío;Servicio de Salud Biobío;Los Ángeles;Posta de Salud Rural Llano Blanco;120405;6;0;1;0.0
Biobío;Servicio de Salud Biobío;Los Ángeles;Posta de Salud Rural Los Molinos;120404;3;0;1;0.0
Biobío;Servicio de Salud Biobío;Los Ángeles;Posta de Salud Rural Los Robles (Los Ángeles);120413;1;0;1;0.0
Biobío;Servicio de Salud Biobío;Los Ángeles;Posta de Salud Rural Los Robles (Los Ángeles);120413;5;0;1;0.0
Biobío;Servicio de Salud Biobío;Los Ángeles;Posta de Salud Rural Los Troncos;120406;2;0;2;0.0
Biobío;Servicio de Salud Biobío;Los Ángeles;Posta de Salud Rural Los Troncos;120406;3;0;1;0.0
Biobío;Servicio de Salud Biobío;Los Ángeles;Posta de Salud Rural Salto del Laja;120412;5;0;2;0.0
Biobío;Servicio de Salud Biobío;Los Ángeles;Posta de Salud Rural San Carlos;120408;1;0;3;0.0
Biobío;Servicio de Salud Biobío;Los Ángeles;Posta de Salud Rural San Carlos;120408;2;0;1;0.0
Biobío;Servicio de Salud Biobío;Mulchén;Centro Comunitario de Salud Familiar Mulchén;120702;1;0;5;0.0
Biobío;Servicio de Salud Biobío;Mulchén;Centro Comunitario de Salud Familiar Mulchén;120702;2;0;2;0.0
Biobío;Servicio de Salud Biobío;Mulchén;Centro Comunitario de Salud Familiar Mulchén;120702;3;0;3;0.0
Biobío;Servicio de Salud Biobío;Mulchén;Centro Comunitario de Salud Familiar Mulchén;120702;4;0;5;0.0
Biobío;Servicio de Salud Biobío;Mulchén;Centro Comunitario de Salud Familiar Mulchén;120702;5;10;4;250.0
Biobío;Servicio de Salud Biobío;Mulchén;Centro Comunitario de Salud Familiar Mulchén;120702;6;7;6;116.67
Biobío;Servicio de Salud Biobío;Mulchén;Centro Comunitario de Salud Familiar Villa La Granja;200413;1;0;4;0.0
Biobío;Servicio de Salud Biobío;Mulchén;Centro Comunitario de Salud Familiar Villa La Granja;200413;2;0;5;0.0
Biobío;Servicio de Salud Biobío;Mulchén;Centro Comunitario de Salud Familiar Villa La Granja;200413;3;0;1;0.0
Biobío;Servicio de Salud Biobío;Mulchén;Centro Comunitario de Salud Familiar Villa La Granja;200413;4;0;3;0.0
Biobío;Servicio de Salud Biobío;Mulchén;Centro Comunitario de Salud Familiar Villa La Granja;200413;5;2;4;50.0
Biobío;Servicio de Salud Biobío;Mulchén;Centro Comunitario de Salud Familiar Villa La Granja;200413;6;0;2;0.0
Biobío;Servicio de Salud Biobío;Mulchén;Hospital de Mulchén;120102;1;4;13;30.77
Biobío;Servicio de Salud Biobío;Mulchén;Hospital de Mulchén;120102;2;0;10;0.0
Biobío;Servicio de Salud Biobío;Mulchén;Hospital de Mulchén;120102;3;0;19;0.0
Biobío;Servicio de Salud Biobío;Mulchén;Hospital de Mulchén;120102;4;4;14;28.57
Biobío;Servicio de Salud Biobío;Mulchén;Hospital de Mulchén;120102;5;6;10;60.0
Biobío;Servicio de Salud Biobío;Mulchén;Hospital de Mulchén;120102;6;1;16;6.25
Biobío;Servicio de Salud Biobío;Mulchén;Posta de Salud Rural Alhuelemu;120470;1;0;1;0.0
Biobío;Servicio de Salud Biobío;Mulchén;Posta de Salud Rural Alhuelemu;120470;2;0;1;0.0
Biobío;Servicio de Salud Biobío;Mulchén;Posta de Salud Rural Alhuelemu;120470;4;1;0;
Biobío;Servicio de Salud Biobío;Mulchén;Posta de Salud Rural Alhuelemu;120470;6;0;2;0.0
Biobío;Servicio de Salud Biobío;Mulchén;Posta de Salud Rural El Cisne;120416;2;0;1;0.0
Biobío;Servicio de Salud Biobío;Mulchén;Posta de Salud Rural Rapelco;120466;3;0;1;0.0
Biobío;Servicio de Salud Biobío;Mulchén;Posta de Salud Rural Rapelco;120466;6;0;1;0.0
Biobío;Servicio de Salud Biobío;Mulchén;Posta de Salud Rural Santa Adriana;120418;2;0;1;0.0
Biobío;Servicio de Salud Biobío;Mulchén;Posta de Salud Rural Santa Adriana;120418;3;0;1;0.0
Biobío;Servicio de Salud Biobío;Mulchén;Posta de Salud Rural Santa Adriana;120418;6;1;0;
Biobío;Servicio de Salud Biobío;Mulchén;Posta de Salud Rural Tierras Libres;120417;3;0;1;0.0
Biobío;Servicio de Salud Biobío;Mulchén;Posta de Salud Rural Tierras Libres;120417;4;2;1;200.0
Biobío;Servicio de Salud Biobío;Nacimiento;Centro Comunitario de Salud Familiar Julio Hemmelmann;120703;1;0;10;0.0
Biobío;Servicio de Salud Biobío;Nacimiento;Centro Comunitario de Salud Familiar Julio Hemmelmann;120703;2;0;4;0.0
Biobío;Servicio de Salud Biobío;Nacimiento;Centro Comunitario de Salud Familiar Julio Hemmelmann;120703;3;0;4;0.0
Biobío;Servicio de Salud Biobío;Nacimiento;Centro Comunitario de Salud Familiar Julio Hemmelmann;120703;4;6;5;120.0
Biobío;Servicio de Salud Biobío;Nacimiento;Centro Comunitario de Salud Familiar Julio Hemmelmann;120703;5;0;3;0.0
Biobío;Servicio de Salud Biobío;Nacimiento;Centro Comunitario de Salud Familiar Julio Hemmelmann;120703;6;0;5;0.0
Biobío;Servicio de Salud Biobío;Nacimiento;Centro Comunitario de Salud Familiar Lautaro;120704;1;0;7;0.0
Biobío;Servicio de Salud Biobío;Nacimiento;Centro Comunitario de Salud Familiar Lautaro;120704;2;0;5;0.0
Biobío;Servicio de Salud Biobío;Nacimiento;Centro Comunitario de Salud Familiar Lautaro;120704;3;0;2;0.0
Biobío;Servicio de Salud Biobío;Nacimiento;Centro Comunitario de Salud Familiar Lautaro;120704;4;0;7;0.0
Biobío;Servicio de Salud Biobío;Nacimiento;Centro Comunitario de Salud Familiar Lautaro;120704;5;0;2;0.0
Biobío;Servicio de Salud Biobío;Nacimiento;Centro Comunitario de Salud Familiar Lautaro;120704;6;3;3;100.0
Biobío;Servicio de Salud Biobío;Nacimiento;Hospital Comunitario y Familiar de Nacimiento;120103;1;2;11;18.18
Biobío;Servicio de Salud Biobío;Nacimiento;Hospital Comunitario y Familiar de Nacimiento;120103;2;6;6;100.0
Biobío;Servicio de Salud Biobío;Nacimiento;Hospital Comunitario y Familiar de Nacimiento;120103;3;8;7;114.29
Biobío;Servicio de Salud Biobío;Nacimiento;Hospital Comunitario y Familiar de Nacimiento;120103;4;6;4;150.0
Biobío;Servicio de Salud Biobío;Nacimiento;Hospital Comunitario y Familiar de Nacimiento;120103;5;7;9;77.78
Biobío;Servicio de Salud Biobío;Nacimiento;Hospital Comunitario y Familiar de Nacimiento;120103;6;7;8;87.5
Biobío;Servicio de Salud Biobío;Nacimiento;Posta de Salud Rural Culenco;120423;4;0;1;0.0
Biobío;Servicio de Salud Biobío;Nacimiento;Posta de Salud Rural Culenco;120423;6;0;1;0.0
Biobío;Servicio de Salud Biobío;Nacimiento;Posta de Salud Rural Dollinco (Nacimiento);120422;1;2;1;200.0
Biobío;Servicio de Salud Biobío;Nacimiento;Posta de Salud Rural Dollinco (Nacimiento);120422;2;0;1;0.0
Biobío;Servicio de Salud Biobío;Nacimiento;Posta de Salud Rural Dollinco (Nacimiento);120422;5;1;1;100.0
Biobío;Servicio de Salud Biobío;Nacimiento;Posta de Salud Rural Dollinco (Nacimiento);120422;6;1;0;
Biobío;Servicio de Salud Biobío;Negrete;Centro de Salud Familiar Yanequén;120307;1;0;4;0.0
Biobío;Servicio de Salud Biobío;Negrete;Centro de Salud Familiar Yanequén;120307;2;4;8;50.0
Biobío;Servicio de Salud Biobío;Negrete;Centro de Salud Familiar Yanequén;120307;3;0;11;0.0
Biobío;Servicio de Salud Biobío;Negrete;Centro de Salud Familiar Yanequén;120307;4;3;4;75.0
Biobío;Servicio de Salud Biobío;Negrete;Centro de Salud Familiar Yanequén;120307;5;0;4;0.0
Biobío;Servicio de Salud Biobío;Negrete;Centro de Salud Familiar Yanequén;120307;6;1;6;16.67
Biobío;Servicio de Salud Biobío;Negrete;Posta de Salud Rural Coigue;120425;2;0;2;0.0
Biobío;Servicio de Salud Biobío;Negrete;Posta de Salud Rural Coigue;120425;3;1;1;100.0
Biobío;Servicio de Salud Biobío;Negrete;Posta de Salud Rural Coigue;120425;5;0;1;0.0
Biobío;Servicio de Salud Biobío;Negrete;Posta de Salud Rural Coigue;120425;6;0;2;0.0
Biobío;Servicio de Salud Biobío;Negrete;Posta de Salud Rural Rihue;120429;1;0;1;0.0
Biobío;Servicio de Salud Biobío;Negrete;Posta de Salud Rural Rihue;120429;3;0;2;0.0
Biobío;Servicio de Salud Biobío;Negrete;Posta de Salud Rural Rihue;120429;4;0;1;0.0
Biobío;Servicio de Salud Biobío;Negrete;Posta de Salud Rural Rihue;120429;5;0;1;0.0
Biobío;Servicio de Salud Biobío;Quilaco;Consultorio  Quilaco;120316;1;0;2;0.0
Biobío;Servicio de Salud Biobío;Quilaco;Consultorio  Quilaco;120316;2;1;1;100.0
Biobío;Servicio de Salud Biobío;Quilaco;Consultorio  Quilaco;120316;3;0;8;0.0
Biobío;Servicio de Salud Biobío;Quilaco;Consultorio  Quilaco;120316;5;2;3;66.67
Biobío;Servicio de Salud Biobío;Quilaco;Consultorio  Quilaco;120316;6;2;2;100.0
Biobío;Servicio de Salud Biobío;Quilaco;Posta de Salud Rural Piñiquihue;120438;2;0;1;0.0
Biobío;Servicio de Salud Biobío;Quilaco;Posta de Salud Rural Rucalhue;120431;5;0;1;0.0
Biobío;Servicio de Salud Biobío;Quilleco;Centro de Salud Familiar Canteras Villa Mercedes;120314;1;0;4;0.0
Biobío;Servicio de Salud Biobío;Quilleco;Centro de Salud Familiar Canteras Villa Mercedes;120314;2;3;3;100.0
Biobío;Servicio de Salud Biobío;Quilleco;Centro de Salud Familiar Canteras Villa Mercedes;120314;4;3;5;60.0
Biobío;Servicio de Salud Biobío;Quilleco;Centro de Salud Familiar Canteras Villa Mercedes;120314;5;3;3;100.0
Biobío;Servicio de Salud Biobío;Quilleco;Centro de Salud Familiar Canteras Villa Mercedes;120314;6;0;3;0.0
Biobío;Servicio de Salud Biobío;Quilleco;Centro de Salud Familiar Quilleco;120306;1;0;1;0.0
Biobío;Servicio de Salud Biobío;Quilleco;Centro de Salud Familiar Quilleco;120306;2;6;4;150.0
Biobío;Servicio de Salud Biobío;Quilleco;Centro de Salud Familiar Quilleco;120306;3;0;4;0.0
Biobío;Servicio de Salud Biobío;Quilleco;Centro de Salud Familiar Quilleco;120306;4;2;1;200.0
Biobío;Servicio de Salud Biobío;Quilleco;Centro de Salud Familiar Quilleco;120306;5;0;4;0.0
Biobío;Servicio de Salud Biobío;Quilleco;Centro de Salud Familiar Quilleco;120306;6;0;1;0.0
Biobío;Servicio de Salud Biobío;San Rosendo;Centro de Salud Familiar Dr. Carlos Echeverría Véjar;120308;1;0;4;0.0
Biobío;Servicio de Salud Biobío;San Rosendo;Centro de Salud Familiar Dr. Carlos Echeverría Véjar;120308;2;0;2;0.0
Biobío;Servicio de Salud Biobío;San Rosendo;Centro de Salud Familiar Dr. Carlos Echeverría Véjar;120308;3;0;1;0.0
Biobío;Servicio de Salud Biobío;San Rosendo;Centro de Salud Familiar Dr. Carlos Echeverría Véjar;120308;4;0;5;0.0
Biobío;Servicio de Salud Biobío;San Rosendo;Centro de Salud Familiar Dr. Carlos Echeverría Véjar;120308;5;0;4;0.0
Biobío;Servicio de Salud Biobío;San Rosendo;Centro de Salud Familiar Dr. Carlos Echeverría Véjar;120308;6;0;7;0.0
Biobío;Servicio de Salud Biobío;Santa Bárbara;Centro Comunitario de Salud Familiar Santa Bárbara;200259;1;0;5;0.0
Biobío;Servicio de Salud Biobío;Santa Bárbara;Centro Comunitario de Salud Familiar Santa Bárbara;200259;3;0;5;0.0
Biobío;Servicio de Salud Biobío;Santa Bárbara;Centro Comunitario de Salud Familiar Santa Bárbara;200259;4;2;1;200.0
Biobío;Servicio de Salud Biobío;Santa Bárbara;Centro Comunitario de Salud Familiar Santa Bárbara;200259;5;4;2;200.0
Biobío;Servicio de Salud Biobío;Santa Bárbara;Centro Comunitario de Salud Familiar Santa Bárbara;200259;6;6;1;600.0
Biobío;Servicio de Salud Biobío;Santa Bárbara;Hospital Comunitario de Santa Bárbara;120106;1;5;11;45.45
Biobío;Servicio de Salud Biobío;Santa Bárbara;Hospital Comunitario de Santa Bárbara;120106;2;10;3;333.33
Biobío;Servicio de Salud Biobío;Santa Bárbara;Hospital Comunitario de Santa Bárbara;120106;3;2;7;28.57
Biobío;Servicio de Salud Biobío;Santa Bárbara;Hospital Comunitario de Santa Bárbara;120106;4;2;9;22.22
Biobío;Servicio de Salud Biobío;Santa Bárbara;Hospital Comunitario de Santa Bárbara;120106;5;13;7;185.71
Biobío;Servicio de Salud Biobío;Santa Bárbara;Hospital Comunitario de Santa Bárbara;120106;6;3;6;50.0
Biobío;Servicio de Salud Biobío;Santa Bárbara;Posta de Salud Rural El Castillo;120472;4;0;1;0.0
Biobío;Servicio de Salud Biobío;Santa Bárbara;Posta de Salud Rural Los Boldos;120447;2;0;2;0.0
Biobío;Servicio de Salud Biobío;Santa Bárbara;Posta de Salud Rural Los Boldos;120447;3;0;1;0.0
Biobío;Servicio de Salud Biobío;Santa Bárbara;Posta de Salud Rural Los Boldos;120447;5;0;1;0.0
Biobío;Servicio de Salud Biobío;Santa Bárbara;Posta de Salud Rural Los Junquillos;120469;2;0;1;0.0
Biobío;Servicio de Salud Biobío;Santa Bárbara;Posta de Salud Rural Los Junquillos;120469;4;0;1;0.0
Biobío;Servicio de Salud Biobío;Santa Bárbara;Posta de Salud Rural Los Junquillos;120469;5;0;1;0.0
Biobío;Servicio de Salud Biobío;Santa Bárbara;Posta de Salud Rural Villucura;120442;1;0;1;0.0
Biobío;Servicio de Salud Biobío;Tucapel;Consultorio Tucapel;120458;1;0;5;0.0
Biobío;Servicio de Salud Biobío;Tucapel;Consultorio Tucapel;120458;2;0;3;0.0
Biobío;Servicio de Salud Biobío;Tucapel;Consultorio Tucapel;120458;3;0;2;0.0
Biobío;Servicio de Salud Biobío;Tucapel;Consultorio Tucapel;120458;4;3;2;150.0
Biobío;Servicio de Salud Biobío;Tucapel;Consultorio Tucapel;120458;5;1;0;
Biobío;Servicio de Salud Biobío;Tucapel;Consultorio Tucapel;120458;6;2;0;
Biobío;Servicio de Salud Biobío;Tucapel;Hospital Comunitario Dr. Roberto Muñoz Urrutia de Huépil;120107;1;0;6;0.0
Biobío;Servicio de Salud Biobío;Tucapel;Hospital Comunitario Dr. Roberto Muñoz Urrutia de Huépil;120107;2;0;7;0.0
Biobío;Servicio de Salud Biobío;Tucapel;Hospital Comunitario Dr. Roberto Muñoz Urrutia de Huépil;120107;3;2;4;50.0
Biobío;Servicio de Salud Biobío;Tucapel;Hospital Comunitario Dr. Roberto Muñoz Urrutia de Huépil;120107;4;7;5;140.0
Biobío;Servicio de Salud Biobío;Tucapel;Hospital Comunitario Dr. Roberto Muñoz Urrutia de Huépil;120107;5;4;4;100.0
Biobío;Servicio de Salud Biobío;Tucapel;Hospital Comunitario Dr. Roberto Muñoz Urrutia de Huépil;120107;6;3;6;50.0
Biobío;Servicio de Salud Biobío;Tucapel;Posta de Salud Rural Polcura;120460;4;0;1;0.0
Biobío;Servicio de Salud Biobío;Tucapel;Posta de Salud Rural Polcura;120460;5;0;1;0.0
Biobío;Servicio de Salud Biobío;Tucapel;Posta de Salud Rural Rucamanqui;120430;6;2;0;
Biobío;Servicio de Salud Biobío;Tucapel;Posta de Salud Rural Trupán;120459;1;2;1;200.0
Biobío;Servicio de Salud Biobío;Tucapel;Posta de Salud Rural Trupán;120459;2;0;1;0.0
Biobío;Servicio de Salud Biobío;Tucapel;Posta de Salud Rural Trupán;120459;4;3;0;
Biobío;Servicio de Salud Biobío;Yumbel;Centro de Salud Familiar Yumbel Estación;120313;1;4;2;200.0
Biobío;Servicio de Salud Biobío;Yumbel;Centro de Salud Familiar Yumbel Estación;120313;2;5;5;100.0
Biobío;Servicio de Salud Biobío;Yumbel;Centro de Salud Familiar Yumbel Estación;120313;3;1;2;50.0
Biobío;Servicio de Salud Biobío;Yumbel;Centro de Salud Familiar Yumbel Estación;120313;4;5;2;250.0
Biobío;Servicio de Salud Biobío;Yumbel;Centro de Salud Familiar Yumbel Estación;120313;5;0;4;0.0
Biobío;Servicio de Salud Biobío;Yumbel;Centro de Salud Familiar Yumbel Estación;120313;6;3;2;150.0
Biobío;Servicio de Salud Biobío;Yumbel;Hospital Comunitario de Yumbel;120104;1;1;11;9.09
Biobío;Servicio de Salud Biobío;Yumbel;Hospital Comunitario de Yumbel;120104;2;2;3;66.67
Biobío;Servicio de Salud Biobío;Yumbel;Hospital Comunitario de Yumbel;120104;3;1;5;20.0
Biobío;Servicio de Salud Biobío;Yumbel;Hospital Comunitario de Yumbel;120104;4;8;3;266.67
Biobío;Servicio de Salud Biobío;Yumbel;Hospital Comunitario de Yumbel;120104;5;13;3;433.33
Biobío;Servicio de Salud Biobío;Yumbel;Hospital Comunitario de Yumbel;120104;6;12;15;80.0
Biobío;Servicio de Salud Biobío;Yumbel;Posta de Salud Rural Canchillas;120473;2;1;1;100.0
Biobío;Servicio de Salud Biobío;Yumbel;Posta de Salud Rural La Aguada;120451;1;1;1;100.0
Biobío;Servicio de Salud Biobío;Yumbel;Posta de Salud Rural La Aguada;120451;2;1;1;100.0
Biobío;Servicio de Salud Biobío;Yumbel;Posta de Salud Rural La Aguada;120451;6;0;1;0.0
Biobío;Servicio de Salud Biobío;Yumbel;Posta de Salud Rural Rere;120452;3;1;1;100.0
Biobío;Servicio de Salud Biobío;Yumbel;Posta de Salud Rural Rere;120452;6;1;1;100.0
Biobío;Servicio de Salud Biobío;Yumbel;Posta de Salud Rural Río Claro;120454;3;1;1;100.0
Biobío;Servicio de Salud Biobío;Yumbel;Posta de Salud Rural Río Claro;120454;4;1;1;100.0
Biobío;Servicio de Salud Biobío;Yumbel;Posta de Salud Rural Río Claro;120454;6;0;1;0.0
Biobío;Servicio de Salud Concepción;Chiguayante;CESFAM  Pinares Dr. Eloisa Díaz Insunza;118301;1;11;11;100.0
Biobío;Servicio de Salud Concepción;Chiguayante;CESFAM  Pinares Dr. Eloisa Díaz Insunza;118301;2;0;10;0.0
Biobío;Servicio de Salud Concepción;Chiguayante;CESFAM  Pinares Dr. Eloisa Díaz Insunza;118301;3;10;6;166.67
Biobío;Servicio de Salud Concepción;Chiguayante;CESFAM  Pinares Dr. Eloisa Díaz Insunza;118301;4;5;11;45.45
Biobío;Servicio de Salud Concepción;Chiguayante;CESFAM  Pinares Dr. Eloisa Díaz Insunza;118301;5;2;7;28.57
Biobío;Servicio de Salud Concepción;Chiguayante;CESFAM  Pinares Dr. Eloisa Díaz Insunza;118301;6;3;7;42.86
Biobío;Servicio de Salud Concepción;Chiguayante;CESFAM Dr. Virginio Gomez G.  Valle La Piedra;201233;1;0;13;0.0
Biobío;Servicio de Salud Concepción;Chiguayante;CESFAM Dr. Virginio Gomez G.  Valle La Piedra;201233;2;0;4;0.0
Biobío;Servicio de Salud Concepción;Chiguayante;CESFAM Dr. Virginio Gomez G.  Valle La Piedra;201233;3;0;11;0.0
Biobío;Servicio de Salud Concepción;Chiguayante;CESFAM Dr. Virginio Gomez G.  Valle La Piedra;201233;4;2;5;40.0
Biobío;Servicio de Salud Concepción;Chiguayante;CESFAM Dr. Virginio Gomez G.  Valle La Piedra;201233;5;0;8;0.0
Biobío;Servicio de Salud Concepción;Chiguayante;CESFAM Dr. Virginio Gomez G.  Valle La Piedra;201233;6;0;8;0.0
Biobío;Servicio de Salud Concepción;Chiguayante;Centro de Salud Familiar Chiguayante;118307;1;2;9;22.22
Biobío;Servicio de Salud Concepción;Chiguayante;Centro de Salud Familiar Chiguayante;118307;2;0;10;0.0
Biobío;Servicio de Salud Concepción;Chiguayante;Centro de Salud Familiar Chiguayante;118307;3;10;10;100.0
Biobío;Servicio de Salud Concepción;Chiguayante;Centro de Salud Familiar Chiguayante;118307;4;0;11;0.0
Biobío;Servicio de Salud Concepción;Chiguayante;Centro de Salud Familiar Chiguayante;118307;5;0;11;0.0
Biobío;Servicio de Salud Concepción;Chiguayante;Centro de Salud Familiar Chiguayante;118307;6;0;5;0.0
Biobío;Servicio de Salud Concepción;Chiguayante;Centro de Salud Familiar La Leonera;118314;1;2;14;14.29
Biobío;Servicio de Salud Concepción;Chiguayante;Centro de Salud Familiar La Leonera;118314;2;3;12;25.0
Biobío;Servicio de Salud Concepción;Chiguayante;Centro de Salud Familiar La Leonera;118314;3;3;12;25.0
Biobío;Servicio de Salud Concepción;Chiguayante;Centro de Salud Familiar La Leonera;118314;4;3;15;20.0
Biobío;Servicio de Salud Concepción;Chiguayante;Centro de Salud Familiar La Leonera;118314;5;3;12;25.0
Biobío;Servicio de Salud Concepción;Chiguayante;Centro de Salud Familiar La Leonera;118314;6;22;12;183.33
Biobío;Servicio de Salud Concepción;Concepción;Centro Comunitario de Salud Familiar Chaimávida;200052;1;0;1;0.0
Biobío;Servicio de Salud Concepción;Concepción;Centro Comunitario de Salud Familiar Chaimávida;200052;2;0;3;0.0
Biobío;Servicio de Salud Concepción;Concepción;Centro Comunitario de Salud Familiar Chaimávida;200052;6;0;2;0.0
Biobío;Servicio de Salud Concepción;Concepción;Centro de Salud Familiar Juan Soto Fernández;118310;1;4;7;57.14
Biobío;Servicio de Salud Concepción;Concepción;Centro de Salud Familiar Juan Soto Fernández;118310;2;3;10;30.0
Biobío;Servicio de Salud Concepción;Concepción;Centro de Salud Familiar Juan Soto Fernández;118310;3;3;15;20.0
Biobío;Servicio de Salud Concepción;Concepción;Centro de Salud Familiar Juan Soto Fernández;118310;4;1;7;14.29
Biobío;Servicio de Salud Concepción;Concepción;Centro de Salud Familiar Juan Soto Fernández;118310;5;4;10;40.0
Biobío;Servicio de Salud Concepción;Concepción;Centro de Salud Familiar Juan Soto Fernández;118310;6;1;7;14.29
Biobío;Servicio de Salud Concepción;Concepción;Centro de Salud Familiar Lorenzo Arenas;118309;1;0;12;0.0
Biobío;Servicio de Salud Concepción;Concepción;Centro de Salud Familiar Lorenzo Arenas;118309;2;0;13;0.0
Biobío;Servicio de Salud Concepción;Concepción;Centro de Salud Familiar Lorenzo Arenas;118309;3;4;14;28.57
Biobío;Servicio de Salud Concepción;Concepción;Centro de Salud Familiar Lorenzo Arenas;118309;4;6;14;42.86
Biobío;Servicio de Salud Concepción;Concepción;Centro de Salud Familiar Lorenzo Arenas;118309;5;11;8;137.5
Biobío;Servicio de Salud Concepción;Concepción;Centro de Salud Familiar Lorenzo Arenas;118309;6;0;14;0.0
Biobío;Servicio de Salud Concepción;Concepción;Centro de Salud Familiar O'Higgins;118304;1;4;26;15.38
Biobío;Servicio de Salud Concepción;Concepción;Centro de Salud Familiar O'Higgins;118304;2;6;17;35.29
Biobío;Servicio de Salud Concepción;Concepción;Centro de Salud Familiar O'Higgins;118304;3;0;26;0.0
Biobío;Servicio de Salud Concepción;Concepción;Centro de Salud Familiar O'Higgins;118304;4;13;33;39.39
Biobío;Servicio de Salud Concepción;Concepción;Centro de Salud Familiar O'Higgins;118304;5;7;15;46.67
Biobío;Servicio de Salud Concepción;Concepción;Centro de Salud Familiar O'Higgins;118304;6;4;22;18.18
Biobío;Servicio de Salud Concepción;Concepción;Centro de Salud Familiar Pedro de Valdivia;118303;1;0;10;0.0
Biobío;Servicio de Salud Concepción;Concepción;Centro de Salud Familiar Pedro de Valdivia;118303;2;0;5;0.0
Biobío;Servicio de Salud Concepción;Concepción;Centro de Salud Familiar Pedro de Valdivia;118303;3;6;5;120.0
Biobío;Servicio de Salud Concepción;Concepción;Centro de Salud Familiar Pedro de Valdivia;118303;4;0;12;0.0
Biobío;Servicio de Salud Concepción;Concepción;Centro de Salud Familiar Pedro de Valdivia;118303;5;0;7;0.0
Biobío;Servicio de Salud Concepción;Concepción;Centro de Salud Familiar Pedro de Valdivia;118303;6;0;6;0.0
Biobío;Servicio de Salud Concepción;Concepción;Centro de Salud Familiar Santa Sabina;118317;1;12;9;133.33
Biobío;Servicio de Salud Concepción;Concepción;Centro de Salud Familiar Santa Sabina;118317;2;0;14;0.0
Biobío;Servicio de Salud Concepción;Concepción;Centro de Salud Familiar Santa Sabina;118317;3;0;15;0.0
Biobío;Servicio de Salud Concepción;Concepción;Centro de Salud Familiar Santa Sabina;118317;4;2;13;15.38
Biobío;Servicio de Salud Concepción;Concepción;Centro de Salud Familiar Santa Sabina;118317;5;0;6;0.0
Biobío;Servicio de Salud Concepción;Concepción;Centro de Salud Familiar Santa Sabina;118317;6;0;10;0.0
Biobío;Servicio de Salud Concepción;Concepción;Centro de Salud Familiar Tucapel;118306;1;3;14;21.43
Biobío;Servicio de Salud Concepción;Concepción;Centro de Salud Familiar Tucapel;118306;2;3;13;23.08
Biobío;Servicio de Salud Concepción;Concepción;Centro de Salud Familiar Tucapel;118306;3;2;12;16.67
Biobío;Servicio de Salud Concepción;Concepción;Centro de Salud Familiar Tucapel;118306;4;7;13;53.85
Biobío;Servicio de Salud Concepción;Concepción;Centro de Salud Familiar Tucapel;118306;5;0;8;0.0
Biobío;Servicio de Salud Concepción;Concepción;Centro de Salud Familiar Tucapel;118306;6;0;10;0.0
Biobío;Servicio de Salud Concepción;Concepción;Centro de Salud Familiar Villa Nonguén (Organizaciones sin fines de lucro y ONG);118609;1;15;11;136.36
Biobío;Servicio de Salud Concepción;Concepción;Centro de Salud Familiar Villa Nonguén (Organizaciones sin fines de lucro y ONG);118609;2;0;5;0.0
Biobío;Servicio de Salud Concepción;Concepción;Centro de Salud Familiar Villa Nonguén (Organizaciones sin fines de lucro y ONG);118609;3;0;10;0.0
Biobío;Servicio de Salud Concepción;Concepción;Centro de Salud Familiar Villa Nonguén (Organizaciones sin fines de lucro y ONG);118609;4;0;9;0.0
Biobío;Servicio de Salud Concepción;Concepción;Centro de Salud Familiar Villa Nonguén (Organizaciones sin fines de lucro y ONG);118609;5;0;7;0.0
Biobío;Servicio de Salud Concepción;Concepción;Centro de Salud Familiar Villa Nonguén (Organizaciones sin fines de lucro y ONG);118609;6;0;8;0.0
Biobío;Servicio de Salud Concepción;Concepción;Centro de Salud Familiar Víctor Manuel Fernández;118305;1;31;31;100.0
Biobío;Servicio de Salud Concepción;Concepción;Centro de Salud Familiar Víctor Manuel Fernández;118305;2;28;27;103.7
Biobío;Servicio de Salud Concepción;Concepción;Centro de Salud Familiar Víctor Manuel Fernández;118305;3;24;25;96.0
Biobío;Servicio de Salud Concepción;Concepción;Centro de Salud Familiar Víctor Manuel Fernández;118305;4;32;32;100.0
Biobío;Servicio de Salud Concepción;Concepción;Centro de Salud Familiar Víctor Manuel Fernández;118305;5;26;26;100.0
Biobío;Servicio de Salud Concepción;Concepción;Centro de Salud Familiar Víctor Manuel Fernández;118305;6;27;28;96.43
Biobío;Servicio de Salud Concepción;Coronel;Centro Comunitario de Salud Familiar Escuadrón;118713;1;0;4;0.0
Biobío;Servicio de Salud Concepción;Coronel;Centro Comunitario de Salud Familiar Escuadrón;118713;2;0;4;0.0
Biobío;Servicio de Salud Concepción;Coronel;Centro Comunitario de Salud Familiar Escuadrón;118713;3;0;7;0.0
Biobío;Servicio de Salud Concepción;Coronel;Centro Comunitario de Salud Familiar Escuadrón;118713;4;0;4;0.0
Biobío;Servicio de Salud Concepción;Coronel;Centro Comunitario de Salud Familiar Escuadrón;118713;5;0;1;0.0
Biobío;Servicio de Salud Concepción;Coronel;Centro Comunitario de Salud Familiar Escuadrón;118713;6;0;1;0.0
Biobío;Servicio de Salud Concepción;Coronel;Centro Comunitario de Salud Familiar Lagunillas;118712;1;0;5;0.0
Biobío;Servicio de Salud Concepción;Coronel;Centro Comunitario de Salud Familiar Lagunillas;118712;2;0;1;0.0
Biobío;Servicio de Salud Concepción;Coronel;Centro Comunitario de Salud Familiar Lagunillas;118712;3;0;1;0.0
Biobío;Servicio de Salud Concepción;Coronel;Centro Comunitario de Salud Familiar Lagunillas;118712;4;0;6;0.0
Biobío;Servicio de Salud Concepción;Coronel;Centro Comunitario de Salud Familiar Lagunillas;118712;5;0;1;0.0
Biobío;Servicio de Salud Concepción;Coronel;Centro Comunitario de Salud Familiar Lagunillas;118712;6;0;4;0.0
Biobío;Servicio de Salud Concepción;Coronel;Centro Comunitario de Salud Familiar Puerto Sur Isla Sta. María;118702;1;0;1;0.0
Biobío;Servicio de Salud Concepción;Coronel;Centro Comunitario de Salud Familiar Puerto Sur Isla Sta. María;118702;2;0;1;0.0
Biobío;Servicio de Salud Concepción;Coronel;Centro Comunitario de Salud Familiar Puerto Sur Isla Sta. María;118702;3;0;2;0.0
Biobío;Servicio de Salud Concepción;Coronel;Centro Comunitario de Salud Familiar Puerto Sur Isla Sta. María;118702;4;0;1;0.0
Biobío;Servicio de Salud Concepción;Coronel;Centro de Salud Familiar Carlos Pinto Fierro;118311;1;23;23;100.0
Biobío;Servicio de Salud Concepción;Coronel;Centro de Salud Familiar Carlos Pinto Fierro;118311;2;16;16;100.0
Biobío;Servicio de Salud Concepción;Coronel;Centro de Salud Familiar Carlos Pinto Fierro;118311;3;15;27;55.56
Biobío;Servicio de Salud Concepción;Coronel;Centro de Salud Familiar Carlos Pinto Fierro;118311;4;23;21;109.52
Biobío;Servicio de Salud Concepción;Coronel;Centro de Salud Familiar Carlos Pinto Fierro;118311;5;11;20;55.0
Biobío;Servicio de Salud Concepción;Coronel;Centro de Salud Familiar Carlos Pinto Fierro;118311;6;12;18;66.67
Biobío;Servicio de Salud Concepción;Coronel;Centro de Salud Familiar Lagunillas;118312;1;0;17;0.0
Biobío;Servicio de Salud Concepción;Coronel;Centro de Salud Familiar Lagunillas;118312;2;0;8;0.0
Biobío;Servicio de Salud Concepción;Coronel;Centro de Salud Familiar Lagunillas;118312;3;0;24;0.0
Biobío;Servicio de Salud Concepción;Coronel;Centro de Salud Familiar Lagunillas;118312;4;0;22;0.0
Biobío;Servicio de Salud Concepción;Coronel;Centro de Salud Familiar Lagunillas;118312;5;0;11;0.0
Biobío;Servicio de Salud Concepción;Coronel;Centro de Salud Familiar Lagunillas;118312;6;0;21;0.0
Biobío;Servicio de Salud Concepción;Coronel;Centro de Salud Familiar Yobilo;118313;1;0;13;0.0
Biobío;Servicio de Salud Concepción;Coronel;Centro de Salud Familiar Yobilo;118313;2;0;15;0.0
Biobío;Servicio de Salud Concepción;Coronel;Centro de Salud Familiar Yobilo;118313;3;5;20;25.0
Biobío;Servicio de Salud Concepción;Coronel;Centro de Salud Familiar Yobilo;118313;4;12;18;66.67
Biobío;Servicio de Salud Concepción;Coronel;Centro de Salud Familiar Yobilo;118313;5;10;14;71.43
Biobío;Servicio de Salud Concepción;Coronel;Centro de Salud Familiar Yobilo;118313;6;5;20;25.0
Biobío;Servicio de Salud Concepción;Coronel;Hospital San José (Coronel);118105;1;14;14;100.0
Biobío;Servicio de Salud Concepción;Coronel;Hospital San José (Coronel);118105;2;18;18;100.0
Biobío;Servicio de Salud Concepción;Coronel;Hospital San José (Coronel);118105;3;16;17;94.12
Biobío;Servicio de Salud Concepción;Coronel;Hospital San José (Coronel);118105;4;14;14;100.0
Biobío;Servicio de Salud Concepción;Coronel;Hospital San José (Coronel);118105;5;16;15;106.67
Biobío;Servicio de Salud Concepción;Coronel;Hospital San José (Coronel);118105;6;15;15;100.0
Biobío;Servicio de Salud Concepción;Coronel;Posta de Salud Rural Patagual;118446;1;0;1;0.0
Biobío;Servicio de Salud Concepción;Coronel;Posta de Salud Rural Patagual;118446;5;0;1;0.0
Biobío;Servicio de Salud Concepción;Coronel;Posta de Salud Rural Puerto Norte Isla Sta. María;118403;1;0;1;0.0
Biobío;Servicio de Salud Concepción;Coronel;Posta de Salud Rural Puerto Norte Isla Sta. María;118403;3;0;1;0.0
Biobío;Servicio de Salud Concepción;Coronel;Posta de Salud Rural Puerto Norte Isla Sta. María;118403;4;0;1;0.0
Biobío;Servicio de Salud Concepción;Coronel;Posta de Salud Rural Puerto Norte Isla Sta. María;118403;5;0;1;0.0
Biobío;Servicio de Salud Concepción;Coronel;Posta de Salud Rural Puerto Norte Isla Sta. María;118403;6;0;1;0.0
Biobío;Servicio de Salud Concepción;Florida;Centro Comunitario de Salud Familiar Copiulemu;118700;3;4;0;
Biobío;Servicio de Salud Concepción;Florida;Hospital San Agustín de Florida;118108;1;0;6;0.0
Biobío;Servicio de Salud Concepción;Florida;Hospital San Agustín de Florida;118108;2;0;4;0.0
Biobío;Servicio de Salud Concepción;Florida;Hospital San Agustín de Florida;118108;3;0;5;0.0
Biobío;Servicio de Salud Concepción;Florida;Hospital San Agustín de Florida;118108;4;6;6;100.0
Biobío;Servicio de Salud Concepción;Florida;Hospital San Agustín de Florida;118108;5;0;4;0.0
Biobío;Servicio de Salud Concepción;Florida;Hospital San Agustín de Florida;118108;6;0;4;0.0
Biobío;Servicio de Salud Concepción;Florida;Posta de Salud Rural Granerillos;118439;1;0;1;0.0
Biobío;Servicio de Salud Concepción;Florida;Posta de Salud Rural Manco;118401;2;0;2;0.0
Biobío;Servicio de Salud Concepción;Hualqui;Centro Comunitario de Salud Familiar Hualqui;118726;1;0;2;0.0
Biobío;Servicio de Salud Concepción;Hualqui;Centro Comunitario de Salud Familiar Hualqui;118726;2;0;2;0.0
Biobío;Servicio de Salud Concepción;Hualqui;Centro Comunitario de Salud Familiar Hualqui;118726;3;0;2;0.0
Biobío;Servicio de Salud Concepción;Hualqui;Centro Comunitario de Salud Familiar Hualqui;118726;4;0;2;0.0
Biobío;Servicio de Salud Concepción;Hualqui;Centro Comunitario de Salud Familiar Hualqui;118726;5;0;3;0.0
Biobío;Servicio de Salud Concepción;Hualqui;Centro Comunitario de Salud Familiar Hualqui;118726;6;1;2;50.0
Biobío;Servicio de Salud Concepción;Hualqui;Centro de Salud Familiar Hualqui;118326;1;6;8;75.0
Biobío;Servicio de Salud Concepción;Hualqui;Centro de Salud Familiar Hualqui;118326;2;3;7;42.86
Biobío;Servicio de Salud Concepción;Hualqui;Centro de Salud Familiar Hualqui;118326;3;3;6;50.0
Biobío;Servicio de Salud Concepción;Hualqui;Centro de Salud Familiar Hualqui;118326;4;7;12;58.33
Biobío;Servicio de Salud Concepción;Hualqui;Centro de Salud Familiar Hualqui;118326;5;4;13;30.77
Biobío;Servicio de Salud Concepción;Hualqui;Centro de Salud Familiar Hualqui;118326;6;6;9;66.67
Biobío;Servicio de Salud Concepción;Hualqui;Posta de Salud Rural Quilacoya;118431;1;0;1;0.0
Biobío;Servicio de Salud Concepción;Hualqui;Posta de Salud Rural Quilacoya;118431;2;1;0;
Biobío;Servicio de Salud Concepción;Hualqui;Posta de Salud Rural Quilacoya;118431;4;0;1;0.0
Biobío;Servicio de Salud Concepción;Hualqui;Posta de Salud Rural Quilacoya;118431;6;1;0;
Biobío;Servicio de Salud Concepción;Hualqui;Posta de Salud Rural Talcamávida;118430;1;1;2;50.0
Biobío;Servicio de Salud Concepción;Hualqui;Posta de Salud Rural Talcamávida;118430;2;1;2;50.0
Biobío;Servicio de Salud Concepción;Hualqui;Posta de Salud Rural Talcamávida;118430;3;0;3;0.0
Biobío;Servicio de Salud Concepción;Hualqui;Posta de Salud Rural Talcamávida;118430;4;6;1;600.0
Biobío;Servicio de Salud Concepción;Hualqui;Posta de Salud Rural Talcamávida;118430;5;3;2;150.0
Biobío;Servicio de Salud Concepción;Hualqui;Posta de Salud Rural Talcamávida;118430;6;0;1;0.0
Biobío;Servicio de Salud Concepción;Lota;Centro Comunitario de Salud Familiar Colcura;118704;2;0;2;0.0
Biobío;Servicio de Salud Concepción;Lota;Centro Comunitario de Salud Familiar Colcura;118704;3;0;1;0.0
Biobío;Servicio de Salud Concepción;Lota;Centro Comunitario de Salud Familiar Colcura;118704;4;0;2;0.0
Biobío;Servicio de Salud Concepción;Lota;Centro Comunitario de Salud Familiar Colcura;118704;5;0;2;0.0
Biobío;Servicio de Salud Concepción;Lota;Centro de Salud Familiar Dr. Juan Cartes Arias;118325;1;11;9;122.22
Biobío;Servicio de Salud Concepción;Lota;Centro de Salud Familiar Dr. Juan Cartes Arias;118325;2;0;6;0.0
Biobío;Servicio de Salud Concepción;Lota;Centro de Salud Familiar Dr. Juan Cartes Arias;118325;3;4;11;36.36
Biobío;Servicio de Salud Concepción;Lota;Centro de Salud Familiar Dr. Juan Cartes Arias;118325;4;0;5;0.0
Biobío;Servicio de Salud Concepción;Lota;Centro de Salud Familiar Dr. Juan Cartes Arias;118325;5;0;9;0.0
Biobío;Servicio de Salud Concepción;Lota;Centro de Salud Familiar Dr. Juan Cartes Arias;118325;6;6;9;66.67
Biobío;Servicio de Salud Concepción;Lota;Centro de Salud Familiar Dr. Sergio Lagos Olave (ex Nº 4 Lota Bajo);118316;1;8;8;100.0
Biobío;Servicio de Salud Concepción;Lota;Centro de Salud Familiar Dr. Sergio Lagos Olave (ex Nº 4 Lota Bajo);118316;2;6;10;60.0
Biobío;Servicio de Salud Concepción;Lota;Centro de Salud Familiar Dr. Sergio Lagos Olave (ex Nº 4 Lota Bajo);118316;3;12;9;133.33
Biobío;Servicio de Salud Concepción;Lota;Centro de Salud Familiar Dr. Sergio Lagos Olave (ex Nº 4 Lota Bajo);118316;4;6;10;60.0
Biobío;Servicio de Salud Concepción;Lota;Centro de Salud Familiar Dr. Sergio Lagos Olave (ex Nº 4 Lota Bajo);118316;5;7;7;100.0
Biobío;Servicio de Salud Concepción;Lota;Centro de Salud Familiar Dr. Sergio Lagos Olave (ex Nº 4 Lota Bajo);118316;6;13;12;108.33
Biobío;Servicio de Salud Concepción;Lota;Hospital de Lota;118106;1;15;12;125.0
Biobío;Servicio de Salud Concepción;Lota;Hospital de Lota;118106;2;13;13;100.0
Biobío;Servicio de Salud Concepción;Lota;Hospital de Lota;118106;3;14;14;100.0
Biobío;Servicio de Salud Concepción;Lota;Hospital de Lota;118106;4;26;19;136.84
Biobío;Servicio de Salud Concepción;Lota;Hospital de Lota;118106;5;12;11;109.09
Biobío;Servicio de Salud Concepción;Lota;Hospital de Lota;118106;6;18;17;105.88
Biobío;Servicio de Salud Concepción;San Pedro de la Paz;Centro Comunitario de Salud Familiar Boca Sur;118708;1;0;1;0.0
Biobío;Servicio de Salud Concepción;San Pedro de la Paz;Centro Comunitario de Salud Familiar Boca Sur;118708;2;0;2;0.0
Biobío;Servicio de Salud Concepción;San Pedro de la Paz;Centro Comunitario de Salud Familiar Boca Sur;118708;4;0;2;0.0
Biobío;Servicio de Salud Concepción;San Pedro de la Paz;Centro Comunitario de Salud Familiar Boca Sur;118708;6;0;2;0.0
Biobío;Servicio de Salud Concepción;San Pedro de la Paz;Centro Comunitario de Salud Familiar Boca Sur Viejo;200369;1;0;2;0.0
Biobío;Servicio de Salud Concepción;San Pedro de la Paz;Centro Comunitario de Salud Familiar Boca Sur Viejo;200369;2;0;2;0.0
Biobío;Servicio de Salud Concepción;San Pedro de la Paz;Centro Comunitario de Salud Familiar Boca Sur Viejo;200369;3;0;3;0.0
Biobío;Servicio de Salud Concepción;San Pedro de la Paz;Centro Comunitario de Salud Familiar Boca Sur Viejo;200369;4;0;5;0.0
Biobío;Servicio de Salud Concepción;San Pedro de la Paz;Centro Comunitario de Salud Familiar Boca Sur Viejo;200369;5;0;2;0.0
Biobío;Servicio de Salud Concepción;San Pedro de la Paz;Centro Comunitario de Salud Familiar Boca Sur Viejo;200369;6;0;2;0.0
Biobío;Servicio de Salud Concepción;San Pedro de la Paz;Centro de Salud Familiar Boca Sur;118302;1;0;15;0.0
Biobío;Servicio de Salud Concepción;San Pedro de la Paz;Centro de Salud Familiar Boca Sur;118302;2;0;9;0.0
Biobío;Servicio de Salud Concepción;San Pedro de la Paz;Centro de Salud Familiar Boca Sur;118302;3;0;9;0.0
Biobío;Servicio de Salud Concepción;San Pedro de la Paz;Centro de Salud Familiar Boca Sur;118302;4;0;14;0.0
Biobío;Servicio de Salud Concepción;San Pedro de la Paz;Centro de Salud Familiar Boca Sur;118302;5;6;10;60.0
Biobío;Servicio de Salud Concepción;San Pedro de la Paz;Centro de Salud Familiar Boca Sur;118302;6;8;17;47.06
Biobío;Servicio de Salud Concepción;San Pedro de la Paz;Centro de Salud Familiar Lomas Coloradas;118318;1;0;20;0.0
Biobío;Servicio de Salud Concepción;San Pedro de la Paz;Centro de Salud Familiar Lomas Coloradas;118318;2;0;17;0.0
Biobío;Servicio de Salud Concepción;San Pedro de la Paz;Centro de Salud Familiar Lomas Coloradas;118318;3;5;22;22.73
Biobío;Servicio de Salud Concepción;San Pedro de la Paz;Centro de Salud Familiar Lomas Coloradas;118318;4;12;25;48.0
Biobío;Servicio de Salud Concepción;San Pedro de la Paz;Centro de Salud Familiar Lomas Coloradas;118318;5;6;18;33.33
Biobío;Servicio de Salud Concepción;San Pedro de la Paz;Centro de Salud Familiar Lomas Coloradas;118318;6;13;20;65.0
Biobío;Servicio de Salud Concepción;San Pedro de la Paz;Centro de Salud Familiar San Pedro de La Costa;118319;1;9;11;81.82
Biobío;Servicio de Salud Concepción;San Pedro de la Paz;Centro de Salud Familiar San Pedro de La Costa;118319;2;2;19;10.53
Biobío;Servicio de Salud Concepción;San Pedro de la Paz;Centro de Salud Familiar San Pedro de La Costa;118319;3;7;16;43.75
Biobío;Servicio de Salud Concepción;San Pedro de la Paz;Centro de Salud Familiar San Pedro de La Costa;118319;4;3;14;21.43
Biobío;Servicio de Salud Concepción;San Pedro de la Paz;Centro de Salud Familiar San Pedro de La Costa;118319;5;8;10;80.0
Biobío;Servicio de Salud Concepción;San Pedro de la Paz;Centro de Salud Familiar San Pedro de La Costa;118319;6;2;17;11.76
Biobío;Servicio de Salud Concepción;San Pedro de la Paz;Centro de Salud Familiar San Pedro de La Paz Candelaria;118308;1;11;11;100.0
Biobío;Servicio de Salud Concepción;San Pedro de la Paz;Centro de Salud Familiar San Pedro de La Paz Candelaria;118308;2;7;9;77.78
Biobío;Servicio de Salud Concepción;San Pedro de la Paz;Centro de Salud Familiar San Pedro de La Paz Candelaria;118308;3;2;17;11.76
Biobío;Servicio de Salud Concepción;San Pedro de la Paz;Centro de Salud Familiar San Pedro de La Paz Candelaria;118308;4;9;16;56.25
Biobío;Servicio de Salud Concepción;San Pedro de la Paz;Centro de Salud Familiar San Pedro de La Paz Candelaria;118308;5;10;14;71.43
Biobío;Servicio de Salud Concepción;San Pedro de la Paz;Centro de Salud Familiar San Pedro de La Paz Candelaria;118308;6;10;14;71.43
Biobío;Servicio de Salud Concepción;Santa Juana;Hospital Clorinda Avello (Santa Juana);118107;1;0;9;0.0
Biobío;Servicio de Salud Concepción;Santa Juana;Hospital Clorinda Avello (Santa Juana);118107;2;0;4;0.0
Biobío;Servicio de Salud Concepción;Santa Juana;Hospital Clorinda Avello (Santa Juana);118107;3;0;12;0.0
Biobío;Servicio de Salud Concepción;Santa Juana;Hospital Clorinda Avello (Santa Juana);118107;4;0;11;0.0
Biobío;Servicio de Salud Concepción;Santa Juana;Hospital Clorinda Avello (Santa Juana);118107;5;0;11;0.0
Biobío;Servicio de Salud Concepción;Santa Juana;Hospital Clorinda Avello (Santa Juana);118107;6;0;14;0.0
Biobío;Servicio de Salud Concepción;Santa Juana;Posta de Salud Rural Chacay (Santa Juana);118435;1;0;1;0.0
Biobío;Servicio de Salud Concepción;Santa Juana;Posta de Salud Rural Chacay (Santa Juana);118435;2;0;1;0.0
Biobío;Servicio de Salud Concepción;Santa Juana;Posta de Salud Rural Chacay (Santa Juana);118435;5;1;1;100.0
Biobío;Servicio de Salud Concepción;Santa Juana;Posta de Salud Rural Chacay (Santa Juana);118435;6;1;0;
Biobío;Servicio de Salud Concepción;Santa Juana;Posta de Salud Rural La Generala;118432;2;0;1;0.0
Biobío;Servicio de Salud Concepción;Santa Juana;Posta de Salud Rural Tanahuillín;118434;2;0;1;0.0
Biobío;Servicio de Salud Concepción;Santa Juana;Posta de Salud Rural Tanahuillín;118434;5;0;1;0.0
Biobío;Servicio de Salud Concepción;Santa Juana;Posta de Salud Rural Tanahuillín;118434;6;1;0;
Biobío;Servicio de Salud Talcahuano;Hualpén;Centro Comunitario de Salud Familiar España;119701;1;0;1;0.0
Biobío;Servicio de Salud Talcahuano;Hualpén;Centro Comunitario de Salud Familiar España;119701;2;3;1;300.0
Biobío;Servicio de Salud Talcahuano;Hualpén;Centro Comunitario de Salud Familiar España;119701;4;0;1;0.0
Biobío;Servicio de Salud Talcahuano;Hualpén;Centro Comunitario de Salud Familiar España;119701;6;3;3;100.0
Biobío;Servicio de Salud Talcahuano;Hualpén;Centro Comunitario de Salud Familiar Leocán Portus Govinden;119709;2;0;4;0.0
Biobío;Servicio de Salud Talcahuano;Hualpén;Centro Comunitario de Salud Familiar Leocán Portus Govinden;119709;3;0;2;0.0
Biobío;Servicio de Salud Talcahuano;Hualpén;Centro Comunitario de Salud Familiar Leocán Portus Govinden;119709;4;0;1;0.0
Biobío;Servicio de Salud Talcahuano;Hualpén;Centro Comunitario de Salud Familiar Leocán Portus Govinden;119709;5;0;2;0.0
Biobío;Servicio de Salud Talcahuano;Hualpén;Centro Comunitario de Salud Familiar Leocán Portus Govinden;119709;6;0;4;0.0
Biobío;Servicio de Salud Talcahuano;Hualpén;Centro Comunitario de Salud Familiar Llafkelen;119707;1;0;3;0.0
Biobío;Servicio de Salud Talcahuano;Hualpén;Centro Comunitario de Salud Familiar Llafkelen;119707;2;0;3;0.0
Biobío;Servicio de Salud Talcahuano;Hualpén;Centro Comunitario de Salud Familiar Llafkelen;119707;5;0;3;0.0
Biobío;Servicio de Salud Talcahuano;Hualpén;Centro Comunitario de Salud Familiar Llafkelen;119707;6;0;2;0.0
Biobío;Servicio de Salud Talcahuano;Hualpén;Centro Comunitario de Salud Familiar Parque Central;200283;1;0;1;0.0
Biobío;Servicio de Salud Talcahuano;Hualpén;Centro Comunitario de Salud Familiar Parque Central;200283;2;0;3;0.0
Biobío;Servicio de Salud Talcahuano;Hualpén;Centro Comunitario de Salud Familiar Parque Central;200283;5;0;1;0.0
Biobío;Servicio de Salud Talcahuano;Hualpén;Centro Comunitario de Salud Familiar Parque Central;200283;6;0;2;0.0
Biobío;Servicio de Salud Talcahuano;Hualpén;Centro Comunitario de Salud Familiar Rene Schneider;119706;1;0;1;0.0
Biobío;Servicio de Salud Talcahuano;Hualpén;Centro Comunitario de Salud Familiar Rene Schneider;119706;2;0;2;0.0
Biobío;Servicio de Salud Talcahuano;Hualpén;Centro Comunitario de Salud Familiar Rene Schneider;119706;4;0;1;0.0
Biobío;Servicio de Salud Talcahuano;Hualpén;Centro de Salud Familiar Hualpencillo;119301;1;3;23;13.04
Biobío;Servicio de Salud Talcahuano;Hualpén;Centro de Salud Familiar Hualpencillo;119301;2;6;16;37.5
Biobío;Servicio de Salud Talcahuano;Hualpén;Centro de Salud Familiar Hualpencillo;119301;3;6;21;28.57
Biobío;Servicio de Salud Talcahuano;Hualpén;Centro de Salud Familiar Hualpencillo;119301;4;10;10;100.0
Biobío;Servicio de Salud Talcahuano;Hualpén;Centro de Salud Familiar Hualpencillo;119301;5;20;13;153.85
Biobío;Servicio de Salud Talcahuano;Hualpén;Centro de Salud Familiar Hualpencillo;119301;6;14;15;93.33
Biobío;Servicio de Salud Talcahuano;Hualpén;Centro de Salud Familiar La Floresta;119310;1;0;15;0.0
Biobío;Servicio de Salud Talcahuano;Hualpén;Centro de Salud Familiar La Floresta;119310;2;0;12;0.0
Biobío;Servicio de Salud Talcahuano;Hualpén;Centro de Salud Familiar La Floresta;119310;3;0;21;0.0
Biobío;Servicio de Salud Talcahuano;Hualpén;Centro de Salud Familiar La Floresta;119310;4;0;12;0.0
Biobío;Servicio de Salud Talcahuano;Hualpén;Centro de Salud Familiar La Floresta;119310;5;0;20;0.0
Biobío;Servicio de Salud Talcahuano;Hualpén;Centro de Salud Familiar Talcahuano Sur;119309;1;0;16;0.0
Biobío;Servicio de Salud Talcahuano;Hualpén;Centro de Salud Familiar Talcahuano Sur;119309;2;0;14;0.0
Biobío;Servicio de Salud Talcahuano;Hualpén;Centro de Salud Familiar Talcahuano Sur;119309;3;5;14;35.71
Biobío;Servicio de Salud Talcahuano;Hualpén;Centro de Salud Familiar Talcahuano Sur;119309;4;4;12;33.33
Biobío;Servicio de Salud Talcahuano;Hualpén;Centro de Salud Familiar Talcahuano Sur;119309;5;4;16;25.0
Biobío;Servicio de Salud Talcahuano;Hualpén;Centro de Salud Familiar Talcahuano Sur;119309;6;6;9;66.67
Biobío;Servicio de Salud Talcahuano;Penco;Centro Comunitario de Salud Familiar Cosmito;119703;1;1;3;33.33
Biobío;Servicio de Salud Talcahuano;Penco;Centro Comunitario de Salud Familiar Cosmito;119703;3;0;2;0.0
Biobío;Servicio de Salud Talcahuano;Penco;Centro Comunitario de Salud Familiar Cosmito;119703;4;0;1;0.0
Biobío;Servicio de Salud Talcahuano;Penco;Centro Comunitario de Salud Familiar Cosmito;119703;5;1;0;
Biobío;Servicio de Salud Talcahuano;Penco;Centro Comunitario de Salud Familiar Cosmito;119703;6;1;1;100.0
Biobío;Servicio de Salud Talcahuano;Penco;Centro Comunitario de Salud Familiar Los Forjadores;119704;1;0;4;0.0
Biobío;Servicio de Salud Talcahuano;Penco;Centro Comunitario de Salud Familiar Los Forjadores;119704;2;0;3;0.0
Biobío;Servicio de Salud Talcahuano;Penco;Centro Comunitario de Salud Familiar Los Forjadores;119704;3;1;2;50.0
Biobío;Servicio de Salud Talcahuano;Penco;Centro Comunitario de Salud Familiar Los Forjadores;119704;4;2;2;100.0
Biobío;Servicio de Salud Talcahuano;Penco;Centro Comunitario de Salud Familiar Los Forjadores;119704;5;1;1;100.0
Biobío;Servicio de Salud Talcahuano;Penco;Centro Comunitario de Salud Familiar Los Forjadores;119704;6;6;1;600.0
Biobío;Servicio de Salud Talcahuano;Penco;Centro Comunitario de Salud Familiar Ríos de Chile;200285;1;0;1;0.0
Biobío;Servicio de Salud Talcahuano;Penco;Centro Comunitario de Salud Familiar Ríos de Chile;200285;2;0;2;0.0
Biobío;Servicio de Salud Talcahuano;Penco;Centro Comunitario de Salud Familiar Ríos de Chile;200285;4;1;0;
Biobío;Servicio de Salud Talcahuano;Penco;Centro Comunitario de Salud Familiar Ríos de Chile;200285;5;1;4;25.0
Biobío;Servicio de Salud Talcahuano;Penco;Centro Comunitario de Salud Familiar Ríos de Chile;200285;6;0;1;0.0
Biobío;Servicio de Salud Talcahuano;Penco;Centro de Salud Familiar Lirquén;119311;1;1;9;11.11
Biobío;Servicio de Salud Talcahuano;Penco;Centro de Salud Familiar Lirquén;119311;2;0;9;0.0
Biobío;Servicio de Salud Talcahuano;Penco;Centro de Salud Familiar Lirquén;119311;3;0;7;0.0
Biobío;Servicio de Salud Talcahuano;Penco;Centro de Salud Familiar Lirquén;119311;4;10;19;52.63
Biobío;Servicio de Salud Talcahuano;Penco;Centro de Salud Familiar Lirquén;119311;5;0;9;0.0
Biobío;Servicio de Salud Talcahuano;Penco;Centro de Salud Familiar Lirquén;119311;6;0;7;0.0
Biobío;Servicio de Salud Talcahuano;Penco;Centro de Salud Familiar Penco;119304;1;6;24;25.0
Biobío;Servicio de Salud Talcahuano;Penco;Centro de Salud Familiar Penco;119304;2;0;13;0.0
Biobío;Servicio de Salud Talcahuano;Penco;Centro de Salud Familiar Penco;119304;3;8;18;44.44
Biobío;Servicio de Salud Talcahuano;Penco;Centro de Salud Familiar Penco;119304;4;11;14;78.57
Biobío;Servicio de Salud Talcahuano;Penco;Centro de Salud Familiar Penco;119304;5;18;14;128.57
Biobío;Servicio de Salud Talcahuano;Penco;Centro de Salud Familiar Penco;119304;6;10;15;66.67
Biobío;Servicio de Salud Talcahuano;Talcahuano;Centro Comunitario de Salud Familiar 8 de Mayo;119702;1;0;4;0.0
Biobío;Servicio de Salud Talcahuano;Talcahuano;Centro Comunitario de Salud Familiar 8 de Mayo;119702;2;0;2;0.0
Biobío;Servicio de Salud Talcahuano;Talcahuano;Centro Comunitario de Salud Familiar 8 de Mayo;119702;3;2;4;50.0
Biobío;Servicio de Salud Talcahuano;Talcahuano;Centro Comunitario de Salud Familiar 8 de Mayo;119702;4;0;1;0.0
Biobío;Servicio de Salud Talcahuano;Talcahuano;Centro Comunitario de Salud Familiar 8 de Mayo;119702;5;0;3;0.0
Biobío;Servicio de Salud Talcahuano;Talcahuano;Centro Comunitario de Salud Familiar 8 de Mayo;119702;6;0;1;0.0
Biobío;Servicio de Salud Talcahuano;Talcahuano;Centro Comunitario de Salud Familiar Esmeralda;119705;1;2;6;33.33
Biobío;Servicio de Salud Talcahuano;Talcahuano;Centro Comunitario de Salud Familiar Esmeralda;119705;2;2;1;200.0
Biobío;Servicio de Salud Talcahuano;Talcahuano;Centro Comunitario de Salud Familiar Esmeralda;119705;3;1;5;20.0
Biobío;Servicio de Salud Talcahuano;Talcahuano;Centro Comunitario de Salud Familiar Esmeralda;119705;4;3;1;300.0
Biobío;Servicio de Salud Talcahuano;Talcahuano;Centro Comunitario de Salud Familiar Esmeralda;119705;5;2;5;40.0
Biobío;Servicio de Salud Talcahuano;Talcahuano;Centro Comunitario de Salud Familiar Esmeralda;119705;6;3;10;30.0
Biobío;Servicio de Salud Talcahuano;Talcahuano;Centro Comunitario de Salud Familiar Libertad Gaete;119710;1;0;6;0.0
Biobío;Servicio de Salud Talcahuano;Talcahuano;Centro Comunitario de Salud Familiar Libertad Gaete;119710;2;0;4;0.0
Biobío;Servicio de Salud Talcahuano;Talcahuano;Centro Comunitario de Salud Familiar Libertad Gaete;119710;3;0;4;0.0
Biobío;Servicio de Salud Talcahuano;Talcahuano;Centro Comunitario de Salud Familiar Libertad Gaete;119710;4;0;7;0.0
Biobío;Servicio de Salud Talcahuano;Talcahuano;Centro Comunitario de Salud Familiar Libertad Gaete;119710;5;0;2;0.0
Biobío;Servicio de Salud Talcahuano;Talcahuano;Centro Comunitario de Salud Familiar Libertad Gaete;119710;6;0;1;0.0
Biobío;Servicio de Salud Talcahuano;Talcahuano;Centro Comunitario de Salud Familiar Los Lobos la Gloria;119711;1;0;1;0.0
Biobío;Servicio de Salud Talcahuano;Talcahuano;Centro Comunitario de Salud Familiar Los Lobos la Gloria;119711;2;0;4;0.0
Biobío;Servicio de Salud Talcahuano;Talcahuano;Centro Comunitario de Salud Familiar Los Lobos la Gloria;119711;3;0;3;0.0
Biobío;Servicio de Salud Talcahuano;Talcahuano;Centro Comunitario de Salud Familiar Los Lobos la Gloria;119711;4;0;1;0.0
Biobío;Servicio de Salud Talcahuano;Talcahuano;Centro Comunitario de Salud Familiar Los Lobos la Gloria;119711;5;0;2;0.0
Biobío;Servicio de Salud Talcahuano;Talcahuano;Centro Comunitario de Salud Familiar Villa Centinela;200284;1;0;2;0.0
Biobío;Servicio de Salud Talcahuano;Talcahuano;Centro Comunitario de Salud Familiar Villa Centinela;200284;2;3;2;150.0
Biobío;Servicio de Salud Talcahuano;Talcahuano;Centro Comunitario de Salud Familiar Villa Centinela;200284;3;3;1;300.0
Biobío;Servicio de Salud Talcahuano;Talcahuano;Centro Comunitario de Salud Familiar Villa Centinela;200284;4;3;3;100.0
Biobío;Servicio de Salud Talcahuano;Talcahuano;Centro Comunitario de Salud Familiar Villa Centinela;200284;5;2;5;40.0
Biobío;Servicio de Salud Talcahuano;Talcahuano;Centro Comunitario de Salud Familiar Villa Centinela;200284;6;1;2;50.0
Biobío;Servicio de Salud Talcahuano;Talcahuano;Centro de Salud Familiar Alcalde Leocán Portus;119303;1;0;18;0.0
Biobío;Servicio de Salud Talcahuano;Talcahuano;Centro de Salud Familiar Alcalde Leocán Portus;119303;2;29;11;263.64
Biobío;Servicio de Salud Talcahuano;Talcahuano;Centro de Salud Familiar Alcalde Leocán Portus;119303;3;5;19;26.32
Biobío;Servicio de Salud Talcahuano;Talcahuano;Centro de Salud Familiar Alcalde Leocán Portus;119303;4;10;20;50.0
Biobío;Servicio de Salud Talcahuano;Talcahuano;Centro de Salud Familiar Alcalde Leocán Portus;119303;5;0;15;0.0
Biobío;Servicio de Salud Talcahuano;Talcahuano;Centro de Salud Familiar Alcalde Leocán Portus;119303;6;0;16;0.0
Biobío;Servicio de Salud Talcahuano;Talcahuano;Centro de Salud Familiar Los Cerros;119308;1;10;7;142.86
Biobío;Servicio de Salud Talcahuano;Talcahuano;Centro de Salud Familiar Los Cerros;119308;2;9;4;225.0
Biobío;Servicio de Salud Talcahuano;Talcahuano;Centro de Salud Familiar Los Cerros;119308;3;0;11;0.0
Biobío;Servicio de Salud Talcahuano;Talcahuano;Centro de Salud Familiar Los Cerros;119308;4;3;8;37.5
Biobío;Servicio de Salud Talcahuano;Talcahuano;Centro de Salud Familiar Los Cerros;119308;5;9;8;112.5
Biobío;Servicio de Salud Talcahuano;Talcahuano;Centro de Salud Familiar Los Cerros;119308;6;8;9;88.89
Biobío;Servicio de Salud Talcahuano;Talcahuano;Centro de Salud Familiar Paulina Avendaño Pereda;119307;1;28;13;215.38
Biobío;Servicio de Salud Talcahuano;Talcahuano;Centro de Salud Familiar Paulina Avendaño Pereda;119307;2;6;17;35.29
Biobío;Servicio de Salud Talcahuano;Talcahuano;Centro de Salud Familiar Paulina Avendaño Pereda;119307;3;10;21;47.62
Biobío;Servicio de Salud Talcahuano;Talcahuano;Centro de Salud Familiar Paulina Avendaño Pereda;119307;4;13;6;216.67
Biobío;Servicio de Salud Talcahuano;Talcahuano;Centro de Salud Familiar Paulina Avendaño Pereda;119307;5;20;11;181.82
Biobío;Servicio de Salud Talcahuano;Talcahuano;Centro de Salud Familiar Paulina Avendaño Pereda;119307;6;5;14;35.71
Biobío;Servicio de Salud Talcahuano;Talcahuano;Centro de Salud Familiar San Vicente;119302;1;5;19;26.32
Biobío;Servicio de Salud Talcahuano;Talcahuano;Centro de Salud Familiar San Vicente;119302;2;7;21;33.33
Biobío;Servicio de Salud Talcahuano;Talcahuano;Centro de Salud Familiar San Vicente;119302;3;8;14;57.14
Biobío;Servicio de Salud Talcahuano;Talcahuano;Centro de Salud Familiar San Vicente;119302;4;11;13;84.62
Biobío;Servicio de Salud Talcahuano;Talcahuano;Centro de Salud Familiar San Vicente;119302;5;0;6;0.0
Biobío;Servicio de Salud Talcahuano;Talcahuano;Centro de Salud Familiar San Vicente;119302;6;0;19;0.0
Biobío;Servicio de Salud Talcahuano;Talcahuano;Posta de Salud Rural Tumbes;119400;1;0;1;0.0
Biobío;Servicio de Salud Talcahuano;Talcahuano;Posta de Salud Rural Tumbes;119400;3;6;1;600.0
Biobío;Servicio de Salud Talcahuano;Talcahuano;Posta de Salud Rural Tumbes;119400;4;0;1;0.0
Biobío;Servicio de Salud Talcahuano;Talcahuano;Posta de Salud Rural Tumbes;119400;5;0;2;0.0
Biobío;Servicio de Salud Talcahuano;Talcahuano;Posta de Salud Rural Tumbes;119400;6;0;1;0.0
Biobío;Servicio de Salud Talcahuano;Tome;Centro Comunitario de Salud Familiar Cerro Estanque;200470;1;0;1;0.0
Biobío;Servicio de Salud Talcahuano;Tome;Centro Comunitario de Salud Familiar Cerro Estanque;200470;3;0;2;0.0
Biobío;Servicio de Salud Talcahuano;Tome;Centro Comunitario de Salud Familiar Cerro Estanque;200470;4;0;1;0.0
Biobío;Servicio de Salud Talcahuano;Tome;Centro Comunitario de Salud Familiar Cerro Estanque;200470;5;0;1;0.0
Biobío;Servicio de Salud Talcahuano;Tome;Centro Comunitario de Salud Familiar Cerro Estanque;200470;6;0;3;0.0
Biobío;Servicio de Salud Talcahuano;Tome;Centro Comunitario de Salud Familiar El Santo Esfuerzo de Todos;119708;1;0;1;0.0
Biobío;Servicio de Salud Talcahuano;Tome;Centro Comunitario de Salud Familiar El Santo Esfuerzo de Todos;119708;3;0;1;0.0
Biobío;Servicio de Salud Talcahuano;Tome;Centro Comunitario de Salud Familiar El Santo Esfuerzo de Todos;119708;4;0;3;0.0
Biobío;Servicio de Salud Talcahuano;Tome;Centro Comunitario de Salud Familiar El Santo Esfuerzo de Todos;119708;5;0;1;0.0
Biobío;Servicio de Salud Talcahuano;Tome;Centro Comunitario de Salud Familiar Punta de Parra;200287;1;0;1;0.0
Biobío;Servicio de Salud Talcahuano;Tome;Centro Comunitario de Salud Familiar Punta de Parra;200287;3;0;1;0.0
Biobío;Servicio de Salud Talcahuano;Tome;Centro Comunitario de Salud Familiar Punta de Parra;200287;4;0;2;0.0
Biobío;Servicio de Salud Talcahuano;Tome;Centro Comunitario de Salud Familiar Punta de Parra;200287;6;0;3;0.0
Biobío;Servicio de Salud Talcahuano;Tome;Centro Comunitario de Salud Familiar Rafael;201126;1;0;1;0.0
Biobío;Servicio de Salud Talcahuano;Tome;Centro Comunitario de Salud Familiar Rafael;201126;2;0;2;0.0
Biobío;Servicio de Salud Talcahuano;Tome;Centro Comunitario de Salud Familiar Rafael;201126;3;0;3;0.0
Biobío;Servicio de Salud Talcahuano;Tome;Centro Comunitario de Salud Familiar Rafael;201126;4;0;2;0.0
Biobío;Servicio de Salud Talcahuano;Tome;Centro Comunitario de Salud Familiar Rafael;201126;5;0;1;0.0
Biobío;Servicio de Salud Talcahuano;Tome;Centro de Salud Familiar Bellavista;119306;1;0;4;0.0
Biobío;Servicio de Salud Talcahuano;Tome;Centro de Salud Familiar Bellavista;119306;2;0;8;0.0
Biobío;Servicio de Salud Talcahuano;Tome;Centro de Salud Familiar Bellavista;119306;3;0;7;0.0
Biobío;Servicio de Salud Talcahuano;Tome;Centro de Salud Familiar Bellavista;119306;4;0;11;0.0
Biobío;Servicio de Salud Talcahuano;Tome;Centro de Salud Familiar Bellavista;119306;5;1;13;7.69
Biobío;Servicio de Salud Talcahuano;Tome;Centro de Salud Familiar Bellavista;119306;6;0;10;0.0
Biobío;Servicio de Salud Talcahuano;Tome;Centro de Salud Familiar Dichato;119402;1;1;4;25.0
Biobío;Servicio de Salud Talcahuano;Tome;Centro de Salud Familiar Dichato;119402;2;2;3;66.67
Biobío;Servicio de Salud Talcahuano;Tome;Centro de Salud Familiar Dichato;119402;3;0;4;0.0
Biobío;Servicio de Salud Talcahuano;Tome;Centro de Salud Familiar Dichato;119402;4;3;2;150.0
Biobío;Servicio de Salud Talcahuano;Tome;Centro de Salud Familiar Dichato;119402;5;1;6;16.67
Biobío;Servicio de Salud Talcahuano;Tome;Centro de Salud Familiar Dichato;119402;6;3;3;100.0
Biobío;Servicio de Salud Talcahuano;Tome;Centro de Salud Familiar Dr. Alberto Reyes;119305;1;0;12;0.0
Biobío;Servicio de Salud Talcahuano;Tome;Centro de Salud Familiar Dr. Alberto Reyes;119305;2;0;15;0.0
Biobío;Servicio de Salud Talcahuano;Tome;Centro de Salud Familiar Dr. Alberto Reyes;119305;3;9;20;45.0
Biobío;Servicio de Salud Talcahuano;Tome;Centro de Salud Familiar Dr. Alberto Reyes;119305;4;0;19;0.0
Biobío;Servicio de Salud Talcahuano;Tome;Centro de Salud Familiar Dr. Alberto Reyes;119305;5;0;15;0.0
Biobío;Servicio de Salud Talcahuano;Tome;Centro de Salud Familiar Dr. Alberto Reyes;119305;6;0;10;0.0
Biobío;Servicio de Salud Talcahuano;Tome;Posta de Salud Rural Coliumo;119404;4;1;0;
Biobío;Servicio de Salud Talcahuano;Tome;Posta de Salud Rural Coliumo;119404;5;1;0;
Coquimbo;Servicio de Salud Coquimbo;Andacollo;Hospital Dr. José Arraño (Andacollo);105106;1;1;7;14.29
Coquimbo;Servicio de Salud Coquimbo;Andacollo;Hospital Dr. José Arraño (Andacollo);105106;2;1;1;100.0
Coquimbo;Servicio de Salud Coquimbo;Andacollo;Hospital Dr. José Arraño (Andacollo);105106;3;4;8;50.0
Coquimbo;Servicio de Salud Coquimbo;Andacollo;Hospital Dr. José Arraño (Andacollo);105106;4;1;6;16.67
Coquimbo;Servicio de Salud Coquimbo;Andacollo;Hospital Dr. José Arraño (Andacollo);105106;5;1;4;25.0
Coquimbo;Servicio de Salud Coquimbo;Andacollo;Hospital Dr. José Arraño (Andacollo);105106;6;0;3;0.0
Coquimbo;Servicio de Salud Coquimbo;Canela;Centro de Salud Familiar Canela;105309;1;0;12;0.0
Coquimbo;Servicio de Salud Coquimbo;Canela;Centro de Salud Familiar Canela;105309;2;3;4;75.0
Coquimbo;Servicio de Salud Coquimbo;Canela;Centro de Salud Familiar Canela;105309;3;0;7;0.0
Coquimbo;Servicio de Salud Coquimbo;Canela;Centro de Salud Familiar Canela;105309;4;0;3;0.0
Coquimbo;Servicio de Salud Coquimbo;Canela;Centro de Salud Familiar Canela;105309;5;0;3;0.0
Coquimbo;Servicio de Salud Coquimbo;Canela;Centro de Salud Familiar Canela;105309;6;0;7;0.0
Coquimbo;Servicio de Salud Coquimbo;Combarbalá;Centro Comunitario de Salud Familiar Cogotí 18;105460;1;0;1;0.0
Coquimbo;Servicio de Salud Coquimbo;Combarbalá;Centro Comunitario de Salud Familiar Cogotí 18;105460;3;0;1;0.0
Coquimbo;Servicio de Salud Coquimbo;Combarbalá;Centro Comunitario de Salud Familiar Cogotí 18;105460;4;2;0;
Coquimbo;Servicio de Salud Coquimbo;Combarbalá;Hospital San Juan de Dios (Combarbalá);105105;1;0;5;0.0
Coquimbo;Servicio de Salud Coquimbo;Combarbalá;Hospital San Juan de Dios (Combarbalá);105105;2;0;3;0.0
Coquimbo;Servicio de Salud Coquimbo;Combarbalá;Hospital San Juan de Dios (Combarbalá);105105;3;0;4;0.0
Coquimbo;Servicio de Salud Coquimbo;Combarbalá;Hospital San Juan de Dios (Combarbalá);105105;4;0;3;0.0
Coquimbo;Servicio de Salud Coquimbo;Combarbalá;Hospital San Juan de Dios (Combarbalá);105105;5;0;4;0.0
Coquimbo;Servicio de Salud Coquimbo;Combarbalá;Hospital San Juan de Dios (Combarbalá);105105;6;0;1;0.0
Coquimbo;Servicio de Salud Coquimbo;Combarbalá;Posta de Salud Rural Barrancas;105459;4;1;1;100.0
Coquimbo;Servicio de Salud Coquimbo;Combarbalá;Posta de Salud Rural La Ligua;105464;1;1;0;
Coquimbo;Servicio de Salud Coquimbo;Combarbalá;Posta de Salud Rural Manquehua;105441;6;0;1;0.0
Coquimbo;Servicio de Salud Coquimbo;Combarbalá;Posta de Salud Rural Ramadilla;105465;6;1;1;100.0
Coquimbo;Servicio de Salud Coquimbo;Combarbalá;Posta de Salud Rural San Marcos (Combarbalá);105434;2;0;1;0.0
Coquimbo;Servicio de Salud Coquimbo;Combarbalá;Posta de Salud Rural San Marcos (Combarbalá);105434;3;1;0;
Coquimbo;Servicio de Salud Coquimbo;Coquimbo;Centro Comunitario de Salud Familiar Punta Mira;200273;1;0;4;0.0
Coquimbo;Servicio de Salud Coquimbo;Coquimbo;Centro Comunitario de Salud Familiar Punta Mira;200273;2;0;1;0.0
Coquimbo;Servicio de Salud Coquimbo;Coquimbo;Centro Comunitario de Salud Familiar Punta Mira;200273;3;0;3;0.0
Coquimbo;Servicio de Salud Coquimbo;Coquimbo;Centro Comunitario de Salud Familiar Punta Mira;200273;4;0;1;0.0
Coquimbo;Servicio de Salud Coquimbo;Coquimbo;Centro Comunitario de Salud Familiar Punta Mira;200273;5;0;6;0.0
Coquimbo;Servicio de Salud Coquimbo;Coquimbo;Centro Comunitario de Salud Familiar Punta Mira;200273;6;0;4;0.0
Coquimbo;Servicio de Salud Coquimbo;Coquimbo;Centro de Salud Familiar Dr. Sergio Aguilar Delgado;105323;1;3;35;8.57
Coquimbo;Servicio de Salud Coquimbo;Coquimbo;Centro de Salud Familiar Dr. Sergio Aguilar Delgado;105323;2;8;21;38.1
Coquimbo;Servicio de Salud Coquimbo;Coquimbo;Centro de Salud Familiar Dr. Sergio Aguilar Delgado;105323;3;12;25;48.0
Coquimbo;Servicio de Salud Coquimbo;Coquimbo;Centro de Salud Familiar Dr. Sergio Aguilar Delgado;105323;4;9;24;37.5
Coquimbo;Servicio de Salud Coquimbo;Coquimbo;Centro de Salud Familiar Dr. Sergio Aguilar Delgado;105323;5;8;30;26.67
Coquimbo;Servicio de Salud Coquimbo;Coquimbo;Centro de Salud Familiar Dr. Sergio Aguilar Delgado;105323;6;7;24;29.17
Coquimbo;Servicio de Salud Coquimbo;Coquimbo;Centro de Salud Familiar El Sauce;200494;1;22;28;78.57
Coquimbo;Servicio de Salud Coquimbo;Coquimbo;Centro de Salud Familiar El Sauce;200494;2;39;25;156.0
Coquimbo;Servicio de Salud Coquimbo;Coquimbo;Centro de Salud Familiar El Sauce;200494;3;0;21;0.0
Coquimbo;Servicio de Salud Coquimbo;Coquimbo;Centro de Salud Familiar El Sauce;200494;4;0;23;0.0
Coquimbo;Servicio de Salud Coquimbo;Coquimbo;Centro de Salud Familiar El Sauce;200494;5;0;66;0.0
Coquimbo;Servicio de Salud Coquimbo;Coquimbo;Centro de Salud Familiar El Sauce;200494;6;0;18;0.0
Coquimbo;Servicio de Salud Coquimbo;Coquimbo;Centro de Salud Familiar Lila Cortés Godoy;200607;1;17;30;56.67
Coquimbo;Servicio de Salud Coquimbo;Coquimbo;Centro de Salud Familiar Lila Cortés Godoy;200607;2;13;22;59.09
Coquimbo;Servicio de Salud Coquimbo;Coquimbo;Centro de Salud Familiar Lila Cortés Godoy;200607;3;7;21;33.33
Coquimbo;Servicio de Salud Coquimbo;Coquimbo;Centro de Salud Familiar Lila Cortés Godoy;200607;4;11;28;39.29
Coquimbo;Servicio de Salud Coquimbo;Coquimbo;Centro de Salud Familiar Lila Cortés Godoy;200607;5;0;19;0.0
Coquimbo;Servicio de Salud Coquimbo;Coquimbo;Centro de Salud Familiar Lila Cortés Godoy;200607;6;3;35;8.57
Coquimbo;Servicio de Salud Coquimbo;Coquimbo;Centro de Salud Familiar Rural Pan de Azúcar;200499;1;0;14;0.0
Coquimbo;Servicio de Salud Coquimbo;Coquimbo;Centro de Salud Familiar Rural Pan de Azúcar;200499;2;0;11;0.0
Coquimbo;Servicio de Salud Coquimbo;Coquimbo;Centro de Salud Familiar Rural Pan de Azúcar;200499;3;0;16;0.0
Coquimbo;Servicio de Salud Coquimbo;Coquimbo;Centro de Salud Familiar Rural Pan de Azúcar;200499;4;0;15;0.0
Coquimbo;Servicio de Salud Coquimbo;Coquimbo;Centro de Salud Familiar Rural Pan de Azúcar;200499;5;4;11;36.36
Coquimbo;Servicio de Salud Coquimbo;Coquimbo;Centro de Salud Familiar Rural Pan de Azúcar;200499;6;0;8;0.0
Coquimbo;Servicio de Salud Coquimbo;Coquimbo;Centro de Salud Familiar San Juan;105303;1;17;28;60.71
Coquimbo;Servicio de Salud Coquimbo;Coquimbo;Centro de Salud Familiar San Juan;105303;2;12;19;63.16
Coquimbo;Servicio de Salud Coquimbo;Coquimbo;Centro de Salud Familiar San Juan;105303;3;5;20;25.0
Coquimbo;Servicio de Salud Coquimbo;Coquimbo;Centro de Salud Familiar San Juan;105303;4;2;16;12.5
Coquimbo;Servicio de Salud Coquimbo;Coquimbo;Centro de Salud Familiar San Juan;105303;5;6;14;42.86
Coquimbo;Servicio de Salud Coquimbo;Coquimbo;Centro de Salud Familiar San Juan;105303;6;13;15;86.67
Coquimbo;Servicio de Salud Coquimbo;Coquimbo;Centro de Salud Familiar Santa Cecilia;105304;1;4;20;20.0
Coquimbo;Servicio de Salud Coquimbo;Coquimbo;Centro de Salud Familiar Santa Cecilia;105304;2;8;14;57.14
Coquimbo;Servicio de Salud Coquimbo;Coquimbo;Centro de Salud Familiar Santa Cecilia;105304;3;7;25;28.0
Coquimbo;Servicio de Salud Coquimbo;Coquimbo;Centro de Salud Familiar Santa Cecilia;105304;4;3;20;15.0
Coquimbo;Servicio de Salud Coquimbo;Coquimbo;Centro de Salud Familiar Santa Cecilia;105304;5;4;22;18.18
Coquimbo;Servicio de Salud Coquimbo;Coquimbo;Centro de Salud Familiar Santa Cecilia;105304;6;6;19;31.58
Coquimbo;Servicio de Salud Coquimbo;Coquimbo;Centro de Salud Familiar Tierras Blancas;105305;1;20;26;76.92
Coquimbo;Servicio de Salud Coquimbo;Coquimbo;Centro de Salud Familiar Tierras Blancas;105305;2;30;20;150.0
Coquimbo;Servicio de Salud Coquimbo;Coquimbo;Centro de Salud Familiar Tierras Blancas;105305;3;48;30;160.0
Coquimbo;Servicio de Salud Coquimbo;Coquimbo;Centro de Salud Familiar Tierras Blancas;105305;4;16;25;64.0
Coquimbo;Servicio de Salud Coquimbo;Coquimbo;Centro de Salud Familiar Tierras Blancas;105305;5;18;26;69.23
Coquimbo;Servicio de Salud Coquimbo;Coquimbo;Centro de Salud Familiar Tierras Blancas;105305;6;26;31;83.87
Coquimbo;Servicio de Salud Coquimbo;Coquimbo;Centro de Salud Familiar Tongoy;105321;1;6;9;66.67
Coquimbo;Servicio de Salud Coquimbo;Coquimbo;Centro de Salud Familiar Tongoy;105321;2;0;5;0.0
Coquimbo;Servicio de Salud Coquimbo;Coquimbo;Centro de Salud Familiar Tongoy;105321;3;8;3;266.67
Coquimbo;Servicio de Salud Coquimbo;Coquimbo;Centro de Salud Familiar Tongoy;105321;4;0;7;0.0
Coquimbo;Servicio de Salud Coquimbo;Coquimbo;Centro de Salud Familiar Tongoy;105321;5;0;6;0.0
Coquimbo;Servicio de Salud Coquimbo;Coquimbo;Centro de Salud Familiar Tongoy;105321;6;0;8;0.0
Coquimbo;Servicio de Salud Coquimbo;Coquimbo;Posta de Salud Rural Guanaqueros;105405;1;0;2;0.0
Coquimbo;Servicio de Salud Coquimbo;Coquimbo;Posta de Salud Rural Guanaqueros;105405;2;0;1;0.0
Coquimbo;Servicio de Salud Coquimbo;Coquimbo;Posta de Salud Rural Guanaqueros;105405;3;0;1;0.0
Coquimbo;Servicio de Salud Coquimbo;Coquimbo;Posta de Salud Rural Guanaqueros;105405;4;0;1;0.0
Coquimbo;Servicio de Salud Coquimbo;Coquimbo;Posta de Salud Rural Guanaqueros;105405;5;1;0;
Coquimbo;Servicio de Salud Coquimbo;Coquimbo;Posta de Salud Rural Guanaqueros;105405;6;0;2;0.0
Coquimbo;Servicio de Salud Coquimbo;Coquimbo;Posta de Salud Rural Tambillo;105407;2;0;2;0.0
Coquimbo;Servicio de Salud Coquimbo;Coquimbo;Posta de Salud Rural Tambillo;105407;3;0;1;0.0
Coquimbo;Servicio de Salud Coquimbo;Coquimbo;Posta de Salud Rural Tambillo;105407;6;0;1;0.0
Coquimbo;Servicio de Salud Coquimbo;Illapel;Centro de Salud Familiar Urbano de Illapel;200366;2;0;11;0.0
Coquimbo;Servicio de Salud Coquimbo;Illapel;Centro de Salud Familiar Urbano de Illapel;200366;3;19;10;190.0
Coquimbo;Servicio de Salud Coquimbo;Illapel;Centro de Salud Familiar Urbano de Illapel;200366;4;0;10;0.0
Coquimbo;Servicio de Salud Coquimbo;Illapel;Centro de Salud Familiar Urbano de Illapel;200366;5;0;10;0.0
Coquimbo;Servicio de Salud Coquimbo;Illapel;Centro de Salud Familiar Urbano de Illapel;200366;6;0;5;0.0
Coquimbo;Servicio de Salud Coquimbo;Illapel;Centro de Salud Familiar Villa San Rafael de Rozas;105326;1;0;5;0.0
Coquimbo;Servicio de Salud Coquimbo;Illapel;Centro de Salud Familiar Villa San Rafael de Rozas;105326;2;0;6;0.0
Coquimbo;Servicio de Salud Coquimbo;Illapel;Centro de Salud Familiar Villa San Rafael de Rozas;105326;3;0;9;0.0
Coquimbo;Servicio de Salud Coquimbo;Illapel;Centro de Salud Familiar Villa San Rafael de Rozas;105326;4;0;7;0.0
Coquimbo;Servicio de Salud Coquimbo;Illapel;Centro de Salud Familiar Villa San Rafael de Rozas;105326;5;0;8;0.0
Coquimbo;Servicio de Salud Coquimbo;Illapel;Centro de Salud Familiar Villa San Rafael de Rozas;105326;6;0;10;0.0
Coquimbo;Servicio de Salud Coquimbo;Illapel;Posta de Salud Rural Cañas Uno;105487;1;0;2;0.0
Coquimbo;Servicio de Salud Coquimbo;Illapel;Posta de Salud Rural Cañas Uno;105487;2;0;1;0.0
Coquimbo;Servicio de Salud Coquimbo;Illapel;Posta de Salud Rural Cañas Uno;105487;3;0;3;0.0
Coquimbo;Servicio de Salud Coquimbo;Illapel;Posta de Salud Rural Cañas Uno;105487;4;0;1;0.0
Coquimbo;Servicio de Salud Coquimbo;Illapel;Posta de Salud Rural Cañas Uno;105487;5;0;1;0.0
Coquimbo;Servicio de Salud Coquimbo;Illapel;Posta de Salud Rural Cañas Uno;105487;6;0;1;0.0
Coquimbo;Servicio de Salud Coquimbo;Illapel;Posta de Salud Rural Cárcamo;105443;4;0;1;0.0
Coquimbo;Servicio de Salud Coquimbo;Illapel;Posta de Salud Rural Huintil;105444;4;0;1;0.0
Coquimbo;Servicio de Salud Coquimbo;Illapel;Posta de Salud Rural Limáhuida;105445;1;0;2;0.0
Coquimbo;Servicio de Salud Coquimbo;Illapel;Posta de Salud Rural Limáhuida;105445;2;0;1;0.0
Coquimbo;Servicio de Salud Coquimbo;Illapel;Posta de Salud Rural Peralillo Illapel;105447;1;0;1;0.0
Coquimbo;Servicio de Salud Coquimbo;Illapel;Posta de Salud Rural Peralillo Illapel;105447;6;0;1;0.0
Coquimbo;Servicio de Salud Coquimbo;Illapel;Posta de Salud Rural Pintacura Sur;105496;1;0;1;0.0
Coquimbo;Servicio de Salud Coquimbo;Illapel;Posta de Salud Rural Plan de Hornos;105485;5;0;1;0.0
Coquimbo;Servicio de Salud Coquimbo;Illapel;Posta de Salud Rural Socavón;105504;1;0;1;0.0
Coquimbo;Servicio de Salud Coquimbo;Illapel;Posta de Salud Rural Socavón;105504;2;0;1;0.0
Coquimbo;Servicio de Salud Coquimbo;Illapel;Posta de Salud Rural Socavón;105504;3;0;2;0.0
Coquimbo;Servicio de Salud Coquimbo;Illapel;Posta de Salud Rural Socavón;105504;4;0;1;0.0
Coquimbo;Servicio de Salud Coquimbo;Illapel;Posta de Salud Rural Socavón;105504;5;0;1;0.0
Coquimbo;Servicio de Salud Coquimbo;Illapel;Posta de Salud Rural Tunga Sur;105486;5;0;1;0.0
Coquimbo;Servicio de Salud Coquimbo;La Higuera;Centro de Salud Familiar La Higuera;105314;1;0;2;0.0
Coquimbo;Servicio de Salud Coquimbo;La Higuera;Centro de Salud Familiar La Higuera;105314;2;0;2;0.0
Coquimbo;Servicio de Salud Coquimbo;La Higuera;Centro de Salud Familiar La Higuera;105314;3;0;1;0.0
Coquimbo;Servicio de Salud Coquimbo;La Higuera;Centro de Salud Familiar La Higuera;105314;4;0;1;0.0
Coquimbo;Servicio de Salud Coquimbo;La Higuera;Centro de Salud Familiar La Higuera;105314;5;6;1;600.0
Coquimbo;Servicio de Salud Coquimbo;La Higuera;Centro de Salud Familiar La Higuera;105314;6;0;1;0.0
Coquimbo;Servicio de Salud Coquimbo;La Higuera;Posta de Salud Rural Caleta Hornos;105500;4;0;1;0.0
Coquimbo;Servicio de Salud Coquimbo;La Higuera;Posta de Salud Rural Caleta Hornos;105500;6;0;1;0.0
Coquimbo;Servicio de Salud Coquimbo;La Higuera;Posta de Salud Rural El Trapiche;105506;2;0;1;0.0
Coquimbo;Servicio de Salud Coquimbo;La Higuera;Posta de Salud Rural El Trapiche;105506;3;0;1;0.0
Coquimbo;Servicio de Salud Coquimbo;La Higuera;Posta de Salud Rural Los Choros;105505;6;0;1;0.0
Coquimbo;Servicio de Salud Coquimbo;La Serena;Centro Comunitario de Salud Familiar Arcos de Pinamar;200402;1;0;1;0.0
Coquimbo;Servicio de Salud Coquimbo;La Serena;Centro Comunitario de Salud Familiar Arcos de Pinamar;200402;3;0;3;0.0
Coquimbo;Servicio de Salud Coquimbo;La Serena;Centro Comunitario de Salud Familiar Arcos de Pinamar;200402;4;0;1;0.0
Coquimbo;Servicio de Salud Coquimbo;La Serena;Centro Comunitario de Salud Familiar Arcos de Pinamar;200402;5;0;2;0.0
Coquimbo;Servicio de Salud Coquimbo;La Serena;Centro Comunitario de Salud Familiar Arcos de Pinamar;200402;6;0;1;0.0
Coquimbo;Servicio de Salud Coquimbo;La Serena;Centro Comunitario de Salud Familiar Lambert;105702;1;0;3;0.0
Coquimbo;Servicio de Salud Coquimbo;La Serena;Centro Comunitario de Salud Familiar Lambert;105702;2;0;3;0.0
Coquimbo;Servicio de Salud Coquimbo;La Serena;Centro Comunitario de Salud Familiar Lambert;105702;3;0;2;0.0
Coquimbo;Servicio de Salud Coquimbo;La Serena;Centro Comunitario de Salud Familiar Lambert;105702;4;0;1;0.0
Coquimbo;Servicio de Salud Coquimbo;La Serena;Centro Comunitario de Salud Familiar Lambert;105702;5;0;2;0.0
Coquimbo;Servicio de Salud Coquimbo;La Serena;Centro Comunitario de Salud Familiar Lambert;105702;6;0;2;0.0
Coquimbo;Servicio de Salud Coquimbo;La Serena;Centro Comunitario de Salud Familiar Villa Alemania;105701;1;0;1;0.0
Coquimbo;Servicio de Salud Coquimbo;La Serena;Centro Comunitario de Salud Familiar Villa Alemania;105701;2;0;1;0.0
Coquimbo;Servicio de Salud Coquimbo;La Serena;Centro Comunitario de Salud Familiar Villa Alemania;105701;4;0;2;0.0
Coquimbo;Servicio de Salud Coquimbo;La Serena;Centro Comunitario de Salud Familiar Villa Alemania;105701;5;3;1;300.0
Coquimbo;Servicio de Salud Coquimbo;La Serena;Centro Comunitario de Salud Familiar Villa Alemania;105701;6;0;2;0.0
Coquimbo;Servicio de Salud Coquimbo;La Serena;Centro Comunitario de Salud Familiar Villa el Indio;105700;1;0;2;0.0
Coquimbo;Servicio de Salud Coquimbo;La Serena;Centro Comunitario de Salud Familiar Villa el Indio;105700;2;0;4;0.0
Coquimbo;Servicio de Salud Coquimbo;La Serena;Centro Comunitario de Salud Familiar Villa el Indio;105700;3;0;3;0.0
Coquimbo;Servicio de Salud Coquimbo;La Serena;Centro Comunitario de Salud Familiar Villa el Indio;105700;4;1;2;50.0
Coquimbo;Servicio de Salud Coquimbo;La Serena;Centro Comunitario de Salud Familiar Villa el Indio;105700;5;0;2;0.0
Coquimbo;Servicio de Salud Coquimbo;La Serena;Centro Comunitario de Salud Familiar Villa el Indio;105700;6;0;1;0.0
Coquimbo;Servicio de Salud Coquimbo;La Serena;Centro de Salud Familiar Cardenal Caro;105300;1;0;48;0.0
Coquimbo;Servicio de Salud Coquimbo;La Serena;Centro de Salud Familiar Cardenal Caro;105300;2;8;14;57.14
Coquimbo;Servicio de Salud Coquimbo;La Serena;Centro de Salud Familiar Cardenal Caro;105300;3;16;37;43.24
Coquimbo;Servicio de Salud Coquimbo;La Serena;Centro de Salud Familiar Cardenal Caro;105300;4;16;29;55.17
Coquimbo;Servicio de Salud Coquimbo;La Serena;Centro de Salud Familiar Cardenal Caro;105300;5;0;26;0.0
Coquimbo;Servicio de Salud Coquimbo;La Serena;Centro de Salud Familiar Cardenal Caro;105300;6;0;28;0.0
Coquimbo;Servicio de Salud Coquimbo;La Serena;Centro de Salud Familiar Cardenal Raúl Silva Henríquez de La Serena;105319;1;0;24;0.0
Coquimbo;Servicio de Salud Coquimbo;La Serena;Centro de Salud Familiar Cardenal Raúl Silva Henríquez de La Serena;105319;2;7;24;29.17
Coquimbo;Servicio de Salud Coquimbo;La Serena;Centro de Salud Familiar Cardenal Raúl Silva Henríquez de La Serena;105319;3;6;20;30.0
Coquimbo;Servicio de Salud Coquimbo;La Serena;Centro de Salud Familiar Cardenal Raúl Silva Henríquez de La Serena;105319;4;12;18;66.67
Coquimbo;Servicio de Salud Coquimbo;La Serena;Centro de Salud Familiar Cardenal Raúl Silva Henríquez de La Serena;105319;5;7;16;43.75
Coquimbo;Servicio de Salud Coquimbo;La Serena;Centro de Salud Familiar Cardenal Raúl Silva Henríquez de La Serena;105319;6;12;21;57.14
Coquimbo;Servicio de Salud Coquimbo;La Serena;Centro de Salud Familiar Dr. Emilio Schaffhauser;105313;1;0;45;0.0
Coquimbo;Servicio de Salud Coquimbo;La Serena;Centro de Salud Familiar Dr. Emilio Schaffhauser;105313;2;0;44;0.0
Coquimbo;Servicio de Salud Coquimbo;La Serena;Centro de Salud Familiar Dr. Emilio Schaffhauser;105313;3;0;39;0.0
Coquimbo;Servicio de Salud Coquimbo;La Serena;Centro de Salud Familiar Dr. Emilio Schaffhauser;105313;4;41;50;82.0
Coquimbo;Servicio de Salud Coquimbo;La Serena;Centro de Salud Familiar Dr. Emilio Schaffhauser;105313;5;7;39;17.95
Coquimbo;Servicio de Salud Coquimbo;La Serena;Centro de Salud Familiar Dr. Emilio Schaffhauser;105313;6;4;23;17.39
Coquimbo;Servicio de Salud Coquimbo;La Serena;Centro de Salud Familiar Juan Pablo II (La Serena);105325;1;0;40;0.0
Coquimbo;Servicio de Salud Coquimbo;La Serena;Centro de Salud Familiar Juan Pablo II (La Serena);105325;2;0;15;0.0
Coquimbo;Servicio de Salud Coquimbo;La Serena;Centro de Salud Familiar Juan Pablo II (La Serena);105325;3;7;21;33.33
Coquimbo;Servicio de Salud Coquimbo;La Serena;Centro de Salud Familiar Juan Pablo II (La Serena);105325;4;23;21;109.52
Coquimbo;Servicio de Salud Coquimbo;La Serena;Centro de Salud Familiar Juan Pablo II (La Serena);105325;5;0;21;0.0
Coquimbo;Servicio de Salud Coquimbo;La Serena;Centro de Salud Familiar Juan Pablo II (La Serena);105325;6;0;19;0.0
Coquimbo;Servicio de Salud Coquimbo;La Serena;Centro de Salud Familiar Las Compañías;105301;1;0;21;0.0
Coquimbo;Servicio de Salud Coquimbo;La Serena;Centro de Salud Familiar Las Compañías;105301;2;0;12;0.0
Coquimbo;Servicio de Salud Coquimbo;La Serena;Centro de Salud Familiar Las Compañías;105301;3;0;10;0.0
Coquimbo;Servicio de Salud Coquimbo;La Serena;Centro de Salud Familiar Las Compañías;105301;4;0;15;0.0
Coquimbo;Servicio de Salud Coquimbo;La Serena;Centro de Salud Familiar Las Compañías;105301;5;0;13;0.0
Coquimbo;Servicio de Salud Coquimbo;La Serena;Centro de Salud Familiar Las Compañías;105301;6;0;14;0.0
Coquimbo;Servicio de Salud Coquimbo;La Serena;Centro de Salud Familiar Pedro Aguirre Cerda;105302;1;0;29;0.0
Coquimbo;Servicio de Salud Coquimbo;La Serena;Centro de Salud Familiar Pedro Aguirre Cerda;105302;2;0;30;0.0
Coquimbo;Servicio de Salud Coquimbo;La Serena;Centro de Salud Familiar Pedro Aguirre Cerda;105302;3;0;30;0.0
Coquimbo;Servicio de Salud Coquimbo;La Serena;Centro de Salud Familiar Pedro Aguirre Cerda;105302;4;13;25;52.0
Coquimbo;Servicio de Salud Coquimbo;La Serena;Centro de Salud Familiar Pedro Aguirre Cerda;105302;5;0;26;0.0
Coquimbo;Servicio de Salud Coquimbo;La Serena;Centro de Salud Familiar Pedro Aguirre Cerda;105302;6;5;25;20.0
Coquimbo;Servicio de Salud Coquimbo;La Serena;Hospital San Juan de Dios (La Serena);105100;4;31;0;
Coquimbo;Servicio de Salud Coquimbo;La Serena;Posta de Salud Rural Algarrobito;105400;6;0;1;0.0
Coquimbo;Servicio de Salud Coquimbo;La Serena;Posta de Salud Rural El Romero;105402;1;0;2;0.0
Coquimbo;Servicio de Salud Coquimbo;La Serena;Posta de Salud Rural El Romero;105402;2;0;2;0.0
Coquimbo;Servicio de Salud Coquimbo;La Serena;Posta de Salud Rural El Romero;105402;3;0;1;0.0
Coquimbo;Servicio de Salud Coquimbo;La Serena;Posta de Salud Rural El Romero;105402;5;0;2;0.0
Coquimbo;Servicio de Salud Coquimbo;La Serena;Posta de Salud Rural El Romero;105402;6;0;3;0.0
Coquimbo;Servicio de Salud Coquimbo;La Serena;Posta de Salud Rural Lambert;105499;1;0;1;0.0
Coquimbo;Servicio de Salud Coquimbo;La Serena;Posta de Salud Rural Lambert;105499;2;0;2;0.0
Coquimbo;Servicio de Salud Coquimbo;La Serena;Posta de Salud Rural Lambert;105499;4;0;2;0.0
Coquimbo;Servicio de Salud Coquimbo;La Serena;Posta de Salud Rural Lambert;105499;5;0;2;0.0
Coquimbo;Servicio de Salud Coquimbo;La Serena;Posta de Salud Rural Las Rojas;105401;2;0;3;0.0
Coquimbo;Servicio de Salud Coquimbo;La Serena;Posta de Salud Rural Las Rojas;105401;3;0;1;0.0
Coquimbo;Servicio de Salud Coquimbo;La Serena;Posta de Salud Rural Las Rojas;105401;4;3;0;
Coquimbo;Servicio de Salud Coquimbo;La Serena;Posta de Salud Rural Las Rojas;105401;5;4;0;
Coquimbo;Servicio de Salud Coquimbo;La Serena;Posta de Salud Rural Las Rojas;105401;6;3;0;
Coquimbo;Servicio de Salud Coquimbo;Los Vilos;Hospital San Pedro (Los Vilos);105108;1;0;17;0.0
Coquimbo;Servicio de Salud Coquimbo;Los Vilos;Hospital San Pedro (Los Vilos);105108;2;3;10;30.0
Coquimbo;Servicio de Salud Coquimbo;Los Vilos;Hospital San Pedro (Los Vilos);105108;3;4;14;28.57
Coquimbo;Servicio de Salud Coquimbo;Los Vilos;Hospital San Pedro (Los Vilos);105108;4;13;15;86.67
Coquimbo;Servicio de Salud Coquimbo;Los Vilos;Hospital San Pedro (Los Vilos);105108;5;11;13;84.62
Coquimbo;Servicio de Salud Coquimbo;Los Vilos;Hospital San Pedro (Los Vilos);105108;6;2;11;18.18
Coquimbo;Servicio de Salud Coquimbo;Los Vilos;Posta de Salud Rural Caimanes;105478;2;0;1;0.0
Coquimbo;Servicio de Salud Coquimbo;Los Vilos;Posta de Salud Rural Caimanes;105478;4;0;1;0.0
Coquimbo;Servicio de Salud Coquimbo;Los Vilos;Posta de Salud Rural Guangualí;105479;1;0;1;0.0
Coquimbo;Servicio de Salud Coquimbo;Los Vilos;Posta de Salud Rural Guangualí;105479;3;0;1;0.0
Coquimbo;Servicio de Salud Coquimbo;Los Vilos;Posta de Salud Rural Guangualí;105479;4;0;1;0.0
Coquimbo;Servicio de Salud Coquimbo;Los Vilos;Posta de Salud Rural Guangualí;105479;6;0;3;0.0
Coquimbo;Servicio de Salud Coquimbo;Los Vilos;Posta de Salud Rural Los Cóndores;105511;1;0;1;0.0
Coquimbo;Servicio de Salud Coquimbo;Los Vilos;Posta de Salud Rural Los Cóndores;105511;2;0;1;0.0
Coquimbo;Servicio de Salud Coquimbo;Los Vilos;Posta de Salud Rural Los Cóndores;105511;3;0;1;0.0
Coquimbo;Servicio de Salud Coquimbo;Los Vilos;Posta de Salud Rural Los Cóndores;105511;5;2;0;
Coquimbo;Servicio de Salud Coquimbo;Los Vilos;Posta de Salud Rural Quilimarí;105480;1;0;1;0.0
Coquimbo;Servicio de Salud Coquimbo;Los Vilos;Posta de Salud Rural Quilimarí;105480;2;0;1;0.0
Coquimbo;Servicio de Salud Coquimbo;Los Vilos;Posta de Salud Rural Quilimarí;105480;3;0;1;0.0
Coquimbo;Servicio de Salud Coquimbo;Los Vilos;Posta de Salud Rural Quilimarí;105480;4;0;4;0.0
Coquimbo;Servicio de Salud Coquimbo;Los Vilos;Posta de Salud Rural Quilimarí;105480;6;0;2;0.0
Coquimbo;Servicio de Salud Coquimbo;Monte Patria;Centro de Salud Familiar Carén;105312;1;0;2;0.0
Coquimbo;Servicio de Salud Coquimbo;Monte Patria;Centro de Salud Familiar Carén;105312;2;0;1;0.0
Coquimbo;Servicio de Salud Coquimbo;Monte Patria;Centro de Salud Familiar Carén;105312;3;0;5;0.0
Coquimbo;Servicio de Salud Coquimbo;Monte Patria;Centro de Salud Familiar Carén;105312;4;0;1;0.0
Coquimbo;Servicio de Salud Coquimbo;Monte Patria;Centro de Salud Familiar Carén;105312;5;0;1;0.0
Coquimbo;Servicio de Salud Coquimbo;Monte Patria;Centro de Salud Familiar Carén;105312;6;0;3;0.0
Coquimbo;Servicio de Salud Coquimbo;Monte Patria;Centro de Salud Familiar Chañaral Alto;105311;1;0;5;0.0
Coquimbo;Servicio de Salud Coquimbo;Monte Patria;Centro de Salud Familiar Chañaral Alto;105311;3;0;2;0.0
Coquimbo;Servicio de Salud Coquimbo;Monte Patria;Centro de Salud Familiar Chañaral Alto;105311;4;0;1;0.0
Coquimbo;Servicio de Salud Coquimbo;Monte Patria;Centro de Salud Familiar Chañaral Alto;105311;5;0;3;0.0
Coquimbo;Servicio de Salud Coquimbo;Monte Patria;Centro de Salud Familiar El Palqui;105318;1;0;6;0.0
Coquimbo;Servicio de Salud Coquimbo;Monte Patria;Centro de Salud Familiar El Palqui;105318;2;0;4;0.0
Coquimbo;Servicio de Salud Coquimbo;Monte Patria;Centro de Salud Familiar El Palqui;105318;3;0;3;0.0
Coquimbo;Servicio de Salud Coquimbo;Monte Patria;Centro de Salud Familiar El Palqui;105318;4;0;7;0.0
Coquimbo;Servicio de Salud Coquimbo;Monte Patria;Centro de Salud Familiar El Palqui;105318;5;0;5;0.0
Coquimbo;Servicio de Salud Coquimbo;Monte Patria;Centro de Salud Familiar El Palqui;105318;6;0;3;0.0
Coquimbo;Servicio de Salud Coquimbo;Monte Patria;Centro de Salud Familiar Monte Patria;105307;1;0;4;0.0
Coquimbo;Servicio de Salud Coquimbo;Monte Patria;Centro de Salud Familiar Monte Patria;105307;2;0;6;0.0
Coquimbo;Servicio de Salud Coquimbo;Monte Patria;Centro de Salud Familiar Monte Patria;105307;3;0;5;0.0
Coquimbo;Servicio de Salud Coquimbo;Monte Patria;Centro de Salud Familiar Monte Patria;105307;4;0;11;0.0
Coquimbo;Servicio de Salud Coquimbo;Monte Patria;Centro de Salud Familiar Monte Patria;105307;5;0;7;0.0
Coquimbo;Servicio de Salud Coquimbo;Monte Patria;Centro de Salud Familiar Monte Patria;105307;6;2;5;40.0
Coquimbo;Servicio de Salud Coquimbo;Monte Patria;Posta de Salud Rural Chilecito;105425;2;0;1;0.0
Coquimbo;Servicio de Salud Coquimbo;Monte Patria;Posta de Salud Rural Hacienda Valdivia;105427;6;0;1;0.0
Coquimbo;Servicio de Salud Coquimbo;Monte Patria;Posta de Salud Rural Mialqui;105430;1;0;1;0.0
Coquimbo;Servicio de Salud Coquimbo;Monte Patria;Posta de Salud Rural Pedregal;105431;6;0;2;0.0
Coquimbo;Servicio de Salud Coquimbo;Monte Patria;Posta de Salud Rural Ramadas de Tulahuén;105489;5;0;2;0.0
Coquimbo;Servicio de Salud Coquimbo;Monte Patria;Posta de Salud Rural Ramadas de Tulahuén;105489;6;0;1;0.0
Coquimbo;Servicio de Salud Coquimbo;Monte Patria;Posta de Salud Rural Rapel (Monte Patria);105432;5;0;1;0.0
Coquimbo;Servicio de Salud Coquimbo;Monte Patria;Posta de Salud Rural Rapel (Monte Patria);105432;6;0;1;0.0
Coquimbo;Servicio de Salud Coquimbo;Monte Patria;Posta de Salud Rural Tulahuén;105435;2;1;0;
Coquimbo;Servicio de Salud Coquimbo;Monte Patria;Posta de Salud Rural Tulahuén;105435;3;0;1;0.0
Coquimbo;Servicio de Salud Coquimbo;Monte Patria;Posta de Salud Rural Tulahuén;105435;6;0;1;0.0
Coquimbo;Servicio de Salud Coquimbo;Ovalle;Centro Comunitario de Salud Familiar Colonia Limarí;200367;1;0;3;0.0
Coquimbo;Servicio de Salud Coquimbo;Ovalle;Centro Comunitario de Salud Familiar Colonia Limarí;200367;3;2;0;
Coquimbo;Servicio de Salud Coquimbo;Ovalle;Centro Comunitario de Salud Familiar Colonia Limarí;200367;4;0;2;0.0
Coquimbo;Servicio de Salud Coquimbo;Ovalle;Centro Comunitario de Salud Familiar Colonia Limarí;200367;5;5;0;
Coquimbo;Servicio de Salud Coquimbo;Ovalle;Centro Comunitario de Salud Familiar Colonia Limarí;200367;6;2;1;200.0
Coquimbo;Servicio de Salud Coquimbo;Ovalle;Centro Comunitario de Salud Familiar Limarí;105723;1;0;3;0.0
Coquimbo;Servicio de Salud Coquimbo;Ovalle;Centro Comunitario de Salud Familiar Limarí;105723;3;0;2;0.0
Coquimbo;Servicio de Salud Coquimbo;Ovalle;Centro Comunitario de Salud Familiar Limarí;105723;4;0;4;0.0
Coquimbo;Servicio de Salud Coquimbo;Ovalle;Centro Comunitario de Salud Familiar Limarí;105723;5;0;3;0.0
Coquimbo;Servicio de Salud Coquimbo;Ovalle;Centro Comunitario de Salud Familiar Limarí;105723;6;0;3;0.0
Coquimbo;Servicio de Salud Coquimbo;Ovalle;Centro Comunitario de Salud Familiar Los Copihues;200258;1;0;2;0.0
Coquimbo;Servicio de Salud Coquimbo;Ovalle;Centro Comunitario de Salud Familiar Los Copihues;200258;4;0;3;0.0
Coquimbo;Servicio de Salud Coquimbo;Ovalle;Centro Comunitario de Salud Familiar Los Copihues;200258;5;0;2;0.0
Coquimbo;Servicio de Salud Coquimbo;Ovalle;Centro Comunitario de Salud Familiar San José de la Dehesa;105722;1;0;6;0.0
Coquimbo;Servicio de Salud Coquimbo;Ovalle;Centro Comunitario de Salud Familiar San José de la Dehesa;105722;2;0;1;0.0
Coquimbo;Servicio de Salud Coquimbo;Ovalle;Centro Comunitario de Salud Familiar San José de la Dehesa;105722;3;0;3;0.0
Coquimbo;Servicio de Salud Coquimbo;Ovalle;Centro Comunitario de Salud Familiar San José de la Dehesa;105722;4;3;3;100.0
Coquimbo;Servicio de Salud Coquimbo;Ovalle;Centro Comunitario de Salud Familiar San José de la Dehesa;105722;5;4;5;80.0
Coquimbo;Servicio de Salud Coquimbo;Ovalle;Centro Comunitario de Salud Familiar San José de la Dehesa;105722;6;6;9;66.67
Coquimbo;Servicio de Salud Coquimbo;Ovalle;Centro de Salud Familiar Cerrillos de Tamaya;105315;1;0;6;0.0
Coquimbo;Servicio de Salud Coquimbo;Ovalle;Centro de Salud Familiar Cerrillos de Tamaya;105315;2;0;7;0.0
Coquimbo;Servicio de Salud Coquimbo;Ovalle;Centro de Salud Familiar Cerrillos de Tamaya;105315;3;0;7;0.0
Coquimbo;Servicio de Salud Coquimbo;Ovalle;Centro de Salud Familiar Cerrillos de Tamaya;105315;4;0;7;0.0
Coquimbo;Servicio de Salud Coquimbo;Ovalle;Centro de Salud Familiar Cerrillos de Tamaya;105315;5;0;6;0.0
Coquimbo;Servicio de Salud Coquimbo;Ovalle;Centro de Salud Familiar Cerrillos de Tamaya;105315;6;0;5;0.0
Coquimbo;Servicio de Salud Coquimbo;Ovalle;Centro de Salud Familiar Fray Jorge;200569;1;0;38;0.0
Coquimbo;Servicio de Salud Coquimbo;Ovalle;Centro de Salud Familiar Fray Jorge;200569;2;0;17;0.0
Coquimbo;Servicio de Salud Coquimbo;Ovalle;Centro de Salud Familiar Fray Jorge;200569;3;0;14;0.0
Coquimbo;Servicio de Salud Coquimbo;Ovalle;Centro de Salud Familiar Fray Jorge;200569;4;0;21;0.0
Coquimbo;Servicio de Salud Coquimbo;Ovalle;Centro de Salud Familiar Fray Jorge;200569;5;0;16;0.0
Coquimbo;Servicio de Salud Coquimbo;Ovalle;Centro de Salud Familiar Fray Jorge;200569;6;0;19;0.0
Coquimbo;Servicio de Salud Coquimbo;Ovalle;Centro de Salud Familiar Jorge Jordán Domic;105317;1;0;14;0.0
Coquimbo;Servicio de Salud Coquimbo;Ovalle;Centro de Salud Familiar Jorge Jordán Domic;105317;2;0;13;0.0
Coquimbo;Servicio de Salud Coquimbo;Ovalle;Centro de Salud Familiar Jorge Jordán Domic;105317;3;0;20;0.0
Coquimbo;Servicio de Salud Coquimbo;Ovalle;Centro de Salud Familiar Jorge Jordán Domic;105317;4;10;15;66.67
Coquimbo;Servicio de Salud Coquimbo;Ovalle;Centro de Salud Familiar Jorge Jordán Domic;105317;5;1;20;5.0
Coquimbo;Servicio de Salud Coquimbo;Ovalle;Centro de Salud Familiar Jorge Jordán Domic;105317;6;10;20;50.0
Coquimbo;Servicio de Salud Coquimbo;Ovalle;Centro de Salud Familiar Marcos Macuada;105322;1;0;13;0.0
Coquimbo;Servicio de Salud Coquimbo;Ovalle;Centro de Salud Familiar Marcos Macuada;105322;2;0;21;0.0
Coquimbo;Servicio de Salud Coquimbo;Ovalle;Centro de Salud Familiar Marcos Macuada;105322;3;0;17;0.0
Coquimbo;Servicio de Salud Coquimbo;Ovalle;Centro de Salud Familiar Marcos Macuada;105322;4;3;10;30.0
Coquimbo;Servicio de Salud Coquimbo;Ovalle;Centro de Salud Familiar Marcos Macuada;105322;5;4;6;66.67
Coquimbo;Servicio de Salud Coquimbo;Ovalle;Centro de Salud Familiar Marcos Macuada;105322;6;0;17;0.0
Coquimbo;Servicio de Salud Coquimbo;Ovalle;Centro de Salud Familiar Sotaquí;105324;1;3;4;75.0
Coquimbo;Servicio de Salud Coquimbo;Ovalle;Centro de Salud Familiar Sotaquí;105324;2;0;5;0.0
Coquimbo;Servicio de Salud Coquimbo;Ovalle;Centro de Salud Familiar Sotaquí;105324;3;6;3;200.0
Coquimbo;Servicio de Salud Coquimbo;Ovalle;Centro de Salud Familiar Sotaquí;105324;4;6;2;300.0
Coquimbo;Servicio de Salud Coquimbo;Ovalle;Centro de Salud Familiar Sotaquí;105324;5;0;2;0.0
Coquimbo;Servicio de Salud Coquimbo;Ovalle;Centro de Salud Familiar Sotaquí;105324;6;0;2;0.0
Coquimbo;Servicio de Salud Coquimbo;Ovalle;Posta de Salud Rural Alcones Bajo;105417;2;0;1;0.0
Coquimbo;Servicio de Salud Coquimbo;Ovalle;Posta de Salud Rural Camarico (Ovalle);105416;3;1;0;
Coquimbo;Servicio de Salud Coquimbo;Ovalle;Posta de Salud Rural Camarico (Ovalle);105416;5;0;1;0.0
Coquimbo;Servicio de Salud Coquimbo;Ovalle;Posta de Salud Rural Chalinga;105437;3;0;1;0.0
Coquimbo;Servicio de Salud Coquimbo;Ovalle;Posta de Salud Rural Chalinga;105437;4;0;1;0.0
Coquimbo;Servicio de Salud Coquimbo;Ovalle;Posta de Salud Rural Chalinga;105437;5;0;1;0.0
Coquimbo;Servicio de Salud Coquimbo;Ovalle;Posta de Salud Rural Hornillos;105422;1;0;2;0.0
Coquimbo;Servicio de Salud Coquimbo;Ovalle;Posta de Salud Rural Hornillos;105422;5;1;1;100.0
Coquimbo;Servicio de Salud Coquimbo;Ovalle;Posta de Salud Rural Hornillos;105422;6;2;0;
Coquimbo;Servicio de Salud Coquimbo;Ovalle;Posta de Salud Rural Huamalata;105507;3;0;1;0.0
Coquimbo;Servicio de Salud Coquimbo;Ovalle;Posta de Salud Rural Huamalata;105507;4;4;0;
Coquimbo;Servicio de Salud Coquimbo;Ovalle;Posta de Salud Rural Huamalata;105507;5;1;2;50.0
Coquimbo;Servicio de Salud Coquimbo;Ovalle;Posta de Salud Rural Huamalata;105507;6;1;1;100.0
Coquimbo;Servicio de Salud Coquimbo;Ovalle;Posta de Salud Rural Recoleta;105510;1;3;2;150.0
Coquimbo;Servicio de Salud Coquimbo;Ovalle;Posta de Salud Rural Recoleta;105510;2;0;2;0.0
Coquimbo;Servicio de Salud Coquimbo;Ovalle;Posta de Salud Rural Recoleta;105510;4;2;1;200.0
Coquimbo;Servicio de Salud Coquimbo;Ovalle;Posta de Salud Rural Recoleta;105510;5;2;2;100.0
Coquimbo;Servicio de Salud Coquimbo;Ovalle;Posta de Salud Rural Recoleta;105510;6;1;1;100.0
Coquimbo;Servicio de Salud Coquimbo;Paiguano;Centro de Salud Familiar Jaime Thompson Rodríguez;105306;1;3;1;300.0
Coquimbo;Servicio de Salud Coquimbo;Paiguano;Centro de Salud Familiar Jaime Thompson Rodríguez;105306;2;2;2;100.0
Coquimbo;Servicio de Salud Coquimbo;Paiguano;Centro de Salud Familiar Jaime Thompson Rodríguez;105306;3;10;3;333.33
Coquimbo;Servicio de Salud Coquimbo;Paiguano;Centro de Salud Familiar Jaime Thompson Rodríguez;105306;4;6;5;120.0
Coquimbo;Servicio de Salud Coquimbo;Paiguano;Centro de Salud Familiar Jaime Thompson Rodríguez;105306;5;0;2;0.0
Coquimbo;Servicio de Salud Coquimbo;Paiguano;Centro de Salud Familiar Jaime Thompson Rodríguez;105306;6;0;2;0.0
Coquimbo;Servicio de Salud Coquimbo;Paiguano;Posta de Salud Rural Pisco Elqui;105477;1;0;2;0.0
Coquimbo;Servicio de Salud Coquimbo;Punitaqui;Centro de Salud Familiar Punitaqui;105308;1;0;7;0.0
Coquimbo;Servicio de Salud Coquimbo;Punitaqui;Centro de Salud Familiar Punitaqui;105308;2;2;3;66.67
Coquimbo;Servicio de Salud Coquimbo;Punitaqui;Centro de Salud Familiar Punitaqui;105308;3;1;11;9.09
Coquimbo;Servicio de Salud Coquimbo;Punitaqui;Centro de Salud Familiar Punitaqui;105308;4;1;10;10.0
Coquimbo;Servicio de Salud Coquimbo;Punitaqui;Centro de Salud Familiar Punitaqui;105308;5;0;11;0.0
Coquimbo;Servicio de Salud Coquimbo;Punitaqui;Centro de Salud Familiar Punitaqui;105308;6;0;7;0.0
Coquimbo;Servicio de Salud Coquimbo;Río Hurtado;Centro de Salud Familiar Pichasca;105310;2;0;3;0.0
Coquimbo;Servicio de Salud Coquimbo;Río Hurtado;Centro de Salud Familiar Pichasca;105310;3;0;1;0.0
Coquimbo;Servicio de Salud Coquimbo;Río Hurtado;Centro de Salud Familiar Pichasca;105310;4;0;1;0.0
Coquimbo;Servicio de Salud Coquimbo;Río Hurtado;Centro de Salud Familiar Pichasca;105310;6;0;2;0.0
Coquimbo;Servicio de Salud Coquimbo;Río Hurtado;Posta de Salud Rural El Chañar;105409;3;0;1;0.0
Coquimbo;Servicio de Salud Coquimbo;Río Hurtado;Posta de Salud Rural Samo Alto;105413;2;0;1;0.0
Coquimbo;Servicio de Salud Coquimbo;Río Hurtado;Posta de Salud Rural Samo Alto;105413;3;0;1;0.0
Coquimbo;Servicio de Salud Coquimbo;Río Hurtado;Posta de Salud Rural Samo Alto;105413;6;0;1;0.0
Coquimbo;Servicio de Salud Coquimbo;Salamanca;Centro de Salud Familiar  Valle Alto;105455;1;0;4;0.0
Coquimbo;Servicio de Salud Coquimbo;Salamanca;Centro de Salud Familiar  Valle Alto;105455;2;0;2;0.0
Coquimbo;Servicio de Salud Coquimbo;Salamanca;Centro de Salud Familiar  Valle Alto;105455;3;1;3;33.33
Coquimbo;Servicio de Salud Coquimbo;Salamanca;Centro de Salud Familiar  Valle Alto;105455;4;1;6;16.67
Coquimbo;Servicio de Salud Coquimbo;Salamanca;Centro de Salud Familiar  Valle Alto;105455;5;0;3;0.0
Coquimbo;Servicio de Salud Coquimbo;Salamanca;Centro de Salud Familiar  Valle Alto;105455;6;2;2;100.0
Coquimbo;Servicio de Salud Coquimbo;Salamanca;Hospital de Salamanca;105104;1;0;9;0.0
Coquimbo;Servicio de Salud Coquimbo;Salamanca;Hospital de Salamanca;105104;2;0;12;0.0
Coquimbo;Servicio de Salud Coquimbo;Salamanca;Hospital de Salamanca;105104;3;0;9;0.0
Coquimbo;Servicio de Salud Coquimbo;Salamanca;Hospital de Salamanca;105104;4;0;10;0.0
Coquimbo;Servicio de Salud Coquimbo;Salamanca;Hospital de Salamanca;105104;5;0;16;0.0
Coquimbo;Servicio de Salud Coquimbo;Salamanca;Hospital de Salamanca;105104;6;0;19;0.0
Coquimbo;Servicio de Salud Coquimbo;Salamanca;Posta de Salud Rural Arboleda Grande;105501;1;0;1;0.0
Coquimbo;Servicio de Salud Coquimbo;Salamanca;Posta de Salud Rural Arboleda Grande;105501;2;1;0;
Coquimbo;Servicio de Salud Coquimbo;Salamanca;Posta de Salud Rural Arboleda Grande;105501;4;1;0;
Coquimbo;Servicio de Salud Coquimbo;Salamanca;Posta de Salud Rural Arboleda Grande;105501;5;1;1;100.0
Coquimbo;Servicio de Salud Coquimbo;Salamanca;Posta de Salud Rural Arboleda Grande;105501;6;1;0;
Coquimbo;Servicio de Salud Coquimbo;Salamanca;Posta de Salud Rural Camisa;105492;1;0;1;0.0
Coquimbo;Servicio de Salud Coquimbo;Salamanca;Posta de Salud Rural Cuncumén(Salamanca);105452;1;0;1;0.0
Coquimbo;Servicio de Salud Coquimbo;Salamanca;Posta de Salud Rural Cuncumén(Salamanca);105452;3;1;0;
Coquimbo;Servicio de Salud Coquimbo;Salamanca;Posta de Salud Rural Cuncumén(Salamanca);105452;5;0;1;0.0
Coquimbo;Servicio de Salud Coquimbo;Salamanca;Posta de Salud Rural Cuncumén(Salamanca);105452;6;1;0;
Coquimbo;Servicio de Salud Coquimbo;Salamanca;Posta de Salud Rural Llimpo;105456;2;0;1;0.0
Coquimbo;Servicio de Salud Coquimbo;Salamanca;Posta de Salud Rural Quelén Bajo;105491;3;3;0;
Coquimbo;Servicio de Salud Coquimbo;Salamanca;Posta de Salud Rural Quelén Bajo;105491;4;2;0;
Coquimbo;Servicio de Salud Coquimbo;Salamanca;Posta de Salud Rural Quelén Bajo;105491;5;2;0;
Coquimbo;Servicio de Salud Coquimbo;Salamanca;Posta de Salud Rural Quelén Bajo;105491;6;0;2;0.0
Coquimbo;Servicio de Salud Coquimbo;Salamanca;Posta de Salud Rural San Agustín (Salamanca);105457;3;0;1;0.0
Coquimbo;Servicio de Salud Coquimbo;Salamanca;Posta de Salud Rural San Agustín (Salamanca);105457;6;0;2;0.0
Coquimbo;Servicio de Salud Coquimbo;Salamanca;Posta de Salud Rural Tahuinco;105458;2;0;3;0.0
Coquimbo;Servicio de Salud Coquimbo;Salamanca;Posta de Salud Rural Tahuinco;105458;4;0;1;0.0
Coquimbo;Servicio de Salud Coquimbo;Salamanca;Posta de Salud Rural Tahuinco;105458;5;0;2;0.0
Coquimbo;Servicio de Salud Coquimbo;Salamanca;Posta de Salud Rural Tahuinco;105458;6;0;1;0.0
Coquimbo;Servicio de Salud Coquimbo;Salamanca;Posta de Salud Rural Tranquilla;105453;1;0;1;0.0
Coquimbo;Servicio de Salud Coquimbo;Salamanca;Posta de Salud Rural Tranquilla;105453;2;0;1;0.0
Coquimbo;Servicio de Salud Coquimbo;Salamanca;Posta de Salud Rural Tranquilla;105453;4;1;0;
Coquimbo;Servicio de Salud Coquimbo;Salamanca;Posta de Salud Rural Tranquilla;105453;5;2;0;
Coquimbo;Servicio de Salud Coquimbo;Vicuña;Centro de Salud Familiar San Isidro Calingasta;200538;1;2;5;40.0
Coquimbo;Servicio de Salud Coquimbo;Vicuña;Centro de Salud Familiar San Isidro Calingasta;200538;2;1;3;33.33
Coquimbo;Servicio de Salud Coquimbo;Vicuña;Centro de Salud Familiar San Isidro Calingasta;200538;3;0;9;0.0
Coquimbo;Servicio de Salud Coquimbo;Vicuña;Centro de Salud Familiar San Isidro Calingasta;200538;4;2;5;40.0
Coquimbo;Servicio de Salud Coquimbo;Vicuña;Centro de Salud Familiar San Isidro Calingasta;200538;5;3;4;75.0
Coquimbo;Servicio de Salud Coquimbo;Vicuña;Centro de Salud Familiar San Isidro Calingasta;200538;6;0;8;0.0
Coquimbo;Servicio de Salud Coquimbo;Vicuña;Hospital San Juan de Dios (Vicuña);105107;1;0;13;0.0
Coquimbo;Servicio de Salud Coquimbo;Vicuña;Hospital San Juan de Dios (Vicuña);105107;2;0;11;0.0
Coquimbo;Servicio de Salud Coquimbo;Vicuña;Hospital San Juan de Dios (Vicuña);105107;3;3;11;27.27
Coquimbo;Servicio de Salud Coquimbo;Vicuña;Hospital San Juan de Dios (Vicuña);105107;4;0;9;0.0
Coquimbo;Servicio de Salud Coquimbo;Vicuña;Hospital San Juan de Dios (Vicuña);105107;5;0;7;0.0
Coquimbo;Servicio de Salud Coquimbo;Vicuña;Hospital San Juan de Dios (Vicuña);105107;6;0;13;0.0
Coquimbo;Servicio de Salud Coquimbo;Vicuña;Posta de Salud Rural Diaguitas;105467;1;1;1;100.0
Coquimbo;Servicio de Salud Coquimbo;Vicuña;Posta de Salud Rural Diaguitas;105467;2;0;1;0.0
Coquimbo;Servicio de Salud Coquimbo;Vicuña;Posta de Salud Rural Diaguitas;105467;6;4;4;100.0
Coquimbo;Servicio de Salud Coquimbo;Vicuña;Posta de Salud Rural El Molle;105468;2;1;0;
Coquimbo;Servicio de Salud Coquimbo;Vicuña;Posta de Salud Rural El Molle;105468;6;0;1;0.0
Coquimbo;Servicio de Salud Coquimbo;Vicuña;Posta de Salud Rural El Tambo (Vicuña);105469;1;1;1;100.0
Coquimbo;Servicio de Salud Coquimbo;Vicuña;Posta de Salud Rural El Tambo (Vicuña);105469;2;1;2;50.0
Coquimbo;Servicio de Salud Coquimbo;Vicuña;Posta de Salud Rural El Tambo (Vicuña);105469;3;0;1;0.0
Coquimbo;Servicio de Salud Coquimbo;Vicuña;Posta de Salud Rural El Tambo (Vicuña);105469;5;2;3;66.67
Coquimbo;Servicio de Salud Coquimbo;Vicuña;Posta de Salud Rural El Tambo (Vicuña);105469;6;0;1;0.0
Coquimbo;Servicio de Salud Coquimbo;Vicuña;Posta de Salud Rural Peralillo Vicuña;105471;1;0;1;0.0
Coquimbo;Servicio de Salud Coquimbo;Vicuña;Posta de Salud Rural Peralillo Vicuña;105471;2;1;0;
Coquimbo;Servicio de Salud Coquimbo;Vicuña;Posta de Salud Rural Peralillo Vicuña;105471;6;0;3;0.0
Coquimbo;Servicio de Salud Coquimbo;Vicuña;Posta de Salud Rural Rivadavia;105472;2;0;1;0.0
Coquimbo;Servicio de Salud Coquimbo;Vicuña;Posta de Salud Rural Rivadavia;105472;3;1;1;100.0
Coquimbo;Servicio de Salud Coquimbo;Vicuña;Posta de Salud Rural Rivadavia;105472;4;3;1;300.0
Coquimbo;Servicio de Salud Coquimbo;Vicuña;Posta de Salud Rural Talcuna;105473;1;0;1;0.0
Coquimbo;Servicio de Salud Coquimbo;Vicuña;Posta de Salud Rural Talcuna;105473;2;3;0;
Coquimbo;Servicio de Salud Coquimbo;Vicuña;Posta de Salud Rural Talcuna;105473;4;0;1;0.0
Coquimbo;Servicio de Salud Coquimbo;Vicuña;Posta de Salud Rural Talcuna;105473;6;0;1;0.0
La Araucanía;Servicio de Salud Araucanía Norte;Angol;Centro Comunitario de Salud Familiar El Retiro;129703;1;0;4;0.0
La Araucanía;Servicio de Salud Araucanía Norte;Angol;Centro Comunitario de Salud Familiar El Retiro;129703;2;0;1;0.0
La Araucanía;Servicio de Salud Araucanía Norte;Angol;Centro Comunitario de Salud Familiar El Retiro;129703;3;0;2;0.0
La Araucanía;Servicio de Salud Araucanía Norte;Angol;Centro Comunitario de Salud Familiar El Retiro;129703;4;0;2;0.0
La Araucanía;Servicio de Salud Araucanía Norte;Angol;Centro Comunitario de Salud Familiar El Retiro;129703;5;0;1;0.0
La Araucanía;Servicio de Salud Araucanía Norte;Angol;Centro Comunitario de Salud Familiar El Retiro;129703;6;0;1;0.0
La Araucanía;Servicio de Salud Araucanía Norte;Angol;Centro de Salud Familiar Alemania de Angol;129303;1;0;18;0.0
La Araucanía;Servicio de Salud Araucanía Norte;Angol;Centro de Salud Familiar Alemania de Angol;129303;2;0;15;0.0
La Araucanía;Servicio de Salud Araucanía Norte;Angol;Centro de Salud Familiar Alemania de Angol;129303;3;0;18;0.0
La Araucanía;Servicio de Salud Araucanía Norte;Angol;Centro de Salud Familiar Alemania de Angol;129303;4;0;13;0.0
La Araucanía;Servicio de Salud Araucanía Norte;Angol;Centro de Salud Familiar Alemania de Angol;129303;5;0;19;0.0
La Araucanía;Servicio de Salud Araucanía Norte;Angol;Centro de Salud Familiar Alemania de Angol;129303;6;0;14;0.0
La Araucanía;Servicio de Salud Araucanía Norte;Angol;Centro de Salud Familiar Huequén;129301;1;0;10;0.0
La Araucanía;Servicio de Salud Araucanía Norte;Angol;Centro de Salud Familiar Huequén;129301;2;0;6;0.0
La Araucanía;Servicio de Salud Araucanía Norte;Angol;Centro de Salud Familiar Huequén;129301;3;5;9;55.56
La Araucanía;Servicio de Salud Araucanía Norte;Angol;Centro de Salud Familiar Huequén;129301;4;3;6;50.0
La Araucanía;Servicio de Salud Araucanía Norte;Angol;Centro de Salud Familiar Huequén;129301;5;3;8;37.5
La Araucanía;Servicio de Salud Araucanía Norte;Angol;Centro de Salud Familiar Huequén;129301;6;0;14;0.0
La Araucanía;Servicio de Salud Araucanía Norte;Angol;Centro de Salud Familiar Piedra del Águila;129304;1;0;10;0.0
La Araucanía;Servicio de Salud Araucanía Norte;Angol;Centro de Salud Familiar Piedra del Águila;129304;2;0;9;0.0
La Araucanía;Servicio de Salud Araucanía Norte;Angol;Centro de Salud Familiar Piedra del Águila;129304;3;0;7;0.0
La Araucanía;Servicio de Salud Araucanía Norte;Angol;Centro de Salud Familiar Piedra del Águila;129304;4;0;19;0.0
La Araucanía;Servicio de Salud Araucanía Norte;Angol;Centro de Salud Familiar Piedra del Águila;129304;5;0;9;0.0
La Araucanía;Servicio de Salud Araucanía Norte;Angol;Centro de Salud Familiar Piedra del Águila;129304;6;10;15;66.67
La Araucanía;Servicio de Salud Araucanía Norte;Angol;Posta de Salud Rural Colonia Manuel Rodríguez;129403;5;0;1;0.0
La Araucanía;Servicio de Salud Araucanía Norte;Collipulli;Centro Comunitario de Salud Familiar Santa Mónica;200270;2;0;1;0.0
La Araucanía;Servicio de Salud Araucanía Norte;Collipulli;Centro Comunitario de Salud Familiar Santa Mónica;200270;3;0;2;0.0
La Araucanía;Servicio de Salud Araucanía Norte;Collipulli;Centro Comunitario de Salud Familiar Santa Mónica;200270;4;0;1;0.0
La Araucanía;Servicio de Salud Araucanía Norte;Collipulli;Centro Comunitario de Salud Familiar Santa Mónica;200270;5;0;1;0.0
La Araucanía;Servicio de Salud Araucanía Norte;Collipulli;Centro Comunitario de Salud Familiar Santa Mónica;200270;6;0;2;0.0
La Araucanía;Servicio de Salud Araucanía Norte;Collipulli;Hospital de Collipulli;129103;1;0;18;0.0
La Araucanía;Servicio de Salud Araucanía Norte;Collipulli;Hospital de Collipulli;129103;2;0;14;0.0
La Araucanía;Servicio de Salud Araucanía Norte;Collipulli;Hospital de Collipulli;129103;3;0;13;0.0
La Araucanía;Servicio de Salud Araucanía Norte;Collipulli;Hospital de Collipulli;129103;4;0;14;0.0
La Araucanía;Servicio de Salud Araucanía Norte;Collipulli;Hospital de Collipulli;129103;5;6;19;31.58
La Araucanía;Servicio de Salud Araucanía Norte;Collipulli;Hospital de Collipulli;129103;6;0;19;0.0
La Araucanía;Servicio de Salud Araucanía Norte;Collipulli;Posta de Salud Rural Encinar;129587;1;0;1;0.0
La Araucanía;Servicio de Salud Araucanía Norte;Collipulli;Posta de Salud Rural Maica;129410;1;0;1;0.0
La Araucanía;Servicio de Salud Araucanía Norte;Collipulli;Posta de Salud Rural Maica;129410;2;0;2;0.0
La Araucanía;Servicio de Salud Araucanía Norte;Collipulli;Posta de Salud Rural Maica;129410;5;4;2;200.0
La Araucanía;Servicio de Salud Araucanía Norte;Collipulli;Posta de Salud Rural Maica;129410;6;0;1;0.0
La Araucanía;Servicio de Salud Araucanía Norte;Collipulli;Posta de Salud Rural Mininco;129411;3;0;2;0.0
La Araucanía;Servicio de Salud Araucanía Norte;Collipulli;Posta de Salud Rural Mininco;129411;4;0;5;0.0
La Araucanía;Servicio de Salud Araucanía Norte;Curacautín;Hospital Dr. Oscar Hernández E.(Curacautín);129107;1;13;11;118.18
La Araucanía;Servicio de Salud Araucanía Norte;Curacautín;Hospital Dr. Oscar Hernández E.(Curacautín);129107;2;6;8;75.0
La Araucanía;Servicio de Salud Araucanía Norte;Curacautín;Hospital Dr. Oscar Hernández E.(Curacautín);129107;3;0;14;0.0
La Araucanía;Servicio de Salud Araucanía Norte;Curacautín;Hospital Dr. Oscar Hernández E.(Curacautín);129107;4;15;9;166.67
La Araucanía;Servicio de Salud Araucanía Norte;Curacautín;Hospital Dr. Oscar Hernández E.(Curacautín);129107;5;0;8;0.0
La Araucanía;Servicio de Salud Araucanía Norte;Curacautín;Hospital Dr. Oscar Hernández E.(Curacautín);129107;6;3;10;30.0
La Araucanía;Servicio de Salud Araucanía Norte;Curacautín;Posta de Salud Rural La Tepa;129443;1;0;1;0.0
La Araucanía;Servicio de Salud Araucanía Norte;Curacautín;Posta de Salud Rural La Tepa;129443;3;0;1;0.0
La Araucanía;Servicio de Salud Araucanía Norte;Curacautín;Posta de Salud Rural Malalcahuello;129441;2;0;1;0.0
La Araucanía;Servicio de Salud Araucanía Norte;Curacautín;Posta de Salud Rural Malalcahuello;129441;4;0;1;0.0
La Araucanía;Servicio de Salud Araucanía Norte;Curacautín;Posta de Salud Rural Manzanar ( Curacautín );129447;6;0;1;0.0
La Araucanía;Servicio de Salud Araucanía Norte;Curacautín;Posta de Salud Rural Santa Ana;129444;6;0;1;0.0
La Araucanía;Servicio de Salud Araucanía Norte;Ercilla;Centro Comunitario de Salud Familiar Pailahueque;129432;2;0;1;0.0
La Araucanía;Servicio de Salud Araucanía Norte;Ercilla;Centro Comunitario de Salud Familiar Pailahueque;129432;3;0;2;0.0
La Araucanía;Servicio de Salud Araucanía Norte;Ercilla;Centro Comunitario de Salud Familiar Pailahueque;129432;4;0;1;0.0
La Araucanía;Servicio de Salud Araucanía Norte;Ercilla;Centro Comunitario de Salud Familiar Pailahueque;129432;6;0;1;0.0
La Araucanía;Servicio de Salud Araucanía Norte;Ercilla;Consultorio  Ercilla;129302;1;0;7;0.0
La Araucanía;Servicio de Salud Araucanía Norte;Ercilla;Consultorio  Ercilla;129302;2;0;6;0.0
La Araucanía;Servicio de Salud Araucanía Norte;Ercilla;Consultorio  Ercilla;129302;3;0;5;0.0
La Araucanía;Servicio de Salud Araucanía Norte;Ercilla;Consultorio  Ercilla;129302;4;0;3;0.0
La Araucanía;Servicio de Salud Araucanía Norte;Ercilla;Consultorio  Ercilla;129302;5;0;9;0.0
La Araucanía;Servicio de Salud Araucanía Norte;Ercilla;Consultorio  Ercilla;129302;6;0;1;0.0
La Araucanía;Servicio de Salud Araucanía Norte;Lonquimay;Hospital de Lonquimay;129108;1;0;8;0.0
La Araucanía;Servicio de Salud Araucanía Norte;Lonquimay;Hospital de Lonquimay;129108;2;0;3;0.0
La Araucanía;Servicio de Salud Araucanía Norte;Lonquimay;Hospital de Lonquimay;129108;3;6;4;150.0
La Araucanía;Servicio de Salud Araucanía Norte;Lonquimay;Hospital de Lonquimay;129108;4;0;7;0.0
La Araucanía;Servicio de Salud Araucanía Norte;Lonquimay;Hospital de Lonquimay;129108;5;0;11;0.0
La Araucanía;Servicio de Salud Araucanía Norte;Lonquimay;Hospital de Lonquimay;129108;6;0;8;0.0
La Araucanía;Servicio de Salud Araucanía Norte;Lonquimay;Posta de Salud Rural  HUALLEN MAPU;201488;4;0;1;0.0
La Araucanía;Servicio de Salud Araucanía Norte;Lonquimay;Posta de Salud Rural  HUALLEN MAPU;201488;5;0;1;0.0
La Araucanía;Servicio de Salud Araucanía Norte;Lonquimay;Posta de Salud Rural Icalma;129451;3;0;1;0.0
La Araucanía;Servicio de Salud Araucanía Norte;Lonquimay;Posta de Salud Rural Icalma;129451;5;0;2;0.0
La Araucanía;Servicio de Salud Araucanía Norte;Lonquimay;Posta de Salud Rural Liucura (Lonquimay);129452;1;0;1;0.0
La Araucanía;Servicio de Salud Araucanía Norte;Los Sauces;Consultorio  Los Sauces;129102;1;0;4;0.0
La Araucanía;Servicio de Salud Araucanía Norte;Los Sauces;Consultorio  Los Sauces;129102;2;0;1;0.0
La Araucanía;Servicio de Salud Araucanía Norte;Los Sauces;Consultorio  Los Sauces;129102;3;1;6;16.67
La Araucanía;Servicio de Salud Araucanía Norte;Los Sauces;Consultorio  Los Sauces;129102;4;0;5;0.0
La Araucanía;Servicio de Salud Araucanía Norte;Los Sauces;Consultorio  Los Sauces;129102;5;1;7;14.29
La Araucanía;Servicio de Salud Araucanía Norte;Los Sauces;Consultorio  Los Sauces;129102;6;2;4;50.0
La Araucanía;Servicio de Salud Araucanía Norte;Lumaco;Consultorio Lumaco;129105;1;0;4;0.0
La Araucanía;Servicio de Salud Araucanía Norte;Lumaco;Consultorio Lumaco;129105;2;0;4;0.0
La Araucanía;Servicio de Salud Araucanía Norte;Lumaco;Consultorio Lumaco;129105;3;0;2;0.0
La Araucanía;Servicio de Salud Araucanía Norte;Lumaco;Consultorio Lumaco;129105;4;0;4;0.0
La Araucanía;Servicio de Salud Araucanía Norte;Lumaco;Consultorio Lumaco;129105;5;0;3;0.0
La Araucanía;Servicio de Salud Araucanía Norte;Lumaco;Consultorio Lumaco;129105;6;0;5;0.0
La Araucanía;Servicio de Salud Araucanía Norte;Lumaco;Posta de Salud Rural La Herradura;129427;6;0;1;0.0
La Araucanía;Servicio de Salud Araucanía Norte;Lumaco;Posta de Salud Rural Pichipellahuén;129423;1;0;1;0.0
La Araucanía;Servicio de Salud Araucanía Norte;Lumaco;Posta de Salud Rural Pichipellahuén;129423;4;0;1;0.0
La Araucanía;Servicio de Salud Araucanía Norte;Lumaco;Posta de Salud Rural Pichipellahuén;129423;5;0;1;0.0
La Araucanía;Servicio de Salud Araucanía Norte;Purén;Centro Comunitario de Salud Familiar Caupolicán;200535;1;0;2;0.0
La Araucanía;Servicio de Salud Araucanía Norte;Purén;Centro Comunitario de Salud Familiar Caupolicán;200535;3;0;1;0.0
La Araucanía;Servicio de Salud Araucanía Norte;Purén;Centro Comunitario de Salud Familiar Caupolicán;200535;4;0;2;0.0
La Araucanía;Servicio de Salud Araucanía Norte;Purén;Centro Comunitario de Salud Familiar Caupolicán;200535;6;0;1;0.0
La Araucanía;Servicio de Salud Araucanía Norte;Purén;Hospital de Purén;129101;1;0;7;0.0
La Araucanía;Servicio de Salud Araucanía Norte;Purén;Hospital de Purén;129101;2;0;5;0.0
La Araucanía;Servicio de Salud Araucanía Norte;Purén;Hospital de Purén;129101;3;8;4;200.0
La Araucanía;Servicio de Salud Araucanía Norte;Purén;Hospital de Purén;129101;4;0;5;0.0
La Araucanía;Servicio de Salud Araucanía Norte;Purén;Hospital de Purén;129101;5;0;6;0.0
La Araucanía;Servicio de Salud Araucanía Norte;Purén;Hospital de Purén;129101;6;0;4;0.0
La Araucanía;Servicio de Salud Araucanía Norte;Purén;Posta de Salud Rural Coyancahuín;129405;2;0;1;0.0
La Araucanía;Servicio de Salud Araucanía Norte;Purén;Posta de Salud Rural El Lingue;129406;3;0;1;0.0
La Araucanía;Servicio de Salud Araucanía Norte;Purén;Posta de Salud Rural Huitranlebu;129437;4;0;2;0.0
La Araucanía;Servicio de Salud Araucanía Norte;Renaico;CECOSF Tijeral;201844;1;0;2;0.0
La Araucanía;Servicio de Salud Araucanía Norte;Renaico;CECOSF Tijeral;201844;2;0;1;0.0
La Araucanía;Servicio de Salud Araucanía Norte;Renaico;CECOSF Tijeral;201844;3;0;1;0.0
La Araucanía;Servicio de Salud Araucanía Norte;Renaico;CECOSF Tijeral;201844;5;0;1;0.0
La Araucanía;Servicio de Salud Araucanía Norte;Renaico;CECOSF Tijeral;201844;6;0;1;0.0
La Araucanía;Servicio de Salud Araucanía Norte;Renaico;Centro de Salud Familiar Renaico;129300;1;0;11;0.0
La Araucanía;Servicio de Salud Araucanía Norte;Renaico;Centro de Salud Familiar Renaico;129300;2;0;2;0.0
La Araucanía;Servicio de Salud Araucanía Norte;Renaico;Centro de Salud Familiar Renaico;129300;3;0;7;0.0
La Araucanía;Servicio de Salud Araucanía Norte;Renaico;Centro de Salud Familiar Renaico;129300;4;0;7;0.0
La Araucanía;Servicio de Salud Araucanía Norte;Renaico;Centro de Salud Familiar Renaico;129300;6;0;10;0.0
La Araucanía;Servicio de Salud Araucanía Norte;Traiguén;Hospital Dr. Dino Stagno M.(Traiguén);129104;1;10;11;90.91
La Araucanía;Servicio de Salud Araucanía Norte;Traiguén;Hospital Dr. Dino Stagno M.(Traiguén);129104;2;8;9;88.89
La Araucanía;Servicio de Salud Araucanía Norte;Traiguén;Hospital Dr. Dino Stagno M.(Traiguén);129104;3;9;5;180.0
La Araucanía;Servicio de Salud Araucanía Norte;Traiguén;Hospital Dr. Dino Stagno M.(Traiguén);129104;4;17;11;154.55
La Araucanía;Servicio de Salud Araucanía Norte;Traiguén;Hospital Dr. Dino Stagno M.(Traiguén);129104;5;10;10;100.0
La Araucanía;Servicio de Salud Araucanía Norte;Traiguén;Hospital Dr. Dino Stagno M.(Traiguén);129104;6;1;13;7.69
La Araucanía;Servicio de Salud Araucanía Norte;Traiguén;Posta de Salud Rural Didaico;129586;4;0;1;0.0
La Araucanía;Servicio de Salud Araucanía Norte;Traiguén;Posta de Salud Rural Molco;129417;5;0;1;0.0
La Araucanía;Servicio de Salud Araucanía Norte;Traiguén;Posta de Salud Rural Quilquén;129421;4;0;1;0.0
La Araucanía;Servicio de Salud Araucanía Norte;Victoria;CECOSF Selva Oscura;201841;5;0;1;0.0
La Araucanía;Servicio de Salud Araucanía Norte;Victoria;Centro Comunitario de Salud Familiar Cons. Victoria;129718;2;0;2;0.0
La Araucanía;Servicio de Salud Araucanía Norte;Victoria;Centro Comunitario de Salud Familiar Cons. Victoria;129718;3;0;4;0.0
La Araucanía;Servicio de Salud Araucanía Norte;Victoria;Centro Comunitario de Salud Familiar Cons. Victoria;129718;4;0;4;0.0
La Araucanía;Servicio de Salud Araucanía Norte;Victoria;Centro Comunitario de Salud Familiar Cons. Victoria;129718;5;0;4;0.0
La Araucanía;Servicio de Salud Araucanía Norte;Victoria;Centro Comunitario de Salud Familiar Cons. Victoria;129718;6;0;1;0.0
La Araucanía;Servicio de Salud Araucanía Norte;Victoria;Centro de Salud Familiar Victoria;129318;1;5;19;26.32
La Araucanía;Servicio de Salud Araucanía Norte;Victoria;Centro de Salud Familiar Victoria;129318;2;17;16;106.25
La Araucanía;Servicio de Salud Araucanía Norte;Victoria;Centro de Salud Familiar Victoria;129318;3;6;21;28.57
La Araucanía;Servicio de Salud Araucanía Norte;Victoria;Centro de Salud Familiar Victoria;129318;4;16;29;55.17
La Araucanía;Servicio de Salud Araucanía Norte;Victoria;Centro de Salud Familiar Victoria;129318;5;15;24;62.5
La Araucanía;Servicio de Salud Araucanía Norte;Victoria;Centro de Salud Familiar Victoria;129318;6;13;17;76.47
La Araucanía;Servicio de Salud Araucanía Norte;Victoria;Posta de Salud Rural Púa;129430;3;0;2;0.0
La Araucanía;Servicio de Salud Araucanía Norte;Victoria;Posta de Salud Rural Púa;129430;6;0;1;0.0
La Araucanía;Servicio de Salud Araucanía Norte;Victoria;Posta de Salud Rural Quino;129431;3;0;1;0.0
La Araucanía;Servicio de Salud Araucanía Norte;Victoria;Posta de Salud Rural Quino;129431;6;0;1;0.0
La Araucanía;Servicio de Salud Araucanía Sur;Carahue;Centro Comunitario de Salud Familiar Carahue;200382;1;0;1;0.0
La Araucanía;Servicio de Salud Araucanía Sur;Carahue;Centro Comunitario de Salud Familiar Carahue;200382;2;0;1;0.0
La Araucanía;Servicio de Salud Araucanía Sur;Carahue;Centro Comunitario de Salud Familiar Carahue;200382;3;0;1;0.0
La Araucanía;Servicio de Salud Araucanía Sur;Carahue;Centro Comunitario de Salud Familiar Carahue;200382;4;0;1;0.0
La Araucanía;Servicio de Salud Araucanía Sur;Carahue;Centro Comunitario de Salud Familiar Carahue;200382;6;0;5;0.0
La Araucanía;Servicio de Salud Araucanía Sur;Carahue;Centro de Salud Familiar Trovolhue;121328;1;0;1;0.0
La Araucanía;Servicio de Salud Araucanía Sur;Carahue;Centro de Salud Familiar Trovolhue;121328;2;0;1;0.0
La Araucanía;Servicio de Salud Araucanía Sur;Carahue;Centro de Salud Familiar Trovolhue;121328;5;0;2;0.0
La Araucanía;Servicio de Salud Araucanía Sur;Carahue;Centro de Salud Familiar Trovolhue;121328;6;0;1;0.0
La Araucanía;Servicio de Salud Araucanía Sur;Carahue;Hospital Familiar y Comunitario Carahue;121115;1;2;12;16.67
La Araucanía;Servicio de Salud Araucanía Sur;Carahue;Hospital Familiar y Comunitario Carahue;121115;2;4;10;40.0
La Araucanía;Servicio de Salud Araucanía Sur;Carahue;Hospital Familiar y Comunitario Carahue;121115;3;2;10;20.0
La Araucanía;Servicio de Salud Araucanía Sur;Carahue;Hospital Familiar y Comunitario Carahue;121115;4;0;7;0.0
La Araucanía;Servicio de Salud Araucanía Sur;Carahue;Hospital Familiar y Comunitario Carahue;121115;5;4;8;50.0
La Araucanía;Servicio de Salud Araucanía Sur;Carahue;Hospital Familiar y Comunitario Carahue;121115;6;4;13;30.77
La Araucanía;Servicio de Salud Araucanía Sur;Carahue;Posta de Salud Rural Coi Coi;121512;6;0;1;0.0
La Araucanía;Servicio de Salud Araucanía Sur;Carahue;Posta de Salud Rural El Manzano (Carahue);121514;1;2;1;200.0
La Araucanía;Servicio de Salud Araucanía Sur;Carahue;Posta de Salud Rural Hueñalihuén;121518;1;0;1;0.0
La Araucanía;Servicio de Salud Araucanía Sur;Carahue;Posta de Salud Rural Hueñalihuén;121518;2;0;1;0.0
La Araucanía;Servicio de Salud Araucanía Sur;Carahue;Posta de Salud Rural Hueñalihuén;121518;3;1;1;100.0
La Araucanía;Servicio de Salud Araucanía Sur;Carahue;Posta de Salud Rural Los Placeres;121511;3;1;0;
La Araucanía;Servicio de Salud Araucanía Sur;Carahue;Posta de Salud Rural Los Placeres;121511;5;0;1;0.0
La Araucanía;Servicio de Salud Araucanía Sur;Carahue;Posta de Salud Rural Nehuentué;121520;2;1;1;100.0
La Araucanía;Servicio de Salud Araucanía Sur;Carahue;Posta de Salud Rural Nehuentué;121520;3;3;1;300.0
La Araucanía;Servicio de Salud Araucanía Sur;Carahue;Posta de Salud Rural Santa Celia;121509;3;0;2;0.0
La Araucanía;Servicio de Salud Araucanía Sur;Carahue;Posta de Salud Rural Santa Celia;121509;5;0;1;0.0
La Araucanía;Servicio de Salud Araucanía Sur;Carahue;Posta de Salud Rural Tranapuente;121506;2;1;0;
La Araucanía;Servicio de Salud Araucanía Sur;Carahue;Posta de Salud Rural Tranapuente;121506;3;1;0;
La Araucanía;Servicio de Salud Araucanía Sur;Cholchol;Centro de Salud Familiar Chol Chol;121327;1;0;7;0.0
La Araucanía;Servicio de Salud Araucanía Sur;Cholchol;Centro de Salud Familiar Chol Chol;121327;2;0;6;0.0
La Araucanía;Servicio de Salud Araucanía Sur;Cholchol;Centro de Salud Familiar Chol Chol;121327;3;0;12;0.0
La Araucanía;Servicio de Salud Araucanía Sur;Cholchol;Centro de Salud Familiar Chol Chol;121327;4;0;10;0.0
La Araucanía;Servicio de Salud Araucanía Sur;Cholchol;Centro de Salud Familiar Chol Chol;121327;5;0;10;0.0
La Araucanía;Servicio de Salud Araucanía Sur;Cholchol;Centro de Salud Familiar Chol Chol;121327;6;0;4;0.0
La Araucanía;Servicio de Salud Araucanía Sur;Cholchol;Posta de Salud Rural Huamaqui;121496;2;0;1;0.0
La Araucanía;Servicio de Salud Araucanía Sur;Cunco;Centro Comunitario de Salud Familiar Las Villas;200383;2;0;1;0.0
La Araucanía;Servicio de Salud Araucanía Sur;Cunco;Centro Comunitario de Salud Familiar Las Villas;200383;3;0;1;0.0
La Araucanía;Servicio de Salud Araucanía Sur;Cunco;Centro Comunitario de Salud Familiar Las Villas;200383;5;0;2;0.0
La Araucanía;Servicio de Salud Araucanía Sur;Cunco;Centro Comunitario de Salud Familiar Las Villas;200383;6;0;1;0.0
La Araucanía;Servicio de Salud Araucanía Sur;Cunco;Centro de Salud Familiar Andrés Sandoval Calderón;121326;2;0;2;0.0
La Araucanía;Servicio de Salud Araucanía Sur;Cunco;Centro de Salud Familiar Andrés Sandoval Calderón;121326;3;0;5;0.0
La Araucanía;Servicio de Salud Araucanía Sur;Cunco;Centro de Salud Familiar Andrés Sandoval Calderón;121326;4;2;0;
La Araucanía;Servicio de Salud Araucanía Sur;Cunco;Centro de Salud Familiar Andrés Sandoval Calderón;121326;5;0;2;0.0
La Araucanía;Servicio de Salud Araucanía Sur;Cunco;Centro de Salud Familiar Andrés Sandoval Calderón;121326;6;0;2;0.0
La Araucanía;Servicio de Salud Araucanía Sur;Cunco;Hospital Dr. Eduardo González Galeno (Cunco);121113;1;0;7;0.0
La Araucanía;Servicio de Salud Araucanía Sur;Cunco;Hospital Dr. Eduardo González Galeno (Cunco);121113;2;0;9;0.0
La Araucanía;Servicio de Salud Araucanía Sur;Cunco;Hospital Dr. Eduardo González Galeno (Cunco);121113;3;0;8;0.0
La Araucanía;Servicio de Salud Araucanía Sur;Cunco;Hospital Dr. Eduardo González Galeno (Cunco);121113;4;12;8;150.0
La Araucanía;Servicio de Salud Araucanía Sur;Cunco;Hospital Dr. Eduardo González Galeno (Cunco);121113;5;0;5;0.0
La Araucanía;Servicio de Salud Araucanía Sur;Cunco;Hospital Dr. Eduardo González Galeno (Cunco);121113;6;0;4;0.0
La Araucanía;Servicio de Salud Araucanía Sur;Cunco;Posta de Salud Rural La Esperanza;121596;2;0;1;0.0
La Araucanía;Servicio de Salud Araucanía Sur;Cunco;Posta de Salud Rural La Esperanza;121596;3;0;1;0.0
La Araucanía;Servicio de Salud Araucanía Sur;Cunco;Posta de Salud Rural La Esperanza;121596;4;0;2;0.0
La Araucanía;Servicio de Salud Araucanía Sur;Cunco;Posta de Salud Rural La Esperanza;121596;6;3;0;
La Araucanía;Servicio de Salud Araucanía Sur;Cunco;Posta de Salud Rural Las Hortensias;121491;4;0;1;0.0
La Araucanía;Servicio de Salud Araucanía Sur;Cunco;Posta de Salud Rural Las Hortensias;121491;6;1;0;
La Araucanía;Servicio de Salud Araucanía Sur;Cunco;Posta de Salud Rural Pedregoso (Cunco);121462;2;0;1;0.0
La Araucanía;Servicio de Salud Araucanía Sur;Cunco;Posta de Salud Rural Pedregoso (Cunco);121462;6;1;0;
La Araucanía;Servicio de Salud Araucanía Sur;Cunco;Posta de Salud Rural Quecheregue;121494;5;0;1;0.0
La Araucanía;Servicio de Salud Araucanía Sur;Cunco;Posta de Salud Rural Villa García;121492;1;0;1;0.0
La Araucanía;Servicio de Salud Araucanía Sur;Curarrehue;Consultorio  Curarrehue;121313;1;0;8;0.0
La Araucanía;Servicio de Salud Araucanía Sur;Curarrehue;Consultorio  Curarrehue;121313;2;0;4;0.0
La Araucanía;Servicio de Salud Araucanía Sur;Curarrehue;Consultorio  Curarrehue;121313;3;0;3;0.0
La Araucanía;Servicio de Salud Araucanía Sur;Curarrehue;Consultorio  Curarrehue;121313;4;0;4;0.0
La Araucanía;Servicio de Salud Araucanía Sur;Curarrehue;Consultorio  Curarrehue;121313;5;0;5;0.0
La Araucanía;Servicio de Salud Araucanía Sur;Curarrehue;Consultorio  Curarrehue;121313;6;0;2;0.0
La Araucanía;Servicio de Salud Araucanía Sur;Curarrehue;Posta de Salud Rural Catripulli ( Curarrehue );121581;3;0;1;0.0
La Araucanía;Servicio de Salud Araucanía Sur;Curarrehue;Posta de Salud Rural Epeukura;121587;4;0;1;0.0
La Araucanía;Servicio de Salud Araucanía Sur;Curarrehue;Posta de Salud Rural Epeukura;121587;5;0;1;0.0
La Araucanía;Servicio de Salud Araucanía Sur;Curarrehue;Posta de Salud Rural Quiñenahuín;121586;5;0;1;0.0
La Araucanía;Servicio de Salud Araucanía Sur;Curarrehue;Posta de Salud Rural Reigolil;121583;3;0;2;0.0
La Araucanía;Servicio de Salud Araucanía Sur;Freire;Centro Comunitario de Salud Familiar El Bosque;200381;1;0;4;0.0
La Araucanía;Servicio de Salud Araucanía Sur;Freire;Centro Comunitario de Salud Familiar El Bosque;200381;2;0;1;0.0
La Araucanía;Servicio de Salud Araucanía Sur;Freire;Centro Comunitario de Salud Familiar El Bosque;200381;5;0;1;0.0
La Araucanía;Servicio de Salud Araucanía Sur;Freire;Centro de Salud Familiar Freire;121304;1;0;7;0.0
La Araucanía;Servicio de Salud Araucanía Sur;Freire;Centro de Salud Familiar Freire;121304;2;6;10;60.0
La Araucanía;Servicio de Salud Araucanía Sur;Freire;Centro de Salud Familiar Freire;121304;3;7;10;70.0
La Araucanía;Servicio de Salud Araucanía Sur;Freire;Centro de Salud Familiar Freire;121304;4;8;7;114.29
La Araucanía;Servicio de Salud Araucanía Sur;Freire;Centro de Salud Familiar Freire;121304;5;0;5;0.0
La Araucanía;Servicio de Salud Araucanía Sur;Freire;Centro de Salud Familiar Freire;121304;6;4;6;66.67
La Araucanía;Servicio de Salud Araucanía Sur;Freire;Centro de Salud Familiar Quepe;121337;1;0;4;0.0
La Araucanía;Servicio de Salud Araucanía Sur;Freire;Centro de Salud Familiar Quepe;121337;2;1;3;33.33
La Araucanía;Servicio de Salud Araucanía Sur;Freire;Centro de Salud Familiar Quepe;121337;3;5;6;83.33
La Araucanía;Servicio de Salud Araucanía Sur;Freire;Centro de Salud Familiar Quepe;121337;4;0;3;0.0
La Araucanía;Servicio de Salud Araucanía Sur;Freire;Centro de Salud Familiar Quepe;121337;5;0;7;0.0
La Araucanía;Servicio de Salud Araucanía Sur;Freire;Centro de Salud Familiar Quepe;121337;6;0;8;0.0
La Araucanía;Servicio de Salud Araucanía Sur;Freire;Posta de Salud Rural Chucauco;121589;3;0;1;0.0
La Araucanía;Servicio de Salud Araucanía Sur;Freire;Posta de Salud Rural Chucauco;121589;5;0;1;0.0
La Araucanía;Servicio de Salud Araucanía Sur;Freire;Posta de Salud Rural Chucauco;121589;6;0;1;0.0
La Araucanía;Servicio de Salud Araucanía Sur;Freire;Posta de Salud Rural Quetroco;121564;1;0;1;0.0
La Araucanía;Servicio de Salud Araucanía Sur;Freire;Posta de Salud Rural Quetroco;121564;3;0;1;0.0
La Araucanía;Servicio de Salud Araucanía Sur;Freire;Posta de Salud Rural Quetroco;121564;5;0;1;0.0
La Araucanía;Servicio de Salud Araucanía Sur;Galvarino;Hospital de Galvarino;121111;1;0;4;0.0
La Araucanía;Servicio de Salud Araucanía Sur;Galvarino;Hospital de Galvarino;121111;2;0;4;0.0
La Araucanía;Servicio de Salud Araucanía Sur;Galvarino;Hospital de Galvarino;121111;3;8;8;100.0
La Araucanía;Servicio de Salud Araucanía Sur;Galvarino;Hospital de Galvarino;121111;4;0;6;0.0
La Araucanía;Servicio de Salud Araucanía Sur;Galvarino;Hospital de Galvarino;121111;5;6;4;150.0
La Araucanía;Servicio de Salud Araucanía Sur;Galvarino;Hospital de Galvarino;121111;6;0;4;0.0
La Araucanía;Servicio de Salud Araucanía Sur;Galvarino;Posta de Salud Rural Ailinco;121480;1;0;1;0.0
La Araucanía;Servicio de Salud Araucanía Sur;Galvarino;Posta de Salud Rural Fortín Ñielol;121482;3;0;1;0.0
La Araucanía;Servicio de Salud Araucanía Sur;Galvarino;Posta de Salud Rural Fortín Ñielol;121482;5;0;3;0.0
La Araucanía;Servicio de Salud Araucanía Sur;Galvarino;Posta de Salud Rural La Piedra;121416;1;0;1;0.0
La Araucanía;Servicio de Salud Araucanía Sur;Galvarino;Posta de Salud Rural La Piedra;121416;4;6;0;
La Araucanía;Servicio de Salud Araucanía Sur;Galvarino;Posta de Salud Rural La Piedra;121416;6;0;1;0.0
La Araucanía;Servicio de Salud Araucanía Sur;Galvarino;Posta de Salud Rural Nilpe;121479;3;0;2;0.0
La Araucanía;Servicio de Salud Araucanía Sur;Galvarino;Posta de Salud Rural Pangueco (Galvarino);121561;2;0;1;0.0
La Araucanía;Servicio de Salud Araucanía Sur;Galvarino;Posta de Salud Rural Pangueco (Galvarino);121561;6;0;2;0.0
La Araucanía;Servicio de Salud Araucanía Sur;Galvarino;Posta de Salud Rural Repocura;121481;1;0;1;0.0
La Araucanía;Servicio de Salud Araucanía Sur;Galvarino;Posta de Salud Rural Repocura;121481;2;0;1;0.0
La Araucanía;Servicio de Salud Araucanía Sur;Galvarino;Posta de Salud Rural Repocura;121481;3;0;1;0.0
La Araucanía;Servicio de Salud Araucanía Sur;Galvarino;Posta de Salud Rural Repocura;121481;5;0;1;0.0
La Araucanía;Servicio de Salud Araucanía Sur;Galvarino;Posta de Salud Rural Repocura;121481;6;0;1;0.0
La Araucanía;Servicio de Salud Araucanía Sur;Galvarino;Posta de Salud Rural Rucatraro;121484;1;0;3;0.0
La Araucanía;Servicio de Salud Araucanía Sur;Galvarino;Posta de Salud Rural Santa Carolina;121483;3;0;1;0.0
La Araucanía;Servicio de Salud Araucanía Sur;Galvarino;Posta de Salud Rural Santa Carolina;121483;4;0;1;0.0
La Araucanía;Servicio de Salud Araucanía Sur;Galvarino;Posta de Salud Rural Santa Carolina;121483;5;0;2;0.0
La Araucanía;Servicio de Salud Araucanía Sur;Gorbea;Centro de Salud Rural Lastarria;121542;1;0;1;0.0
La Araucanía;Servicio de Salud Araucanía Sur;Gorbea;Centro de Salud Rural Lastarria;121542;2;0;3;0.0
La Araucanía;Servicio de Salud Araucanía Sur;Gorbea;Hospital de Gorbea;121119;1;0;8;0.0
La Araucanía;Servicio de Salud Araucanía Sur;Gorbea;Hospital de Gorbea;121119;2;0;9;0.0
La Araucanía;Servicio de Salud Araucanía Sur;Gorbea;Hospital de Gorbea;121119;3;0;9;0.0
La Araucanía;Servicio de Salud Araucanía Sur;Gorbea;Hospital de Gorbea;121119;4;0;2;0.0
La Araucanía;Servicio de Salud Araucanía Sur;Gorbea;Hospital de Gorbea;121119;5;9;2;450.0
La Araucanía;Servicio de Salud Araucanía Sur;Gorbea;Hospital de Gorbea;121119;6;0;7;0.0
La Araucanía;Servicio de Salud Araucanía Sur;Gorbea;Posta de Salud Rural Quitratúe;121543;1;0;2;0.0
La Araucanía;Servicio de Salud Araucanía Sur;Gorbea;Posta de Salud Rural Quitratúe;121543;2;0;1;0.0
La Araucanía;Servicio de Salud Araucanía Sur;Gorbea;Posta de Salud Rural Quitratúe;121543;3;0;1;0.0
La Araucanía;Servicio de Salud Araucanía Sur;Gorbea;Posta de Salud Rural Quitratúe;121543;4;0;2;0.0
La Araucanía;Servicio de Salud Araucanía Sur;Gorbea;Posta de Salud Rural Quitratúe;121543;5;0;3;0.0
La Araucanía;Servicio de Salud Araucanía Sur;Lautaro;Centro Comunitario de Salud Familiar Dr. Maximino Beltran Mora;121789;1;0;1;0.0
La Araucanía;Servicio de Salud Araucanía Sur;Lautaro;Centro Comunitario de Salud Familiar Dr. Maximino Beltran Mora;121789;2;0;5;0.0
La Araucanía;Servicio de Salud Araucanía Sur;Lautaro;Centro Comunitario de Salud Familiar Dr. Maximino Beltran Mora;121789;3;0;3;0.0
La Araucanía;Servicio de Salud Araucanía Sur;Lautaro;Centro Comunitario de Salud Familiar Dr. Maximino Beltran Mora;121789;4;5;4;125.0
La Araucanía;Servicio de Salud Araucanía Sur;Lautaro;Centro Comunitario de Salud Familiar Dr. Maximino Beltran Mora;121789;5;4;1;400.0
La Araucanía;Servicio de Salud Araucanía Sur;Lautaro;Centro Comunitario de Salud Familiar Guacolda;121787;1;0;4;0.0
La Araucanía;Servicio de Salud Araucanía Sur;Lautaro;Centro Comunitario de Salud Familiar Guacolda;121787;2;0;3;0.0
La Araucanía;Servicio de Salud Araucanía Sur;Lautaro;Centro Comunitario de Salud Familiar Guacolda;121787;3;0;5;0.0
La Araucanía;Servicio de Salud Araucanía Sur;Lautaro;Centro Comunitario de Salud Familiar Guacolda;121787;4;0;5;0.0
La Araucanía;Servicio de Salud Araucanía Sur;Lautaro;Centro Comunitario de Salud Familiar Guacolda;121787;5;0;2;0.0
La Araucanía;Servicio de Salud Araucanía Sur;Lautaro;Centro Comunitario de Salud Familiar Guacolda;121787;6;0;3;0.0
La Araucanía;Servicio de Salud Araucanía Sur;Lautaro;Centro Comunitario de Salud Familiar Pillanlelbún;121469;1;0;6;0.0
La Araucanía;Servicio de Salud Araucanía Sur;Lautaro;Centro Comunitario de Salud Familiar Pillanlelbún;121469;2;0;7;0.0
La Araucanía;Servicio de Salud Araucanía Sur;Lautaro;Centro Comunitario de Salud Familiar Pillanlelbún;121469;3;0;3;0.0
La Araucanía;Servicio de Salud Araucanía Sur;Lautaro;Centro Comunitario de Salud Familiar Pillanlelbún;121469;4;0;6;0.0
La Araucanía;Servicio de Salud Araucanía Sur;Lautaro;Centro Comunitario de Salud Familiar Pillanlelbún;121469;5;11;4;275.0
La Araucanía;Servicio de Salud Araucanía Sur;Lautaro;Centro Comunitario de Salud Familiar Pillanlelbún;121469;6;0;8;0.0
La Araucanía;Servicio de Salud Araucanía Sur;Lautaro;Centro de Salud Familiar Lautaro;121346;1;0;20;0.0
La Araucanía;Servicio de Salud Araucanía Sur;Lautaro;Centro de Salud Familiar Lautaro;121346;2;0;12;0.0
La Araucanía;Servicio de Salud Araucanía Sur;Lautaro;Centro de Salud Familiar Lautaro;121346;3;0;20;0.0
La Araucanía;Servicio de Salud Araucanía Sur;Lautaro;Centro de Salud Familiar Lautaro;121346;4;2;15;13.33
La Araucanía;Servicio de Salud Araucanía Sur;Lautaro;Centro de Salud Familiar Lautaro;121346;5;0;14;0.0
La Araucanía;Servicio de Salud Araucanía Sur;Lautaro;Centro de Salud Familiar Lautaro;121346;6;2;13;15.38
La Araucanía;Servicio de Salud Araucanía Sur;Lautaro;Hospital Dr. Abraham Godoy Peña (Lautaro);121110;3;13;0;
La Araucanía;Servicio de Salud Araucanía Sur;Lautaro;Hospital Dr. Abraham Godoy Peña (Lautaro);121110;4;13;0;
La Araucanía;Servicio de Salud Araucanía Sur;Lautaro;Hospital Dr. Abraham Godoy Peña (Lautaro);121110;5;16;0;
La Araucanía;Servicio de Salud Araucanía Sur;Lautaro;Hospital Dr. Abraham Godoy Peña (Lautaro);121110;6;7;0;
La Araucanía;Servicio de Salud Araucanía Sur;Lautaro;Posta de Salud Rural Blanco Lepín;121474;1;0;1;0.0
La Araucanía;Servicio de Salud Araucanía Sur;Lautaro;Posta de Salud Rural Blanco Lepín;121474;2;0;1;0.0
La Araucanía;Servicio de Salud Araucanía Sur;Lautaro;Posta de Salud Rural Blanco Lepín;121474;3;0;1;0.0
La Araucanía;Servicio de Salud Araucanía Sur;Lautaro;Posta de Salud Rural Coihueco (Lautaro);121468;2;0;1;0.0
La Araucanía;Servicio de Salud Araucanía Sur;Lautaro;Posta de Salud Rural Coihueco (Lautaro);121468;6;0;2;0.0
La Araucanía;Servicio de Salud Araucanía Sur;Lautaro;Posta de Salud Rural Dollinco (Lautaro);121471;1;0;1;0.0
La Araucanía;Servicio de Salud Araucanía Sur;Lautaro;Posta de Salud Rural Dollinco (Lautaro);121471;3;0;1;0.0
La Araucanía;Servicio de Salud Araucanía Sur;Lautaro;Posta de Salud Rural Dollinco (Lautaro);121471;5;0;1;0.0
La Araucanía;Servicio de Salud Araucanía Sur;Lautaro;Posta de Salud Rural El Escudo;121590;1;0;1;0.0
La Araucanía;Servicio de Salud Araucanía Sur;Lautaro;Posta de Salud Rural Muco Chureo;121470;1;0;1;0.0
La Araucanía;Servicio de Salud Araucanía Sur;Lautaro;Posta de Salud Rural Muco Chureo;121470;4;0;1;0.0
La Araucanía;Servicio de Salud Araucanía Sur;Lautaro;Posta de Salud Rural Pumalal;121473;2;0;1;0.0
La Araucanía;Servicio de Salud Araucanía Sur;Lautaro;Posta de Salud Rural Santa Rosa;121594;4;0;1;0.0
La Araucanía;Servicio de Salud Araucanía Sur;Lautaro;Posta de Salud Rural Vega Larga;121591;2;0;1;0.0
La Araucanía;Servicio de Salud Araucanía Sur;Lautaro;Posta de Salud Rural Ñereco;121475;2;0;1;0.0
La Araucanía;Servicio de Salud Araucanía Sur;Lautaro;Posta de Salud Rural Ñereco;121475;6;0;3;0.0
La Araucanía;Servicio de Salud Araucanía Sur;Loncoche;Consultorio Huiscapi;121547;1;0;2;0.0
La Araucanía;Servicio de Salud Araucanía Sur;Loncoche;Consultorio Huiscapi;121547;2;0;1;0.0
La Araucanía;Servicio de Salud Araucanía Sur;Loncoche;Consultorio Huiscapi;121547;3;8;4;200.0
La Araucanía;Servicio de Salud Araucanía Sur;Loncoche;Consultorio Huiscapi;121547;4;0;2;0.0
La Araucanía;Servicio de Salud Araucanía Sur;Loncoche;Consultorio Huiscapi;121547;5;0;1;0.0
La Araucanía;Servicio de Salud Araucanía Sur;Loncoche;Hospital Familiar y Comunitario de Loncoche;121120;1;0;10;0.0
La Araucanía;Servicio de Salud Araucanía Sur;Loncoche;Hospital Familiar y Comunitario de Loncoche;121120;2;3;9;33.33
La Araucanía;Servicio de Salud Araucanía Sur;Loncoche;Hospital Familiar y Comunitario de Loncoche;121120;3;8;12;66.67
La Araucanía;Servicio de Salud Araucanía Sur;Loncoche;Hospital Familiar y Comunitario de Loncoche;121120;4;7;8;87.5
La Araucanía;Servicio de Salud Araucanía Sur;Loncoche;Hospital Familiar y Comunitario de Loncoche;121120;5;4;10;40.0
La Araucanía;Servicio de Salud Araucanía Sur;Loncoche;Hospital Familiar y Comunitario de Loncoche;121120;6;0;10;0.0
La Araucanía;Servicio de Salud Araucanía Sur;Loncoche;Posta de Salud Rural La Paz;121548;1;0;1;0.0
La Araucanía;Servicio de Salud Araucanía Sur;Loncoche;Posta de Salud Rural La Paz;121548;2;0;2;0.0
La Araucanía;Servicio de Salud Araucanía Sur;Loncoche;Posta de Salud Rural La Paz;121548;3;0;1;0.0
La Araucanía;Servicio de Salud Araucanía Sur;Loncoche;Posta de Salud Rural La Paz;121548;6;0;1;0.0
La Araucanía;Servicio de Salud Araucanía Sur;Loncoche;Posta de Salud Rural Pulmahue;121549;1;0;5;0.0
La Araucanía;Servicio de Salud Araucanía Sur;Loncoche;Posta de Salud Rural Pulmahue;121549;2;0;2;0.0
La Araucanía;Servicio de Salud Araucanía Sur;Loncoche;Posta de Salud Rural Pulmahue;121549;3;0;4;0.0
La Araucanía;Servicio de Salud Araucanía Sur;Loncoche;Posta de Salud Rural Pulmahue;121549;4;0;3;0.0
La Araucanía;Servicio de Salud Araucanía Sur;Loncoche;Posta de Salud Rural Pulmahue;121549;5;0;3;0.0
La Araucanía;Servicio de Salud Araucanía Sur;Melipeuco;Centro de Salud Familiar Melipeuco;121311;1;0;5;0.0
La Araucanía;Servicio de Salud Araucanía Sur;Melipeuco;Centro de Salud Familiar Melipeuco;121311;2;0;3;0.0
La Araucanía;Servicio de Salud Araucanía Sur;Melipeuco;Centro de Salud Familiar Melipeuco;121311;3;0;2;0.0
La Araucanía;Servicio de Salud Araucanía Sur;Melipeuco;Centro de Salud Familiar Melipeuco;121311;4;3;5;60.0
La Araucanía;Servicio de Salud Araucanía Sur;Melipeuco;Centro de Salud Familiar Melipeuco;121311;5;2;4;50.0
La Araucanía;Servicio de Salud Araucanía Sur;Melipeuco;Centro de Salud Familiar Melipeuco;121311;6;7;5;140.0
La Araucanía;Servicio de Salud Araucanía Sur;Melipeuco;Posta de Salud Rural Alto Carén;121571;1;0;1;0.0
La Araucanía;Servicio de Salud Araucanía Sur;Melipeuco;Posta de Salud Rural Cumcumllaque;121572;1;0;1;0.0
La Araucanía;Servicio de Salud Araucanía Sur;Melipeuco;Posta de Salud Rural Cumcumllaque;121572;2;0;1;0.0
La Araucanía;Servicio de Salud Araucanía Sur;Melipeuco;Posta de Salud Rural Cumcumllaque;121572;3;0;1;0.0
La Araucanía;Servicio de Salud Araucanía Sur;Nueva Imperial;Centro Comunitario de Salud Familiar El Alto;200290;1;0;1;0.0
La Araucanía;Servicio de Salud Araucanía Sur;Nueva Imperial;Centro Comunitario de Salud Familiar El Alto;200290;2;0;3;0.0
La Araucanía;Servicio de Salud Araucanía Sur;Nueva Imperial;Centro Comunitario de Salud Familiar El Alto;200290;3;0;1;0.0
La Araucanía;Servicio de Salud Araucanía Sur;Nueva Imperial;Centro Comunitario de Salud Familiar El Alto;200290;4;0;2;0.0
La Araucanía;Servicio de Salud Araucanía Sur;Nueva Imperial;Centro Comunitario de Salud Familiar El Alto;200290;6;0;2;0.0
La Araucanía;Servicio de Salud Araucanía Sur;Nueva Imperial;Centro de Salud Familiar Nueva Imperial;121341;1;0;22;0.0
La Araucanía;Servicio de Salud Araucanía Sur;Nueva Imperial;Centro de Salud Familiar Nueva Imperial;121341;2;0;30;0.0
La Araucanía;Servicio de Salud Araucanía Sur;Nueva Imperial;Centro de Salud Familiar Nueva Imperial;121341;3;20;30;66.67
La Araucanía;Servicio de Salud Araucanía Sur;Nueva Imperial;Centro de Salud Familiar Nueva Imperial;121341;4;23;22;104.55
La Araucanía;Servicio de Salud Araucanía Sur;Nueva Imperial;Centro de Salud Familiar Nueva Imperial;121341;5;12;17;70.59
La Araucanía;Servicio de Salud Araucanía Sur;Nueva Imperial;Centro de Salud Familiar Nueva Imperial;121341;6;31;12;258.33
La Araucanía;Servicio de Salud Araucanía Sur;Nueva Imperial;Centro de Salud Intercultural Boroa Filulawen (D);121339;1;1;0;
La Araucanía;Servicio de Salud Araucanía Sur;Nueva Imperial;Centro de Salud Intercultural Boroa Filulawen (D);121339;2;1;1;100.0
La Araucanía;Servicio de Salud Araucanía Sur;Nueva Imperial;Centro de Salud Intercultural Boroa Filulawen (D);121339;3;3;0;
La Araucanía;Servicio de Salud Araucanía Sur;Nueva Imperial;Centro de Salud Intercultural Boroa Filulawen (D);121339;4;1;0;
La Araucanía;Servicio de Salud Araucanía Sur;Nueva Imperial;Centro de Salud Intercultural Boroa Filulawen (D);121339;6;1;1;100.0
La Araucanía;Servicio de Salud Araucanía Sur;Nueva Imperial;Posta de Salud Rural Chivilcoyan;121499;2;0;1;0.0
La Araucanía;Servicio de Salud Araucanía Sur;Nueva Imperial;Posta de Salud Rural Chivilcoyan;121499;3;0;1;0.0
La Araucanía;Servicio de Salud Araucanía Sur;Nueva Imperial;Posta de Salud Rural Mañío Ducañán;121498;4;0;1;0.0
La Araucanía;Servicio de Salud Araucanía Sur;Nueva Imperial;Posta de Salud Rural Miramar;121515;1;0;1;0.0
La Araucanía;Servicio de Salud Araucanía Sur;Nueva Imperial;Posta de Salud Rural Queupue;121501;4;0;1;0.0
La Araucanía;Servicio de Salud Araucanía Sur;Nueva Imperial;Posta de Salud Rural Rulo;121503;1;0;1;0.0
La Araucanía;Servicio de Salud Araucanía Sur;Nueva Imperial;Posta de Salud Rural Rulo;121503;3;0;1;0.0
La Araucanía;Servicio de Salud Araucanía Sur;Nueva Imperial;Posta de Salud Rural Rulo;121503;6;0;2;0.0
La Araucanía;Servicio de Salud Araucanía Sur;Padre Las Casas;Centro de Salud Familiar Conun Huenu;200207;1;0;14;0.0
La Araucanía;Servicio de Salud Araucanía Sur;Padre Las Casas;Centro de Salud Familiar Conun Huenu;200207;2;0;13;0.0
La Araucanía;Servicio de Salud Araucanía Sur;Padre Las Casas;Centro de Salud Familiar Conun Huenu;200207;3;0;14;0.0
La Araucanía;Servicio de Salud Araucanía Sur;Padre Las Casas;Centro de Salud Familiar Conun Huenu;200207;4;0;13;0.0
La Araucanía;Servicio de Salud Araucanía Sur;Padre Las Casas;Centro de Salud Familiar Conun Huenu;200207;5;0;14;0.0
La Araucanía;Servicio de Salud Araucanía Sur;Padre Las Casas;Centro de Salud Familiar Conun Huenu;200207;6;5;12;41.67
La Araucanía;Servicio de Salud Araucanía Sur;Padre Las Casas;Centro de Salud Familiar Las Colinas;121336;1;2;5;40.0
La Araucanía;Servicio de Salud Araucanía Sur;Padre Las Casas;Centro de Salud Familiar Las Colinas;121336;2;0;5;0.0
La Araucanía;Servicio de Salud Araucanía Sur;Padre Las Casas;Centro de Salud Familiar Las Colinas;121336;3;0;4;0.0
La Araucanía;Servicio de Salud Araucanía Sur;Padre Las Casas;Centro de Salud Familiar Las Colinas;121336;4;0;6;0.0
La Araucanía;Servicio de Salud Araucanía Sur;Padre Las Casas;Centro de Salud Familiar Las Colinas;121336;5;0;11;0.0
La Araucanía;Servicio de Salud Araucanía Sur;Padre Las Casas;Centro de Salud Familiar Las Colinas;121336;6;0;10;0.0
La Araucanía;Servicio de Salud Araucanía Sur;Padre Las Casas;Centro de Salud Familiar Padre Las Casas;121308;1;6;11;54.55
La Araucanía;Servicio de Salud Araucanía Sur;Padre Las Casas;Centro de Salud Familiar Padre Las Casas;121308;2;0;9;0.0
La Araucanía;Servicio de Salud Araucanía Sur;Padre Las Casas;Centro de Salud Familiar Padre Las Casas;121308;3;0;19;0.0
La Araucanía;Servicio de Salud Araucanía Sur;Padre Las Casas;Centro de Salud Familiar Padre Las Casas;121308;4;0;7;0.0
La Araucanía;Servicio de Salud Araucanía Sur;Padre Las Casas;Centro de Salud Familiar Padre Las Casas;121308;5;0;9;0.0
La Araucanía;Servicio de Salud Araucanía Sur;Padre Las Casas;Centro de Salud Familiar Padre Las Casas;121308;6;0;12;0.0
La Araucanía;Servicio de Salud Araucanía Sur;Padre Las Casas;Centro de Salud Familiar Pulmahue;121342;1;3;12;25.0
La Araucanía;Servicio de Salud Araucanía Sur;Padre Las Casas;Centro de Salud Familiar Pulmahue;121342;2;0;6;0.0
La Araucanía;Servicio de Salud Araucanía Sur;Padre Las Casas;Centro de Salud Familiar Pulmahue;121342;3;0;23;0.0
La Araucanía;Servicio de Salud Araucanía Sur;Padre Las Casas;Centro de Salud Familiar Pulmahue;121342;4;0;14;0.0
La Araucanía;Servicio de Salud Araucanía Sur;Padre Las Casas;Centro de Salud Familiar Pulmahue;121342;5;0;8;0.0
La Araucanía;Servicio de Salud Araucanía Sur;Padre Las Casas;Centro de Salud Familiar Pulmahue;121342;6;0;11;0.0
La Araucanía;Servicio de Salud Araucanía Sur;Padre Las Casas;Hospital Intercultural Makewe;121201;1;0;3;0.0
La Araucanía;Servicio de Salud Araucanía Sur;Padre Las Casas;Hospital Intercultural Makewe;121201;2;0;4;0.0
La Araucanía;Servicio de Salud Araucanía Sur;Padre Las Casas;Hospital Intercultural Makewe;121201;3;0;9;0.0
La Araucanía;Servicio de Salud Araucanía Sur;Padre Las Casas;Hospital Intercultural Makewe;121201;4;2;2;100.0
La Araucanía;Servicio de Salud Araucanía Sur;Padre Las Casas;Hospital Intercultural Makewe;121201;5;1;6;16.67
La Araucanía;Servicio de Salud Araucanía Sur;Padre Las Casas;Hospital Intercultural Makewe;121201;6;2;1;200.0
La Araucanía;Servicio de Salud Araucanía Sur;Padre Las Casas;Posta de Salud Rural Codopille;121592;1;0;1;0.0
La Araucanía;Servicio de Salud Araucanía Sur;Padre Las Casas;Posta de Salud Rural Codopille;121592;2;0;2;0.0
La Araucanía;Servicio de Salud Araucanía Sur;Padre Las Casas;Posta de Salud Rural Codopille;121592;3;0;1;0.0
La Araucanía;Servicio de Salud Araucanía Sur;Padre Las Casas;Posta de Salud Rural Codopille;121592;4;0;1;0.0
La Araucanía;Servicio de Salud Araucanía Sur;Padre Las Casas;Posta de Salud Rural Codopille;121592;5;0;1;0.0
La Araucanía;Servicio de Salud Araucanía Sur;Padre Las Casas;Posta de Salud Rural Codopille;121592;6;0;2;0.0
La Araucanía;Servicio de Salud Araucanía Sur;Padre Las Casas;Posta de Salud Rural Laurel Huacho;121459;1;3;1;300.0
La Araucanía;Servicio de Salud Araucanía Sur;Padre Las Casas;Posta de Salud Rural Laurel Huacho;121459;4;2;0;
La Araucanía;Servicio de Salud Araucanía Sur;Padre Las Casas;Posta de Salud Rural Laurel Huacho;121459;5;0;1;0.0
La Araucanía;Servicio de Salud Araucanía Sur;Padre Las Casas;Posta de Salud Rural Metrenco;121593;1;0;1;0.0
La Araucanía;Servicio de Salud Araucanía Sur;Padre Las Casas;Posta de Salud Rural Metrenco;121593;2;0;1;0.0
La Araucanía;Servicio de Salud Araucanía Sur;Padre Las Casas;Posta de Salud Rural Metrenco;121593;3;0;3;0.0
La Araucanía;Servicio de Salud Araucanía Sur;Padre Las Casas;Posta de Salud Rural Metrenco;121593;4;0;2;0.0
La Araucanía;Servicio de Salud Araucanía Sur;Padre Las Casas;Posta de Salud Rural Metrenco;121593;6;0;2;0.0
La Araucanía;Servicio de Salud Araucanía Sur;Padre Las Casas;Posta de Salud Rural Roble Huacho;121458;1;0;1;0.0
La Araucanía;Servicio de Salud Araucanía Sur;Padre Las Casas;Posta de Salud Rural Roble Huacho;121458;2;0;2;0.0
La Araucanía;Servicio de Salud Araucanía Sur;Padre Las Casas;Posta de Salud Rural Roble Huacho;121458;3;0;1;0.0
La Araucanía;Servicio de Salud Araucanía Sur;Padre Las Casas;Posta de Salud Rural Roble Huacho;121458;4;0;2;0.0
La Araucanía;Servicio de Salud Araucanía Sur;Padre Las Casas;Posta de Salud Rural Roble Huacho;121458;5;0;5;0.0
La Araucanía;Servicio de Salud Araucanía Sur;Padre Las Casas;Posta de Salud Rural San Ramón;121567;1;0;5;0.0
La Araucanía;Servicio de Salud Araucanía Sur;Padre Las Casas;Posta de Salud Rural San Ramón;121567;2;0;2;0.0
La Araucanía;Servicio de Salud Araucanía Sur;Padre Las Casas;Posta de Salud Rural San Ramón;121567;4;0;6;0.0
La Araucanía;Servicio de Salud Araucanía Sur;Padre Las Casas;Posta de Salud Rural San Ramón;121567;5;0;3;0.0
La Araucanía;Servicio de Salud Araucanía Sur;Padre Las Casas;Posta de Salud Rural San Ramón;121567;6;0;1;0.0
La Araucanía;Servicio de Salud Araucanía Sur;Padre Las Casas;Posta de Salud Rural Truf Truf;121461;1;3;2;150.0
La Araucanía;Servicio de Salud Araucanía Sur;Padre Las Casas;Posta de Salud Rural Truf Truf;121461;2;0;2;0.0
La Araucanía;Servicio de Salud Araucanía Sur;Padre Las Casas;Posta de Salud Rural Truf Truf;121461;3;0;1;0.0
La Araucanía;Servicio de Salud Araucanía Sur;Padre Las Casas;Posta de Salud Rural Truf Truf;121461;4;0;1;0.0
La Araucanía;Servicio de Salud Araucanía Sur;Padre Las Casas;Posta de Salud Rural Truf Truf;121461;6;0;1;0.0
La Araucanía;Servicio de Salud Araucanía Sur;Perquenco;Centro de Salud Familiar  Perquenco;121323;1;0;9;0.0
La Araucanía;Servicio de Salud Araucanía Sur;Perquenco;Centro de Salud Familiar  Perquenco;121323;2;0;5;0.0
La Araucanía;Servicio de Salud Araucanía Sur;Perquenco;Centro de Salud Familiar  Perquenco;121323;3;0;4;0.0
La Araucanía;Servicio de Salud Araucanía Sur;Perquenco;Centro de Salud Familiar  Perquenco;121323;4;12;9;133.33
La Araucanía;Servicio de Salud Araucanía Sur;Perquenco;Centro de Salud Familiar  Perquenco;121323;5;0;3;0.0
La Araucanía;Servicio de Salud Araucanía Sur;Perquenco;Centro de Salud Familiar  Perquenco;121323;6;0;1;0.0
La Araucanía;Servicio de Salud Araucanía Sur;Perquenco;Posta de Salud Rural Pitraco;121467;1;0;1;0.0
La Araucanía;Servicio de Salud Araucanía Sur;Perquenco;Posta de Salud Rural Quillem;121465;1;0;1;0.0
La Araucanía;Servicio de Salud Araucanía Sur;Pitrufquén;Centro Comunitario de Salud Familiar Ultraestación;121786;1;0;1;0.0
La Araucanía;Servicio de Salud Araucanía Sur;Pitrufquén;Centro Comunitario de Salud Familiar Ultraestación;121786;2;0;1;0.0
La Araucanía;Servicio de Salud Araucanía Sur;Pitrufquén;Centro Comunitario de Salud Familiar Ultraestación;121786;4;0;3;0.0
La Araucanía;Servicio de Salud Araucanía Sur;Pitrufquén;Centro de Salud Familiar Pitrufquén;121353;1;0;14;0.0
La Araucanía;Servicio de Salud Araucanía Sur;Pitrufquén;Centro de Salud Familiar Pitrufquén;121353;2;0;13;0.0
La Araucanía;Servicio de Salud Araucanía Sur;Pitrufquén;Centro de Salud Familiar Pitrufquén;121353;3;1;17;5.88
La Araucanía;Servicio de Salud Araucanía Sur;Pitrufquén;Centro de Salud Familiar Pitrufquén;121353;4;0;26;0.0
La Araucanía;Servicio de Salud Araucanía Sur;Pitrufquén;Centro de Salud Familiar Pitrufquén;121353;5;1;12;8.33
La Araucanía;Servicio de Salud Araucanía Sur;Pitrufquén;Centro de Salud Familiar Pitrufquén;121353;6;7;11;63.64
La Araucanía;Servicio de Salud Araucanía Sur;Pitrufquén;Posta de Salud Rural Comuy;121531;3;0;1;0.0
La Araucanía;Servicio de Salud Araucanía Sur;Pitrufquén;Posta de Salud Rural Mahuidanche;121535;4;0;1;0.0
La Araucanía;Servicio de Salud Araucanía Sur;Pitrufquén;Posta de Salud Rural Mahuidanche;121535;5;0;1;0.0
La Araucanía;Servicio de Salud Araucanía Sur;Pitrufquén;Posta de Salud Rural Millahuín;121533;2;0;1;0.0
La Araucanía;Servicio de Salud Araucanía Sur;Pitrufquén;Posta de Salud Rural Millahuín;121533;3;0;1;0.0
La Araucanía;Servicio de Salud Araucanía Sur;Pitrufquén;Posta de Salud Rural Polul Coicoma;121490;4;0;2;0.0
La Araucanía;Servicio de Salud Araucanía Sur;Pitrufquén;Posta de Salud Rural Polul Coicoma;121490;6;0;1;0.0
La Araucanía;Servicio de Salud Araucanía Sur;Pitrufquén;Posta de Salud Rural Puraquina;121534;3;0;1;0.0
La Araucanía;Servicio de Salud Araucanía Sur;Pucón;"CECOSF CABURGA ""KUME FELEN""";201472;1;0;3;0.0
La Araucanía;Servicio de Salud Araucanía Sur;Pucón;"CECOSF CABURGA ""KUME FELEN""";201472;3;0;2;0.0
La Araucanía;Servicio de Salud Araucanía Sur;Pucón;"CECOSF CABURGA ""KUME FELEN""";201472;4;0;1;0.0
La Araucanía;Servicio de Salud Araucanía Sur;Pucón;"CECOSF CABURGA ""KUME FELEN""";201472;5;0;3;0.0
La Araucanía;Servicio de Salud Araucanía Sur;Pucón;"CECOSF CABURGA ""KUME FELEN""";201472;6;0;2;0.0
La Araucanía;Servicio de Salud Araucanía Sur;Pucón;Centro Comunitario de Salud Familiar Pucón Oriente;200509;1;0;4;0.0
La Araucanía;Servicio de Salud Araucanía Sur;Pucón;Centro Comunitario de Salud Familiar Pucón Oriente;200509;2;0;3;0.0
La Araucanía;Servicio de Salud Araucanía Sur;Pucón;Centro Comunitario de Salud Familiar Pucón Oriente;200509;3;0;3;0.0
La Araucanía;Servicio de Salud Araucanía Sur;Pucón;Centro Comunitario de Salud Familiar Pucón Oriente;200509;4;0;1;0.0
La Araucanía;Servicio de Salud Araucanía Sur;Pucón;Centro Comunitario de Salud Familiar Pucón Oriente;200509;5;0;3;0.0
La Araucanía;Servicio de Salud Araucanía Sur;Pucón;Centro Comunitario de Salud Familiar Pucón Oriente;200509;6;0;2;0.0
La Araucanía;Servicio de Salud Araucanía Sur;Pucón;Centro de Salud Familiar Rural Pucón;121355;1;0;25;0.0
La Araucanía;Servicio de Salud Araucanía Sur;Pucón;Centro de Salud Familiar Rural Pucón;121355;2;0;25;0.0
La Araucanía;Servicio de Salud Araucanía Sur;Pucón;Centro de Salud Familiar Rural Pucón;121355;3;0;26;0.0
La Araucanía;Servicio de Salud Araucanía Sur;Pucón;Centro de Salud Familiar Rural Pucón;121355;4;5;11;45.45
La Araucanía;Servicio de Salud Araucanía Sur;Pucón;Centro de Salud Familiar Rural Pucón;121355;5;0;20;0.0
La Araucanía;Servicio de Salud Araucanía Sur;Pucón;Centro de Salud Familiar Rural Pucón;121355;6;5;22;22.73
La Araucanía;Servicio de Salud Araucanía Sur;Pucón;Posta de Salud Rural San Pedro de Pucón;121573;5;0;1;0.0
La Araucanía;Servicio de Salud Araucanía Sur;Saavedra;Hospital Dr. Arturo Hillerns Larrañaga (Saavedra);121116;1;0;3;0.0
La Araucanía;Servicio de Salud Araucanía Sur;Saavedra;Hospital Dr. Arturo Hillerns Larrañaga (Saavedra);121116;2;3;3;100.0
La Araucanía;Servicio de Salud Araucanía Sur;Saavedra;Hospital Dr. Arturo Hillerns Larrañaga (Saavedra);121116;3;3;3;100.0
La Araucanía;Servicio de Salud Araucanía Sur;Saavedra;Hospital Dr. Arturo Hillerns Larrañaga (Saavedra);121116;4;3;4;75.0
La Araucanía;Servicio de Salud Araucanía Sur;Saavedra;Hospital Dr. Arturo Hillerns Larrañaga (Saavedra);121116;5;6;4;150.0
La Araucanía;Servicio de Salud Araucanía Sur;Saavedra;Hospital Dr. Arturo Hillerns Larrañaga (Saavedra);121116;6;0;4;0.0
La Araucanía;Servicio de Salud Araucanía Sur;Saavedra;Posta de Salud Rural Deume;121527;1;0;1;0.0
La Araucanía;Servicio de Salud Araucanía Sur;Saavedra;Posta de Salud Rural Deume;121527;6;0;1;0.0
La Araucanía;Servicio de Salud Araucanía Sur;Saavedra;Posta de Salud Rural El Temo;121464;5;0;1;0.0
La Araucanía;Servicio de Salud Araucanía Sur;Saavedra;Posta de Salud Rural Huapi;121528;1;0;1;0.0
La Araucanía;Servicio de Salud Araucanía Sur;Saavedra;Posta de Salud Rural La Sierra;121513;1;0;1;0.0
La Araucanía;Servicio de Salud Araucanía Sur;Saavedra;Posta de Salud Rural Piedra Alta;121526;1;0;1;0.0
La Araucanía;Servicio de Salud Araucanía Sur;Saavedra;Posta de Salud Rural Piedra Alta;121526;3;0;1;0.0
La Araucanía;Servicio de Salud Araucanía Sur;Saavedra;Posta de Salud Rural Piedra Alta;121526;5;0;1;0.0
La Araucanía;Servicio de Salud Araucanía Sur;Saavedra;Posta de Salud Rural Pto. Domínguez;121505;1;0;1;0.0
La Araucanía;Servicio de Salud Araucanía Sur;Saavedra;Posta de Salud Rural Pto. Domínguez;121505;2;0;3;0.0
La Araucanía;Servicio de Salud Araucanía Sur;Saavedra;Posta de Salud Rural Pto. Domínguez;121505;3;0;2;0.0
La Araucanía;Servicio de Salud Araucanía Sur;Saavedra;Posta de Salud Rural Puaucho(Saavedra);121521;2;0;1;0.0
La Araucanía;Servicio de Salud Araucanía Sur;Saavedra;Posta de Salud Rural Ranco;121523;1;0;1;0.0
La Araucanía;Servicio de Salud Araucanía Sur;Saavedra;Posta de Salud Rural Romopulli;121525;4;0;1;0.0
La Araucanía;Servicio de Salud Araucanía Sur;Saavedra;Posta de Salud Rural Romopulli;121525;5;0;1;0.0
La Araucanía;Servicio de Salud Araucanía Sur;Temuco;Centro Comunitario de Salud Familiar Arquenco;121782;1;0;10;0.0
La Araucanía;Servicio de Salud Araucanía Sur;Temuco;Centro Comunitario de Salud Familiar Arquenco;121782;2;0;1;0.0
La Araucanía;Servicio de Salud Araucanía Sur;Temuco;Centro Comunitario de Salud Familiar Arquenco;121782;3;0;3;0.0
La Araucanía;Servicio de Salud Araucanía Sur;Temuco;Centro Comunitario de Salud Familiar Arquenco;121782;4;0;3;0.0
La Araucanía;Servicio de Salud Araucanía Sur;Temuco;Centro Comunitario de Salud Familiar Arquenco;121782;5;0;1;0.0
La Araucanía;Servicio de Salud Araucanía Sur;Temuco;Centro Comunitario de Salud Familiar Arquenco;121782;6;0;3;0.0
La Araucanía;Servicio de Salud Araucanía Sur;Temuco;Centro Comunitario de Salud Familiar Las Quilas;121788;1;0;3;0.0
La Araucanía;Servicio de Salud Araucanía Sur;Temuco;Centro Comunitario de Salud Familiar Las Quilas;121788;2;0;1;0.0
La Araucanía;Servicio de Salud Araucanía Sur;Temuco;Centro Comunitario de Salud Familiar Las Quilas;121788;3;0;3;0.0
La Araucanía;Servicio de Salud Araucanía Sur;Temuco;Centro Comunitario de Salud Familiar Las Quilas;121788;4;0;5;0.0
La Araucanía;Servicio de Salud Araucanía Sur;Temuco;Centro Comunitario de Salud Familiar Las Quilas;121788;5;0;2;0.0
La Araucanía;Servicio de Salud Araucanía Sur;Temuco;Centro Comunitario de Salud Familiar Las Quilas;121788;6;0;4;0.0
La Araucanía;Servicio de Salud Araucanía Sur;Temuco;Centro Comunitario de Salud Familiar Villa el Salar;121780;1;0;3;0.0
La Araucanía;Servicio de Salud Araucanía Sur;Temuco;Centro Comunitario de Salud Familiar Villa el Salar;121780;2;0;1;0.0
La Araucanía;Servicio de Salud Araucanía Sur;Temuco;Centro Comunitario de Salud Familiar Villa el Salar;121780;3;0;2;0.0
La Araucanía;Servicio de Salud Araucanía Sur;Temuco;Centro Comunitario de Salud Familiar Villa el Salar;121780;4;0;2;0.0
La Araucanía;Servicio de Salud Araucanía Sur;Temuco;Centro Comunitario de Salud Familiar Villa el Salar;121780;5;16;3;533.33
La Araucanía;Servicio de Salud Araucanía Sur;Temuco;Centro Comunitario de Salud Familiar Villa el Salar;121780;6;0;3;0.0
La Araucanía;Servicio de Salud Araucanía Sur;Temuco;Centro de Salud Docente Asistencial Monseñor Sergio Valech;121352;1;0;8;0.0
La Araucanía;Servicio de Salud Araucanía Sur;Temuco;Centro de Salud Docente Asistencial Monseñor Sergio Valech;121352;2;0;3;0.0
La Araucanía;Servicio de Salud Araucanía Sur;Temuco;Centro de Salud Docente Asistencial Monseñor Sergio Valech;121352;3;0;4;0.0
La Araucanía;Servicio de Salud Araucanía Sur;Temuco;Centro de Salud Docente Asistencial Monseñor Sergio Valech;121352;4;0;7;0.0
La Araucanía;Servicio de Salud Araucanía Sur;Temuco;Centro de Salud Docente Asistencial Monseñor Sergio Valech;121352;5;6;4;150.0
La Araucanía;Servicio de Salud Araucanía Sur;Temuco;Centro de Salud Docente Asistencial Monseñor Sergio Valech;121352;6;0;8;0.0
La Araucanía;Servicio de Salud Araucanía Sur;Temuco;Centro de Salud Familiar Amanecer;121307;1;0;19;0.0
La Araucanía;Servicio de Salud Araucanía Sur;Temuco;Centro de Salud Familiar Amanecer;121307;2;0;25;0.0
La Araucanía;Servicio de Salud Araucanía Sur;Temuco;Centro de Salud Familiar Amanecer;121307;3;0;33;0.0
La Araucanía;Servicio de Salud Araucanía Sur;Temuco;Centro de Salud Familiar Amanecer;121307;4;0;32;0.0
La Araucanía;Servicio de Salud Araucanía Sur;Temuco;Centro de Salud Familiar Amanecer;121307;5;16;27;59.26
La Araucanía;Servicio de Salud Araucanía Sur;Temuco;Centro de Salud Familiar Amanecer;121307;6;29;32;90.62
La Araucanía;Servicio de Salud Araucanía Sur;Temuco;Centro de Salud Familiar El Carmen;200183;1;7;11;63.64
La Araucanía;Servicio de Salud Araucanía Sur;Temuco;Centro de Salud Familiar El Carmen;200183;2;0;18;0.0
La Araucanía;Servicio de Salud Araucanía Sur;Temuco;Centro de Salud Familiar El Carmen;200183;3;14;19;73.68
La Araucanía;Servicio de Salud Araucanía Sur;Temuco;Centro de Salud Familiar El Carmen;200183;4;16;17;94.12
La Araucanía;Servicio de Salud Araucanía Sur;Temuco;Centro de Salud Familiar El Carmen;200183;5;9;12;75.0
La Araucanía;Servicio de Salud Araucanía Sur;Temuco;Centro de Salud Familiar El Carmen;200183;6;4;26;15.38
La Araucanía;Servicio de Salud Araucanía Sur;Temuco;Centro de Salud Familiar Labranza;121350;1;0;31;0.0
La Araucanía;Servicio de Salud Araucanía Sur;Temuco;Centro de Salud Familiar Labranza;121350;2;0;18;0.0
La Araucanía;Servicio de Salud Araucanía Sur;Temuco;Centro de Salud Familiar Labranza;121350;3;1;23;4.35
La Araucanía;Servicio de Salud Araucanía Sur;Temuco;Centro de Salud Familiar Labranza;121350;4;6;23;26.09
La Araucanía;Servicio de Salud Araucanía Sur;Temuco;Centro de Salud Familiar Labranza;121350;5;8;18;44.44
La Araucanía;Servicio de Salud Araucanía Sur;Temuco;Centro de Salud Familiar Labranza;121350;6;3;34;8.82
La Araucanía;Servicio de Salud Araucanía Sur;Temuco;Centro de Salud Familiar Metodista (D);121657;1;0;8;0.0
La Araucanía;Servicio de Salud Araucanía Sur;Temuco;Centro de Salud Familiar Metodista (D);121657;2;0;7;0.0
La Araucanía;Servicio de Salud Araucanía Sur;Temuco;Centro de Salud Familiar Metodista (D);121657;3;0;14;0.0
La Araucanía;Servicio de Salud Araucanía Sur;Temuco;Centro de Salud Familiar Metodista (D);121657;4;0;17;0.0
La Araucanía;Servicio de Salud Araucanía Sur;Temuco;Centro de Salud Familiar Metodista (D);121657;5;0;10;0.0
La Araucanía;Servicio de Salud Araucanía Sur;Temuco;Centro de Salud Familiar Metodista (D);121657;6;0;9;0.0
La Araucanía;Servicio de Salud Araucanía Sur;Temuco;Centro de Salud Familiar Miraflores (Temuco);121303;1;27;29;93.1
La Araucanía;Servicio de Salud Araucanía Sur;Temuco;Centro de Salud Familiar Miraflores (Temuco);121303;2;15;29;51.72
La Araucanía;Servicio de Salud Araucanía Sur;Temuco;Centro de Salud Familiar Miraflores (Temuco);121303;3;8;33;24.24
La Araucanía;Servicio de Salud Araucanía Sur;Temuco;Centro de Salud Familiar Miraflores (Temuco);121303;4;16;24;66.67
La Araucanía;Servicio de Salud Araucanía Sur;Temuco;Centro de Salud Familiar Miraflores (Temuco);121303;5;9;16;56.25
La Araucanía;Servicio de Salud Araucanía Sur;Temuco;Centro de Salud Familiar Miraflores (Temuco);121303;6;10;20;50.0
La Araucanía;Servicio de Salud Araucanía Sur;Temuco;Centro de Salud Familiar Pedro de Valdivia;121347;1;36;17;211.76
La Araucanía;Servicio de Salud Araucanía Sur;Temuco;Centro de Salud Familiar Pedro de Valdivia;121347;2;0;13;0.0
La Araucanía;Servicio de Salud Araucanía Sur;Temuco;Centro de Salud Familiar Pedro de Valdivia;121347;3;38;17;223.53
La Araucanía;Servicio de Salud Araucanía Sur;Temuco;Centro de Salud Familiar Pedro de Valdivia;121347;4;24;13;184.62
La Araucanía;Servicio de Salud Araucanía Sur;Temuco;Centro de Salud Familiar Pedro de Valdivia;121347;5;18;12;150.0
La Araucanía;Servicio de Salud Araucanía Sur;Temuco;Centro de Salud Familiar Pedro de Valdivia;121347;6;52;16;325.0
La Araucanía;Servicio de Salud Araucanía Sur;Temuco;Centro de Salud Familiar Pueblo Nuevo;121309;1;0;17;0.0
La Araucanía;Servicio de Salud Araucanía Sur;Temuco;Centro de Salud Familiar Pueblo Nuevo;121309;2;0;17;0.0
La Araucanía;Servicio de Salud Araucanía Sur;Temuco;Centro de Salud Familiar Pueblo Nuevo;121309;3;0;22;0.0
La Araucanía;Servicio de Salud Araucanía Sur;Temuco;Centro de Salud Familiar Pueblo Nuevo;121309;4;0;13;0.0
La Araucanía;Servicio de Salud Araucanía Sur;Temuco;Centro de Salud Familiar Pueblo Nuevo;121309;5;0;17;0.0
La Araucanía;Servicio de Salud Araucanía Sur;Temuco;Centro de Salud Familiar Pueblo Nuevo;121309;6;0;14;0.0
La Araucanía;Servicio de Salud Araucanía Sur;Temuco;Centro de Salud Familiar Santa Rosa;121306;1;0;20;0.0
La Araucanía;Servicio de Salud Araucanía Sur;Temuco;Centro de Salud Familiar Santa Rosa;121306;2;0;14;0.0
La Araucanía;Servicio de Salud Araucanía Sur;Temuco;Centro de Salud Familiar Santa Rosa;121306;3;0;24;0.0
La Araucanía;Servicio de Salud Araucanía Sur;Temuco;Centro de Salud Familiar Santa Rosa;121306;4;0;17;0.0
La Araucanía;Servicio de Salud Araucanía Sur;Temuco;Centro de Salud Familiar Santa Rosa;121306;5;0;18;0.0
La Araucanía;Servicio de Salud Araucanía Sur;Temuco;Centro de Salud Familiar Santa Rosa;121306;6;6;23;26.09
La Araucanía;Servicio de Salud Araucanía Sur;Temuco;Centro de Salud Familiar Villa Alegre;121305;1;0;21;0.0
La Araucanía;Servicio de Salud Araucanía Sur;Temuco;Centro de Salud Familiar Villa Alegre;121305;2;0;9;0.0
La Araucanía;Servicio de Salud Araucanía Sur;Temuco;Centro de Salud Familiar Villa Alegre;121305;3;0;20;0.0
La Araucanía;Servicio de Salud Araucanía Sur;Temuco;Centro de Salud Familiar Villa Alegre;121305;4;0;15;0.0
La Araucanía;Servicio de Salud Araucanía Sur;Temuco;Centro de Salud Familiar Villa Alegre;121305;5;0;5;0.0
La Araucanía;Servicio de Salud Araucanía Sur;Temuco;Centro de Salud Familiar Villa Alegre;121305;6;7;24;29.17
La Araucanía;Servicio de Salud Araucanía Sur;Teodoro Schmidt;Centro Comunitario de Salud Familiar Barros Arana;121575;2;0;2;0.0
La Araucanía;Servicio de Salud Araucanía Sur;Teodoro Schmidt;Centro Comunitario de Salud Familiar Barros Arana;121575;4;0;1;0.0
La Araucanía;Servicio de Salud Araucanía Sur;Teodoro Schmidt;Centro Comunitario de Salud Familiar Barros Arana;121575;5;0;1;0.0
La Araucanía;Servicio de Salud Araucanía Sur;Teodoro Schmidt;Centro Comunitario de Salud Familiar Barros Arana;121575;6;0;4;0.0
La Araucanía;Servicio de Salud Araucanía Sur;Teodoro Schmidt;Centro de Salud Familiar Hualpín;121349;1;0;2;0.0
La Araucanía;Servicio de Salud Araucanía Sur;Teodoro Schmidt;Centro de Salud Familiar Hualpín;121349;2;0;3;0.0
La Araucanía;Servicio de Salud Araucanía Sur;Teodoro Schmidt;Centro de Salud Familiar Hualpín;121349;3;0;4;0.0
La Araucanía;Servicio de Salud Araucanía Sur;Teodoro Schmidt;Centro de Salud Familiar Hualpín;121349;4;0;2;0.0
La Araucanía;Servicio de Salud Araucanía Sur;Teodoro Schmidt;Centro de Salud Familiar Hualpín;121349;5;0;2;0.0
La Araucanía;Servicio de Salud Araucanía Sur;Teodoro Schmidt;Centro de Salud Familiar Hualpín;121349;6;0;1;0.0
La Araucanía;Servicio de Salud Araucanía Sur;Teodoro Schmidt;Centro de Salud Familiar Teodoro Schmidt;121312;1;0;4;0.0
La Araucanía;Servicio de Salud Araucanía Sur;Teodoro Schmidt;Centro de Salud Familiar Teodoro Schmidt;121312;2;0;2;0.0
La Araucanía;Servicio de Salud Araucanía Sur;Teodoro Schmidt;Centro de Salud Familiar Teodoro Schmidt;121312;3;0;5;0.0
La Araucanía;Servicio de Salud Araucanía Sur;Teodoro Schmidt;Centro de Salud Familiar Teodoro Schmidt;121312;4;0;3;0.0
La Araucanía;Servicio de Salud Araucanía Sur;Teodoro Schmidt;Centro de Salud Familiar Teodoro Schmidt;121312;5;1;3;33.33
La Araucanía;Servicio de Salud Araucanía Sur;Teodoro Schmidt;Posta de Salud Rural Pichichelle;121576;3;0;1;0.0
La Araucanía;Servicio de Salud Araucanía Sur;Teodoro Schmidt;Posta de Salud Rural Porma;121539;5;0;1;0.0
La Araucanía;Servicio de Salud Araucanía Sur;Teodoro Schmidt;Posta de Salud Rural Porma;121539;6;0;1;0.0
La Araucanía;Servicio de Salud Araucanía Sur;Toltén;Hospital de Toltén;121118;1;0;7;0.0
La Araucanía;Servicio de Salud Araucanía Sur;Toltén;Hospital de Toltén;121118;2;0;3;0.0
La Araucanía;Servicio de Salud Araucanía Sur;Toltén;Hospital de Toltén;121118;3;0;1;0.0
La Araucanía;Servicio de Salud Araucanía Sur;Toltén;Hospital de Toltén;121118;4;0;4;0.0
La Araucanía;Servicio de Salud Araucanía Sur;Toltén;Hospital de Toltén;121118;5;3;4;75.0
La Araucanía;Servicio de Salud Araucanía Sur;Toltén;Hospital de Toltén;121118;6;0;3;0.0
La Araucanía;Servicio de Salud Araucanía Sur;Toltén;Posta de Salud Rural Queule;121536;3;0;3;0.0
La Araucanía;Servicio de Salud Araucanía Sur;Toltén;Posta de Salud Rural Queule;121536;5;2;1;200.0
La Araucanía;Servicio de Salud Araucanía Sur;Toltén;Posta de Salud Rural Villa Boldos;121537;2;0;1;0.0
La Araucanía;Servicio de Salud Araucanía Sur;Toltén;Posta de Salud Rural Villa Boldos;121537;3;0;1;0.0
La Araucanía;Servicio de Salud Araucanía Sur;Toltén;Posta de Salud Rural Villa Boldos;121537;4;0;1;0.0
La Araucanía;Servicio de Salud Araucanía Sur;Toltén;Posta de Salud Rural Villa Boldos;121537;5;0;1;0.0
La Araucanía;Servicio de Salud Araucanía Sur;Vilcún;Centro Comunitario de Salud Familiar Cherquenco;121485;1;0;2;0.0
La Araucanía;Servicio de Salud Araucanía Sur;Vilcún;Centro Comunitario de Salud Familiar Cherquenco;121485;3;0;4;0.0
La Araucanía;Servicio de Salud Araucanía Sur;Vilcún;Centro Comunitario de Salud Familiar Cherquenco;121485;4;0;1;0.0
La Araucanía;Servicio de Salud Araucanía Sur;Vilcún;Centro Comunitario de Salud Familiar Cherquenco;121485;6;3;2;150.0
La Araucanía;Servicio de Salud Araucanía Sur;Vilcún;Centro de Salud Familiar de Cajón;121456;1;0;7;0.0
La Araucanía;Servicio de Salud Araucanía Sur;Vilcún;Centro de Salud Familiar de Cajón;121456;2;0;5;0.0
La Araucanía;Servicio de Salud Araucanía Sur;Vilcún;Centro de Salud Familiar de Cajón;121456;3;0;9;0.0
La Araucanía;Servicio de Salud Araucanía Sur;Vilcún;Centro de Salud Familiar de Cajón;121456;4;0;9;0.0
La Araucanía;Servicio de Salud Araucanía Sur;Vilcún;Centro de Salud Familiar de Cajón;121456;5;17;6;283.33
La Araucanía;Servicio de Salud Araucanía Sur;Vilcún;Centro de Salud Familiar de Cajón;121456;6;0;11;0.0
La Araucanía;Servicio de Salud Araucanía Sur;Vilcún;Hospital de Vilcún;121112;1;3;11;27.27
La Araucanía;Servicio de Salud Araucanía Sur;Vilcún;Hospital de Vilcún;121112;2;1;12;8.33
La Araucanía;Servicio de Salud Araucanía Sur;Vilcún;Hospital de Vilcún;121112;3;1;4;25.0
La Araucanía;Servicio de Salud Araucanía Sur;Vilcún;Hospital de Vilcún;121112;4;1;3;33.33
La Araucanía;Servicio de Salud Araucanía Sur;Vilcún;Hospital de Vilcún;121112;5;0;7;0.0
La Araucanía;Servicio de Salud Araucanía Sur;Vilcún;Hospital de Vilcún;121112;6;2;5;40.0
La Araucanía;Servicio de Salud Araucanía Sur;Vilcún;Posta de Salud Rural Codinhue;121488;2;0;1;0.0
La Araucanía;Servicio de Salud Araucanía Sur;Vilcún;Posta de Salud Rural Codinhue;121488;3;0;1;0.0
La Araucanía;Servicio de Salud Araucanía Sur;Vilcún;Posta de Salud Rural Codinhue;121488;4;0;1;0.0
La Araucanía;Servicio de Salud Araucanía Sur;Vilcún;Posta de Salud Rural Codinhue;121488;5;0;1;0.0
La Araucanía;Servicio de Salud Araucanía Sur;Vilcún;Posta de Salud Rural General López;121487;3;0;2;0.0
La Araucanía;Servicio de Salud Araucanía Sur;Vilcún;Posta de Salud Rural General López;121487;4;0;2;0.0
La Araucanía;Servicio de Salud Araucanía Sur;Vilcún;Posta de Salud Rural General López;121487;6;0;3;0.0
La Araucanía;Servicio de Salud Araucanía Sur;Vilcún;Posta de Salud Rural Quintrilpe;121489;1;0;3;0.0
La Araucanía;Servicio de Salud Araucanía Sur;Vilcún;Posta de Salud Rural Quintrilpe;121489;3;0;1;0.0
La Araucanía;Servicio de Salud Araucanía Sur;Vilcún;Posta de Salud Rural Quintrilpe;121489;4;0;2;0.0
La Araucanía;Servicio de Salud Araucanía Sur;Vilcún;Posta de Salud Rural Quintrilpe;121489;5;0;1;0.0
La Araucanía;Servicio de Salud Araucanía Sur;Vilcún;Posta de Salud Rural Quintrilpe;121489;6;0;1;0.0
La Araucanía;Servicio de Salud Araucanía Sur;Vilcún;Posta de Salud Rural San Patricio;121486;1;0;1;0.0
La Araucanía;Servicio de Salud Araucanía Sur;Vilcún;Posta de Salud Rural San Patricio;121486;4;0;1;0.0
La Araucanía;Servicio de Salud Araucanía Sur;Vilcún;Posta de Salud Rural San Patricio;121486;5;0;2;0.0
La Araucanía;Servicio de Salud Araucanía Sur;Vilcún;Posta de Salud Rural San Patricio;121486;6;0;1;0.0
La Araucanía;Servicio de Salud Araucanía Sur;Vilcún;Posta de Salud Rural Vega Redonda;121476;1;0;1;0.0
La Araucanía;Servicio de Salud Araucanía Sur;Vilcún;Posta de Salud Rural Vega Redonda;121476;3;0;5;0.0
La Araucanía;Servicio de Salud Araucanía Sur;Villarrica;Centro Comunitario de Salud Familiar 21 de Mayo;121781;1;0;1;0.0
La Araucanía;Servicio de Salud Araucanía Sur;Villarrica;Centro Comunitario de Salud Familiar 21 de Mayo;121781;2;2;1;200.0
La Araucanía;Servicio de Salud Araucanía Sur;Villarrica;Centro Comunitario de Salud Familiar 21 de Mayo;121781;3;0;1;0.0
La Araucanía;Servicio de Salud Araucanía Sur;Villarrica;Centro Comunitario de Salud Familiar 21 de Mayo;121781;4;0;3;0.0
La Araucanía;Servicio de Salud Araucanía Sur;Villarrica;Centro Comunitario de Salud Familiar 21 de Mayo;121781;5;0;1;0.0
La Araucanía;Servicio de Salud Araucanía Sur;Villarrica;Centro Comunitario de Salud Familiar 21 de Mayo;121781;6;0;3;0.0
La Araucanía;Servicio de Salud Araucanía Sur;Villarrica;Centro Comunitario de Salud Familiar Todos los Santos;121783;3;0;3;0.0
La Araucanía;Servicio de Salud Araucanía Sur;Villarrica;Centro Comunitario de Salud Familiar Todos los Santos;121783;4;0;2;0.0
La Araucanía;Servicio de Salud Araucanía Sur;Villarrica;Centro Comunitario de Salud Familiar Todos los Santos;121783;5;0;1;0.0
La Araucanía;Servicio de Salud Araucanía Sur;Villarrica;Centro Comunitario de Salud Familiar Todos los Santos;121783;6;0;3;0.0
La Araucanía;Servicio de Salud Araucanía Sur;Villarrica;Centro Comunitario de Salud Familiar Ñancul;200478;1;0;1;0.0
La Araucanía;Servicio de Salud Araucanía Sur;Villarrica;Centro Comunitario de Salud Familiar Ñancul;200478;2;2;0;
La Araucanía;Servicio de Salud Araucanía Sur;Villarrica;Centro Comunitario de Salud Familiar Ñancul;200478;3;0;1;0.0
La Araucanía;Servicio de Salud Araucanía Sur;Villarrica;Centro Comunitario de Salud Familiar Ñancul;200478;5;0;1;0.0
La Araucanía;Servicio de Salud Araucanía Sur;Villarrica;Centro Comunitario de Salud Familiar Ñancul;200478;6;0;2;0.0
La Araucanía;Servicio de Salud Araucanía Sur;Villarrica;Centro de Salud Familiar Lican Ray;121348;1;0;5;0.0
La Araucanía;Servicio de Salud Araucanía Sur;Villarrica;Centro de Salud Familiar Lican Ray;121348;2;0;7;0.0
La Araucanía;Servicio de Salud Araucanía Sur;Villarrica;Centro de Salud Familiar Lican Ray;121348;3;0;6;0.0
La Araucanía;Servicio de Salud Araucanía Sur;Villarrica;Centro de Salud Familiar Lican Ray;121348;4;0;4;0.0
La Araucanía;Servicio de Salud Araucanía Sur;Villarrica;Centro de Salud Familiar Lican Ray;121348;5;0;4;0.0
La Araucanía;Servicio de Salud Araucanía Sur;Villarrica;Centro de Salud Familiar Lican Ray;121348;6;0;7;0.0
La Araucanía;Servicio de Salud Araucanía Sur;Villarrica;Centro de Salud Familiar Los Volcanes;121354;1;16;18;88.89
La Araucanía;Servicio de Salud Araucanía Sur;Villarrica;Centro de Salud Familiar Los Volcanes;121354;2;20;23;86.96
La Araucanía;Servicio de Salud Araucanía Sur;Villarrica;Centro de Salud Familiar Los Volcanes;121354;3;18;25;72.0
La Araucanía;Servicio de Salud Araucanía Sur;Villarrica;Centro de Salud Familiar Los Volcanes;121354;4;34;29;117.24
La Araucanía;Servicio de Salud Araucanía Sur;Villarrica;Centro de Salud Familiar Los Volcanes;121354;5;18;21;85.71
La Araucanía;Servicio de Salud Araucanía Sur;Villarrica;Centro de Salud Familiar Los Volcanes;121354;6;29;29;100.0
La Araucanía;Servicio de Salud Araucanía Sur;Villarrica;Centro de Salud Familiar Villarrica;121334;1;0;12;0.0
La Araucanía;Servicio de Salud Araucanía Sur;Villarrica;Centro de Salud Familiar Villarrica;121334;2;20;18;111.11
La Araucanía;Servicio de Salud Araucanía Sur;Villarrica;Centro de Salud Familiar Villarrica;121334;3;5;20;25.0
La Araucanía;Servicio de Salud Araucanía Sur;Villarrica;Centro de Salud Familiar Villarrica;121334;4;6;12;50.0
La Araucanía;Servicio de Salud Araucanía Sur;Villarrica;Centro de Salud Familiar Villarrica;121334;5;11;14;78.57
La Araucanía;Servicio de Salud Araucanía Sur;Villarrica;Centro de Salud Familiar Villarrica;121334;6;13;23;56.52
La Araucanía;Servicio de Salud Araucanía Sur;Villarrica;Posta de Salud Rural Añilco;121599;2;0;1;0.0
La Araucanía;Servicio de Salud Araucanía Sur;Villarrica;Posta de Salud Rural Liumalla;121555;2;0;1;0.0
La Araucanía;Servicio de Salud Araucanía Sur;Villarrica;Posta de Salud Rural Liumalla;121555;4;0;1;0.0
Libertador Gral. B. O'Higgins;Servicio de Salud Del Libertador B.O'Higgins;Chepica;Centro de Salud Familiar Chépica;115315;1;0;4;0.0
Libertador Gral. B. O'Higgins;Servicio de Salud Del Libertador B.O'Higgins;Chepica;Centro de Salud Familiar Chépica;115315;2;0;3;0.0
Libertador Gral. B. O'Higgins;Servicio de Salud Del Libertador B.O'Higgins;Chepica;Centro de Salud Familiar Chépica;115315;3;0;4;0.0
Libertador Gral. B. O'Higgins;Servicio de Salud Del Libertador B.O'Higgins;Chepica;Centro de Salud Familiar Chépica;115315;4;0;7;0.0
Libertador Gral. B. O'Higgins;Servicio de Salud Del Libertador B.O'Higgins;Chepica;Centro de Salud Familiar Chépica;115315;5;0;8;0.0
Libertador Gral. B. O'Higgins;Servicio de Salud Del Libertador B.O'Higgins;Chepica;Centro de Salud Familiar Chépica;115315;6;0;7;0.0
Libertador Gral. B. O'Higgins;Servicio de Salud Del Libertador B.O'Higgins;Chimbarongo;Hospital Mercedes de Chimbarongo;115108;1;0;13;0.0
Libertador Gral. B. O'Higgins;Servicio de Salud Del Libertador B.O'Higgins;Chimbarongo;Hospital Mercedes de Chimbarongo;115108;2;13;3;433.33
Libertador Gral. B. O'Higgins;Servicio de Salud Del Libertador B.O'Higgins;Chimbarongo;Hospital Mercedes de Chimbarongo;115108;3;13;5;260.0
Libertador Gral. B. O'Higgins;Servicio de Salud Del Libertador B.O'Higgins;Chimbarongo;Hospital Mercedes de Chimbarongo;115108;4;17;8;212.5
Libertador Gral. B. O'Higgins;Servicio de Salud Del Libertador B.O'Higgins;Chimbarongo;Hospital Mercedes de Chimbarongo;115108;5;14;8;175.0
Libertador Gral. B. O'Higgins;Servicio de Salud Del Libertador B.O'Higgins;Chimbarongo;Hospital Mercedes de Chimbarongo;115108;6;8;7;114.29
Libertador Gral. B. O'Higgins;Servicio de Salud Del Libertador B.O'Higgins;Chimbarongo;Posta de Salud Rural Codegua;115439;1;0;5;0.0
Libertador Gral. B. O'Higgins;Servicio de Salud Del Libertador B.O'Higgins;Chimbarongo;Posta de Salud Rural Codegua;115439;2;7;7;100.0
Libertador Gral. B. O'Higgins;Servicio de Salud Del Libertador B.O'Higgins;Chimbarongo;Posta de Salud Rural Codegua;115439;3;1;6;16.67
Libertador Gral. B. O'Higgins;Servicio de Salud Del Libertador B.O'Higgins;Chimbarongo;Posta de Salud Rural Codegua;115439;4;0;4;0.0
Libertador Gral. B. O'Higgins;Servicio de Salud Del Libertador B.O'Higgins;Chimbarongo;Posta de Salud Rural Codegua;115439;5;10;6;166.67
Libertador Gral. B. O'Higgins;Servicio de Salud Del Libertador B.O'Higgins;Chimbarongo;Posta de Salud Rural Codegua;115439;6;9;2;450.0
Libertador Gral. B. O'Higgins;Servicio de Salud Del Libertador B.O'Higgins;Chimbarongo;Posta de Salud Rural Peor Es Nada;115482;1;0;2;0.0
Libertador Gral. B. O'Higgins;Servicio de Salud Del Libertador B.O'Higgins;Chimbarongo;Posta de Salud Rural Peor Es Nada;115482;2;0;1;0.0
Libertador Gral. B. O'Higgins;Servicio de Salud Del Libertador B.O'Higgins;Chimbarongo;Posta de Salud Rural Peor Es Nada;115482;3;0;2;0.0
Libertador Gral. B. O'Higgins;Servicio de Salud Del Libertador B.O'Higgins;Chimbarongo;Posta de Salud Rural Peor Es Nada;115482;4;0;2;0.0
Libertador Gral. B. O'Higgins;Servicio de Salud Del Libertador B.O'Higgins;Chimbarongo;Posta de Salud Rural Peor Es Nada;115482;5;0;2;0.0
Libertador Gral. B. O'Higgins;Servicio de Salud Del Libertador B.O'Higgins;Chimbarongo;Posta de Salud Rural San Juan de La Sierra;115440;1;0;2;0.0
Libertador Gral. B. O'Higgins;Servicio de Salud Del Libertador B.O'Higgins;Chimbarongo;Posta de Salud Rural San Juan de La Sierra;115440;2;0;2;0.0
Libertador Gral. B. O'Higgins;Servicio de Salud Del Libertador B.O'Higgins;Chimbarongo;Posta de Salud Rural San Juan de La Sierra;115440;3;0;3;0.0
Libertador Gral. B. O'Higgins;Servicio de Salud Del Libertador B.O'Higgins;Chimbarongo;Posta de Salud Rural San Juan de La Sierra;115440;4;0;1;0.0
Libertador Gral. B. O'Higgins;Servicio de Salud Del Libertador B.O'Higgins;Chimbarongo;Posta de Salud Rural San Juan de La Sierra;115440;5;0;1;0.0
Libertador Gral. B. O'Higgins;Servicio de Salud Del Libertador B.O'Higgins;Chimbarongo;Posta de Salud Rural San Juan de La Sierra;115440;6;0;5;0.0
Libertador Gral. B. O'Higgins;Servicio de Salud Del Libertador B.O'Higgins;Chimbarongo;Posta de Salud Rural Tinguiririca;115437;1;0;4;0.0
Libertador Gral. B. O'Higgins;Servicio de Salud Del Libertador B.O'Higgins;Chimbarongo;Posta de Salud Rural Tinguiririca;115437;2;0;2;0.0
Libertador Gral. B. O'Higgins;Servicio de Salud Del Libertador B.O'Higgins;Chimbarongo;Posta de Salud Rural Tinguiririca;115437;3;0;4;0.0
Libertador Gral. B. O'Higgins;Servicio de Salud Del Libertador B.O'Higgins;Chimbarongo;Posta de Salud Rural Tinguiririca;115437;4;0;4;0.0
Libertador Gral. B. O'Higgins;Servicio de Salud Del Libertador B.O'Higgins;Chimbarongo;Posta de Salud Rural Tinguiririca;115437;5;0;2;0.0
Libertador Gral. B. O'Higgins;Servicio de Salud Del Libertador B.O'Higgins;Chimbarongo;Posta de Salud Rural Tinguiririca;115437;6;0;4;0.0
Libertador Gral. B. O'Higgins;Servicio de Salud Del Libertador B.O'Higgins;Codegua;Centro Comunitario de Salud Familiar Tuncahue;200379;3;0;5;0.0
Libertador Gral. B. O'Higgins;Servicio de Salud Del Libertador B.O'Higgins;Codegua;Centro Comunitario de Salud Familiar Tuncahue;200379;4;0;4;0.0
Libertador Gral. B. O'Higgins;Servicio de Salud Del Libertador B.O'Higgins;Codegua;Centro Comunitario de Salud Familiar Tuncahue;200379;5;0;3;0.0
Libertador Gral. B. O'Higgins;Servicio de Salud Del Libertador B.O'Higgins;Codegua;Centro Comunitario de Salud Familiar Tuncahue;200379;6;4;2;200.0
Libertador Gral. B. O'Higgins;Servicio de Salud Del Libertador B.O'Higgins;Codegua;Centro de Salud Familiar Codegua;115307;1;0;16;0.0
Libertador Gral. B. O'Higgins;Servicio de Salud Del Libertador B.O'Higgins;Codegua;Centro de Salud Familiar Codegua;115307;2;0;4;0.0
Libertador Gral. B. O'Higgins;Servicio de Salud Del Libertador B.O'Higgins;Codegua;Centro de Salud Familiar Codegua;115307;3;0;8;0.0
Libertador Gral. B. O'Higgins;Servicio de Salud Del Libertador B.O'Higgins;Codegua;Centro de Salud Familiar Codegua;115307;4;0;6;0.0
Libertador Gral. B. O'Higgins;Servicio de Salud Del Libertador B.O'Higgins;Codegua;Centro de Salud Familiar Codegua;115307;5;3;10;30.0
Libertador Gral. B. O'Higgins;Servicio de Salud Del Libertador B.O'Higgins;Codegua;Centro de Salud Familiar Codegua;115307;6;3;6;50.0
Libertador Gral. B. O'Higgins;Servicio de Salud Del Libertador B.O'Higgins;Coinco;Hospital de Coínco;115102;1;0;9;0.0
Libertador Gral. B. O'Higgins;Servicio de Salud Del Libertador B.O'Higgins;Coinco;Hospital de Coínco;115102;2;0;3;0.0
Libertador Gral. B. O'Higgins;Servicio de Salud Del Libertador B.O'Higgins;Coinco;Hospital de Coínco;115102;3;0;3;0.0
Libertador Gral. B. O'Higgins;Servicio de Salud Del Libertador B.O'Higgins;Coinco;Hospital de Coínco;115102;4;0;6;0.0
Libertador Gral. B. O'Higgins;Servicio de Salud Del Libertador B.O'Higgins;Coinco;Hospital de Coínco;115102;5;0;1;0.0
Libertador Gral. B. O'Higgins;Servicio de Salud Del Libertador B.O'Higgins;Coinco;Hospital de Coínco;115102;6;0;7;0.0
Libertador Gral. B. O'Higgins;Servicio de Salud Del Libertador B.O'Higgins;Coltauco;Centro Comunitario de Salud Familiar Loreto;200931;1;0;2;0.0
Libertador Gral. B. O'Higgins;Servicio de Salud Del Libertador B.O'Higgins;Coltauco;Centro Comunitario de Salud Familiar Loreto;200931;2;0;1;0.0
Libertador Gral. B. O'Higgins;Servicio de Salud Del Libertador B.O'Higgins;Coltauco;Centro Comunitario de Salud Familiar Loreto;200931;3;0;2;0.0
Libertador Gral. B. O'Higgins;Servicio de Salud Del Libertador B.O'Higgins;Coltauco;Centro Comunitario de Salud Familiar Loreto;200931;4;0;4;0.0
Libertador Gral. B. O'Higgins;Servicio de Salud Del Libertador B.O'Higgins;Coltauco;Centro Comunitario de Salud Familiar Loreto;200931;5;0;2;0.0
Libertador Gral. B. O'Higgins;Servicio de Salud Del Libertador B.O'Higgins;Coltauco;Centro Comunitario de Salud Familiar Loreto;200931;6;0;2;0.0
Libertador Gral. B. O'Higgins;Servicio de Salud Del Libertador B.O'Higgins;Coltauco;Centro de Salud Familiar Francisco Labrin de Coltauco;115309;1;4;21;19.05
Libertador Gral. B. O'Higgins;Servicio de Salud Del Libertador B.O'Higgins;Coltauco;Centro de Salud Familiar Francisco Labrin de Coltauco;115309;2;4;12;33.33
Libertador Gral. B. O'Higgins;Servicio de Salud Del Libertador B.O'Higgins;Coltauco;Centro de Salud Familiar Francisco Labrin de Coltauco;115309;3;1;15;6.67
Libertador Gral. B. O'Higgins;Servicio de Salud Del Libertador B.O'Higgins;Coltauco;Centro de Salud Familiar Francisco Labrin de Coltauco;115309;4;0;13;0.0
Libertador Gral. B. O'Higgins;Servicio de Salud Del Libertador B.O'Higgins;Coltauco;Centro de Salud Familiar Francisco Labrin de Coltauco;115309;5;6;12;50.0
Libertador Gral. B. O'Higgins;Servicio de Salud Del Libertador B.O'Higgins;Coltauco;Centro de Salud Familiar Francisco Labrin de Coltauco;115309;6;5;8;62.5
Libertador Gral. B. O'Higgins;Servicio de Salud Del Libertador B.O'Higgins;Coltauco;Posta de Salud Rural Idahue;115405;2;0;1;0.0
Libertador Gral. B. O'Higgins;Servicio de Salud Del Libertador B.O'Higgins;Coltauco;Posta de Salud Rural Lo de Cuevas;115407;2;0;2;0.0
Libertador Gral. B. O'Higgins;Servicio de Salud Del Libertador B.O'Higgins;Coltauco;Posta de Salud Rural Lo de Cuevas;115407;6;0;1;0.0
Libertador Gral. B. O'Higgins;Servicio de Salud Del Libertador B.O'Higgins;Coltauco;Posta de Salud Rural Rinconada de Parral;115406;3;0;1;0.0
Libertador Gral. B. O'Higgins;Servicio de Salud Del Libertador B.O'Higgins;Coltauco;Posta de Salud Rural Rinconada de Parral;115406;4;0;1;0.0
Libertador Gral. B. O'Higgins;Servicio de Salud Del Libertador B.O'Higgins;Coltauco;Posta de Salud Rural Rinconada de Parral;115406;5;0;1;0.0
Libertador Gral. B. O'Higgins;Servicio de Salud Del Libertador B.O'Higgins;Coltauco;Posta de Salud Rural Rinconada de Parral;115406;6;0;1;0.0
Libertador Gral. B. O'Higgins;Servicio de Salud Del Libertador B.O'Higgins;Doñihue;Centro de Salud Familiar Doñihue;115308;1;0;5;0.0
Libertador Gral. B. O'Higgins;Servicio de Salud Del Libertador B.O'Higgins;Doñihue;Centro de Salud Familiar Doñihue;115308;2;0;15;0.0
Libertador Gral. B. O'Higgins;Servicio de Salud Del Libertador B.O'Higgins;Doñihue;Centro de Salud Familiar Doñihue;115308;3;0;11;0.0
Libertador Gral. B. O'Higgins;Servicio de Salud Del Libertador B.O'Higgins;Doñihue;Centro de Salud Familiar Doñihue;115308;4;0;7;0.0
Libertador Gral. B. O'Higgins;Servicio de Salud Del Libertador B.O'Higgins;Doñihue;Centro de Salud Familiar Doñihue;115308;5;1;8;12.5
Libertador Gral. B. O'Higgins;Servicio de Salud Del Libertador B.O'Higgins;Doñihue;Centro de Salud Familiar Doñihue;115308;6;1;8;12.5
Libertador Gral. B. O'Higgins;Servicio de Salud Del Libertador B.O'Higgins;Doñihue;Centro de Salud Familiar Lo Miranda;115321;1;0;10;0.0
Libertador Gral. B. O'Higgins;Servicio de Salud Del Libertador B.O'Higgins;Doñihue;Centro de Salud Familiar Lo Miranda;115321;2;0;5;0.0
Libertador Gral. B. O'Higgins;Servicio de Salud Del Libertador B.O'Higgins;Doñihue;Centro de Salud Familiar Lo Miranda;115321;3;0;5;0.0
Libertador Gral. B. O'Higgins;Servicio de Salud Del Libertador B.O'Higgins;Doñihue;Centro de Salud Familiar Lo Miranda;115321;4;7;5;140.0
Libertador Gral. B. O'Higgins;Servicio de Salud Del Libertador B.O'Higgins;Doñihue;Centro de Salud Familiar Lo Miranda;115321;5;0;7;0.0
Libertador Gral. B. O'Higgins;Servicio de Salud Del Libertador B.O'Higgins;Doñihue;Centro de Salud Familiar Lo Miranda;115321;6;0;6;0.0
Libertador Gral. B. O'Higgins;Servicio de Salud Del Libertador B.O'Higgins;Graneros;Hospital Santa Filomena de Graneros;115101;1;2;32;6.25
Libertador Gral. B. O'Higgins;Servicio de Salud Del Libertador B.O'Higgins;Graneros;Hospital Santa Filomena de Graneros;115101;2;4;26;15.38
Libertador Gral. B. O'Higgins;Servicio de Salud Del Libertador B.O'Higgins;Graneros;Hospital Santa Filomena de Graneros;115101;3;17;36;47.22
Libertador Gral. B. O'Higgins;Servicio de Salud Del Libertador B.O'Higgins;Graneros;Hospital Santa Filomena de Graneros;115101;4;18;29;62.07
Libertador Gral. B. O'Higgins;Servicio de Salud Del Libertador B.O'Higgins;Graneros;Hospital Santa Filomena de Graneros;115101;5;18;18;100.0
Libertador Gral. B. O'Higgins;Servicio de Salud Del Libertador B.O'Higgins;Graneros;Hospital Santa Filomena de Graneros;115101;6;12;26;46.15
Libertador Gral. B. O'Higgins;Servicio de Salud Del Libertador B.O'Higgins;La Estrella;Centro de Salud Familiar La Estrella;115314;1;0;2;0.0
Libertador Gral. B. O'Higgins;Servicio de Salud Del Libertador B.O'Higgins;La Estrella;Centro de Salud Familiar La Estrella;115314;2;0;1;0.0
Libertador Gral. B. O'Higgins;Servicio de Salud Del Libertador B.O'Higgins;La Estrella;Centro de Salud Familiar La Estrella;115314;3;3;2;150.0
Libertador Gral. B. O'Higgins;Servicio de Salud Del Libertador B.O'Higgins;La Estrella;Centro de Salud Familiar La Estrella;115314;4;0;6;0.0
Libertador Gral. B. O'Higgins;Servicio de Salud Del Libertador B.O'Higgins;La Estrella;Centro de Salud Familiar La Estrella;115314;5;1;1;100.0
Libertador Gral. B. O'Higgins;Servicio de Salud Del Libertador B.O'Higgins;La Estrella;Centro de Salud Familiar La Estrella;115314;6;0;3;0.0
Libertador Gral. B. O'Higgins;Servicio de Salud Del Libertador B.O'Higgins;Las Cabras;Centro de Salud Familiar Las Cabras;115311;1;0;10;0.0
Libertador Gral. B. O'Higgins;Servicio de Salud Del Libertador B.O'Higgins;Las Cabras;Centro de Salud Familiar Las Cabras;115311;2;0;7;0.0
Libertador Gral. B. O'Higgins;Servicio de Salud Del Libertador B.O'Higgins;Las Cabras;Centro de Salud Familiar Las Cabras;115311;3;0;16;0.0
Libertador Gral. B. O'Higgins;Servicio de Salud Del Libertador B.O'Higgins;Las Cabras;Centro de Salud Familiar Las Cabras;115311;4;0;9;0.0
Libertador Gral. B. O'Higgins;Servicio de Salud Del Libertador B.O'Higgins;Las Cabras;Centro de Salud Familiar Las Cabras;115311;5;4;10;40.0
Libertador Gral. B. O'Higgins;Servicio de Salud Del Libertador B.O'Higgins;Las Cabras;Centro de Salud Familiar Las Cabras;115311;6;0;5;0.0
Libertador Gral. B. O'Higgins;Servicio de Salud Del Libertador B.O'Higgins;Las Cabras;Posta de Salud Rural Cocalan;115483;1;0;1;0.0
Libertador Gral. B. O'Higgins;Servicio de Salud Del Libertador B.O'Higgins;Las Cabras;Posta de Salud Rural Cocalan;115483;3;0;2;0.0
Libertador Gral. B. O'Higgins;Servicio de Salud Del Libertador B.O'Higgins;Las Cabras;Posta de Salud Rural El Carmen ( Las Cabras);115404;1;0;2;0.0
Libertador Gral. B. O'Higgins;Servicio de Salud Del Libertador B.O'Higgins;Las Cabras;Posta de Salud Rural El Carmen ( Las Cabras);115404;2;0;4;0.0
Libertador Gral. B. O'Higgins;Servicio de Salud Del Libertador B.O'Higgins;Las Cabras;Posta de Salud Rural El Carmen ( Las Cabras);115404;3;0;4;0.0
Libertador Gral. B. O'Higgins;Servicio de Salud Del Libertador B.O'Higgins;Las Cabras;Posta de Salud Rural El Carmen ( Las Cabras);115404;4;0;1;0.0
Libertador Gral. B. O'Higgins;Servicio de Salud Del Libertador B.O'Higgins;Las Cabras;Posta de Salud Rural El Durazno (Las Cabras);115433;2;0;3;0.0
Libertador Gral. B. O'Higgins;Servicio de Salud Del Libertador B.O'Higgins;Las Cabras;Posta de Salud Rural El Durazno (Las Cabras);115433;3;0;2;0.0
Libertador Gral. B. O'Higgins;Servicio de Salud Del Libertador B.O'Higgins;Las Cabras;Posta de Salud Rural El Durazno (Las Cabras);115433;4;0;3;0.0
Libertador Gral. B. O'Higgins;Servicio de Salud Del Libertador B.O'Higgins;Las Cabras;Posta de Salud Rural El Durazno (Las Cabras);115433;5;0;2;0.0
Libertador Gral. B. O'Higgins;Servicio de Salud Del Libertador B.O'Higgins;Las Cabras;Posta de Salud Rural El Durazno (Las Cabras);115433;6;0;2;0.0
Libertador Gral. B. O'Higgins;Servicio de Salud Del Libertador B.O'Higgins;Las Cabras;Posta de Salud Rural El Manzano;115415;1;0;1;0.0
Libertador Gral. B. O'Higgins;Servicio de Salud Del Libertador B.O'Higgins;Las Cabras;Posta de Salud Rural El Manzano;115415;2;0;7;0.0
Libertador Gral. B. O'Higgins;Servicio de Salud Del Libertador B.O'Higgins;Las Cabras;Posta de Salud Rural El Manzano;115415;3;0;8;0.0
Libertador Gral. B. O'Higgins;Servicio de Salud Del Libertador B.O'Higgins;Las Cabras;Posta de Salud Rural El Manzano;115415;4;0;6;0.0
Libertador Gral. B. O'Higgins;Servicio de Salud Del Libertador B.O'Higgins;Las Cabras;Posta de Salud Rural El Manzano;115415;5;0;3;0.0
Libertador Gral. B. O'Higgins;Servicio de Salud Del Libertador B.O'Higgins;Las Cabras;Posta de Salud Rural El Manzano;115415;6;0;6;0.0
Libertador Gral. B. O'Higgins;Servicio de Salud Del Libertador B.O'Higgins;Las Cabras;Posta de Salud Rural La Cebada;115413;3;0;1;0.0
Libertador Gral. B. O'Higgins;Servicio de Salud Del Libertador B.O'Higgins;Las Cabras;Posta de Salud Rural La Panchina;115412;1;0;1;0.0
Libertador Gral. B. O'Higgins;Servicio de Salud Del Libertador B.O'Higgins;Las Cabras;Posta de Salud Rural Llallauquén;115416;1;0;2;0.0
Libertador Gral. B. O'Higgins;Servicio de Salud Del Libertador B.O'Higgins;Las Cabras;Posta de Salud Rural Llallauquén;115416;3;0;1;0.0
Libertador Gral. B. O'Higgins;Servicio de Salud Del Libertador B.O'Higgins;Las Cabras;Posta de Salud Rural Llallauquén;115416;5;0;1;0.0
Libertador Gral. B. O'Higgins;Servicio de Salud Del Libertador B.O'Higgins;Las Cabras;Posta de Salud Rural Llallauquén;115416;6;0;1;0.0
Libertador Gral. B. O'Higgins;Servicio de Salud Del Libertador B.O'Higgins;Las Cabras;Posta de Salud Rural Santa Inés;115414;1;0;2;0.0
Libertador Gral. B. O'Higgins;Servicio de Salud Del Libertador B.O'Higgins;Las Cabras;Posta de Salud Rural Santa Inés;115414;2;0;1;0.0
Libertador Gral. B. O'Higgins;Servicio de Salud Del Libertador B.O'Higgins;Las Cabras;Posta de Salud Rural Santa Inés;115414;3;0;5;0.0
Libertador Gral. B. O'Higgins;Servicio de Salud Del Libertador B.O'Higgins;Las Cabras;Posta de Salud Rural Santa Inés;115414;4;0;5;0.0
Libertador Gral. B. O'Higgins;Servicio de Salud Del Libertador B.O'Higgins;Las Cabras;Posta de Salud Rural Santa Inés;115414;5;0;2;0.0
Libertador Gral. B. O'Higgins;Servicio de Salud Del Libertador B.O'Higgins;Las Cabras;Posta de Salud Rural Santa Inés;115414;6;0;6;0.0
Libertador Gral. B. O'Higgins;Servicio de Salud Del Libertador B.O'Higgins;Litueche;Hospital de Litueche;115114;1;0;12;0.0
Libertador Gral. B. O'Higgins;Servicio de Salud Del Libertador B.O'Higgins;Litueche;Hospital de Litueche;115114;2;0;4;0.0
Libertador Gral. B. O'Higgins;Servicio de Salud Del Libertador B.O'Higgins;Litueche;Hospital de Litueche;115114;3;0;1;0.0
Libertador Gral. B. O'Higgins;Servicio de Salud Del Libertador B.O'Higgins;Litueche;Hospital de Litueche;115114;4;0;6;0.0
Libertador Gral. B. O'Higgins;Servicio de Salud Del Libertador B.O'Higgins;Litueche;Hospital de Litueche;115114;5;2;5;40.0
Libertador Gral. B. O'Higgins;Servicio de Salud Del Libertador B.O'Higgins;Litueche;Hospital de Litueche;115114;6;0;2;0.0
Libertador Gral. B. O'Higgins;Servicio de Salud Del Libertador B.O'Higgins;Litueche;Posta de Salud Rural Pulin;115479;2;0;1;0.0
Libertador Gral. B. O'Higgins;Servicio de Salud Del Libertador B.O'Higgins;Litueche;Posta de Salud Rural Pulin;115479;4;1;2;50.0
Libertador Gral. B. O'Higgins;Servicio de Salud Del Libertador B.O'Higgins;Litueche;Posta de Salud Rural Pulin;115479;6;0;1;0.0
Libertador Gral. B. O'Higgins;Servicio de Salud Del Libertador B.O'Higgins;Litueche;Posta de Salud Rural Quelentaro;115463;1;0;1;0.0
Libertador Gral. B. O'Higgins;Servicio de Salud Del Libertador B.O'Higgins;Litueche;Posta de Salud Rural Quelentaro;115463;2;0;1;0.0
Libertador Gral. B. O'Higgins;Servicio de Salud Del Libertador B.O'Higgins;Litueche;Posta de Salud Rural Quelentaro;115463;3;0;1;0.0
Libertador Gral. B. O'Higgins;Servicio de Salud Del Libertador B.O'Higgins;Litueche;Posta de Salud Rural Quelentaro;115463;4;0;2;0.0
Libertador Gral. B. O'Higgins;Servicio de Salud Del Libertador B.O'Higgins;Lolol;Hospital de Lolol;115113;1;0;5;0.0
Libertador Gral. B. O'Higgins;Servicio de Salud Del Libertador B.O'Higgins;Lolol;Hospital de Lolol;115113;2;0;2;0.0
Libertador Gral. B. O'Higgins;Servicio de Salud Del Libertador B.O'Higgins;Lolol;Hospital de Lolol;115113;3;0;4;0.0
Libertador Gral. B. O'Higgins;Servicio de Salud Del Libertador B.O'Higgins;Lolol;Hospital de Lolol;115113;4;0;2;0.0
Libertador Gral. B. O'Higgins;Servicio de Salud Del Libertador B.O'Higgins;Lolol;Hospital de Lolol;115113;5;0;1;0.0
Libertador Gral. B. O'Higgins;Servicio de Salud Del Libertador B.O'Higgins;Lolol;Hospital de Lolol;115113;6;0;3;0.0
Libertador Gral. B. O'Higgins;Servicio de Salud Del Libertador B.O'Higgins;Lolol;Posta de Salud Rural El Membrillo;115459;1;0;1;0.0
Libertador Gral. B. O'Higgins;Servicio de Salud Del Libertador B.O'Higgins;Lolol;Posta de Salud Rural El Membrillo;115459;2;0;2;0.0
Libertador Gral. B. O'Higgins;Servicio de Salud Del Libertador B.O'Higgins;Lolol;Posta de Salud Rural El Membrillo;115459;3;1;1;100.0
Libertador Gral. B. O'Higgins;Servicio de Salud Del Libertador B.O'Higgins;Lolol;Posta de Salud Rural El Membrillo;115459;6;0;1;0.0
Libertador Gral. B. O'Higgins;Servicio de Salud Del Libertador B.O'Higgins;Lolol;Posta de Salud Rural La Cabaña;115480;4;0;1;0.0
Libertador Gral. B. O'Higgins;Servicio de Salud Del Libertador B.O'Higgins;Lolol;Posta de Salud Rural La Cabaña;115480;5;0;1;0.0
Libertador Gral. B. O'Higgins;Servicio de Salud Del Libertador B.O'Higgins;Lolol;Posta de Salud Rural La Cabaña;115480;6;0;1;0.0
Libertador Gral. B. O'Higgins;Servicio de Salud Del Libertador B.O'Higgins;Lolol;Posta de Salud Rural Ranguil;115475;5;0;1;0.0
Libertador Gral. B. O'Higgins;Servicio de Salud Del Libertador B.O'Higgins;Machalí;Centro Comunitario de Salud Familiar Santa Teresa;200264;1;0;6;0.0
Libertador Gral. B. O'Higgins;Servicio de Salud Del Libertador B.O'Higgins;Machalí;Centro Comunitario de Salud Familiar Santa Teresa;200264;2;0;6;0.0
Libertador Gral. B. O'Higgins;Servicio de Salud Del Libertador B.O'Higgins;Machalí;Centro Comunitario de Salud Familiar Santa Teresa;200264;3;0;2;0.0
Libertador Gral. B. O'Higgins;Servicio de Salud Del Libertador B.O'Higgins;Machalí;Centro Comunitario de Salud Familiar Santa Teresa;200264;4;0;4;0.0
Libertador Gral. B. O'Higgins;Servicio de Salud Del Libertador B.O'Higgins;Machalí;Centro Comunitario de Salud Familiar Santa Teresa;200264;6;0;1;0.0
Libertador Gral. B. O'Higgins;Servicio de Salud Del Libertador B.O'Higgins;Machalí;Centro de Salud Familiar Dr. Osvaldo Ruz Orrego de Machalí;115305;1;23;26;88.46
Libertador Gral. B. O'Higgins;Servicio de Salud Del Libertador B.O'Higgins;Machalí;Centro de Salud Familiar Dr. Osvaldo Ruz Orrego de Machalí;115305;2;8;18;44.44
Libertador Gral. B. O'Higgins;Servicio de Salud Del Libertador B.O'Higgins;Machalí;Centro de Salud Familiar Dr. Osvaldo Ruz Orrego de Machalí;115305;3;3;16;18.75
Libertador Gral. B. O'Higgins;Servicio de Salud Del Libertador B.O'Higgins;Machalí;Centro de Salud Familiar Dr. Osvaldo Ruz Orrego de Machalí;115305;4;0;15;0.0
Libertador Gral. B. O'Higgins;Servicio de Salud Del Libertador B.O'Higgins;Machalí;Centro de Salud Familiar Dr. Osvaldo Ruz Orrego de Machalí;115305;5;16;17;94.12
Libertador Gral. B. O'Higgins;Servicio de Salud Del Libertador B.O'Higgins;Machalí;Centro de Salud Familiar Dr. Osvaldo Ruz Orrego de Machalí;115305;6;12;21;57.14
Libertador Gral. B. O'Higgins;Servicio de Salud Del Libertador B.O'Higgins;Machalí;Posta de Salud Rural Coya;115400;1;0;2;0.0
Libertador Gral. B. O'Higgins;Servicio de Salud Del Libertador B.O'Higgins;Machalí;Posta de Salud Rural Coya;115400;4;0;2;0.0
Libertador Gral. B. O'Higgins;Servicio de Salud Del Libertador B.O'Higgins;Machalí;Posta de Salud Rural Coya;115400;5;0;1;0.0
Libertador Gral. B. O'Higgins;Servicio de Salud Del Libertador B.O'Higgins;Machalí;Posta de Salud Rural Coya;115400;6;0;3;0.0
Libertador Gral. B. O'Higgins;Servicio de Salud Del Libertador B.O'Higgins;Malloa;Centro de Salud Familiar de Malloa;115325;1;0;4;0.0
Libertador Gral. B. O'Higgins;Servicio de Salud Del Libertador B.O'Higgins;Malloa;Centro de Salud Familiar de Malloa;115325;2;0;1;0.0
Libertador Gral. B. O'Higgins;Servicio de Salud Del Libertador B.O'Higgins;Malloa;Centro de Salud Familiar de Malloa;115325;3;1;6;16.67
Libertador Gral. B. O'Higgins;Servicio de Salud Del Libertador B.O'Higgins;Malloa;Centro de Salud Familiar de Malloa;115325;4;0;6;0.0
Libertador Gral. B. O'Higgins;Servicio de Salud Del Libertador B.O'Higgins;Malloa;Centro de Salud Familiar de Malloa;115325;5;3;6;50.0
Libertador Gral. B. O'Higgins;Servicio de Salud Del Libertador B.O'Higgins;Malloa;Centro de Salud Familiar de Malloa;115325;6;0;4;0.0
Libertador Gral. B. O'Higgins;Servicio de Salud Del Libertador B.O'Higgins;Malloa;Centro de Salud Familiar de Pelequen;115326;1;5;3;166.67
Libertador Gral. B. O'Higgins;Servicio de Salud Del Libertador B.O'Higgins;Malloa;Centro de Salud Familiar de Pelequen;115326;2;0;2;0.0
Libertador Gral. B. O'Higgins;Servicio de Salud Del Libertador B.O'Higgins;Malloa;Centro de Salud Familiar de Pelequen;115326;3;7;3;233.33
Libertador Gral. B. O'Higgins;Servicio de Salud Del Libertador B.O'Higgins;Malloa;Centro de Salud Familiar de Pelequen;115326;4;0;4;0.0
Libertador Gral. B. O'Higgins;Servicio de Salud Del Libertador B.O'Higgins;Malloa;Centro de Salud Familiar de Pelequen;115326;5;0;5;0.0
Libertador Gral. B. O'Higgins;Servicio de Salud Del Libertador B.O'Higgins;Malloa;Centro de Salud Familiar de Pelequen;115326;6;6;0;
Libertador Gral. B. O'Higgins;Servicio de Salud Del Libertador B.O'Higgins;Malloa;Posta de Salud Rural Corcolén;115419;1;1;1;100.0
Libertador Gral. B. O'Higgins;Servicio de Salud Del Libertador B.O'Higgins;Malloa;Posta de Salud Rural Corcolén;115419;2;2;1;200.0
Libertador Gral. B. O'Higgins;Servicio de Salud Del Libertador B.O'Higgins;Malloa;Posta de Salud Rural Corcolén;115419;4;0;1;0.0
Libertador Gral. B. O'Higgins;Servicio de Salud Del Libertador B.O'Higgins;Malloa;Posta de Salud Rural Corcolén;115419;6;0;1;0.0
Libertador Gral. B. O'Higgins;Servicio de Salud Del Libertador B.O'Higgins;Marchihue;Hospital de Marchigüe;115111;1;0;4;0.0
Libertador Gral. B. O'Higgins;Servicio de Salud Del Libertador B.O'Higgins;Marchihue;Hospital de Marchigüe;115111;2;3;2;150.0
Libertador Gral. B. O'Higgins;Servicio de Salud Del Libertador B.O'Higgins;Marchihue;Hospital de Marchigüe;115111;3;3;1;300.0
Libertador Gral. B. O'Higgins;Servicio de Salud Del Libertador B.O'Higgins;Marchihue;Hospital de Marchigüe;115111;4;0;3;0.0
Libertador Gral. B. O'Higgins;Servicio de Salud Del Libertador B.O'Higgins;Marchihue;Hospital de Marchigüe;115111;5;0;4;0.0
Libertador Gral. B. O'Higgins;Servicio de Salud Del Libertador B.O'Higgins;Marchihue;Hospital de Marchigüe;115111;6;0;3;0.0
Libertador Gral. B. O'Higgins;Servicio de Salud Del Libertador B.O'Higgins;Marchihue;Posta de Salud Rural Pailimo;115457;4;0;1;0.0
Libertador Gral. B. O'Higgins;Servicio de Salud Del Libertador B.O'Higgins;Marchihue;Posta de Salud Rural Pailimo;115457;5;0;2;0.0
Libertador Gral. B. O'Higgins;Servicio de Salud Del Libertador B.O'Higgins;Marchihue;Posta de Salud Rural Rinconada de Alcones;115469;2;0;1;0.0
Libertador Gral. B. O'Higgins;Servicio de Salud Del Libertador B.O'Higgins;Marchihue;Posta de Salud Rural Rinconada de Alcones;115469;3;0;3;0.0
Libertador Gral. B. O'Higgins;Servicio de Salud Del Libertador B.O'Higgins;Marchihue;Posta de Salud Rural Rinconada de Alcones;115469;6;0;2;0.0
Libertador Gral. B. O'Higgins;Servicio de Salud Del Libertador B.O'Higgins;Mostazal;Centro de Salud Familiar San Francisco Mostazal;115306;1;16;13;123.08
Libertador Gral. B. O'Higgins;Servicio de Salud Del Libertador B.O'Higgins;Mostazal;Centro de Salud Familiar San Francisco Mostazal;115306;2;0;18;0.0
Libertador Gral. B. O'Higgins;Servicio de Salud Del Libertador B.O'Higgins;Mostazal;Centro de Salud Familiar San Francisco Mostazal;115306;3;37;12;308.33
Libertador Gral. B. O'Higgins;Servicio de Salud Del Libertador B.O'Higgins;Mostazal;Centro de Salud Familiar San Francisco Mostazal;115306;4;28;16;175.0
Libertador Gral. B. O'Higgins;Servicio de Salud Del Libertador B.O'Higgins;Mostazal;Centro de Salud Familiar San Francisco Mostazal;115306;5;24;13;184.62
Libertador Gral. B. O'Higgins;Servicio de Salud Del Libertador B.O'Higgins;Mostazal;Centro de Salud Familiar San Francisco Mostazal;115306;6;30;6;500.0
Libertador Gral. B. O'Higgins;Servicio de Salud Del Libertador B.O'Higgins;Mostazal;Posta de Salud Rural La Punta;115401;1;0;6;0.0
Libertador Gral. B. O'Higgins;Servicio de Salud Del Libertador B.O'Higgins;Mostazal;Posta de Salud Rural La Punta;115401;2;0;6;0.0
Libertador Gral. B. O'Higgins;Servicio de Salud Del Libertador B.O'Higgins;Mostazal;Posta de Salud Rural La Punta;115401;3;0;4;0.0
Libertador Gral. B. O'Higgins;Servicio de Salud Del Libertador B.O'Higgins;Mostazal;Posta de Salud Rural La Punta;115401;4;0;5;0.0
Libertador Gral. B. O'Higgins;Servicio de Salud Del Libertador B.O'Higgins;Mostazal;Posta de Salud Rural La Punta;115401;5;0;4;0.0
Libertador Gral. B. O'Higgins;Servicio de Salud Del Libertador B.O'Higgins;Mostazal;Posta de Salud Rural La Punta;115401;6;0;3;0.0
Libertador Gral. B. O'Higgins;Servicio de Salud Del Libertador B.O'Higgins;Nancagua;Centro de Salud Familiar Cunaco;115328;1;0;8;0.0
Libertador Gral. B. O'Higgins;Servicio de Salud Del Libertador B.O'Higgins;Nancagua;Centro de Salud Familiar Cunaco;115328;2;0;3;0.0
Libertador Gral. B. O'Higgins;Servicio de Salud Del Libertador B.O'Higgins;Nancagua;Centro de Salud Familiar Cunaco;115328;3;0;4;0.0
Libertador Gral. B. O'Higgins;Servicio de Salud Del Libertador B.O'Higgins;Nancagua;Centro de Salud Familiar Cunaco;115328;4;0;1;0.0
Libertador Gral. B. O'Higgins;Servicio de Salud Del Libertador B.O'Higgins;Nancagua;Centro de Salud Familiar Cunaco;115328;5;0;6;0.0
Libertador Gral. B. O'Higgins;Servicio de Salud Del Libertador B.O'Higgins;Nancagua;Centro de Salud Familiar Cunaco;115328;6;0;3;0.0
Libertador Gral. B. O'Higgins;Servicio de Salud Del Libertador B.O'Higgins;Nancagua;Hospital de Nancagua;115109;1;0;13;0.0
Libertador Gral. B. O'Higgins;Servicio de Salud Del Libertador B.O'Higgins;Nancagua;Hospital de Nancagua;115109;2;0;16;0.0
Libertador Gral. B. O'Higgins;Servicio de Salud Del Libertador B.O'Higgins;Nancagua;Hospital de Nancagua;115109;3;0;11;0.0
Libertador Gral. B. O'Higgins;Servicio de Salud Del Libertador B.O'Higgins;Nancagua;Hospital de Nancagua;115109;4;0;14;0.0
Libertador Gral. B. O'Higgins;Servicio de Salud Del Libertador B.O'Higgins;Nancagua;Hospital de Nancagua;115109;5;0;11;0.0
Libertador Gral. B. O'Higgins;Servicio de Salud Del Libertador B.O'Higgins;Nancagua;Hospital de Nancagua;115109;6;0;12;0.0
Libertador Gral. B. O'Higgins;Servicio de Salud Del Libertador B.O'Higgins;Nancagua;Posta de Salud Rural Puquillay Alto;115471;1;0;1;0.0
Libertador Gral. B. O'Higgins;Servicio de Salud Del Libertador B.O'Higgins;Nancagua;Posta de Salud Rural Puquillay Alto;115471;6;0;1;0.0
Libertador Gral. B. O'Higgins;Servicio de Salud Del Libertador B.O'Higgins;Nancagua;Posta de Salud Rural Puquillay Bajo;115442;1;0;1;0.0
Libertador Gral. B. O'Higgins;Servicio de Salud Del Libertador B.O'Higgins;Nancagua;Posta de Salud Rural Puquillay Bajo;115442;6;0;1;0.0
Libertador Gral. B. O'Higgins;Servicio de Salud Del Libertador B.O'Higgins;Nancagua;Posta de Salud Rural Yáquil;115441;6;0;2;0.0
Libertador Gral. B. O'Higgins;Servicio de Salud Del Libertador B.O'Higgins;Olivar;Centro de Salud Familiar Gultro;115330;1;0;7;0.0
Libertador Gral. B. O'Higgins;Servicio de Salud Del Libertador B.O'Higgins;Olivar;Centro de Salud Familiar Gultro;115330;2;0;1;0.0
Libertador Gral. B. O'Higgins;Servicio de Salud Del Libertador B.O'Higgins;Olivar;Centro de Salud Familiar Gultro;115330;3;0;1;0.0
Libertador Gral. B. O'Higgins;Servicio de Salud Del Libertador B.O'Higgins;Olivar;Centro de Salud Familiar Gultro;115330;4;6;3;200.0
Libertador Gral. B. O'Higgins;Servicio de Salud Del Libertador B.O'Higgins;Olivar;Centro de Salud Familiar Gultro;115330;5;6;5;120.0
Libertador Gral. B. O'Higgins;Servicio de Salud Del Libertador B.O'Higgins;Olivar;Centro de Salud Familiar Gultro;115330;6;5;5;100.0
Libertador Gral. B. O'Higgins;Servicio de Salud Del Libertador B.O'Higgins;Olivar;Centro de Salud Familiar Olivar Alto;115327;1;0;4;0.0
Libertador Gral. B. O'Higgins;Servicio de Salud Del Libertador B.O'Higgins;Olivar;Centro de Salud Familiar Olivar Alto;115327;2;0;7;0.0
Libertador Gral. B. O'Higgins;Servicio de Salud Del Libertador B.O'Higgins;Olivar;Centro de Salud Familiar Olivar Alto;115327;3;0;8;0.0
Libertador Gral. B. O'Higgins;Servicio de Salud Del Libertador B.O'Higgins;Olivar;Centro de Salud Familiar Olivar Alto;115327;4;8;3;266.67
Libertador Gral. B. O'Higgins;Servicio de Salud Del Libertador B.O'Higgins;Olivar;Centro de Salud Familiar Olivar Alto;115327;5;9;4;225.0
Libertador Gral. B. O'Higgins;Servicio de Salud Del Libertador B.O'Higgins;Olivar;Posta de Salud Rural Olivar Bajo;115481;1;0;1;0.0
Libertador Gral. B. O'Higgins;Servicio de Salud Del Libertador B.O'Higgins;Olivar;Posta de Salud Rural Olivar Bajo;115481;2;0;2;0.0
Libertador Gral. B. O'Higgins;Servicio de Salud Del Libertador B.O'Higgins;Olivar;Posta de Salud Rural Olivar Bajo;115481;3;0;1;0.0
Libertador Gral. B. O'Higgins;Servicio de Salud Del Libertador B.O'Higgins;Palmilla;Centro de Salud Familiar de Palmilla;115445;1;0;1;0.0
Libertador Gral. B. O'Higgins;Servicio de Salud Del Libertador B.O'Higgins;Palmilla;Centro de Salud Familiar de Palmilla;115445;2;0;3;0.0
Libertador Gral. B. O'Higgins;Servicio de Salud Del Libertador B.O'Higgins;Palmilla;Centro de Salud Familiar de Palmilla;115445;4;3;0;
Libertador Gral. B. O'Higgins;Servicio de Salud Del Libertador B.O'Higgins;Palmilla;Centro de Salud Familiar de Palmilla;115445;5;0;2;0.0
Libertador Gral. B. O'Higgins;Servicio de Salud Del Libertador B.O'Higgins;Palmilla;Centro de Salud Familiar de Palmilla;115445;6;0;2;0.0
Libertador Gral. B. O'Higgins;Servicio de Salud Del Libertador B.O'Higgins;Palmilla;Posta de Salud Rural Pupilla;115446;1;0;2;0.0
Libertador Gral. B. O'Higgins;Servicio de Salud Del Libertador B.O'Higgins;Palmilla;Posta de Salud Rural Pupilla;115446;5;0;1;0.0
Libertador Gral. B. O'Higgins;Servicio de Salud Del Libertador B.O'Higgins;Palmilla;Posta de Salud Rural San José del Carmen;115447;1;0;1;0.0
Libertador Gral. B. O'Higgins;Servicio de Salud Del Libertador B.O'Higgins;Palmilla;Posta de Salud Rural San José del Carmen;115447;2;0;3;0.0
Libertador Gral. B. O'Higgins;Servicio de Salud Del Libertador B.O'Higgins;Palmilla;Posta de Salud Rural San José del Carmen;115447;3;0;4;0.0
Libertador Gral. B. O'Higgins;Servicio de Salud Del Libertador B.O'Higgins;Palmilla;Posta de Salud Rural San José del Carmen;115447;4;0;2;0.0
Libertador Gral. B. O'Higgins;Servicio de Salud Del Libertador B.O'Higgins;Palmilla;Posta de Salud Rural San José del Carmen;115447;5;0;4;0.0
Libertador Gral. B. O'Higgins;Servicio de Salud Del Libertador B.O'Higgins;Palmilla;Posta de Salud Rural San José del Carmen;115447;6;0;3;0.0
Libertador Gral. B. O'Higgins;Servicio de Salud Del Libertador B.O'Higgins;Palmilla;Posta de Salud Rural Santa Irene;115448;1;0;1;0.0
Libertador Gral. B. O'Higgins;Servicio de Salud Del Libertador B.O'Higgins;Palmilla;Posta de Salud Rural Santa Irene;115448;2;0;1;0.0
Libertador Gral. B. O'Higgins;Servicio de Salud Del Libertador B.O'Higgins;Palmilla;Posta de Salud Rural Santa Irene;115448;3;0;1;0.0
Libertador Gral. B. O'Higgins;Servicio de Salud Del Libertador B.O'Higgins;Palmilla;Posta de Salud Rural Santa Irene;115448;5;0;1;0.0
Libertador Gral. B. O'Higgins;Servicio de Salud Del Libertador B.O'Higgins;Paredones;Centro de Salud Familiar Paredones;115316;1;0;3;0.0
Libertador Gral. B. O'Higgins;Servicio de Salud Del Libertador B.O'Higgins;Paredones;Centro de Salud Familiar Paredones;115316;2;0;4;0.0
Libertador Gral. B. O'Higgins;Servicio de Salud Del Libertador B.O'Higgins;Paredones;Centro de Salud Familiar Paredones;115316;3;0;4;0.0
Libertador Gral. B. O'Higgins;Servicio de Salud Del Libertador B.O'Higgins;Paredones;Centro de Salud Familiar Paredones;115316;5;0;4;0.0
Libertador Gral. B. O'Higgins;Servicio de Salud Del Libertador B.O'Higgins;Paredones;Centro de Salud Familiar Paredones;115316;6;0;1;0.0
Libertador Gral. B. O'Higgins;Servicio de Salud Del Libertador B.O'Higgins;Paredones;Posta de Salud Rural Bucalemu (Paredones);115467;1;0;1;0.0
Libertador Gral. B. O'Higgins;Servicio de Salud Del Libertador B.O'Higgins;Paredones;Posta de Salud Rural Bucalemu (Paredones);115467;4;0;1;0.0
Libertador Gral. B. O'Higgins;Servicio de Salud Del Libertador B.O'Higgins;Paredones;Posta de Salud Rural Bucalemu (Paredones);115467;5;0;1;0.0
Libertador Gral. B. O'Higgins;Servicio de Salud Del Libertador B.O'Higgins;Paredones;Posta de Salud Rural Bucalemu (Paredones);115467;6;0;2;0.0
Libertador Gral. B. O'Higgins;Servicio de Salud Del Libertador B.O'Higgins;Paredones;Posta de Salud Rural San Pedro de Alcántara;115468;1;0;1;0.0
Libertador Gral. B. O'Higgins;Servicio de Salud Del Libertador B.O'Higgins;Paredones;Posta de Salud Rural San Pedro de Alcántara;115468;3;0;1;0.0
Libertador Gral. B. O'Higgins;Servicio de Salud Del Libertador B.O'Higgins;Paredones;Posta de Salud Rural San Pedro de Alcántara;115468;4;0;1;0.0
Libertador Gral. B. O'Higgins;Servicio de Salud Del Libertador B.O'Higgins;Paredones;Posta de Salud Rural San Pedro de Alcántara;115468;6;0;1;0.0
Libertador Gral. B. O'Higgins;Servicio de Salud Del Libertador B.O'Higgins;Peralillo;Centro de Salud Familiar Peralillo;115313;1;7;4;175.0
Libertador Gral. B. O'Higgins;Servicio de Salud Del Libertador B.O'Higgins;Peralillo;Centro de Salud Familiar Peralillo;115313;2;0;5;0.0
Libertador Gral. B. O'Higgins;Servicio de Salud Del Libertador B.O'Higgins;Peralillo;Centro de Salud Familiar Peralillo;115313;3;15;9;166.67
Libertador Gral. B. O'Higgins;Servicio de Salud Del Libertador B.O'Higgins;Peralillo;Centro de Salud Familiar Peralillo;115313;4;2;11;18.18
Libertador Gral. B. O'Higgins;Servicio de Salud Del Libertador B.O'Higgins;Peralillo;Centro de Salud Familiar Peralillo;115313;5;0;5;0.0
Libertador Gral. B. O'Higgins;Servicio de Salud Del Libertador B.O'Higgins;Peralillo;Centro de Salud Familiar Peralillo;115313;6;0;9;0.0
Libertador Gral. B. O'Higgins;Servicio de Salud Del Libertador B.O'Higgins;Peralillo;Posta de Salud Rural Calleuque;115456;3;0;1;0.0
Libertador Gral. B. O'Higgins;Servicio de Salud Del Libertador B.O'Higgins;Peralillo;Posta de Salud Rural Calleuque;115456;4;0;1;0.0
Libertador Gral. B. O'Higgins;Servicio de Salud Del Libertador B.O'Higgins;Peralillo;Posta de Salud Rural Los Cardos;115454;3;0;1;0.0
Libertador Gral. B. O'Higgins;Servicio de Salud Del Libertador B.O'Higgins;Peralillo;Posta de Salud Rural Los Cardos;115454;4;0;1;0.0
Libertador Gral. B. O'Higgins;Servicio de Salud Del Libertador B.O'Higgins;Peralillo;Posta de Salud Rural Población;115453;3;0;1;0.0
Libertador Gral. B. O'Higgins;Servicio de Salud Del Libertador B.O'Higgins;Peralillo;Posta de Salud Rural Población;115453;4;0;1;0.0
Libertador Gral. B. O'Higgins;Servicio de Salud Del Libertador B.O'Higgins;Peralillo;Posta de Salud Rural Población;115453;6;0;2;0.0
Libertador Gral. B. O'Higgins;Servicio de Salud Del Libertador B.O'Higgins;Peumo;Centro de Salud Familiar La Esperanza;115331;1;3;1;300.0
Libertador Gral. B. O'Higgins;Servicio de Salud Del Libertador B.O'Higgins;Peumo;Centro de Salud Familiar La Esperanza;115331;2;8;4;200.0
Libertador Gral. B. O'Higgins;Servicio de Salud Del Libertador B.O'Higgins;Peumo;Centro de Salud Familiar La Esperanza;115331;3;0;3;0.0
Libertador Gral. B. O'Higgins;Servicio de Salud Del Libertador B.O'Higgins;Peumo;Centro de Salud Familiar La Esperanza;115331;4;0;4;0.0
Libertador Gral. B. O'Higgins;Servicio de Salud Del Libertador B.O'Higgins;Peumo;Hospital Del Salvador de Peumo;115103;1;0;12;0.0
Libertador Gral. B. O'Higgins;Servicio de Salud Del Libertador B.O'Higgins;Peumo;Hospital Del Salvador de Peumo;115103;2;0;7;0.0
Libertador Gral. B. O'Higgins;Servicio de Salud Del Libertador B.O'Higgins;Peumo;Hospital Del Salvador de Peumo;115103;3;0;10;0.0
Libertador Gral. B. O'Higgins;Servicio de Salud Del Libertador B.O'Higgins;Peumo;Hospital Del Salvador de Peumo;115103;4;0;4;0.0
Libertador Gral. B. O'Higgins;Servicio de Salud Del Libertador B.O'Higgins;Peumo;Hospital Del Salvador de Peumo;115103;5;0;7;0.0
Libertador Gral. B. O'Higgins;Servicio de Salud Del Libertador B.O'Higgins;Peumo;Hospital Del Salvador de Peumo;115103;6;0;5;0.0
Libertador Gral. B. O'Higgins;Servicio de Salud Del Libertador B.O'Higgins;Pichidegua;Hospital de Pichidegua;115106;2;0;10;0.0
Libertador Gral. B. O'Higgins;Servicio de Salud Del Libertador B.O'Higgins;Pichidegua;Hospital de Pichidegua;115106;3;18;9;200.0
Libertador Gral. B. O'Higgins;Servicio de Salud Del Libertador B.O'Higgins;Pichidegua;Hospital de Pichidegua;115106;4;0;4;0.0
Libertador Gral. B. O'Higgins;Servicio de Salud Del Libertador B.O'Higgins;Pichidegua;Hospital de Pichidegua;115106;5;0;4;0.0
Libertador Gral. B. O'Higgins;Servicio de Salud Del Libertador B.O'Higgins;Pichidegua;Hospital de Pichidegua;115106;6;0;1;0.0
Libertador Gral. B. O'Higgins;Servicio de Salud Del Libertador B.O'Higgins;Pichidegua;Posta de Salud Rural Larmahue;115428;1;0;1;0.0
Libertador Gral. B. O'Higgins;Servicio de Salud Del Libertador B.O'Higgins;Pichidegua;Posta de Salud Rural Larmahue;115428;2;0;1;0.0
Libertador Gral. B. O'Higgins;Servicio de Salud Del Libertador B.O'Higgins;Pichidegua;Posta de Salud Rural Larmahue;115428;3;0;1;0.0
Libertador Gral. B. O'Higgins;Servicio de Salud Del Libertador B.O'Higgins;Pichidegua;Posta de Salud Rural Larmahue;115428;4;0;1;0.0
Libertador Gral. B. O'Higgins;Servicio de Salud Del Libertador B.O'Higgins;Pichidegua;Posta de Salud Rural Larmahue;115428;5;0;2;0.0
Libertador Gral. B. O'Higgins;Servicio de Salud Del Libertador B.O'Higgins;Pichidegua;Posta de Salud Rural Larmahue;115428;6;0;3;0.0
Libertador Gral. B. O'Higgins;Servicio de Salud Del Libertador B.O'Higgins;Pichidegua;Posta de Salud Rural Patagua Cerro;115431;1;0;2;0.0
Libertador Gral. B. O'Higgins;Servicio de Salud Del Libertador B.O'Higgins;Pichidegua;Posta de Salud Rural Patagua Cerro;115431;2;0;2;0.0
Libertador Gral. B. O'Higgins;Servicio de Salud Del Libertador B.O'Higgins;Pichidegua;Posta de Salud Rural Patagua Cerro;115431;3;0;3;0.0
Libertador Gral. B. O'Higgins;Servicio de Salud Del Libertador B.O'Higgins;Pichidegua;Posta de Salud Rural Patagua Cerro;115431;4;0;4;0.0
Libertador Gral. B. O'Higgins;Servicio de Salud Del Libertador B.O'Higgins;Pichidegua;Posta de Salud Rural Patagua Cerro;115431;5;0;2;0.0
Libertador Gral. B. O'Higgins;Servicio de Salud Del Libertador B.O'Higgins;Pichidegua;Posta de Salud Rural Patagua Cerro;115431;6;0;2;0.0
Libertador Gral. B. O'Higgins;Servicio de Salud Del Libertador B.O'Higgins;Pichidegua;Posta de Salud Rural Patagua Orilla;115430;2;0;1;0.0
Libertador Gral. B. O'Higgins;Servicio de Salud Del Libertador B.O'Higgins;Pichidegua;Posta de Salud Rural Patagua Orilla;115430;3;0;1;0.0
Libertador Gral. B. O'Higgins;Servicio de Salud Del Libertador B.O'Higgins;Pichidegua;Posta de Salud Rural Patagua Orilla;115430;6;0;3;0.0
Libertador Gral. B. O'Higgins;Servicio de Salud Del Libertador B.O'Higgins;Pichidegua;Posta de Salud Rural San José de Marchigue;115477;2;0;1;0.0
Libertador Gral. B. O'Higgins;Servicio de Salud Del Libertador B.O'Higgins;Pichidegua;Posta de Salud Rural San José de Marchigue;115477;4;0;1;0.0
Libertador Gral. B. O'Higgins;Servicio de Salud Del Libertador B.O'Higgins;Pichidegua;Posta de Salud Rural San Roberto;115476;1;0;1;0.0
Libertador Gral. B. O'Higgins;Servicio de Salud Del Libertador B.O'Higgins;Pichidegua;Posta de Salud Rural San Roberto;115476;2;0;1;0.0
Libertador Gral. B. O'Higgins;Servicio de Salud Del Libertador B.O'Higgins;Pichidegua;Posta de Salud Rural Santa Amelia;115429;2;0;1;0.0
Libertador Gral. B. O'Higgins;Servicio de Salud Del Libertador B.O'Higgins;Pichidegua;Posta de Salud Rural Santa Amelia;115429;3;0;3;0.0
Libertador Gral. B. O'Higgins;Servicio de Salud Del Libertador B.O'Higgins;Pichidegua;Posta de Salud Rural Santa Amelia;115429;4;0;1;0.0
Libertador Gral. B. O'Higgins;Servicio de Salud Del Libertador B.O'Higgins;Pichidegua;Posta de Salud Rural Santa Amelia;115429;5;0;2;0.0
Libertador Gral. B. O'Higgins;Servicio de Salud Del Libertador B.O'Higgins;Pichidegua;Posta de Salud Rural Santa Amelia;115429;6;0;2;0.0
Libertador Gral. B. O'Higgins;Servicio de Salud Del Libertador B.O'Higgins;Pichilemu;Hospital de Pichilemu;115112;1;0;13;0.0
Libertador Gral. B. O'Higgins;Servicio de Salud Del Libertador B.O'Higgins;Pichilemu;Hospital de Pichilemu;115112;2;11;7;157.14
Libertador Gral. B. O'Higgins;Servicio de Salud Del Libertador B.O'Higgins;Pichilemu;Hospital de Pichilemu;115112;3;12;9;133.33
Libertador Gral. B. O'Higgins;Servicio de Salud Del Libertador B.O'Higgins;Pichilemu;Hospital de Pichilemu;115112;4;9;14;64.29
Libertador Gral. B. O'Higgins;Servicio de Salud Del Libertador B.O'Higgins;Pichilemu;Hospital de Pichilemu;115112;5;7;10;70.0
Libertador Gral. B. O'Higgins;Servicio de Salud Del Libertador B.O'Higgins;Pichilemu;Hospital de Pichilemu;115112;6;6;15;40.0
Libertador Gral. B. O'Higgins;Servicio de Salud Del Libertador B.O'Higgins;Pichilemu;Posta de Salud Rural Alto Ramírez;115461;1;1;0;
Libertador Gral. B. O'Higgins;Servicio de Salud Del Libertador B.O'Higgins;Pichilemu;Posta de Salud Rural Alto Ramírez;115461;2;1;0;
Libertador Gral. B. O'Higgins;Servicio de Salud Del Libertador B.O'Higgins;Pichilemu;Posta de Salud Rural Alto Ramírez;115461;3;1;0;
Libertador Gral. B. O'Higgins;Servicio de Salud Del Libertador B.O'Higgins;Pichilemu;Posta de Salud Rural Alto Ramírez;115461;6;0;1;0.0
Libertador Gral. B. O'Higgins;Servicio de Salud Del Libertador B.O'Higgins;Pichilemu;Posta de Salud Rural Cahuil;115458;1;6;0;
Libertador Gral. B. O'Higgins;Servicio de Salud Del Libertador B.O'Higgins;Pichilemu;Posta de Salud Rural Cahuil;115458;4;1;1;100.0
Libertador Gral. B. O'Higgins;Servicio de Salud Del Libertador B.O'Higgins;Pichilemu;Posta de Salud Rural Cahuil;115458;5;3;1;300.0
Libertador Gral. B. O'Higgins;Servicio de Salud Del Libertador B.O'Higgins;Pichilemu;Posta de Salud Rural Cahuil;115458;6;1;0;
Libertador Gral. B. O'Higgins;Servicio de Salud Del Libertador B.O'Higgins;Pichilemu;Posta de Salud Rural Cardonal de Panilonco;115474;1;3;0;
Libertador Gral. B. O'Higgins;Servicio de Salud Del Libertador B.O'Higgins;Pichilemu;Posta de Salud Rural Cardonal de Panilonco;115474;2;2;0;
Libertador Gral. B. O'Higgins;Servicio de Salud Del Libertador B.O'Higgins;Pichilemu;Posta de Salud Rural Cardonal de Panilonco;115474;3;2;0;
Libertador Gral. B. O'Higgins;Servicio de Salud Del Libertador B.O'Higgins;Pichilemu;Posta de Salud Rural Cardonal de Panilonco;115474;5;0;3;0.0
Libertador Gral. B. O'Higgins;Servicio de Salud Del Libertador B.O'Higgins;Placilla;CESFAM  Placilla;115318;1;0;6;0.0
Libertador Gral. B. O'Higgins;Servicio de Salud Del Libertador B.O'Higgins;Placilla;CESFAM  Placilla;115318;2;0;10;0.0
Libertador Gral. B. O'Higgins;Servicio de Salud Del Libertador B.O'Higgins;Placilla;CESFAM  Placilla;115318;3;3;10;30.0
Libertador Gral. B. O'Higgins;Servicio de Salud Del Libertador B.O'Higgins;Placilla;CESFAM  Placilla;115318;4;0;7;0.0
Libertador Gral. B. O'Higgins;Servicio de Salud Del Libertador B.O'Higgins;Placilla;CESFAM  Placilla;115318;5;0;8;0.0
Libertador Gral. B. O'Higgins;Servicio de Salud Del Libertador B.O'Higgins;Placilla;CESFAM  Placilla;115318;6;10;9;111.11
Libertador Gral. B. O'Higgins;Servicio de Salud Del Libertador B.O'Higgins;Placilla;Posta de Salud Rural La Dehesa;115435;2;0;1;0.0
Libertador Gral. B. O'Higgins;Servicio de Salud Del Libertador B.O'Higgins;Placilla;Posta de Salud Rural La Dehesa;115435;4;0;1;0.0
Libertador Gral. B. O'Higgins;Servicio de Salud Del Libertador B.O'Higgins;Placilla;Posta de Salud Rural Lo Moscoso;115478;4;0;1;0.0
Libertador Gral. B. O'Higgins;Servicio de Salud Del Libertador B.O'Higgins;Pumanque;Posta de Salud Rural Pumanque;115452;1;0;2;0.0
Libertador Gral. B. O'Higgins;Servicio de Salud Del Libertador B.O'Higgins;Pumanque;Posta de Salud Rural Pumanque;115452;2;0;3;0.0
Libertador Gral. B. O'Higgins;Servicio de Salud Del Libertador B.O'Higgins;Pumanque;Posta de Salud Rural Pumanque;115452;3;0;7;0.0
Libertador Gral. B. O'Higgins;Servicio de Salud Del Libertador B.O'Higgins;Pumanque;Posta de Salud Rural Pumanque;115452;4;6;0;
Libertador Gral. B. O'Higgins;Servicio de Salud Del Libertador B.O'Higgins;Pumanque;Posta de Salud Rural Pumanque;115452;5;5;5;100.0
Libertador Gral. B. O'Higgins;Servicio de Salud Del Libertador B.O'Higgins;Pumanque;Posta de Salud Rural Pumanque;115452;6;5;4;125.0
Libertador Gral. B. O'Higgins;Servicio de Salud Del Libertador B.O'Higgins;Quinta de Tilcoco;Centro Comunitario de Salud Familiar Guacarhue;115712;1;0;6;0.0
Libertador Gral. B. O'Higgins;Servicio de Salud Del Libertador B.O'Higgins;Quinta de Tilcoco;Centro Comunitario de Salud Familiar Guacarhue;115712;2;0;3;0.0
Libertador Gral. B. O'Higgins;Servicio de Salud Del Libertador B.O'Higgins;Quinta de Tilcoco;Centro Comunitario de Salud Familiar Guacarhue;115712;3;0;1;0.0
Libertador Gral. B. O'Higgins;Servicio de Salud Del Libertador B.O'Higgins;Quinta de Tilcoco;Centro Comunitario de Salud Familiar Guacarhue;115712;4;0;3;0.0
Libertador Gral. B. O'Higgins;Servicio de Salud Del Libertador B.O'Higgins;Quinta de Tilcoco;Centro Comunitario de Salud Familiar Guacarhue;115712;5;0;3;0.0
Libertador Gral. B. O'Higgins;Servicio de Salud Del Libertador B.O'Higgins;Quinta de Tilcoco;Centro Comunitario de Salud Familiar Guacarhue;115712;6;0;3;0.0
Libertador Gral. B. O'Higgins;Servicio de Salud Del Libertador B.O'Higgins;Quinta de Tilcoco;Centro de Salud Familiar Quinta de Tilcoco;115312;1;0;15;0.0
Libertador Gral. B. O'Higgins;Servicio de Salud Del Libertador B.O'Higgins;Quinta de Tilcoco;Centro de Salud Familiar Quinta de Tilcoco;115312;2;0;8;0.0
Libertador Gral. B. O'Higgins;Servicio de Salud Del Libertador B.O'Higgins;Quinta de Tilcoco;Centro de Salud Familiar Quinta de Tilcoco;115312;3;6;8;75.0
Libertador Gral. B. O'Higgins;Servicio de Salud Del Libertador B.O'Higgins;Quinta de Tilcoco;Centro de Salud Familiar Quinta de Tilcoco;115312;4;0;12;0.0
Libertador Gral. B. O'Higgins;Servicio de Salud Del Libertador B.O'Higgins;Quinta de Tilcoco;Centro de Salud Familiar Quinta de Tilcoco;115312;5;0;5;0.0
Libertador Gral. B. O'Higgins;Servicio de Salud Del Libertador B.O'Higgins;Quinta de Tilcoco;Centro de Salud Familiar Quinta de Tilcoco;115312;6;6;7;85.71
Libertador Gral. B. O'Higgins;Servicio de Salud Del Libertador B.O'Higgins;Rancagua;Centro Comunitario de Salud Familiar Ciudad de Paju;115703;1;0;2;0.0
Libertador Gral. B. O'Higgins;Servicio de Salud Del Libertador B.O'Higgins;Rancagua;Centro Comunitario de Salud Familiar Ciudad de Paju;115703;2;0;6;0.0
Libertador Gral. B. O'Higgins;Servicio de Salud Del Libertador B.O'Higgins;Rancagua;Centro Comunitario de Salud Familiar Ciudad de Paju;115703;3;0;6;0.0
Libertador Gral. B. O'Higgins;Servicio de Salud Del Libertador B.O'Higgins;Rancagua;Centro Comunitario de Salud Familiar Ciudad de Paju;115703;4;0;6;0.0
Libertador Gral. B. O'Higgins;Servicio de Salud Del Libertador B.O'Higgins;Rancagua;Centro Comunitario de Salud Familiar Ciudad de Paju;115703;5;0;1;0.0
Libertador Gral. B. O'Higgins;Servicio de Salud Del Libertador B.O'Higgins;Rancagua;Centro Comunitario de Salud Familiar Ciudad de Paju;115703;6;0;5;0.0
Libertador Gral. B. O'Higgins;Servicio de Salud Del Libertador B.O'Higgins;Rancagua;Centro Comunitario de Salud Familiar Dr. Eduardo de Geyter;115701;1;1;6;16.67
Libertador Gral. B. O'Higgins;Servicio de Salud Del Libertador B.O'Higgins;Rancagua;Centro Comunitario de Salud Familiar Dr. Eduardo de Geyter;115701;2;8;3;266.67
Libertador Gral. B. O'Higgins;Servicio de Salud Del Libertador B.O'Higgins;Rancagua;Centro Comunitario de Salud Familiar Dr. Eduardo de Geyter;115701;3;0;1;0.0
Libertador Gral. B. O'Higgins;Servicio de Salud Del Libertador B.O'Higgins;Rancagua;Centro Comunitario de Salud Familiar Dr. Eduardo de Geyter;115701;4;4;2;200.0
Libertador Gral. B. O'Higgins;Servicio de Salud Del Libertador B.O'Higgins;Rancagua;Centro Comunitario de Salud Familiar Dr. Eduardo de Geyter;115701;5;2;3;66.67
Libertador Gral. B. O'Higgins;Servicio de Salud Del Libertador B.O'Higgins;Rancagua;Centro Comunitario de Salud Familiar Dr. Eduardo de Geyter;115701;6;3;3;100.0
Libertador Gral. B. O'Higgins;Servicio de Salud Del Libertador B.O'Higgins;Rancagua;Centro Comunitario de Salud Familiar San Rafael;115700;1;0;6;0.0
Libertador Gral. B. O'Higgins;Servicio de Salud Del Libertador B.O'Higgins;Rancagua;Centro Comunitario de Salud Familiar San Rafael;115700;2;0;1;0.0
Libertador Gral. B. O'Higgins;Servicio de Salud Del Libertador B.O'Higgins;Rancagua;Centro Comunitario de Salud Familiar San Rafael;115700;4;0;3;0.0
Libertador Gral. B. O'Higgins;Servicio de Salud Del Libertador B.O'Higgins;Rancagua;Centro Comunitario de Salud Familiar San Rafael;115700;5;1;2;50.0
Libertador Gral. B. O'Higgins;Servicio de Salud Del Libertador B.O'Higgins;Rancagua;Centro Comunitario de Salud Familiar San Rafael;115700;6;6;5;120.0
Libertador Gral. B. O'Higgins;Servicio de Salud Del Libertador B.O'Higgins;Rancagua;Centro de Salud Familiar N° 1 Dr. Enrique Dintrans;115300;1;0;55;0.0
Libertador Gral. B. O'Higgins;Servicio de Salud Del Libertador B.O'Higgins;Rancagua;Centro de Salud Familiar N° 1 Dr. Enrique Dintrans;115300;2;15;34;44.12
Libertador Gral. B. O'Higgins;Servicio de Salud Del Libertador B.O'Higgins;Rancagua;Centro de Salud Familiar N° 1 Dr. Enrique Dintrans;115300;3;20;51;39.22
Libertador Gral. B. O'Higgins;Servicio de Salud Del Libertador B.O'Higgins;Rancagua;Centro de Salud Familiar N° 1 Dr. Enrique Dintrans;115300;4;23;38;60.53
Libertador Gral. B. O'Higgins;Servicio de Salud Del Libertador B.O'Higgins;Rancagua;Centro de Salud Familiar N° 1 Dr. Enrique Dintrans;115300;5;10;40;25.0
Libertador Gral. B. O'Higgins;Servicio de Salud Del Libertador B.O'Higgins;Rancagua;Centro de Salud Familiar N° 1 Dr. Enrique Dintrans;115300;6;16;33;48.48
Libertador Gral. B. O'Higgins;Servicio de Salud Del Libertador B.O'Higgins;Rancagua;Centro de Salud Familiar N° 2 Dr. Eduardo Geyter;115301;1;10;12;83.33
Libertador Gral. B. O'Higgins;Servicio de Salud Del Libertador B.O'Higgins;Rancagua;Centro de Salud Familiar N° 2 Dr. Eduardo Geyter;115301;2;5;12;41.67
Libertador Gral. B. O'Higgins;Servicio de Salud Del Libertador B.O'Higgins;Rancagua;Centro de Salud Familiar N° 2 Dr. Eduardo Geyter;115301;3;15;15;100.0
Libertador Gral. B. O'Higgins;Servicio de Salud Del Libertador B.O'Higgins;Rancagua;Centro de Salud Familiar N° 2 Dr. Eduardo Geyter;115301;4;0;12;0.0
Libertador Gral. B. O'Higgins;Servicio de Salud Del Libertador B.O'Higgins;Rancagua;Centro de Salud Familiar N° 2 Dr. Eduardo Geyter;115301;5;23;15;153.33
Libertador Gral. B. O'Higgins;Servicio de Salud Del Libertador B.O'Higgins;Rancagua;Centro de Salud Familiar N° 2 Dr. Eduardo Geyter;115301;6;11;18;61.11
Libertador Gral. B. O'Higgins;Servicio de Salud Del Libertador B.O'Higgins;Rancagua;Centro de Salud Familiar N° 3 Dr. Abel Zapata;115302;1;13;17;76.47
Libertador Gral. B. O'Higgins;Servicio de Salud Del Libertador B.O'Higgins;Rancagua;Centro de Salud Familiar N° 3 Dr. Abel Zapata;115302;2;6;19;31.58
Libertador Gral. B. O'Higgins;Servicio de Salud Del Libertador B.O'Higgins;Rancagua;Centro de Salud Familiar N° 3 Dr. Abel Zapata;115302;3;13;15;86.67
Libertador Gral. B. O'Higgins;Servicio de Salud Del Libertador B.O'Higgins;Rancagua;Centro de Salud Familiar N° 3 Dr. Abel Zapata;115302;4;0;13;0.0
Libertador Gral. B. O'Higgins;Servicio de Salud Del Libertador B.O'Higgins;Rancagua;Centro de Salud Familiar N° 3 Dr. Abel Zapata;115302;5;3;8;37.5
Libertador Gral. B. O'Higgins;Servicio de Salud Del Libertador B.O'Higgins;Rancagua;Centro de Salud Familiar N° 3 Dr. Abel Zapata;115302;6;6;16;37.5
Libertador Gral. B. O'Higgins;Servicio de Salud Del Libertador B.O'Higgins;Rancagua;Centro de Salud Familiar N° 5 Dr. Juan Chiorrini;115304;1;0;19;0.0
Libertador Gral. B. O'Higgins;Servicio de Salud Del Libertador B.O'Higgins;Rancagua;Centro de Salud Familiar N° 5 Dr. Juan Chiorrini;115304;2;4;19;21.05
Libertador Gral. B. O'Higgins;Servicio de Salud Del Libertador B.O'Higgins;Rancagua;Centro de Salud Familiar N° 5 Dr. Juan Chiorrini;115304;3;14;36;38.89
Libertador Gral. B. O'Higgins;Servicio de Salud Del Libertador B.O'Higgins;Rancagua;Centro de Salud Familiar N° 5 Dr. Juan Chiorrini;115304;4;23;21;109.52
Libertador Gral. B. O'Higgins;Servicio de Salud Del Libertador B.O'Higgins;Rancagua;Centro de Salud Familiar N° 5 Dr. Juan Chiorrini;115304;5;18;21;85.71
Libertador Gral. B. O'Higgins;Servicio de Salud Del Libertador B.O'Higgins;Rancagua;Centro de Salud Familiar N° 5 Dr. Juan Chiorrini;115304;6;9;20;45.0
Libertador Gral. B. O'Higgins;Servicio de Salud Del Libertador B.O'Higgins;Rancagua;Centro de Salud Familiar N° 6 Ignacio Caroca;115324;1;25;35;71.43
Libertador Gral. B. O'Higgins;Servicio de Salud Del Libertador B.O'Higgins;Rancagua;Centro de Salud Familiar N° 6 Ignacio Caroca;115324;2;5;12;41.67
Libertador Gral. B. O'Higgins;Servicio de Salud Del Libertador B.O'Higgins;Rancagua;Centro de Salud Familiar N° 6 Ignacio Caroca;115324;3;9;22;40.91
Libertador Gral. B. O'Higgins;Servicio de Salud Del Libertador B.O'Higgins;Rancagua;Centro de Salud Familiar N° 6 Ignacio Caroca;115324;4;9;25;36.0
Libertador Gral. B. O'Higgins;Servicio de Salud Del Libertador B.O'Higgins;Rancagua;Centro de Salud Familiar N° 6 Ignacio Caroca;115324;5;12;18;66.67
Libertador Gral. B. O'Higgins;Servicio de Salud Del Libertador B.O'Higgins;Rancagua;Centro de Salud Familiar N° 6 Ignacio Caroca;115324;6;8;24;33.33
Libertador Gral. B. O'Higgins;Servicio de Salud Del Libertador B.O'Higgins;Rancagua;Centro de Salud Familiar N° 8 Dr. Nicolás Díaz Sánchez;201143;1;0;19;0.0
Libertador Gral. B. O'Higgins;Servicio de Salud Del Libertador B.O'Higgins;Rancagua;Centro de Salud Familiar N° 8 Dr. Nicolás Díaz Sánchez;201143;2;0;14;0.0
Libertador Gral. B. O'Higgins;Servicio de Salud Del Libertador B.O'Higgins;Rancagua;Centro de Salud Familiar N° 8 Dr. Nicolás Díaz Sánchez;201143;3;0;10;0.0
Libertador Gral. B. O'Higgins;Servicio de Salud Del Libertador B.O'Higgins;Rancagua;Centro de Salud Familiar N° 8 Dr. Nicolás Díaz Sánchez;201143;4;10;13;76.92
Libertador Gral. B. O'Higgins;Servicio de Salud Del Libertador B.O'Higgins;Rancagua;Centro de Salud Familiar N° 8 Dr. Nicolás Díaz Sánchez;201143;5;6;10;60.0
Libertador Gral. B. O'Higgins;Servicio de Salud Del Libertador B.O'Higgins;Rancagua;Centro de Salud Familiar N° 8 Dr. Nicolás Díaz Sánchez;201143;6;13;7;185.71
Libertador Gral. B. O'Higgins;Servicio de Salud Del Libertador B.O'Higgins;Rancagua;Centro de Salud Familiar Nº 4 Dra. María Latife;115303;1;4;13;30.77
Libertador Gral. B. O'Higgins;Servicio de Salud Del Libertador B.O'Higgins;Rancagua;Centro de Salud Familiar Nº 4 Dra. María Latife;115303;2;4;12;33.33
Libertador Gral. B. O'Higgins;Servicio de Salud Del Libertador B.O'Higgins;Rancagua;Centro de Salud Familiar Nº 4 Dra. María Latife;115303;3;0;7;0.0
Libertador Gral. B. O'Higgins;Servicio de Salud Del Libertador B.O'Higgins;Rancagua;Centro de Salud Familiar Nº 4 Dra. María Latife;115303;4;1;11;9.09
Libertador Gral. B. O'Higgins;Servicio de Salud Del Libertador B.O'Higgins;Rancagua;Centro de Salud Familiar Nº 4 Dra. María Latife;115303;5;2;1;200.0
Libertador Gral. B. O'Higgins;Servicio de Salud Del Libertador B.O'Higgins;Rancagua;Centro de Salud Familiar Nº 4 Dra. María Latife;115303;6;4;14;28.57
Libertador Gral. B. O'Higgins;Servicio de Salud Del Libertador B.O'Higgins;Rengo;Centro de Salud Familiar Rengo;115329;1;15;24;62.5
Libertador Gral. B. O'Higgins;Servicio de Salud Del Libertador B.O'Higgins;Rengo;Centro de Salud Familiar Rengo;115329;2;23;22;104.55
Libertador Gral. B. O'Higgins;Servicio de Salud Del Libertador B.O'Higgins;Rengo;Centro de Salud Familiar Rengo;115329;3;29;24;120.83
Libertador Gral. B. O'Higgins;Servicio de Salud Del Libertador B.O'Higgins;Rengo;Centro de Salud Familiar Rengo;115329;4;16;23;69.57
Libertador Gral. B. O'Higgins;Servicio de Salud Del Libertador B.O'Higgins;Rengo;Centro de Salud Familiar Rengo;115329;5;19;26;73.08
Libertador Gral. B. O'Higgins;Servicio de Salud Del Libertador B.O'Higgins;Rengo;Centro de Salud Familiar Rengo;115329;6;23;26;88.46
Libertador Gral. B. O'Higgins;Servicio de Salud Del Libertador B.O'Higgins;Rengo;Centro de Salud Familiar Rengo Consejal Gavino Martinez Maturana;200632;1;0;19;0.0
Libertador Gral. B. O'Higgins;Servicio de Salud Del Libertador B.O'Higgins;Rengo;Centro de Salud Familiar Rengo Consejal Gavino Martinez Maturana;200632;2;20;20;100.0
Libertador Gral. B. O'Higgins;Servicio de Salud Del Libertador B.O'Higgins;Rengo;Centro de Salud Familiar Rengo Consejal Gavino Martinez Maturana;200632;3;0;22;0.0
Libertador Gral. B. O'Higgins;Servicio de Salud Del Libertador B.O'Higgins;Rengo;Centro de Salud Familiar Rengo Consejal Gavino Martinez Maturana;200632;4;16;29;55.17
Libertador Gral. B. O'Higgins;Servicio de Salud Del Libertador B.O'Higgins;Rengo;Centro de Salud Familiar Rengo Consejal Gavino Martinez Maturana;200632;5;11;18;61.11
Libertador Gral. B. O'Higgins;Servicio de Salud Del Libertador B.O'Higgins;Rengo;Centro de Salud Familiar Rengo Consejal Gavino Martinez Maturana;200632;6;6;21;28.57
Libertador Gral. B. O'Higgins;Servicio de Salud Del Libertador B.O'Higgins;Rengo;Centro de Salud Familiar Rosario;115322;1;0;11;0.0
Libertador Gral. B. O'Higgins;Servicio de Salud Del Libertador B.O'Higgins;Rengo;Centro de Salud Familiar Rosario;115322;2;0;3;0.0
Libertador Gral. B. O'Higgins;Servicio de Salud Del Libertador B.O'Higgins;Rengo;Centro de Salud Familiar Rosario;115322;3;18;11;163.64
Libertador Gral. B. O'Higgins;Servicio de Salud Del Libertador B.O'Higgins;Rengo;Centro de Salud Familiar Rosario;115322;4;10;8;125.0
Libertador Gral. B. O'Higgins;Servicio de Salud Del Libertador B.O'Higgins;Rengo;Centro de Salud Familiar Rosario;115322;5;5;8;62.5
Libertador Gral. B. O'Higgins;Servicio de Salud Del Libertador B.O'Higgins;Rengo;Centro de Salud Familiar Rosario;115322;6;7;7;100.0
Libertador Gral. B. O'Higgins;Servicio de Salud Del Libertador B.O'Higgins;Rengo;Posta de Salud Rural Cerrillos (Rengo);115418;5;0;2;0.0
Libertador Gral. B. O'Higgins;Servicio de Salud Del Libertador B.O'Higgins;Rengo;Posta de Salud Rural Cerrillos (Rengo);115418;6;0;1;0.0
Libertador Gral. B. O'Higgins;Servicio de Salud Del Libertador B.O'Higgins;Rengo;Posta de Salud Rural Esmeralda;200225;1;0;3;0.0
Libertador Gral. B. O'Higgins;Servicio de Salud Del Libertador B.O'Higgins;Rengo;Posta de Salud Rural Esmeralda;200225;2;0;1;0.0
Libertador Gral. B. O'Higgins;Servicio de Salud Del Libertador B.O'Higgins;Rengo;Posta de Salud Rural Esmeralda;200225;3;0;1;0.0
Libertador Gral. B. O'Higgins;Servicio de Salud Del Libertador B.O'Higgins;Rengo;Posta de Salud Rural Esmeralda;200225;5;0;2;0.0
Libertador Gral. B. O'Higgins;Servicio de Salud Del Libertador B.O'Higgins;Rengo;Posta de Salud Rural Esmeralda;200225;6;0;3;0.0
Libertador Gral. B. O'Higgins;Servicio de Salud Del Libertador B.O'Higgins;Rengo;Posta de Salud Rural Lo Cartagena;115472;1;0;1;0.0
Libertador Gral. B. O'Higgins;Servicio de Salud Del Libertador B.O'Higgins;Rengo;Posta de Salud Rural Lo Cartagena;115472;2;0;1;0.0
Libertador Gral. B. O'Higgins;Servicio de Salud Del Libertador B.O'Higgins;Rengo;Posta de Salud Rural Lo Cartagena;115472;3;0;1;0.0
Libertador Gral. B. O'Higgins;Servicio de Salud Del Libertador B.O'Higgins;Rengo;Posta de Salud Rural Lo Cartagena;115472;4;0;1;0.0
Libertador Gral. B. O'Higgins;Servicio de Salud Del Libertador B.O'Higgins;Rengo;Posta de Salud Rural Lo Cartagena;115472;6;0;1;0.0
Libertador Gral. B. O'Higgins;Servicio de Salud Del Libertador B.O'Higgins;Rengo;Posta de Salud Rural Lo de Lobos;115420;1;0;1;0.0
Libertador Gral. B. O'Higgins;Servicio de Salud Del Libertador B.O'Higgins;Rengo;Posta de Salud Rural Lo de Lobos;115420;3;0;1;0.0
Libertador Gral. B. O'Higgins;Servicio de Salud Del Libertador B.O'Higgins;Rengo;Posta de Salud Rural Lo de Lobos;115420;4;0;2;0.0
Libertador Gral. B. O'Higgins;Servicio de Salud Del Libertador B.O'Higgins;Rengo;Posta de Salud Rural Lo de Lobos;115420;6;0;1;0.0
Libertador Gral. B. O'Higgins;Servicio de Salud Del Libertador B.O'Higgins;Rengo;Posta de Salud Rural Popeta;115417;4;0;1;0.0
Libertador Gral. B. O'Higgins;Servicio de Salud Del Libertador B.O'Higgins;Rengo;Posta de Salud Rural Popeta;115417;6;0;2;0.0
Libertador Gral. B. O'Higgins;Servicio de Salud Del Libertador B.O'Higgins;Requínoa;Centro Comunitario de Salud Familiar Chumaquito;200485;1;0;2;0.0
Libertador Gral. B. O'Higgins;Servicio de Salud Del Libertador B.O'Higgins;Requínoa;Centro Comunitario de Salud Familiar Chumaquito;200485;2;0;3;0.0
Libertador Gral. B. O'Higgins;Servicio de Salud Del Libertador B.O'Higgins;Requínoa;Centro Comunitario de Salud Familiar Chumaquito;200485;3;0;1;0.0
Libertador Gral. B. O'Higgins;Servicio de Salud Del Libertador B.O'Higgins;Requínoa;Centro Comunitario de Salud Familiar Chumaquito;200485;4;4;2;200.0
Libertador Gral. B. O'Higgins;Servicio de Salud Del Libertador B.O'Higgins;Requínoa;Centro Comunitario de Salud Familiar Chumaquito;200485;6;0;2;0.0
Libertador Gral. B. O'Higgins;Servicio de Salud Del Libertador B.O'Higgins;Requínoa;Centro de Salud Familiar Requínoa;115310;1;4;11;36.36
Libertador Gral. B. O'Higgins;Servicio de Salud Del Libertador B.O'Higgins;Requínoa;Centro de Salud Familiar Requínoa;115310;2;5;13;38.46
Libertador Gral. B. O'Higgins;Servicio de Salud Del Libertador B.O'Higgins;Requínoa;Centro de Salud Familiar Requínoa;115310;3;7;11;63.64
Libertador Gral. B. O'Higgins;Servicio de Salud Del Libertador B.O'Higgins;Requínoa;Centro de Salud Familiar Requínoa;115310;4;2;14;14.29
Libertador Gral. B. O'Higgins;Servicio de Salud Del Libertador B.O'Higgins;Requínoa;Centro de Salud Familiar Requínoa;115310;5;3;6;50.0
Libertador Gral. B. O'Higgins;Servicio de Salud Del Libertador B.O'Higgins;Requínoa;Centro de Salud Familiar Requínoa;115310;6;1;9;11.11
Libertador Gral. B. O'Higgins;Servicio de Salud Del Libertador B.O'Higgins;Requínoa;Posta de Salud Rural El Abra;115409;1;2;5;40.0
Libertador Gral. B. O'Higgins;Servicio de Salud Del Libertador B.O'Higgins;Requínoa;Posta de Salud Rural El Abra;115409;2;4;5;80.0
Libertador Gral. B. O'Higgins;Servicio de Salud Del Libertador B.O'Higgins;Requínoa;Posta de Salud Rural El Abra;115409;3;0;3;0.0
Libertador Gral. B. O'Higgins;Servicio de Salud Del Libertador B.O'Higgins;Requínoa;Posta de Salud Rural El Abra;115409;4;6;4;150.0
Libertador Gral. B. O'Higgins;Servicio de Salud Del Libertador B.O'Higgins;Requínoa;Posta de Salud Rural El Abra;115409;5;3;3;100.0
Libertador Gral. B. O'Higgins;Servicio de Salud Del Libertador B.O'Higgins;Requínoa;Posta de Salud Rural El Abra;115409;6;1;0;
Libertador Gral. B. O'Higgins;Servicio de Salud Del Libertador B.O'Higgins;Requínoa;Posta de Salud Rural Los Lirios;115411;1;3;1;300.0
Libertador Gral. B. O'Higgins;Servicio de Salud Del Libertador B.O'Higgins;Requínoa;Posta de Salud Rural Los Lirios;115411;2;5;1;500.0
Libertador Gral. B. O'Higgins;Servicio de Salud Del Libertador B.O'Higgins;Requínoa;Posta de Salud Rural Los Lirios;115411;3;0;2;0.0
Libertador Gral. B. O'Higgins;Servicio de Salud Del Libertador B.O'Higgins;Requínoa;Posta de Salud Rural Los Lirios;115411;4;3;0;
Libertador Gral. B. O'Higgins;Servicio de Salud Del Libertador B.O'Higgins;Requínoa;Posta de Salud Rural Los Lirios;115411;5;0;2;0.0
Libertador Gral. B. O'Higgins;Servicio de Salud Del Libertador B.O'Higgins;Requínoa;Posta de Salud Rural Los Lirios;115411;6;4;4;100.0
Libertador Gral. B. O'Higgins;Servicio de Salud Del Libertador B.O'Higgins;San Fernando;Centro Comunitario de Salud Familiar Angostura;200491;1;0;3;0.0
Libertador Gral. B. O'Higgins;Servicio de Salud Del Libertador B.O'Higgins;San Fernando;Centro Comunitario de Salud Familiar Angostura;200491;5;0;1;0.0
Libertador Gral. B. O'Higgins;Servicio de Salud Del Libertador B.O'Higgins;San Fernando;Centro Comunitario de Salud Familiar Angostura;200491;6;0;1;0.0
Libertador Gral. B. O'Higgins;Servicio de Salud Del Libertador B.O'Higgins;San Fernando;Centro Comunitario de Salud Familiar Consultorio Chacabuco;115717;1;0;1;0.0
Libertador Gral. B. O'Higgins;Servicio de Salud Del Libertador B.O'Higgins;San Fernando;Centro Comunitario de Salud Familiar Consultorio Chacabuco;115717;2;0;2;0.0
Libertador Gral. B. O'Higgins;Servicio de Salud Del Libertador B.O'Higgins;San Fernando;Centro Comunitario de Salud Familiar Consultorio Chacabuco;115717;3;0;2;0.0
Libertador Gral. B. O'Higgins;Servicio de Salud Del Libertador B.O'Higgins;San Fernando;Centro Comunitario de Salud Familiar Consultorio Chacabuco;115717;4;0;4;0.0
Libertador Gral. B. O'Higgins;Servicio de Salud Del Libertador B.O'Higgins;San Fernando;Centro Comunitario de Salud Familiar Consultorio Chacabuco;115717;5;0;4;0.0
Libertador Gral. B. O'Higgins;Servicio de Salud Del Libertador B.O'Higgins;San Fernando;Centro Comunitario de Salud Familiar Consultorio Chacabuco;115717;6;0;2;0.0
Libertador Gral. B. O'Higgins;Servicio de Salud Del Libertador B.O'Higgins;San Fernando;Centro de Salud Familiar Chacabuco;115317;1;13;45;28.89
Libertador Gral. B. O'Higgins;Servicio de Salud Del Libertador B.O'Higgins;San Fernando;Centro de Salud Familiar Chacabuco;115317;2;0;39;0.0
Libertador Gral. B. O'Higgins;Servicio de Salud Del Libertador B.O'Higgins;San Fernando;Centro de Salud Familiar Chacabuco;115317;3;12;42;28.57
Libertador Gral. B. O'Higgins;Servicio de Salud Del Libertador B.O'Higgins;San Fernando;Centro de Salud Familiar Chacabuco;115317;4;10;43;23.26
Libertador Gral. B. O'Higgins;Servicio de Salud Del Libertador B.O'Higgins;San Fernando;Centro de Salud Familiar Chacabuco;115317;5;0;26;0.0
Libertador Gral. B. O'Higgins;Servicio de Salud Del Libertador B.O'Higgins;San Fernando;Centro de Salud Familiar Chacabuco;115317;6;0;30;0.0
Libertador Gral. B. O'Higgins;Servicio de Salud Del Libertador B.O'Higgins;San Fernando;Centro de Salud Familiar Oriente de San Fernando;115323;1;2;9;22.22
Libertador Gral. B. O'Higgins;Servicio de Salud Del Libertador B.O'Higgins;San Fernando;Centro de Salud Familiar Oriente de San Fernando;115323;2;3;6;50.0
Libertador Gral. B. O'Higgins;Servicio de Salud Del Libertador B.O'Higgins;San Fernando;Centro de Salud Familiar Oriente de San Fernando;115323;3;7;14;50.0
Libertador Gral. B. O'Higgins;Servicio de Salud Del Libertador B.O'Higgins;San Fernando;Centro de Salud Familiar Oriente de San Fernando;115323;4;4;9;44.44
Libertador Gral. B. O'Higgins;Servicio de Salud Del Libertador B.O'Higgins;San Fernando;Centro de Salud Familiar Oriente de San Fernando;115323;5;5;8;62.5
Libertador Gral. B. O'Higgins;Servicio de Salud Del Libertador B.O'Higgins;San Fernando;Centro de Salud Familiar Oriente de San Fernando;115323;6;5;14;35.71
Libertador Gral. B. O'Higgins;Servicio de Salud Del Libertador B.O'Higgins;San Fernando;Posta de Salud Rural Agua Buena;115436;1;0;1;0.0
Libertador Gral. B. O'Higgins;Servicio de Salud Del Libertador B.O'Higgins;San Fernando;Posta de Salud Rural Agua Buena;115436;4;1;1;100.0
Libertador Gral. B. O'Higgins;Servicio de Salud Del Libertador B.O'Higgins;San Fernando;Posta de Salud Rural Agua Buena;115436;5;0;2;0.0
Libertador Gral. B. O'Higgins;Servicio de Salud Del Libertador B.O'Higgins;San Fernando;Posta de Salud Rural Puente Negro;115434;1;3;1;300.0
Libertador Gral. B. O'Higgins;Servicio de Salud Del Libertador B.O'Higgins;San Fernando;Posta de Salud Rural Puente Negro;115434;2;0;1;0.0
Libertador Gral. B. O'Higgins;Servicio de Salud Del Libertador B.O'Higgins;San Fernando;Posta de Salud Rural Puente Negro;115434;3;0;2;0.0
Libertador Gral. B. O'Higgins;Servicio de Salud Del Libertador B.O'Higgins;San Fernando;Posta de Salud Rural Puente Negro;115434;4;4;2;200.0
Libertador Gral. B. O'Higgins;Servicio de Salud Del Libertador B.O'Higgins;San Fernando;Posta de Salud Rural Puente Negro;115434;5;0;2;0.0
Libertador Gral. B. O'Higgins;Servicio de Salud Del Libertador B.O'Higgins;San Fernando;Posta de Salud Rural Puente Negro;115434;6;0;1;0.0
Libertador Gral. B. O'Higgins;Servicio de Salud Del Libertador B.O'Higgins;San Fernando;Posta de Salud Rural Roma;115432;1;0;1;0.0
Libertador Gral. B. O'Higgins;Servicio de Salud Del Libertador B.O'Higgins;San Fernando;Posta de Salud Rural Roma;115432;2;0;4;0.0
Libertador Gral. B. O'Higgins;Servicio de Salud Del Libertador B.O'Higgins;San Fernando;Posta de Salud Rural Roma;115432;4;1;0;
Libertador Gral. B. O'Higgins;Servicio de Salud Del Libertador B.O'Higgins;San Fernando;Posta de Salud Rural Roma;115432;6;0;1;0.0
Libertador Gral. B. O'Higgins;Servicio de Salud Del Libertador B.O'Higgins;San Vicente;Centro de Salud Familiar San Vicente de Tagua Tagua;200075;1;11;28;39.29
Libertador Gral. B. O'Higgins;Servicio de Salud Del Libertador B.O'Higgins;San Vicente;Centro de Salud Familiar San Vicente de Tagua Tagua;200075;2;6;19;31.58
Libertador Gral. B. O'Higgins;Servicio de Salud Del Libertador B.O'Higgins;San Vicente;Centro de Salud Familiar San Vicente de Tagua Tagua;200075;3;8;27;29.63
Libertador Gral. B. O'Higgins;Servicio de Salud Del Libertador B.O'Higgins;San Vicente;Centro de Salud Familiar San Vicente de Tagua Tagua;200075;4;15;34;44.12
Libertador Gral. B. O'Higgins;Servicio de Salud Del Libertador B.O'Higgins;San Vicente;Centro de Salud Familiar San Vicente de Tagua Tagua;200075;5;29;25;116.0
Libertador Gral. B. O'Higgins;Servicio de Salud Del Libertador B.O'Higgins;San Vicente;Centro de Salud Familiar San Vicente de Tagua Tagua;200075;6;10;27;37.04
Libertador Gral. B. O'Higgins;Servicio de Salud Del Libertador B.O'Higgins;San Vicente;Posta de Salud Rural El Tambo;115427;1;0;1;0.0
Libertador Gral. B. O'Higgins;Servicio de Salud Del Libertador B.O'Higgins;San Vicente;Posta de Salud Rural El Tambo;115427;3;0;2;0.0
Libertador Gral. B. O'Higgins;Servicio de Salud Del Libertador B.O'Higgins;San Vicente;Posta de Salud Rural El Tambo;115427;4;0;1;0.0
Libertador Gral. B. O'Higgins;Servicio de Salud Del Libertador B.O'Higgins;San Vicente;Posta de Salud Rural El Tambo;115427;5;0;1;0.0
Libertador Gral. B. O'Higgins;Servicio de Salud Del Libertador B.O'Higgins;San Vicente;Posta de Salud Rural El Tambo;115427;6;0;1;0.0
Libertador Gral. B. O'Higgins;Servicio de Salud Del Libertador B.O'Higgins;San Vicente;Posta de Salud Rural Pencahue;115425;1;0;1;0.0
Libertador Gral. B. O'Higgins;Servicio de Salud Del Libertador B.O'Higgins;San Vicente;Posta de Salud Rural Pencahue;115425;3;0;2;0.0
Libertador Gral. B. O'Higgins;Servicio de Salud Del Libertador B.O'Higgins;San Vicente;Posta de Salud Rural Rinconada;115426;1;0;1;0.0
Libertador Gral. B. O'Higgins;Servicio de Salud Del Libertador B.O'Higgins;San Vicente;Posta de Salud Rural Rinconada;115426;2;0;1;0.0
Libertador Gral. B. O'Higgins;Servicio de Salud Del Libertador B.O'Higgins;San Vicente;Posta de Salud Rural Rinconada;115426;5;0;2;0.0
Libertador Gral. B. O'Higgins;Servicio de Salud Del Libertador B.O'Higgins;San Vicente;Posta de Salud Rural Zúñiga;115424;1;0;1;0.0
Libertador Gral. B. O'Higgins;Servicio de Salud Del Libertador B.O'Higgins;San Vicente;Posta de Salud Rural Zúñiga;115424;2;0;3;0.0
Libertador Gral. B. O'Higgins;Servicio de Salud Del Libertador B.O'Higgins;San Vicente;Posta de Salud Rural Zúñiga;115424;3;0;2;0.0
Libertador Gral. B. O'Higgins;Servicio de Salud Del Libertador B.O'Higgins;San Vicente;Posta de Salud Rural Zúñiga;115424;4;0;1;0.0
Libertador Gral. B. O'Higgins;Servicio de Salud Del Libertador B.O'Higgins;San Vicente;Posta de Salud Rural Zúñiga;115424;5;1;1;100.0
Libertador Gral. B. O'Higgins;Servicio de Salud Del Libertador B.O'Higgins;San Vicente;Posta de Salud Rural Zúñiga;115424;6;0;1;0.0
Libertador Gral. B. O'Higgins;Servicio de Salud Del Libertador B.O'Higgins;Santa Cruz;Centro Comunitario de Salud Familiar Paniahue;200288;2;0;1;0.0
Libertador Gral. B. O'Higgins;Servicio de Salud Del Libertador B.O'Higgins;Santa Cruz;Centro Comunitario de Salud Familiar Paniahue;200288;3;0;2;0.0
Libertador Gral. B. O'Higgins;Servicio de Salud Del Libertador B.O'Higgins;Santa Cruz;Centro Comunitario de Salud Familiar Paniahue;200288;4;0;3;0.0
Libertador Gral. B. O'Higgins;Servicio de Salud Del Libertador B.O'Higgins;Santa Cruz;Centro Comunitario de Salud Familiar Paniahue;200288;5;0;1;0.0
Libertador Gral. B. O'Higgins;Servicio de Salud Del Libertador B.O'Higgins;Santa Cruz;Centro Comunitario de Salud Familiar Paniahue;200288;6;0;1;0.0
Libertador Gral. B. O'Higgins;Servicio de Salud Del Libertador B.O'Higgins;Santa Cruz;Centro de Salud Familiar Santa Cruz;115319;1;16;28;57.14
Libertador Gral. B. O'Higgins;Servicio de Salud Del Libertador B.O'Higgins;Santa Cruz;Centro de Salud Familiar Santa Cruz;115319;2;48;22;218.18
Libertador Gral. B. O'Higgins;Servicio de Salud Del Libertador B.O'Higgins;Santa Cruz;Centro de Salud Familiar Santa Cruz;115319;3;22;25;88.0
Libertador Gral. B. O'Higgins;Servicio de Salud Del Libertador B.O'Higgins;Santa Cruz;Centro de Salud Familiar Santa Cruz;115319;4;28;25;112.0
Libertador Gral. B. O'Higgins;Servicio de Salud Del Libertador B.O'Higgins;Santa Cruz;Centro de Salud Familiar Santa Cruz;115319;5;15;25;60.0
Libertador Gral. B. O'Higgins;Servicio de Salud Del Libertador B.O'Higgins;Santa Cruz;Centro de Salud Familiar Santa Cruz;115319;6;21;21;100.0
Libertador Gral. B. O'Higgins;Servicio de Salud Del Libertador B.O'Higgins;Santa Cruz;Posta de Salud Rural Apalta;115449;5;0;1;0.0
Libertador Gral. B. O'Higgins;Servicio de Salud Del Libertador B.O'Higgins;Santa Cruz;Posta de Salud Rural Guindo Alto;115450;1;0;2;0.0
Libertador Gral. B. O'Higgins;Servicio de Salud Del Libertador B.O'Higgins;Santa Cruz;Posta de Salud Rural Guindo Alto;115450;3;0;1;0.0
Libertador Gral. B. O'Higgins;Servicio de Salud Del Libertador B.O'Higgins;Santa Cruz;Posta de Salud Rural Guindo Alto;115450;4;0;1;0.0
Libertador Gral. B. O'Higgins;Servicio de Salud Del Libertador B.O'Higgins;Santa Cruz;Posta de Salud Rural Isla de Yáquil;115444;1;0;2;0.0
Libertador Gral. B. O'Higgins;Servicio de Salud Del Libertador B.O'Higgins;Santa Cruz;Posta de Salud Rural Isla de Yáquil;115444;2;0;1;0.0
Libertador Gral. B. O'Higgins;Servicio de Salud Del Libertador B.O'Higgins;Santa Cruz;Posta de Salud Rural Isla de Yáquil;115444;3;0;1;0.0
Libertador Gral. B. O'Higgins;Servicio de Salud Del Libertador B.O'Higgins;Santa Cruz;Posta de Salud Rural Isla de Yáquil;115444;4;0;1;0.0
Libertador Gral. B. O'Higgins;Servicio de Salud Del Libertador B.O'Higgins;Santa Cruz;Posta de Salud Rural Isla de Yáquil;115444;6;0;1;0.0
Libertador Gral. B. O'Higgins;Servicio de Salud Del Libertador B.O'Higgins;Santa Cruz;Posta de Salud Rural Quinahue;115443;2;0;2;0.0
Libertador Gral. B. O'Higgins;Servicio de Salud Del Libertador B.O'Higgins;Santa Cruz;Posta de Salud Rural Quinahue;115443;5;0;1;0.0
Libertador Gral. B. O'Higgins;Servicio de Salud Valparaíso San Antonio;Navidad;Centro de Salud Familiar Valle Mar Navidad;115320;1;0;8;0.0
Libertador Gral. B. O'Higgins;Servicio de Salud Valparaíso San Antonio;Navidad;Centro de Salud Familiar Valle Mar Navidad;115320;2;0;2;0.0
Libertador Gral. B. O'Higgins;Servicio de Salud Valparaíso San Antonio;Navidad;Centro de Salud Familiar Valle Mar Navidad;115320;3;0;3;0.0
Libertador Gral. B. O'Higgins;Servicio de Salud Valparaíso San Antonio;Navidad;Centro de Salud Familiar Valle Mar Navidad;115320;4;0;1;0.0
Libertador Gral. B. O'Higgins;Servicio de Salud Valparaíso San Antonio;Navidad;Centro de Salud Familiar Valle Mar Navidad;115320;5;0;3;0.0
Libertador Gral. B. O'Higgins;Servicio de Salud Valparaíso San Antonio;Navidad;Centro de Salud Familiar Valle Mar Navidad;115320;6;0;1;0.0
Libertador Gral. B. O'Higgins;Servicio de Salud Valparaíso San Antonio;Navidad;Posta de Salud Rural Pupuya;115460;1;0;1;0.0
Libertador Gral. B. O'Higgins;Servicio de Salud Valparaíso San Antonio;Navidad;Posta de Salud Rural Pupuya;115460;2;0;2;0.0
Libertador Gral. B. O'Higgins;Servicio de Salud Valparaíso San Antonio;Navidad;Posta de Salud Rural Rapel (Navidad);115462;3;0;1;0.0
Libertador Gral. B. O'Higgins;Servicio de Salud Valparaíso San Antonio;Navidad;Posta de Salud Rural Rapel (Navidad);115462;4;0;1;0.0
Libertador Gral. B. O'Higgins;Servicio de Salud Valparaíso San Antonio;Navidad;Posta de Salud Rural Rapel (Navidad);115462;6;0;1;0.0
Libertador Gral. B. O'Higgins;Servicio de Salud Valparaíso San Antonio;Navidad;Posta de Salud Rural San Vicente de Pucalán;115464;4;0;1;0.0
Los Lagos;Servicio de Salud Chiloé;Ancud;Centro Comunitario de Salud Familiar Bellavista;133725;1;0;3;0.0
Los Lagos;Servicio de Salud Chiloé;Ancud;Centro Comunitario de Salud Familiar Bellavista;133725;3;0;2;0.0
Los Lagos;Servicio de Salud Chiloé;Ancud;Centro Comunitario de Salud Familiar Bellavista;133725;4;0;3;0.0
Los Lagos;Servicio de Salud Chiloé;Ancud;Centro Comunitario de Salud Familiar Bellavista;133725;5;8;1;800.0
Los Lagos;Servicio de Salud Chiloé;Ancud;Centro Comunitario de Salud Familiar Puntra Degañ;200449;2;0;1;0.0
Los Lagos;Servicio de Salud Chiloé;Ancud;Centro Comunitario de Salud Familiar Puntra Degañ;200449;3;0;1;0.0
Los Lagos;Servicio de Salud Chiloé;Ancud;Centro Comunitario de Salud Familiar Puntra Degañ;200449;4;0;1;0.0
Los Lagos;Servicio de Salud Chiloé;Ancud;Centro Comunitario de Salud Familiar Quetalmahue;133487;2;0;1;0.0
Los Lagos;Servicio de Salud Chiloé;Ancud;Centro Comunitario de Salud Familiar Quetalmahue;133487;4;2;0;
Los Lagos;Servicio de Salud Chiloé;Ancud;Centro de Salud Familiar Dr. Manuel Ferreira Guzman;133390;1;0;17;0.0
Los Lagos;Servicio de Salud Chiloé;Ancud;Centro de Salud Familiar Dr. Manuel Ferreira Guzman;133390;2;4;8;50.0
Los Lagos;Servicio de Salud Chiloé;Ancud;Centro de Salud Familiar Dr. Manuel Ferreira Guzman;133390;3;4;11;36.36
Los Lagos;Servicio de Salud Chiloé;Ancud;Centro de Salud Familiar Dr. Manuel Ferreira Guzman;133390;4;2;9;22.22
Los Lagos;Servicio de Salud Chiloé;Ancud;Centro de Salud Familiar Dr. Manuel Ferreira Guzman;133390;5;3;11;27.27
Los Lagos;Servicio de Salud Chiloé;Ancud;Centro de Salud Familiar Dr. Manuel Ferreira Guzman;133390;6;5;8;62.5
Los Lagos;Servicio de Salud Chiloé;Ancud;Centro de Salud Familiar Pudeto Bajo;133325;1;0;10;0.0
Los Lagos;Servicio de Salud Chiloé;Ancud;Centro de Salud Familiar Pudeto Bajo;133325;2;0;7;0.0
Los Lagos;Servicio de Salud Chiloé;Ancud;Centro de Salud Familiar Pudeto Bajo;133325;3;0;3;0.0
Los Lagos;Servicio de Salud Chiloé;Ancud;Centro de Salud Familiar Pudeto Bajo;133325;4;0;2;0.0
Los Lagos;Servicio de Salud Chiloé;Ancud;Centro de Salud Familiar Pudeto Bajo;133325;5;0;7;0.0
Los Lagos;Servicio de Salud Chiloé;Ancud;Centro de Salud Familiar Pudeto Bajo;133325;6;7;3;233.33
Los Lagos;Servicio de Salud Chiloé;Ancud;Hospital de Ancud;133155;2;5;0;
Los Lagos;Servicio de Salud Chiloé;Ancud;Hospital de Ancud;133155;3;2;0;
Los Lagos;Servicio de Salud Chiloé;Ancud;Hospital de Ancud;133155;4;4;0;
Los Lagos;Servicio de Salud Chiloé;Ancud;Hospital de Ancud;133155;6;3;0;
Los Lagos;Servicio de Salud Chiloé;Ancud;Posta de Salud Rural Chacao;133486;1;1;1;100.0
Los Lagos;Servicio de Salud Chiloé;Ancud;Posta de Salud Rural Chacao;133486;2;2;1;200.0
Los Lagos;Servicio de Salud Chiloé;Ancud;Posta de Salud Rural Chacao;133486;4;2;1;200.0
Los Lagos;Servicio de Salud Chiloé;Ancud;Posta de Salud Rural Chacao;133486;5;0;1;0.0
Los Lagos;Servicio de Salud Chiloé;Ancud;Posta de Salud Rural Guabún;133490;2;0;1;0.0
Los Lagos;Servicio de Salud Chiloé;Ancud;Posta de Salud Rural Guabún;133490;4;2;0;
Los Lagos;Servicio de Salud Chiloé;Ancud;Posta de Salud Rural Linao;133485;3;1;0;
Los Lagos;Servicio de Salud Chiloé;Ancud;Posta de Salud Rural Linao;133485;4;0;1;0.0
Los Lagos;Servicio de Salud Chiloé;Ancud;Posta de Salud Rural Nal;133488;3;0;1;0.0
Los Lagos;Servicio de Salud Chiloé;Ancud;Posta de Salud Rural Nal;133488;6;0;2;0.0
Los Lagos;Servicio de Salud Chiloé;Castro;Centro Comunitario de Salud Familiar Gamboa;200442;1;0;4;0.0
Los Lagos;Servicio de Salud Chiloé;Castro;Centro Comunitario de Salud Familiar Gamboa;200442;2;0;2;0.0
Los Lagos;Servicio de Salud Chiloé;Castro;Centro Comunitario de Salud Familiar Gamboa;200442;3;0;4;0.0
Los Lagos;Servicio de Salud Chiloé;Castro;Centro Comunitario de Salud Familiar Gamboa;200442;4;0;4;0.0
Los Lagos;Servicio de Salud Chiloé;Castro;Centro Comunitario de Salud Familiar Gamboa;200442;5;0;2;0.0
Los Lagos;Servicio de Salud Chiloé;Castro;Centro Comunitario de Salud Familiar Gamboa;200442;6;0;1;0.0
Los Lagos;Servicio de Salud Chiloé;Castro;Centro Comunitario de Salud Familiar Kintunien;133776;1;0;1;0.0
Los Lagos;Servicio de Salud Chiloé;Castro;Centro Comunitario de Salud Familiar Kintunien;133776;2;0;2;0.0
Los Lagos;Servicio de Salud Chiloé;Castro;Centro Comunitario de Salud Familiar Kintunien;133776;3;0;6;0.0
Los Lagos;Servicio de Salud Chiloé;Castro;Centro Comunitario de Salud Familiar Kintunien;133776;5;0;4;0.0
Los Lagos;Servicio de Salud Chiloé;Castro;Centro Comunitario de Salud Familiar Kintunien;133776;6;0;10;0.0
Los Lagos;Servicio de Salud Chiloé;Castro;Centro Comunitario de Salud Familiar Llau Llao;133775;2;0;5;0.0
Los Lagos;Servicio de Salud Chiloé;Castro;Centro Comunitario de Salud Familiar Llau Llao;133775;3;0;2;0.0
Los Lagos;Servicio de Salud Chiloé;Castro;Centro Comunitario de Salud Familiar Llau Llao;133775;4;0;7;0.0
Los Lagos;Servicio de Salud Chiloé;Castro;Centro Comunitario de Salud Familiar Llau Llao;133775;5;0;4;0.0
Los Lagos;Servicio de Salud Chiloé;Castro;Centro Comunitario de Salud Familiar Llau Llao;133775;6;0;1;0.0
Los Lagos;Servicio de Salud Chiloé;Castro;Centro Comunitario de Salud Familiar Rilán;133468;2;0;1;0.0
Los Lagos;Servicio de Salud Chiloé;Castro;Centro Comunitario de Salud Familiar Rilán;133468;3;0;1;0.0
Los Lagos;Servicio de Salud Chiloé;Castro;Centro de Salud Familiar Dr. René Tapia Salgado;133375;1;0;8;0.0
Los Lagos;Servicio de Salud Chiloé;Castro;Centro de Salud Familiar Dr. René Tapia Salgado;133375;2;0;6;0.0
Los Lagos;Servicio de Salud Chiloé;Castro;Centro de Salud Familiar Dr. René Tapia Salgado;133375;3;0;12;0.0
Los Lagos;Servicio de Salud Chiloé;Castro;Centro de Salud Familiar Dr. René Tapia Salgado;133375;4;0;9;0.0
Los Lagos;Servicio de Salud Chiloé;Castro;Centro de Salud Familiar Dr. René Tapia Salgado;133375;5;0;11;0.0
Los Lagos;Servicio de Salud Chiloé;Castro;Centro de Salud Familiar Dr. René Tapia Salgado;133375;6;2;5;40.0
Los Lagos;Servicio de Salud Chiloé;Castro;Centro de Salud Familiar Quillahue;200009;1;0;13;0.0
Los Lagos;Servicio de Salud Chiloé;Castro;Centro de Salud Familiar Quillahue;200009;2;0;9;0.0
Los Lagos;Servicio de Salud Chiloé;Castro;Centro de Salud Familiar Quillahue;200009;3;0;9;0.0
Los Lagos;Servicio de Salud Chiloé;Castro;Centro de Salud Familiar Quillahue;200009;4;4;15;26.67
Los Lagos;Servicio de Salud Chiloé;Castro;Centro de Salud Familiar Quillahue;200009;5;18;9;200.0
Los Lagos;Servicio de Salud Chiloé;Castro;Centro de Salud Familiar Quillahue;200009;6;2;9;22.22
Los Lagos;Servicio de Salud Chiloé;Castro;Posta de Salud Rural Curahue;133466;4;0;1;0.0
Los Lagos;Servicio de Salud Chiloé;Castro;Posta de Salud Rural Curahue;133466;6;0;1;0.0
Los Lagos;Servicio de Salud Chiloé;Castro;Posta de Salud Rural Pid - Pid;133547;3;0;1;0.0
Los Lagos;Servicio de Salud Chiloé;Castro;Posta de Salud Rural Puyán;133467;1;0;1;0.0
Los Lagos;Servicio de Salud Chiloé;Castro;Posta de Salud Rural Puyán;133467;4;0;1;0.0
Los Lagos;Servicio de Salud Chiloé;Castro;Posta de Salud Rural Quehui;133469;2;0;1;0.0
Los Lagos;Servicio de Salud Chiloé;Castro;Posta de Salud Rural Quehui;133469;6;0;1;0.0
Los Lagos;Servicio de Salud Chiloé;Chonchi;Centro Comunitario de Salud Familiar Huillinco;133745;3;0;1;0.0
Los Lagos;Servicio de Salud Chiloé;Chonchi;Centro Comunitario de Salud Familiar Huillinco;133745;5;0;1;0.0
Los Lagos;Servicio de Salud Chiloé;Chonchi;Centro de Salud Familiar Chonchi;133345;1;0;5;0.0
Los Lagos;Servicio de Salud Chiloé;Chonchi;Centro de Salud Familiar Chonchi;133345;2;9;3;300.0
Los Lagos;Servicio de Salud Chiloé;Chonchi;Centro de Salud Familiar Chonchi;133345;3;8;9;88.89
Los Lagos;Servicio de Salud Chiloé;Chonchi;Centro de Salud Familiar Chonchi;133345;4;11;12;91.67
Los Lagos;Servicio de Salud Chiloé;Chonchi;Centro de Salud Familiar Chonchi;133345;5;10;12;83.33
Los Lagos;Servicio de Salud Chiloé;Chonchi;Centro de Salud Familiar Chonchi;133345;6;14;17;82.35
Los Lagos;Servicio de Salud Chiloé;Chonchi;Posta de Salud Rural Curaco de Vilupulli;133554;1;1;0;
Los Lagos;Servicio de Salud Chiloé;Chonchi;Posta de Salud Rural Natri;133553;5;0;1;0.0
Los Lagos;Servicio de Salud Chiloé;Chonchi;Posta de Salud Rural Pulpito;133538;1;0;1;0.0
Los Lagos;Servicio de Salud Chiloé;Curaco de Vélez;Centro de Salud Familiar Curaco de Vélez;133360;1;7;1;700.0
Los Lagos;Servicio de Salud Chiloé;Curaco de Vélez;Centro de Salud Familiar Curaco de Vélez;133360;3;0;1;0.0
Los Lagos;Servicio de Salud Chiloé;Curaco de Vélez;Centro de Salud Familiar Curaco de Vélez;133360;4;0;1;0.0
Los Lagos;Servicio de Salud Chiloé;Curaco de Vélez;Centro de Salud Familiar Curaco de Vélez;133360;5;0;2;0.0
Los Lagos;Servicio de Salud Chiloé;Curaco de Vélez;Centro de Salud Familiar Curaco de Vélez;133360;6;1;1;100.0
Los Lagos;Servicio de Salud Chiloé;Dalcahue;Centro de Salud Familiar Dalcahue;133350;1;1;5;20.0
Los Lagos;Servicio de Salud Chiloé;Dalcahue;Centro de Salud Familiar Dalcahue;133350;2;1;8;12.5
Los Lagos;Servicio de Salud Chiloé;Dalcahue;Centro de Salud Familiar Dalcahue;133350;3;3;7;42.86
Los Lagos;Servicio de Salud Chiloé;Dalcahue;Centro de Salud Familiar Dalcahue;133350;4;9;10;90.0
Los Lagos;Servicio de Salud Chiloé;Dalcahue;Centro de Salud Familiar Dalcahue;133350;5;4;8;50.0
Los Lagos;Servicio de Salud Chiloé;Dalcahue;Centro de Salud Familiar Dalcahue;133350;6;3;6;50.0
Los Lagos;Servicio de Salud Chiloé;Dalcahue;Posta de Salud Rural Butalcura;133559;4;0;1;0.0
Los Lagos;Servicio de Salud Chiloé;Dalcahue;Posta de Salud Rural Butalcura;133559;6;0;2;0.0
Los Lagos;Servicio de Salud Chiloé;Dalcahue;Posta de Salud Rural Calén;133474;5;0;1;0.0
Los Lagos;Servicio de Salud Chiloé;Dalcahue;Posta de Salud Rural Mocopulli;133472;1;0;1;0.0
Los Lagos;Servicio de Salud Chiloé;Dalcahue;Posta de Salud Rural Mocopulli;133472;3;0;1;0.0
Los Lagos;Servicio de Salud Chiloé;Dalcahue;Posta de Salud Rural Mocopulli;133472;5;0;1;0.0
Los Lagos;Servicio de Salud Chiloé;Dalcahue;Posta de Salud Rural Mocopulli;133472;6;0;1;0.0
Los Lagos;Servicio de Salud Chiloé;Dalcahue;Posta de Salud Rural Puchaurán;133546;4;0;1;0.0
Los Lagos;Servicio de Salud Chiloé;Dalcahue;Posta de Salud Rural Quetalco;133473;3;0;2;0.0
Los Lagos;Servicio de Salud Chiloé;Dalcahue;Posta de Salud Rural Tenaún;133496;4;0;1;0.0
Los Lagos;Servicio de Salud Chiloé;Puqueldón;Centro de Salud Familiar Puqueldón;133355;1;0;2;0.0
Los Lagos;Servicio de Salud Chiloé;Puqueldón;Centro de Salud Familiar Puqueldón;133355;2;1;2;50.0
Los Lagos;Servicio de Salud Chiloé;Puqueldón;Centro de Salud Familiar Puqueldón;133355;3;2;1;200.0
Los Lagos;Servicio de Salud Chiloé;Puqueldón;Centro de Salud Familiar Puqueldón;133355;4;0;3;0.0
Los Lagos;Servicio de Salud Chiloé;Puqueldón;Centro de Salud Familiar Puqueldón;133355;5;4;2;200.0
Los Lagos;Servicio de Salud Chiloé;Puqueldón;Centro de Salud Familiar Puqueldón;133355;6;3;1;300.0
Los Lagos;Servicio de Salud Chiloé;Puqueldón;Posta de Salud Rural Detif;133477;5;0;1;0.0
Los Lagos;Servicio de Salud Chiloé;Queilén;Hospital Comunitario de Queilén;133170;1;0;2;0.0
Los Lagos;Servicio de Salud Chiloé;Queilén;Hospital Comunitario de Queilén;133170;2;0;5;0.0
Los Lagos;Servicio de Salud Chiloé;Queilén;Hospital Comunitario de Queilén;133170;3;1;1;100.0
Los Lagos;Servicio de Salud Chiloé;Queilén;Hospital Comunitario de Queilén;133170;4;7;3;233.33
Los Lagos;Servicio de Salud Chiloé;Queilén;Hospital Comunitario de Queilén;133170;5;0;1;0.0
Los Lagos;Servicio de Salud Chiloé;Queilén;Hospital Comunitario de Queilén;133170;6;0;4;0.0
Los Lagos;Servicio de Salud Chiloé;Queilén;Posta de Salud Rural Apeche;133500;2;0;1;0.0
Los Lagos;Servicio de Salud Chiloé;Queilén;Posta de Salud Rural Apeche;133500;3;1;0;
Los Lagos;Servicio de Salud Chiloé;Queilén;Posta de Salud Rural Nepúe;133502;1;1;0;
Los Lagos;Servicio de Salud Chiloé;Queilén;Posta de Salud Rural Nepúe;133502;2;0;1;0.0
Los Lagos;Servicio de Salud Chiloé;Queilén;Posta de Salud Rural de CONTUY;133534;3;1;0;
Los Lagos;Servicio de Salud Chiloé;Quellón;Centro Comunitario de Salud Familiar Rukalaf;133796;2;0;6;0.0
Los Lagos;Servicio de Salud Chiloé;Quellón;Centro Comunitario de Salud Familiar Rukalaf;133796;3;0;2;0.0
Los Lagos;Servicio de Salud Chiloé;Quellón;Centro Comunitario de Salud Familiar Rukalaf;133796;4;0;3;0.0
Los Lagos;Servicio de Salud Chiloé;Quellón;Centro Comunitario de Salud Familiar Rukalaf;133796;5;0;4;0.0
Los Lagos;Servicio de Salud Chiloé;Quellón;Centro Comunitario de Salud Familiar Rukalaf;133796;6;0;6;0.0
Los Lagos;Servicio de Salud Chiloé;Quellón;Centro Comunitario de Salud Familiar Villa Aytue;200493;1;0;3;0.0
Los Lagos;Servicio de Salud Chiloé;Quellón;Centro Comunitario de Salud Familiar Villa Aytue;200493;3;0;4;0.0
Los Lagos;Servicio de Salud Chiloé;Quellón;Centro Comunitario de Salud Familiar Villa Aytue;200493;4;0;3;0.0
Los Lagos;Servicio de Salud Chiloé;Quellón;Centro Comunitario de Salud Familiar Villa Aytue;200493;5;0;4;0.0
Los Lagos;Servicio de Salud Chiloé;Quellón;Centro Comunitario de Salud Familiar Villa Aytue;200493;6;1;1;100.0
Los Lagos;Servicio de Salud Chiloé;Quellón;Centro Comunitario de Salud Familiar Vista Hermosa;133797;1;0;9;0.0
Los Lagos;Servicio de Salud Chiloé;Quellón;Centro Comunitario de Salud Familiar Vista Hermosa;133797;2;0;5;0.0
Los Lagos;Servicio de Salud Chiloé;Quellón;Centro Comunitario de Salud Familiar Vista Hermosa;133797;3;0;3;0.0
Los Lagos;Servicio de Salud Chiloé;Quellón;Centro Comunitario de Salud Familiar Vista Hermosa;133797;4;0;6;0.0
Los Lagos;Servicio de Salud Chiloé;Quellón;Centro Comunitario de Salud Familiar Vista Hermosa;133797;5;0;5;0.0
Los Lagos;Servicio de Salud Chiloé;Quellón;Centro Comunitario de Salud Familiar Vista Hermosa;133797;6;0;2;0.0
Los Lagos;Servicio de Salud Chiloé;Quellón;Centro de Salud Familiar Quellón;133396;1;16;15;106.67
Los Lagos;Servicio de Salud Chiloé;Quellón;Centro de Salud Familiar Quellón;133396;2;21;6;350.0
Los Lagos;Servicio de Salud Chiloé;Quellón;Centro de Salud Familiar Quellón;133396;3;22;13;169.23
Los Lagos;Servicio de Salud Chiloé;Quellón;Centro de Salud Familiar Quellón;133396;4;16;11;145.45
Los Lagos;Servicio de Salud Chiloé;Quellón;Centro de Salud Familiar Quellón;133396;5;9;12;75.0
Los Lagos;Servicio de Salud Chiloé;Quellón;Centro de Salud Familiar Quellón;133396;6;10;13;76.92
Los Lagos;Servicio de Salud Chiloé;Quellón;Posta de Salud Rural Auchac;133550;2;0;1;0.0
Los Lagos;Servicio de Salud Chiloé;Quellón;Posta de Salud Rural Candelaria (Quellón);133523;1;0;1;0.0
Los Lagos;Servicio de Salud Chiloé;Quellón;Posta de Salud Rural Candelaria (Quellón);133523;3;0;2;0.0
Los Lagos;Servicio de Salud Chiloé;Quellón;Posta de Salud Rural Candelaria (Quellón);133523;4;0;3;0.0
Los Lagos;Servicio de Salud Chiloé;Quellón;Posta de Salud Rural Candelaria (Quellón);133523;5;0;1;0.0
Los Lagos;Servicio de Salud Chiloé;Quellón;Posta de Salud Rural Candelaria (Quellón);133523;6;0;1;0.0
Los Lagos;Servicio de Salud Chiloé;Quellón;Posta de Salud Rural Coinco;133548;2;0;2;0.0
Los Lagos;Servicio de Salud Chiloé;Quellón;Posta de Salud Rural Coinco;133548;5;0;2;0.0
Los Lagos;Servicio de Salud Chiloé;Quellón;Posta de Salud Rural Coinco;133548;6;1;1;100.0
Los Lagos;Servicio de Salud Chiloé;Quellón;Posta de Salud Rural Compu;133524;2;0;1;0.0
Los Lagos;Servicio de Salud Chiloé;Quellón;Posta de Salud Rural Punta Liles o Laitec;133527;5;0;1;0.0
Los Lagos;Servicio de Salud Chiloé;Quellón;Posta de Salud Rural Yaldad;133551;1;0;1;0.0
Los Lagos;Servicio de Salud Chiloé;Quellón;Posta de Salud Rural Yaldad;133551;2;0;2;0.0
Los Lagos;Servicio de Salud Chiloé;Quellón;Posta de Salud Rural Yaldad;133551;3;3;0;
Los Lagos;Servicio de Salud Chiloé;Quemchi;Centro de Salud Familiar Quemchi;133340;1;0;3;0.0
Los Lagos;Servicio de Salud Chiloé;Quemchi;Centro de Salud Familiar Quemchi;133340;2;5;7;71.43
Los Lagos;Servicio de Salud Chiloé;Quemchi;Centro de Salud Familiar Quemchi;133340;3;0;6;0.0
Los Lagos;Servicio de Salud Chiloé;Quemchi;Centro de Salud Familiar Quemchi;133340;4;1;2;50.0
Los Lagos;Servicio de Salud Chiloé;Quemchi;Centro de Salud Familiar Quemchi;133340;5;0;4;0.0
Los Lagos;Servicio de Salud Chiloé;Quemchi;Centro de Salud Familiar Quemchi;133340;6;7;6;116.67
Los Lagos;Servicio de Salud Chiloé;Quemchi;Posta de Salud Rural Lliuco (Quemchi);133492;3;0;2;0.0
Los Lagos;Servicio de Salud Chiloé;Quemchi;Posta de Salud Rural Mechuque;133514;1;0;1;0.0
Los Lagos;Servicio de Salud Chiloé;Quemchi;Posta de Salud Rural Mechuque;133514;3;1;0;
Los Lagos;Servicio de Salud Chiloé;Quemchi;Posta de Salud Rural Mechuque;133514;4;1;0;
Los Lagos;Servicio de Salud Chiloé;Quemchi;Posta de Salud Rural Montemar;133495;6;0;1;0.0
Los Lagos;Servicio de Salud Chiloé;Quemchi;Posta de Salud Rural Quicaví;133497;2;0;1;0.0
Los Lagos;Servicio de Salud Chiloé;Quemchi;Posta de Salud Rural Voigue;133517;2;0;1;0.0
Los Lagos;Servicio de Salud Chiloé;Quemchi;Posta de Salud Rural Voigue;133517;4;1;0;
Los Lagos;Servicio de Salud Chiloé;Quemchi;Posta de Salud Rural Voigue;133517;6;1;0;
Los Lagos;Servicio de Salud Chiloé;Quinchao;Centro Comunitario de Salud Familiar Carlina Paillacar;133703;2;0;1;0.0
Los Lagos;Servicio de Salud Chiloé;Quinchao;Centro Comunitario de Salud Familiar Carlina Paillacar;133703;4;2;0;
Los Lagos;Servicio de Salud Chiloé;Quinchao;Centro Comunitario de Salud Familiar Carlina Paillacar;133703;5;1;0;
Los Lagos;Servicio de Salud Chiloé;Quinchao;Centro Comunitario de Salud Familiar Isla Meulín;133506;5;0;1;0.0
Los Lagos;Servicio de Salud Chiloé;Quinchao;Hospital Comunitario de Achao;133160;1;0;3;0.0
Los Lagos;Servicio de Salud Chiloé;Quinchao;Hospital Comunitario de Achao;133160;2;0;1;0.0
Los Lagos;Servicio de Salud Chiloé;Quinchao;Hospital Comunitario de Achao;133160;5;0;1;0.0
Los Lagos;Servicio de Salud Chiloé;Quinchao;Posta de Salud Rural Capilla Antigüa;133511;2;0;1;0.0
Los Lagos;Servicio de Salud Chiloé;Quinchao;Posta de Salud Rural Capilla Antigüa;133511;4;1;0;
Los Lagos;Servicio de Salud Chiloé;Quinchao;Posta de Salud Rural Capilla Antigüa;133511;5;1;0;
Los Lagos;Servicio de Salud Chiloé;Quinchao;Posta de Salud Rural Capilla Antigüa;133511;6;0;1;0.0
Los Lagos;Servicio de Salud Chiloé;Quinchao;Posta de Salud Rural Isla Alao;133510;6;0;1;0.0
Los Lagos;Servicio de Salud Chiloé;Quinchao;Posta de Salud Rural Isla Cahuach;133509;3;1;0;
Los Lagos;Servicio de Salud Chiloé;Quinchao;Posta de Salud Rural Quinchao;133503;4;3;2;150.0
Los Lagos;Servicio de Salud Chiloé;Quinchao;Posta de Salud Rural Quinchao;133503;5;2;0;
Los Lagos;Servicio de Salud Chiloé;Quinchao;Posta de Salud Rural Quinchao;133503;6;1;1;100.0
Los Lagos;Servicio de Salud Del Reloncaví;Calbuco;Centro Comunitario de Salud Familiar Texas;124450;1;0;7;0.0
Los Lagos;Servicio de Salud Del Reloncaví;Calbuco;Centro Comunitario de Salud Familiar Texas;124450;2;0;3;0.0
Los Lagos;Servicio de Salud Del Reloncaví;Calbuco;Centro Comunitario de Salud Familiar Texas;124450;3;0;4;0.0
Los Lagos;Servicio de Salud Del Reloncaví;Calbuco;Centro Comunitario de Salud Familiar Texas;124450;4;0;4;0.0
Los Lagos;Servicio de Salud Del Reloncaví;Calbuco;Centro Comunitario de Salud Familiar Texas;124450;6;0;6;0.0
Los Lagos;Servicio de Salud Del Reloncaví;Calbuco;Centro de Salud Familiar Calbuco;124396;1;0;5;0.0
Los Lagos;Servicio de Salud Del Reloncaví;Calbuco;Centro de Salud Familiar Calbuco;124396;2;9;14;64.29
Los Lagos;Servicio de Salud Del Reloncaví;Calbuco;Centro de Salud Familiar Calbuco;124396;3;5;13;38.46
Los Lagos;Servicio de Salud Del Reloncaví;Calbuco;Centro de Salud Familiar Calbuco;124396;4;0;11;0.0
Los Lagos;Servicio de Salud Del Reloncaví;Calbuco;Centro de Salud Familiar Calbuco;124396;5;9;19;47.37
Los Lagos;Servicio de Salud Del Reloncaví;Calbuco;Centro de Salud Familiar Calbuco;124396;6;0;14;0.0
Los Lagos;Servicio de Salud Del Reloncaví;Calbuco;Posta de Salud Rural Aguantao;124451;5;0;1;0.0
Los Lagos;Servicio de Salud Del Reloncaví;Calbuco;Posta de Salud Rural Aguantao;124451;6;0;1;0.0
Los Lagos;Servicio de Salud Del Reloncaví;Calbuco;Posta de Salud Rural Avellanal;124453;1;0;1;0.0
Los Lagos;Servicio de Salud Del Reloncaví;Calbuco;Posta de Salud Rural Chauquear;124456;1;0;1;0.0
Los Lagos;Servicio de Salud Del Reloncaví;Calbuco;Posta de Salud Rural Chauquear;124456;5;0;1;0.0
Los Lagos;Servicio de Salud Del Reloncaví;Calbuco;Posta de Salud Rural Chayahue;124457;4;0;2;0.0
Los Lagos;Servicio de Salud Del Reloncaví;Calbuco;Posta de Salud Rural Pargua;124448;1;0;1;0.0
Los Lagos;Servicio de Salud Del Reloncaví;Calbuco;Posta de Salud Rural Pargua;124448;2;2;1;200.0
Los Lagos;Servicio de Salud Del Reloncaví;Calbuco;Posta de Salud Rural Pargua;124448;3;0;2;0.0
Los Lagos;Servicio de Salud Del Reloncaví;Calbuco;Posta de Salud Rural Pargua;124448;4;0;1;0.0
Los Lagos;Servicio de Salud Del Reloncaví;Calbuco;Posta de Salud Rural Pergue;124458;2;0;1;0.0
Los Lagos;Servicio de Salud Del Reloncaví;Calbuco;Posta de Salud Rural Pergue;124458;3;2;0;
Los Lagos;Servicio de Salud Del Reloncaví;Calbuco;Posta de Salud Rural Peñasmo;124452;1;0;1;0.0
Los Lagos;Servicio de Salud Del Reloncaví;Calbuco;Posta de Salud Rural Peñasmo;124452;5;0;2;0.0
Los Lagos;Servicio de Salud Del Reloncaví;Calbuco;Posta de Salud Rural Putenio;124449;3;0;1;0.0
Los Lagos;Servicio de Salud Del Reloncaví;Calbuco;Posta de Salud Rural Quetrulauquén;124459;4;0;1;0.0
Los Lagos;Servicio de Salud Del Reloncaví;Chaitén;Centro Comunitario de Salud Familiar de Ayacara;124731;2;0;1;0.0
Los Lagos;Servicio de Salud Del Reloncaví;Chaitén;Centro Comunitario de Salud Familiar de Ayacara;124731;4;2;1;200.0
Los Lagos;Servicio de Salud Del Reloncaví;Chaitén;Centro Comunitario de Salud Familiar de Ayacara;124731;5;1;1;100.0
Los Lagos;Servicio de Salud Del Reloncaví;Chaitén;Hospital de Chaitén;200076;1;0;1;0.0
Los Lagos;Servicio de Salud Del Reloncaví;Chaitén;Hospital de Chaitén;200076;2;0;2;0.0
Los Lagos;Servicio de Salud Del Reloncaví;Chaitén;Hospital de Chaitén;200076;3;2;1;200.0
Los Lagos;Servicio de Salud Del Reloncaví;Chaitén;Hospital de Chaitén;200076;4;1;5;20.0
Los Lagos;Servicio de Salud Del Reloncaví;Chaitén;Hospital de Chaitén;200076;5;4;1;400.0
Los Lagos;Servicio de Salud Del Reloncaví;Cochamó;Centro de Salud Familiar Cochamó;124412;1;0;2;0.0
Los Lagos;Servicio de Salud Del Reloncaví;Cochamó;Centro de Salud Familiar Cochamó;124412;2;0;2;0.0
Los Lagos;Servicio de Salud Del Reloncaví;Cochamó;Centro de Salud Familiar Cochamó;124412;4;2;4;50.0
Los Lagos;Servicio de Salud Del Reloncaví;Cochamó;Centro de Salud Familiar Cochamó;124412;5;0;2;0.0
Los Lagos;Servicio de Salud Del Reloncaví;Cochamó;Centro de Salud Familiar Cochamó;124412;6;0;1;0.0
Los Lagos;Servicio de Salud Del Reloncaví;Cochamó;Posta de Salud Rural Cochamó;124411;1;1;1;100.0
Los Lagos;Servicio de Salud Del Reloncaví;Cochamó;Posta de Salud Rural Cochamó;124411;3;1;1;100.0
Los Lagos;Servicio de Salud Del Reloncaví;Cochamó;Posta de Salud Rural Cochamó;124411;5;0;1;0.0
Los Lagos;Servicio de Salud Del Reloncaví;Cochamó;Posta de Salud Rural Llanada Grande;124414;1;0;1;0.0
Los Lagos;Servicio de Salud Del Reloncaví;Cochamó;Posta de Salud Rural Llanada Grande;124414;2;1;1;100.0
Los Lagos;Servicio de Salud Del Reloncaví;Fresia;Consultorio General Rural Tegualda;124434;1;0;4;0.0
Los Lagos;Servicio de Salud Del Reloncaví;Fresia;Consultorio General Rural Tegualda;124434;2;1;1;100.0
Los Lagos;Servicio de Salud Del Reloncaví;Fresia;Consultorio General Rural Tegualda;124434;5;1;1;100.0
Los Lagos;Servicio de Salud Del Reloncaví;Fresia;Hospital de Fresia;124120;1;0;11;0.0
Los Lagos;Servicio de Salud Del Reloncaví;Fresia;Hospital de Fresia;124120;2;0;8;0.0
Los Lagos;Servicio de Salud Del Reloncaví;Fresia;Hospital de Fresia;124120;3;0;7;0.0
Los Lagos;Servicio de Salud Del Reloncaví;Fresia;Hospital de Fresia;124120;4;0;5;0.0
Los Lagos;Servicio de Salud Del Reloncaví;Fresia;Hospital de Fresia;124120;5;0;7;0.0
Los Lagos;Servicio de Salud Del Reloncaví;Fresia;Hospital de Fresia;124120;6;0;4;0.0
Los Lagos;Servicio de Salud Del Reloncaví;Fresia;Posta de Salud Rural Cau Cua;124436;2;1;1;100.0
Los Lagos;Servicio de Salud Del Reloncaví;Fresia;Posta de Salud Rural Polizones;124435;4;1;1;100.0
Los Lagos;Servicio de Salud Del Reloncaví;Frutillar;Centro Comunitario de Salud Familiar Pantanosa;124765;1;0;1;0.0
Los Lagos;Servicio de Salud Del Reloncaví;Frutillar;Centro Comunitario de Salud Familiar Pantanosa;124765;2;0;1;0.0
Los Lagos;Servicio de Salud Del Reloncaví;Frutillar;Centro Comunitario de Salud Familiar Pantanosa;124765;3;0;4;0.0
Los Lagos;Servicio de Salud Del Reloncaví;Frutillar;Centro Comunitario de Salud Familiar Pantanosa;124765;4;0;9;0.0
Los Lagos;Servicio de Salud Del Reloncaví;Frutillar;Centro Comunitario de Salud Familiar Pantanosa;124765;5;0;2;0.0
Los Lagos;Servicio de Salud Del Reloncaví;Frutillar;Centro Comunitario de Salud Familiar Pantanosa;124765;6;0;2;0.0
Los Lagos;Servicio de Salud Del Reloncaví;Frutillar;Centro de Salud Familiar Frutillar Alto;124365;1;10;17;58.82
Los Lagos;Servicio de Salud Del Reloncaví;Frutillar;Centro de Salud Familiar Frutillar Alto;124365;2;12;4;300.0
Los Lagos;Servicio de Salud Del Reloncaví;Frutillar;Centro de Salud Familiar Frutillar Alto;124365;3;18;14;128.57
Los Lagos;Servicio de Salud Del Reloncaví;Frutillar;Centro de Salud Familiar Frutillar Alto;124365;4;13;17;76.47
Los Lagos;Servicio de Salud Del Reloncaví;Frutillar;Centro de Salud Familiar Frutillar Alto;124365;5;7;8;87.5
Los Lagos;Servicio de Salud Del Reloncaví;Frutillar;Centro de Salud Familiar Frutillar Alto;124365;6;2;8;25.0
Los Lagos;Servicio de Salud Del Reloncaví;Futaleufú;Hospital de Futaleufú;124145;1;7;7;100.0
Los Lagos;Servicio de Salud Del Reloncaví;Futaleufú;Hospital de Futaleufú;124145;2;1;1;100.0
Los Lagos;Servicio de Salud Del Reloncaví;Futaleufú;Hospital de Futaleufú;124145;3;1;1;100.0
Los Lagos;Servicio de Salud Del Reloncaví;Futaleufú;Hospital de Futaleufú;124145;4;2;2;100.0
Los Lagos;Servicio de Salud Del Reloncaví;Futaleufú;Hospital de Futaleufú;124145;5;1;1;100.0
Los Lagos;Servicio de Salud Del Reloncaví;Futaleufú;Hospital de Futaleufú;124145;6;2;2;100.0
Los Lagos;Servicio de Salud Del Reloncaví;Hualaihué;Centro Comunitario de Salud Familiar Hualaihué;124420;3;0;2;0.0
Los Lagos;Servicio de Salud Del Reloncaví;Hualaihué;Centro Comunitario de Salud Familiar Hualaihué;124420;4;0;2;0.0
Los Lagos;Servicio de Salud Del Reloncaví;Hualaihué;Centro de Salud Familiar Río Negro Hornopirén;124380;1;0;3;0.0
Los Lagos;Servicio de Salud Del Reloncaví;Hualaihué;Centro de Salud Familiar Río Negro Hornopirén;124380;2;0;2;0.0
Los Lagos;Servicio de Salud Del Reloncaví;Hualaihué;Centro de Salud Familiar Río Negro Hornopirén;124380;3;0;1;0.0
Los Lagos;Servicio de Salud Del Reloncaví;Hualaihué;Centro de Salud Familiar Río Negro Hornopirén;124380;4;0;3;0.0
Los Lagos;Servicio de Salud Del Reloncaví;Hualaihué;Centro de Salud Familiar Río Negro Hornopirén;124380;5;2;3;66.67
Los Lagos;Servicio de Salud Del Reloncaví;Hualaihué;Centro de Salud Familiar Río Negro Hornopirén;124380;6;2;6;33.33
Los Lagos;Servicio de Salud Del Reloncaví;Hualaihué;Posta de Salud Rural Aulén;124417;4;0;1;0.0
Los Lagos;Servicio de Salud Del Reloncaví;Hualaihué;Posta de Salud Rural Contao;124419;3;0;1;0.0
Los Lagos;Servicio de Salud Del Reloncaví;Hualaihué;Posta de Salud Rural Contao;124419;4;0;2;0.0
Los Lagos;Servicio de Salud Del Reloncaví;Hualaihué;Posta de Salud Rural Contao;124419;5;0;2;0.0
Los Lagos;Servicio de Salud Del Reloncaví;Hualaihué;Posta de Salud Rural Rolecha;124418;1;0;1;0.0
Los Lagos;Servicio de Salud Del Reloncaví;Hualaihué;Posta de Salud Rural Rolecha;124418;4;0;1;0.0
Los Lagos;Servicio de Salud Del Reloncaví;Hualaihué;Posta de Salud Rural Rolecha;124418;5;0;3;0.0
Los Lagos;Servicio de Salud Del Reloncaví;Llanquihue;Centro de Salud Familiar Los Volcanes;124370;1;5;13;38.46
Los Lagos;Servicio de Salud Del Reloncaví;Llanquihue;Centro de Salud Familiar Los Volcanes;124370;2;9;13;69.23
Los Lagos;Servicio de Salud Del Reloncaví;Llanquihue;Centro de Salud Familiar Los Volcanes;124370;3;8;9;88.89
Los Lagos;Servicio de Salud Del Reloncaví;Llanquihue;Centro de Salud Familiar Los Volcanes;124370;4;6;10;60.0
Los Lagos;Servicio de Salud Del Reloncaví;Llanquihue;Centro de Salud Familiar Los Volcanes;124370;5;8;8;100.0
Los Lagos;Servicio de Salud Del Reloncaví;Llanquihue;Centro de Salud Familiar Los Volcanes;124370;6;7;16;43.75
Los Lagos;Servicio de Salud Del Reloncaví;Llanquihue;Posta de Salud Rural Colegual;124429;3;0;1;0.0
Los Lagos;Servicio de Salud Del Reloncaví;Llanquihue;Posta de Salud Rural Colegual;124429;4;0;1;0.0
Los Lagos;Servicio de Salud Del Reloncaví;Llanquihue;Posta de Salud Rural Colegual;124429;5;0;1;0.0
Los Lagos;Servicio de Salud Del Reloncaví;Llanquihue;Posta de Salud Rural Pellines (Llanquihue);124428;3;0;1;0.0
Los Lagos;Servicio de Salud Del Reloncaví;Llanquihue;Posta de Salud Rural Pellines (Llanquihue);124428;4;0;2;0.0
Los Lagos;Servicio de Salud Del Reloncaví;Llanquihue;Posta de Salud Rural Pellines (Llanquihue);124428;6;0;1;0.0
Los Lagos;Servicio de Salud Del Reloncaví;Los Muermos;Centro de Salud Familiar Los Muermos;124330;1;0;5;0.0
Los Lagos;Servicio de Salud Del Reloncaví;Los Muermos;Centro de Salud Familiar Los Muermos;124330;2;6;9;66.67
Los Lagos;Servicio de Salud Del Reloncaví;Los Muermos;Centro de Salud Familiar Los Muermos;124330;3;3;11;27.27
Los Lagos;Servicio de Salud Del Reloncaví;Los Muermos;Centro de Salud Familiar Los Muermos;124330;4;8;9;88.89
Los Lagos;Servicio de Salud Del Reloncaví;Los Muermos;Centro de Salud Familiar Los Muermos;124330;5;2;9;22.22
Los Lagos;Servicio de Salud Del Reloncaví;Los Muermos;Centro de Salud Familiar Los Muermos;124330;6;7;7;100.0
Los Lagos;Servicio de Salud Del Reloncaví;Los Muermos;Posta de Salud Rural Cañitas;124462;6;0;1;0.0
Los Lagos;Servicio de Salud Del Reloncaví;Los Muermos;Posta de Salud Rural Estaquilla;124545;1;0;1;0.0
Los Lagos;Servicio de Salud Del Reloncaví;Maullín;Centro de Salud Familiar Carelmapu;124325;1;0;2;0.0
Los Lagos;Servicio de Salud Del Reloncaví;Maullín;Centro de Salud Familiar Carelmapu;124325;2;0;4;0.0
Los Lagos;Servicio de Salud Del Reloncaví;Maullín;Centro de Salud Familiar Carelmapu;124325;3;0;2;0.0
Los Lagos;Servicio de Salud Del Reloncaví;Maullín;Centro de Salud Familiar Carelmapu;124325;4;0;4;0.0
Los Lagos;Servicio de Salud Del Reloncaví;Maullín;Centro de Salud Familiar Carelmapu;124325;5;1;0;
Los Lagos;Servicio de Salud Del Reloncaví;Maullín;Centro de Salud Familiar Carelmapu;124325;6;1;1;100.0
Los Lagos;Servicio de Salud Del Reloncaví;Maullín;Hospital de Maullín;124125;1;3;6;50.0
Los Lagos;Servicio de Salud Del Reloncaví;Maullín;Hospital de Maullín;124125;2;10;4;250.0
Los Lagos;Servicio de Salud Del Reloncaví;Maullín;Hospital de Maullín;124125;3;1;3;33.33
Los Lagos;Servicio de Salud Del Reloncaví;Maullín;Hospital de Maullín;124125;4;0;1;0.0
Los Lagos;Servicio de Salud Del Reloncaví;Maullín;Hospital de Maullín;124125;5;0;7;0.0
Los Lagos;Servicio de Salud Del Reloncaví;Maullín;Hospital de Maullín;124125;6;1;6;16.67
Los Lagos;Servicio de Salud Del Reloncaví;Maullín;Posta de Salud Rural Astillero;124445;3;0;1;0.0
Los Lagos;Servicio de Salud Del Reloncaví;Maullín;Posta de Salud Rural La Pasada;124446;3;0;2;0.0
Los Lagos;Servicio de Salud Del Reloncaví;Maullín;Posta de Salud Rural La Pasada;124446;4;0;1;0.0
Los Lagos;Servicio de Salud Del Reloncaví;Maullín;Posta de Salud Rural La Pasada;124446;5;0;3;0.0
Los Lagos;Servicio de Salud Del Reloncaví;Maullín;Posta de Salud Rural La Pasada;124446;6;0;2;0.0
Los Lagos;Servicio de Salud Del Reloncaví;Maullín;Posta de Salud Rural Misquihue;124443;3;0;1;0.0
Los Lagos;Servicio de Salud Del Reloncaví;Maullín;Posta de Salud Rural Peñol;124444;3;0;2;0.0
Los Lagos;Servicio de Salud Del Reloncaví;Maullín;Posta de Salud Rural Quenuir;124447;1;0;2;0.0
Los Lagos;Servicio de Salud Del Reloncaví;Maullín;Posta de Salud Rural Quenuir;124447;3;0;1;0.0
Los Lagos;Servicio de Salud Del Reloncaví;Palena;Hospital de Palena;124140;1;0;1;0.0
Los Lagos;Servicio de Salud Del Reloncaví;Palena;Hospital de Palena;124140;2;0;3;0.0
Los Lagos;Servicio de Salud Del Reloncaví;Palena;Hospital de Palena;124140;4;0;3;0.0
Los Lagos;Servicio de Salud Del Reloncaví;Palena;Hospital de Palena;124140;5;0;3;0.0
Los Lagos;Servicio de Salud Del Reloncaví;Palena;Hospital de Palena;124140;6;0;4;0.0
Los Lagos;Servicio de Salud Del Reloncaví;Puerto Montt;Centro Comunitario de Salud Familiar Alerce Norte;200440;1;0;1;0.0
Los Lagos;Servicio de Salud Del Reloncaví;Puerto Montt;Centro Comunitario de Salud Familiar Alerce Norte;200440;2;0;1;0.0
Los Lagos;Servicio de Salud Del Reloncaví;Puerto Montt;Centro Comunitario de Salud Familiar Alerce Norte;200440;3;0;2;0.0
Los Lagos;Servicio de Salud Del Reloncaví;Puerto Montt;Centro Comunitario de Salud Familiar Alerce Norte;200440;4;0;3;0.0
Los Lagos;Servicio de Salud Del Reloncaví;Puerto Montt;Centro Comunitario de Salud Familiar Alerce Norte;200440;5;5;6;83.33
Los Lagos;Servicio de Salud Del Reloncaví;Puerto Montt;Centro Comunitario de Salud Familiar Alerce Norte;200440;6;2;5;40.0
Los Lagos;Servicio de Salud Del Reloncaví;Puerto Montt;Centro Comunitario de Salud Familiar Anahuac;124705;6;0;1;0.0
Los Lagos;Servicio de Salud Del Reloncaví;Puerto Montt;Centro Comunitario de Salud Familiar Chamiza;124715;1;0;3;0.0
Los Lagos;Servicio de Salud Del Reloncaví;Puerto Montt;Centro Comunitario de Salud Familiar Chamiza;124715;2;0;3;0.0
Los Lagos;Servicio de Salud Del Reloncaví;Puerto Montt;Centro Comunitario de Salud Familiar Chamiza;124715;3;0;6;0.0
Los Lagos;Servicio de Salud Del Reloncaví;Puerto Montt;Centro Comunitario de Salud Familiar Chamiza;124715;4;4;7;57.14
Los Lagos;Servicio de Salud Del Reloncaví;Puerto Montt;Centro Comunitario de Salud Familiar Chamiza;124715;5;0;5;0.0
Los Lagos;Servicio de Salud Del Reloncaví;Puerto Montt;Centro Comunitario de Salud Familiar Chamiza;124715;6;6;2;300.0
Los Lagos;Servicio de Salud Del Reloncaví;Puerto Montt;Centro Comunitario de Salud Familiar Licarayen;124710;1;0;3;0.0
Los Lagos;Servicio de Salud Del Reloncaví;Puerto Montt;Centro Comunitario de Salud Familiar Licarayen;124710;2;0;5;0.0
Los Lagos;Servicio de Salud Del Reloncaví;Puerto Montt;Centro Comunitario de Salud Familiar Licarayen;124710;3;0;2;0.0
Los Lagos;Servicio de Salud Del Reloncaví;Puerto Montt;Centro Comunitario de Salud Familiar Licarayen;124710;4;0;6;0.0
Los Lagos;Servicio de Salud Del Reloncaví;Puerto Montt;Centro Comunitario de Salud Familiar Licarayen;124710;5;0;3;0.0
Los Lagos;Servicio de Salud Del Reloncaví;Puerto Montt;Centro Comunitario de Salud Familiar Licarayen;124710;6;0;3;0.0
Los Lagos;Servicio de Salud Del Reloncaví;Puerto Montt;Centro Comunitario de Salud Familiar Puerta Sur;200292;1;17;11;154.55
Los Lagos;Servicio de Salud Del Reloncaví;Puerto Montt;Centro Comunitario de Salud Familiar Puerta Sur;200292;2;18;11;163.64
Los Lagos;Servicio de Salud Del Reloncaví;Puerto Montt;Centro Comunitario de Salud Familiar Puerta Sur;200292;3;11;6;183.33
Los Lagos;Servicio de Salud Del Reloncaví;Puerto Montt;Centro Comunitario de Salud Familiar Puerta Sur;200292;4;0;5;0.0
Los Lagos;Servicio de Salud Del Reloncaví;Puerto Montt;Centro Comunitario de Salud Familiar Puerta Sur;200292;5;0;8;0.0
Los Lagos;Servicio de Salud Del Reloncaví;Puerto Montt;Centro Comunitario de Salud Familiar Puerta Sur;200292;6;5;5;100.0
Los Lagos;Servicio de Salud Del Reloncaví;Puerto Montt;Centro de Salud Familiar Alerce;124395;1;34;27;125.93
Los Lagos;Servicio de Salud Del Reloncaví;Puerto Montt;Centro de Salud Familiar Alerce;124395;2;0;45;0.0
Los Lagos;Servicio de Salud Del Reloncaví;Puerto Montt;Centro de Salud Familiar Alerce;124395;3;0;34;0.0
Los Lagos;Servicio de Salud Del Reloncaví;Puerto Montt;Centro de Salud Familiar Alerce;124395;4;29;38;76.32
Los Lagos;Servicio de Salud Del Reloncaví;Puerto Montt;Centro de Salud Familiar Alerce;124395;5;23;22;104.55
Los Lagos;Servicio de Salud Del Reloncaví;Puerto Montt;Centro de Salud Familiar Alerce;124395;6;41;38;107.89
Los Lagos;Servicio de Salud Del Reloncaví;Puerto Montt;Centro de Salud Familiar Angelmó;124305;1;0;21;0.0
Los Lagos;Servicio de Salud Del Reloncaví;Puerto Montt;Centro de Salud Familiar Angelmó;124305;2;0;23;0.0
Los Lagos;Servicio de Salud Del Reloncaví;Puerto Montt;Centro de Salud Familiar Angelmó;124305;3;0;31;0.0
Los Lagos;Servicio de Salud Del Reloncaví;Puerto Montt;Centro de Salud Familiar Angelmó;124305;4;0;22;0.0
Los Lagos;Servicio de Salud Del Reloncaví;Puerto Montt;Centro de Salud Familiar Angelmó;124305;5;0;23;0.0
Los Lagos;Servicio de Salud Del Reloncaví;Puerto Montt;Centro de Salud Familiar Angelmó;124305;6;6;26;23.08
Los Lagos;Servicio de Salud Del Reloncaví;Puerto Montt;Centro de Salud Familiar Antonio Varas;124310;1;19;30;63.33
Los Lagos;Servicio de Salud Del Reloncaví;Puerto Montt;Centro de Salud Familiar Antonio Varas;124310;2;12;22;54.55
Los Lagos;Servicio de Salud Del Reloncaví;Puerto Montt;Centro de Salud Familiar Antonio Varas;124310;3;15;30;50.0
Los Lagos;Servicio de Salud Del Reloncaví;Puerto Montt;Centro de Salud Familiar Antonio Varas;124310;4;16;21;76.19
Los Lagos;Servicio de Salud Del Reloncaví;Puerto Montt;Centro de Salud Familiar Antonio Varas;124310;5;5;29;17.24
Los Lagos;Servicio de Salud Del Reloncaví;Puerto Montt;Centro de Salud Familiar Antonio Varas;124310;6;18;29;62.07
Los Lagos;Servicio de Salud Del Reloncaví;Puerto Montt;Centro de Salud Familiar Carmela Carvajal;124315;1;6;16;37.5
Los Lagos;Servicio de Salud Del Reloncaví;Puerto Montt;Centro de Salud Familiar Carmela Carvajal;124315;2;0;27;0.0
Los Lagos;Servicio de Salud Del Reloncaví;Puerto Montt;Centro de Salud Familiar Carmela Carvajal;124315;3;4;16;25.0
Los Lagos;Servicio de Salud Del Reloncaví;Puerto Montt;Centro de Salud Familiar Carmela Carvajal;124315;4;5;19;26.32
Los Lagos;Servicio de Salud Del Reloncaví;Puerto Montt;Centro de Salud Familiar Carmela Carvajal;124315;5;13;18;72.22
Los Lagos;Servicio de Salud Del Reloncaví;Puerto Montt;Centro de Salud Familiar Carmela Carvajal;124315;6;2;23;8.7
Los Lagos;Servicio de Salud Del Reloncaví;Puerto Montt;Centro de Salud Familiar Padre Hurtado;124381;1;0;31;0.0
Los Lagos;Servicio de Salud Del Reloncaví;Puerto Montt;Centro de Salud Familiar Padre Hurtado;124381;2;20;16;125.0
Los Lagos;Servicio de Salud Del Reloncaví;Puerto Montt;Centro de Salud Familiar Padre Hurtado;124381;3;0;43;0.0
Los Lagos;Servicio de Salud Del Reloncaví;Puerto Montt;Centro de Salud Familiar Padre Hurtado;124381;4;19;41;46.34
Los Lagos;Servicio de Salud Del Reloncaví;Puerto Montt;Centro de Salud Familiar Padre Hurtado;124381;5;10;29;34.48
Los Lagos;Servicio de Salud Del Reloncaví;Puerto Montt;Centro de Salud Familiar Padre Hurtado;124381;6;0;36;0.0
Los Lagos;Servicio de Salud Del Reloncaví;Puerto Montt;Centro de Salud Familiar San Pablo Mirasol (ONG);124385;1;6;8;75.0
Los Lagos;Servicio de Salud Del Reloncaví;Puerto Montt;Centro de Salud Familiar San Pablo Mirasol (ONG);124385;2;2;11;18.18
Los Lagos;Servicio de Salud Del Reloncaví;Puerto Montt;Centro de Salud Familiar San Pablo Mirasol (ONG);124385;3;9;10;90.0
Los Lagos;Servicio de Salud Del Reloncaví;Puerto Montt;Centro de Salud Familiar San Pablo Mirasol (ONG);124385;4;9;8;112.5
Los Lagos;Servicio de Salud Del Reloncaví;Puerto Montt;Centro de Salud Familiar San Pablo Mirasol (ONG);124385;5;3;5;60.0
Los Lagos;Servicio de Salud Del Reloncaví;Puerto Montt;Centro de Salud Familiar San Pablo Mirasol (ONG);124385;6;10;11;90.91
Los Lagos;Servicio de Salud Del Reloncaví;Puerto Montt;Centro de Salud Familiar Techo para todos (ONG);124320;1;10;6;166.67
Los Lagos;Servicio de Salud Del Reloncaví;Puerto Montt;Centro de Salud Familiar Techo para todos (ONG);124320;2;13;9;144.44
Los Lagos;Servicio de Salud Del Reloncaví;Puerto Montt;Centro de Salud Familiar Techo para todos (ONG);124320;3;4;14;28.57
Los Lagos;Servicio de Salud Del Reloncaví;Puerto Montt;Centro de Salud Familiar Techo para todos (ONG);124320;4;2;12;16.67
Los Lagos;Servicio de Salud Del Reloncaví;Puerto Montt;Centro de Salud Familiar Techo para todos (ONG);124320;5;5;9;55.56
Los Lagos;Servicio de Salud Del Reloncaví;Puerto Montt;Centro de Salud Familiar Techo para todos (ONG);124320;6;11;15;73.33
Los Lagos;Servicio de Salud Del Reloncaví;Puerto Montt;Posta de Salud Rural Correntoso;124402;3;0;1;0.0
Los Lagos;Servicio de Salud Del Reloncaví;Puerto Montt;Posta de Salud Rural Correntoso;124402;4;1;2;50.0
Los Lagos;Servicio de Salud Del Reloncaví;Puerto Montt;Posta de Salud Rural Correntoso;124402;5;3;1;300.0
Los Lagos;Servicio de Salud Del Reloncaví;Puerto Montt;Posta de Salud Rural Huelmo;124541;4;0;1;0.0
Los Lagos;Servicio de Salud Del Reloncaví;Puerto Montt;Posta de Salud Rural Huelmo;124541;6;0;1;0.0
Los Lagos;Servicio de Salud Del Reloncaví;Puerto Montt;Posta de Salud Rural Las Quemas (Puerto Montt);124405;2;0;1;0.0
Los Lagos;Servicio de Salud Del Reloncaví;Puerto Montt;Posta de Salud Rural Las Quemas (Puerto Montt);124405;4;0;4;0.0
Los Lagos;Servicio de Salud Del Reloncaví;Puerto Montt;Posta de Salud Rural Las Quemas (Puerto Montt);124405;5;0;1;0.0
Los Lagos;Servicio de Salud Del Reloncaví;Puerto Montt;Posta de Salud Rural Las Quemas (Puerto Montt);124405;6;2;3;66.67
Los Lagos;Servicio de Salud Del Reloncaví;Puerto Montt;Posta de Salud Rural Lenca;124404;3;0;2;0.0
Los Lagos;Servicio de Salud Del Reloncaví;Puerto Montt;Posta de Salud Rural Lenca;124404;5;0;1;0.0
Los Lagos;Servicio de Salud Del Reloncaví;Puerto Montt;Posta de Salud Rural Maillén;124406;1;0;1;0.0
Los Lagos;Servicio de Salud Del Reloncaví;Puerto Montt;Posta de Salud Rural Maillén;124406;6;0;2;0.0
Los Lagos;Servicio de Salud Del Reloncaví;Puerto Montt;Posta de Salud Rural Panitao;124410;1;0;2;0.0
Los Lagos;Servicio de Salud Del Reloncaví;Puerto Montt;Posta de Salud Rural Panitao;124410;2;0;2;0.0
Los Lagos;Servicio de Salud Del Reloncaví;Puerto Montt;Posta de Salud Rural Panitao;124410;3;3;0;
Los Lagos;Servicio de Salud Del Reloncaví;Puerto Montt;Posta de Salud Rural Panitao;124410;4;0;3;0.0
Los Lagos;Servicio de Salud Del Reloncaví;Puerto Montt;Posta de Salud Rural Panitao;124410;5;0;2;0.0
Los Lagos;Servicio de Salud Del Reloncaví;Puerto Montt;Posta de Salud Rural Piedra Azul;124544;6;0;1;0.0
Los Lagos;Servicio de Salud Del Reloncaví;Puerto Montt;Posta de Salud Rural Salto Chico;124408;6;0;2;0.0
Los Lagos;Servicio de Salud Del Reloncaví;Puerto Montt;Posta de Salud Rural Trapén;124409;1;0;1;0.0
Los Lagos;Servicio de Salud Del Reloncaví;Puerto Montt;Posta de Salud Rural Trapén;124409;2;0;1;0.0
Los Lagos;Servicio de Salud Del Reloncaví;Puerto Montt;Posta de Salud Rural Trapén;124409;4;0;2;0.0
Los Lagos;Servicio de Salud Del Reloncaví;Puerto Montt;Posta de Salud Rural Trapén;124409;5;1;0;
Los Lagos;Servicio de Salud Del Reloncaví;Puerto Montt;Posta de Salud Rural Trapén;124409;6;0;1;0.0
Los Lagos;Servicio de Salud Del Reloncaví;Puerto Varas;Centro Comunitario de Salud Familiar DECHER;201696;1;0;5;0.0
Los Lagos;Servicio de Salud Del Reloncaví;Puerto Varas;Centro Comunitario de Salud Familiar DECHER;201696;2;0;5;0.0
Los Lagos;Servicio de Salud Del Reloncaví;Puerto Varas;Centro Comunitario de Salud Familiar DECHER;201696;3;2;3;66.67
Los Lagos;Servicio de Salud Del Reloncaví;Puerto Varas;Centro Comunitario de Salud Familiar DECHER;201696;4;3;2;150.0
Los Lagos;Servicio de Salud Del Reloncaví;Puerto Varas;Centro Comunitario de Salud Familiar DECHER;201696;5;0;8;0.0
Los Lagos;Servicio de Salud Del Reloncaví;Puerto Varas;Centro Comunitario de Salud Familiar DECHER;201696;6;0;3;0.0
Los Lagos;Servicio de Salud Del Reloncaví;Puerto Varas;Centro de Salud Familiar Nº 1 Puerto Varas;124335;1;22;21;104.76
Los Lagos;Servicio de Salud Del Reloncaví;Puerto Varas;Centro de Salud Familiar Nº 1 Puerto Varas;124335;2;15;23;65.22
Los Lagos;Servicio de Salud Del Reloncaví;Puerto Varas;Centro de Salud Familiar Nº 1 Puerto Varas;124335;3;16;24;66.67
Los Lagos;Servicio de Salud Del Reloncaví;Puerto Varas;Centro de Salud Familiar Nº 1 Puerto Varas;124335;4;21;26;80.77
Los Lagos;Servicio de Salud Del Reloncaví;Puerto Varas;Centro de Salud Familiar Nº 1 Puerto Varas;124335;5;20;25;80.0
Los Lagos;Servicio de Salud Del Reloncaví;Puerto Varas;Centro de Salud Familiar Nº 1 Puerto Varas;124335;6;18;19;94.74
Los Lagos;Servicio de Salud Del Reloncaví;Puerto Varas;Posta de Salud Rural Ensenada;124421;1;0;3;0.0
Los Lagos;Servicio de Salud Del Reloncaví;Puerto Varas;Posta de Salud Rural Ensenada;124421;3;0;1;0.0
Los Lagos;Servicio de Salud Del Reloncaví;Puerto Varas;Posta de Salud Rural Ensenada;124421;4;0;1;0.0
Los Lagos;Servicio de Salud Del Reloncaví;Puerto Varas;Posta de Salud Rural Nueva Braunau;124423;1;0;2;0.0
Los Lagos;Servicio de Salud Del Reloncaví;Puerto Varas;Posta de Salud Rural Nueva Braunau;124423;2;1;3;33.33
Los Lagos;Servicio de Salud Del Reloncaví;Puerto Varas;Posta de Salud Rural Nueva Braunau;124423;3;0;2;0.0
Los Lagos;Servicio de Salud Del Reloncaví;Puerto Varas;Posta de Salud Rural Nueva Braunau;124423;4;6;2;300.0
Los Lagos;Servicio de Salud Del Reloncaví;Puerto Varas;Posta de Salud Rural Nueva Braunau;124423;5;0;3;0.0
Los Lagos;Servicio de Salud Del Reloncaví;Puerto Varas;Posta de Salud Rural Nueva Braunau;124423;6;0;1;0.0
Los Lagos;Servicio de Salud Del Reloncaví;Puerto Varas;Posta de Salud Rural Ralún;124426;6;0;1;0.0
Los Lagos;Servicio de Salud Osorno;Osorno;Centro Comunitario de Salud Familiar Manuel Rodríguez;123701;2;0;1;0.0
Los Lagos;Servicio de Salud Osorno;Osorno;Centro Comunitario de Salud Familiar Manuel Rodríguez;123701;3;0;4;0.0
Los Lagos;Servicio de Salud Osorno;Osorno;Centro Comunitario de Salud Familiar Manuel Rodríguez;123701;4;0;1;0.0
Los Lagos;Servicio de Salud Osorno;Osorno;Centro Comunitario de Salud Familiar Manuel Rodríguez;123701;6;0;1;0.0
Los Lagos;Servicio de Salud Osorno;Osorno;Centro Comunitario de Salud Familiar Murrinumo;123700;1;0;2;0.0
Los Lagos;Servicio de Salud Osorno;Osorno;Centro Comunitario de Salud Familiar Murrinumo;123700;2;0;4;0.0
Los Lagos;Servicio de Salud Osorno;Osorno;Centro Comunitario de Salud Familiar Murrinumo;123700;4;3;4;75.0
Los Lagos;Servicio de Salud Osorno;Osorno;Centro Comunitario de Salud Familiar Murrinumo;123700;6;0;3;0.0
Los Lagos;Servicio de Salud Osorno;Osorno;Centro de Salud Familiar Dr. Marcelo Lopetegui Adams;123301;1;12;26;46.15
Los Lagos;Servicio de Salud Osorno;Osorno;Centro de Salud Familiar Dr. Marcelo Lopetegui Adams;123301;2;12;23;52.17
Los Lagos;Servicio de Salud Osorno;Osorno;Centro de Salud Familiar Dr. Marcelo Lopetegui Adams;123301;3;1;27;3.7
Los Lagos;Servicio de Salud Osorno;Osorno;Centro de Salud Familiar Dr. Marcelo Lopetegui Adams;123301;4;30;34;88.24
Los Lagos;Servicio de Salud Osorno;Osorno;Centro de Salud Familiar Dr. Marcelo Lopetegui Adams;123301;5;12;34;35.29
Los Lagos;Servicio de Salud Osorno;Osorno;Centro de Salud Familiar Dr. Marcelo Lopetegui Adams;123301;6;17;12;141.67
Los Lagos;Servicio de Salud Osorno;Osorno;Centro de Salud Familiar Dr. Pedro Jáuregui;123300;1;5;13;38.46
Los Lagos;Servicio de Salud Osorno;Osorno;Centro de Salud Familiar Dr. Pedro Jáuregui;123300;2;8;12;66.67
Los Lagos;Servicio de Salud Osorno;Osorno;Centro de Salud Familiar Dr. Pedro Jáuregui;123300;3;17;16;106.25
Los Lagos;Servicio de Salud Osorno;Osorno;Centro de Salud Familiar Dr. Pedro Jáuregui;123300;4;24;14;171.43
Los Lagos;Servicio de Salud Osorno;Osorno;Centro de Salud Familiar Dr. Pedro Jáuregui;123300;5;0;13;0.0
Los Lagos;Servicio de Salud Osorno;Osorno;Centro de Salud Familiar Dr. Pedro Jáuregui;123300;6;16;17;94.12
Los Lagos;Servicio de Salud Osorno;Osorno;Centro de Salud Familiar Ovejería;123302;1;3;9;33.33
Los Lagos;Servicio de Salud Osorno;Osorno;Centro de Salud Familiar Ovejería;123302;2;0;11;0.0
Los Lagos;Servicio de Salud Osorno;Osorno;Centro de Salud Familiar Ovejería;123302;3;0;9;0.0
Los Lagos;Servicio de Salud Osorno;Osorno;Centro de Salud Familiar Ovejería;123302;4;1;15;6.67
Los Lagos;Servicio de Salud Osorno;Osorno;Centro de Salud Familiar Ovejería;123302;5;2;7;28.57
Los Lagos;Servicio de Salud Osorno;Osorno;Centro de Salud Familiar Ovejería;123302;6;11;13;84.62
Los Lagos;Servicio de Salud Osorno;Osorno;Centro de Salud Familiar Pampa Alegre;123306;1;4;16;25.0
Los Lagos;Servicio de Salud Osorno;Osorno;Centro de Salud Familiar Pampa Alegre;123306;2;0;9;0.0
Los Lagos;Servicio de Salud Osorno;Osorno;Centro de Salud Familiar Pampa Alegre;123306;3;0;11;0.0
Los Lagos;Servicio de Salud Osorno;Osorno;Centro de Salud Familiar Pampa Alegre;123306;4;0;18;0.0
Los Lagos;Servicio de Salud Osorno;Osorno;Centro de Salud Familiar Pampa Alegre;123306;5;3;11;27.27
Los Lagos;Servicio de Salud Osorno;Osorno;Centro de Salud Familiar Pampa Alegre;123306;6;6;17;35.29
Los Lagos;Servicio de Salud Osorno;Osorno;Centro de Salud Familiar Quinto Centenario;123310;1;3;23;13.04
Los Lagos;Servicio de Salud Osorno;Osorno;Centro de Salud Familiar Quinto Centenario;123310;2;38;18;211.11
Los Lagos;Servicio de Salud Osorno;Osorno;Centro de Salud Familiar Quinto Centenario;123310;3;14;16;87.5
Los Lagos;Servicio de Salud Osorno;Osorno;Centro de Salud Familiar Quinto Centenario;123310;4;14;30;46.67
Los Lagos;Servicio de Salud Osorno;Osorno;Centro de Salud Familiar Quinto Centenario;123310;5;17;21;80.95
Los Lagos;Servicio de Salud Osorno;Osorno;Centro de Salud Familiar Quinto Centenario;123310;6;12;24;50.0
Los Lagos;Servicio de Salud Osorno;Osorno;Centro de Salud Familiar Rahue Alto;123303;1;0;14;0.0
Los Lagos;Servicio de Salud Osorno;Osorno;Centro de Salud Familiar Rahue Alto;123303;2;3;14;21.43
Los Lagos;Servicio de Salud Osorno;Osorno;Centro de Salud Familiar Rahue Alto;123303;3;11;15;73.33
Los Lagos;Servicio de Salud Osorno;Osorno;Centro de Salud Familiar Rahue Alto;123303;4;5;17;29.41
Los Lagos;Servicio de Salud Osorno;Osorno;Centro de Salud Familiar Rahue Alto;123303;5;22;12;183.33
Los Lagos;Servicio de Salud Osorno;Osorno;Centro de Salud Familiar Rahue Alto;123303;6;7;14;50.0
Los Lagos;Servicio de Salud Osorno;Osorno;Posta de Salud Rural Cancura;123425;1;0;1;0.0
Los Lagos;Servicio de Salud Osorno;Osorno;Posta de Salud Rural Cancura;123425;3;0;1;0.0
Los Lagos;Servicio de Salud Osorno;Osorno;Posta de Salud Rural Cancura;123425;4;0;1;0.0
Los Lagos;Servicio de Salud Osorno;Osorno;Posta de Salud Rural Cancura;123425;5;0;1;0.0
Los Lagos;Servicio de Salud Osorno;Osorno;Posta de Salud Rural Pichi Damas;123404;4;0;1;0.0
Los Lagos;Servicio de Salud Osorno;Puerto Octay;Centro Comunitario de Salud Familiar Las Cascadas;201483;1;1;1;100.0
Los Lagos;Servicio de Salud Osorno;Puerto Octay;Centro Comunitario de Salud Familiar Las Cascadas;201483;4;0;1;0.0
Los Lagos;Servicio de Salud Osorno;Puerto Octay;Centro Comunitario de Salud Familiar Las Cascadas;201483;5;1;1;100.0
Los Lagos;Servicio de Salud Osorno;Puerto Octay;Hospital de Puerto Octay;123103;1;0;7;0.0
Los Lagos;Servicio de Salud Osorno;Puerto Octay;Hospital de Puerto Octay;123103;2;0;3;0.0
Los Lagos;Servicio de Salud Osorno;Puerto Octay;Hospital de Puerto Octay;123103;3;2;4;50.0
Los Lagos;Servicio de Salud Osorno;Puerto Octay;Hospital de Puerto Octay;123103;4;6;5;120.0
Los Lagos;Servicio de Salud Osorno;Puerto Octay;Hospital de Puerto Octay;123103;5;1;8;12.5
Los Lagos;Servicio de Salud Osorno;Puerto Octay;Hospital de Puerto Octay;123103;6;2;3;66.67
Los Lagos;Servicio de Salud Osorno;Puerto Octay;Posta de Salud Rural La Calo;123427;3;1;0;
Los Lagos;Servicio de Salud Osorno;Puerto Octay;Posta de Salud Rural Pellinada;123426;1;0;1;0.0
Los Lagos;Servicio de Salud Osorno;Puerto Octay;Posta de Salud Rural Pellinada;123426;3;1;0;
Los Lagos;Servicio de Salud Osorno;Puerto Octay;Posta de Salud Rural Pellinada;123426;6;0;1;0.0
Los Lagos;Servicio de Salud Osorno;Puerto Octay;Posta de Salud Rural Piedras Negras;123424;5;0;1;0.0
Los Lagos;Servicio de Salud Osorno;Puerto Octay;Posta de Salud Rural Rupanco;123422;4;0;1;0.0
Los Lagos;Servicio de Salud Osorno;Puerto Octay;Posta de Salud Rural Rupanco;123422;5;1;0;
Los Lagos;Servicio de Salud Osorno;Puerto Octay;Posta de Salud Rural Rupanco;123422;6;0;1;0.0
Los Lagos;Servicio de Salud Osorno;Purranque;Centro Comunitario de Salud Familiar Barrio Estación;200455;1;0;1;0.0
Los Lagos;Servicio de Salud Osorno;Purranque;Centro Comunitario de Salud Familiar Barrio Estación;200455;3;0;1;0.0
Los Lagos;Servicio de Salud Osorno;Purranque;Centro Comunitario de Salud Familiar Barrio Estación;200455;4;0;1;0.0
Los Lagos;Servicio de Salud Osorno;Purranque;Centro Comunitario de Salud Familiar Barrio Estación;200455;5;0;1;0.0
Los Lagos;Servicio de Salud Osorno;Purranque;Centro Comunitario de Salud Familiar Barrio Estación;200455;6;0;3;0.0
Los Lagos;Servicio de Salud Osorno;Purranque;Centro Comunitario de Salud Familiar Corte Alto;123411;1;0;2;0.0
Los Lagos;Servicio de Salud Osorno;Purranque;Centro Comunitario de Salud Familiar Corte Alto;123411;3;0;1;0.0
Los Lagos;Servicio de Salud Osorno;Purranque;Centro Comunitario de Salud Familiar Corte Alto;123411;4;0;1;0.0
Los Lagos;Servicio de Salud Osorno;Purranque;Centro Comunitario de Salud Familiar Corte Alto;123411;6;0;2;0.0
Los Lagos;Servicio de Salud Osorno;Purranque;Centro de Salud Familiar Purranque;123307;1;3;21;14.29
Los Lagos;Servicio de Salud Osorno;Purranque;Centro de Salud Familiar Purranque;123307;2;5;5;100.0
Los Lagos;Servicio de Salud Osorno;Purranque;Centro de Salud Familiar Purranque;123307;3;3;12;25.0
Los Lagos;Servicio de Salud Osorno;Purranque;Centro de Salud Familiar Purranque;123307;4;16;18;88.89
Los Lagos;Servicio de Salud Osorno;Purranque;Centro de Salud Familiar Purranque;123307;5;3;11;27.27
Los Lagos;Servicio de Salud Osorno;Purranque;Centro de Salud Familiar Purranque;123307;6;5;12;41.67
Los Lagos;Servicio de Salud Osorno;Purranque;Posta de Salud Rural Crucero ( Purranque);123412;3;0;1;0.0
Los Lagos;Servicio de Salud Osorno;Puyehue;Centro Comunitario de Salud Familiar El Encanto;123705;1;0;1;0.0
Los Lagos;Servicio de Salud Osorno;Puyehue;Centro de Salud Familiar Entre Lagos;123304;1;2;4;50.0
Los Lagos;Servicio de Salud Osorno;Puyehue;Centro de Salud Familiar Entre Lagos;123304;2;3;8;37.5
Los Lagos;Servicio de Salud Osorno;Puyehue;Centro de Salud Familiar Entre Lagos;123304;3;3;8;37.5
Los Lagos;Servicio de Salud Osorno;Puyehue;Centro de Salud Familiar Entre Lagos;123304;4;6;11;54.55
Los Lagos;Servicio de Salud Osorno;Puyehue;Centro de Salud Familiar Entre Lagos;123304;5;0;7;0.0
Los Lagos;Servicio de Salud Osorno;Puyehue;Centro de Salud Familiar Entre Lagos;123304;6;4;12;33.33
Los Lagos;Servicio de Salud Osorno;Río Negro;Centro Comunitario de Salud Familiar Riachuelo;123709;1;0;1;0.0
Los Lagos;Servicio de Salud Osorno;Río Negro;Centro Comunitario de Salud Familiar Riachuelo;123709;2;0;1;0.0
Los Lagos;Servicio de Salud Osorno;Río Negro;Centro Comunitario de Salud Familiar Riachuelo;123709;4;0;1;0.0
Los Lagos;Servicio de Salud Osorno;Río Negro;Centro de Salud Familiar Practicante Pablo Araya (Ex Río Negro);123309;1;0;7;0.0
Los Lagos;Servicio de Salud Osorno;Río Negro;Centro de Salud Familiar Practicante Pablo Araya (Ex Río Negro);123309;2;1;4;25.0
Los Lagos;Servicio de Salud Osorno;Río Negro;Centro de Salud Familiar Practicante Pablo Araya (Ex Río Negro);123309;3;0;7;0.0
Los Lagos;Servicio de Salud Osorno;Río Negro;Centro de Salud Familiar Practicante Pablo Araya (Ex Río Negro);123309;4;6;5;120.0
Los Lagos;Servicio de Salud Osorno;Río Negro;Centro de Salud Familiar Practicante Pablo Araya (Ex Río Negro);123309;5;0;5;0.0
Los Lagos;Servicio de Salud Osorno;Río Negro;Centro de Salud Familiar Practicante Pablo Araya (Ex Río Negro);123309;6;1;4;25.0
Los Lagos;Servicio de Salud Osorno;Río Negro;Posta de Salud Rural Chan Chan Río Negro;201667;5;0;1;0.0
Los Lagos;Servicio de Salud Osorno;Río Negro;Posta de Salud Rural Huilma;123434;2;0;1;0.0
Los Lagos;Servicio de Salud Osorno;Río Negro;Posta de Salud Rural Tres Esteros;123410;5;0;1;0.0
Los Lagos;Servicio de Salud Osorno;San Juan de la Costa;Centro de Salud Familiar Bahía Mansa;123311;1;1;0;
Los Lagos;Servicio de Salud Osorno;San Juan de la Costa;Centro de Salud Familiar Bahía Mansa;123311;2;0;3;0.0
Los Lagos;Servicio de Salud Osorno;San Juan de la Costa;Centro de Salud Familiar Bahía Mansa;123311;3;3;1;300.0
Los Lagos;Servicio de Salud Osorno;San Juan de la Costa;Centro de Salud Familiar Bahía Mansa;123311;4;0;1;0.0
Los Lagos;Servicio de Salud Osorno;San Juan de la Costa;Centro de Salud Familiar Bahía Mansa;123311;5;3;1;300.0
Los Lagos;Servicio de Salud Osorno;San Juan de la Costa;Centro de Salud Familiar Bahía Mansa;123311;6;0;1;0.0
Los Lagos;Servicio de Salud Osorno;San Juan de la Costa;Centro de Salud Familiar Puaucho;123312;2;0;2;0.0
Los Lagos;Servicio de Salud Osorno;San Juan de la Costa;Centro de Salud Familiar Puaucho;123312;3;2;1;200.0
Los Lagos;Servicio de Salud Osorno;San Juan de la Costa;Centro de Salud Familiar Puaucho;123312;4;1;3;33.33
Los Lagos;Servicio de Salud Osorno;San Juan de la Costa;Centro de Salud Familiar Puaucho;123312;5;0;6;0.0
Los Lagos;Servicio de Salud Osorno;San Juan de la Costa;Centro de Salud Familiar Puaucho;123312;6;4;0;
Los Lagos;Servicio de Salud Osorno;San Juan de la Costa;Hospital Futa Sruka Lawenche Kunko Mapu Mo;123104;1;1;1;100.0
Los Lagos;Servicio de Salud Osorno;San Juan de la Costa;Hospital Futa Sruka Lawenche Kunko Mapu Mo;123104;2;0;1;0.0
Los Lagos;Servicio de Salud Osorno;San Juan de la Costa;Hospital Futa Sruka Lawenche Kunko Mapu Mo;123104;4;1;1;100.0
Los Lagos;Servicio de Salud Osorno;San Juan de la Costa;Hospital Futa Sruka Lawenche Kunko Mapu Mo;123104;6;0;1;0.0
Los Lagos;Servicio de Salud Osorno;San Juan de la Costa;Posta de Salud Rural  Pucatrihue;202043;5;0;1;0.0
Los Lagos;Servicio de Salud Osorno;San Juan de la Costa;Posta de Salud Rural Aleucapi;123431;3;0;1;0.0
Los Lagos;Servicio de Salud Osorno;San Pablo;Centro de Salud Familiar San Pablo;123305;1;0;1;0.0
Los Lagos;Servicio de Salud Osorno;San Pablo;Centro de Salud Familiar San Pablo;123305;2;5;1;500.0
Los Lagos;Servicio de Salud Osorno;San Pablo;Centro de Salud Familiar San Pablo;123305;3;4;3;133.33
Los Lagos;Servicio de Salud Osorno;San Pablo;Centro de Salud Familiar San Pablo;123305;4;6;10;60.0
Los Lagos;Servicio de Salud Osorno;San Pablo;Centro de Salud Familiar San Pablo;123305;5;0;7;0.0
Los Lagos;Servicio de Salud Osorno;San Pablo;Centro de Salud Familiar San Pablo;123305;6;3;1;300.0
Los Lagos;Servicio de Salud Osorno;San Pablo;Hospital Pu Mulen Quilacahuín;123105;2;0;1;0.0
Los Lagos;Servicio de Salud Osorno;San Pablo;Hospital Pu Mulen Quilacahuín;123105;4;0;1;0.0
Los Lagos;Servicio de Salud Osorno;San Pablo;Posta de Salud Rural La Poza;123432;2;0;1;0.0
Los Ríos;Servicio de Salud Los Rios;Corral;Hospital de Corral;122101;1;5;8;62.5
Los Ríos;Servicio de Salud Los Rios;Corral;Hospital de Corral;122101;2;0;1;0.0
Los Ríos;Servicio de Salud Los Rios;Corral;Hospital de Corral;122101;3;5;4;125.0
Los Ríos;Servicio de Salud Los Rios;Corral;Hospital de Corral;122101;4;4;0;
Los Ríos;Servicio de Salud Los Rios;Corral;Hospital de Corral;122101;5;3;1;300.0
Los Ríos;Servicio de Salud Los Rios;Corral;Hospital de Corral;122101;6;6;0;
Los Ríos;Servicio de Salud Los Rios;Futrono;Centro Comunitario de Salud Familiar Nontuela (Enrique Strange);122463;2;0;1;0.0
Los Ríos;Servicio de Salud Los Rios;Futrono;Centro Comunitario de Salud Familiar Nontuela (Enrique Strange);122463;5;0;3;0.0
Los Ríos;Servicio de Salud Los Rios;Futrono;Centro Comunitario de Salud Familiar Nontuela (Enrique Strange);122463;6;0;1;0.0
Los Ríos;Servicio de Salud Los Rios;Futrono;Centro de Salud Familiar Belarmina Paredes;122305;1;0;6;0.0
Los Ríos;Servicio de Salud Los Rios;Futrono;Centro de Salud Familiar Belarmina Paredes;122305;2;0;5;0.0
Los Ríos;Servicio de Salud Los Rios;Futrono;Centro de Salud Familiar Belarmina Paredes;122305;3;17;6;283.33
Los Ríos;Servicio de Salud Los Rios;Futrono;Centro de Salud Familiar Belarmina Paredes;122305;4;14;4;350.0
Los Ríos;Servicio de Salud Los Rios;Futrono;Centro de Salud Familiar Belarmina Paredes;122305;5;14;9;155.56
Los Ríos;Servicio de Salud Los Rios;Futrono;Centro de Salud Familiar Belarmina Paredes;122305;6;26;7;371.43
Los Ríos;Servicio de Salud Los Rios;Futrono;Posta de Salud Rural Llifén;122447;6;0;1;0.0
Los Ríos;Servicio de Salud Los Rios;Futrono;Posta de Salud Rural Maihue;122445;4;0;1;0.0
Los Ríos;Servicio de Salud Los Rios;La Unión;Centro Comunitario de Salud Familiar Dr. Alberto Daiber;200299;1;0;4;0.0
Los Ríos;Servicio de Salud Los Rios;La Unión;Centro Comunitario de Salud Familiar Dr. Alberto Daiber;200299;2;0;4;0.0
Los Ríos;Servicio de Salud Los Rios;La Unión;Centro Comunitario de Salud Familiar Dr. Alberto Daiber;200299;6;5;3;166.67
Los Ríos;Servicio de Salud Los Rios;La Unión;Centro Comunitario de Salud Familiar Los Lagos;122710;1;0;2;0.0
Los Ríos;Servicio de Salud Los Rios;La Unión;Centro Comunitario de Salud Familiar Los Lagos;122710;2;0;3;0.0
Los Ríos;Servicio de Salud Los Rios;La Unión;Centro Comunitario de Salud Familiar Los Lagos;122710;3;0;3;0.0
Los Ríos;Servicio de Salud Los Rios;La Unión;Centro Comunitario de Salud Familiar Los Lagos;122710;4;0;2;0.0
Los Ríos;Servicio de Salud Los Rios;La Unión;Centro Comunitario de Salud Familiar Los Lagos;122710;5;0;2;0.0
Los Ríos;Servicio de Salud Los Rios;La Unión;Centro Comunitario de Salud Familiar Los Lagos;122710;6;0;3;0.0
Los Ríos;Servicio de Salud Los Rios;La Unión;Centro de Salud Familiar Dr. Alfredo Gantz Mann;122310;1;0;21;0.0
Los Ríos;Servicio de Salud Los Rios;La Unión;Centro de Salud Familiar Dr. Alfredo Gantz Mann;122310;2;0;14;0.0
Los Ríos;Servicio de Salud Los Rios;La Unión;Centro de Salud Familiar Dr. Alfredo Gantz Mann;122310;3;10;10;100.0
Los Ríos;Servicio de Salud Los Rios;La Unión;Centro de Salud Familiar Dr. Alfredo Gantz Mann;122310;4;0;9;0.0
Los Ríos;Servicio de Salud Los Rios;La Unión;Centro de Salud Familiar Dr. Alfredo Gantz Mann;122310;5;6;9;66.67
Los Ríos;Servicio de Salud Los Rios;La Unión;Centro de Salud Familiar Dr. Alfredo Gantz Mann;122310;6;0;13;0.0
Los Ríos;Servicio de Salud Los Rios;La Unión;Posta de Salud Rural Choroico (La Unión);122430;4;0;1;0.0
Los Ríos;Servicio de Salud Los Rios;La Unión;Posta de Salud Rural Los Esteros;122462;3;0;1;0.0
Los Ríos;Servicio de Salud Los Rios;La Unión;Posta de Salud Rural Los Esteros;122462;4;1;0;
Los Ríos;Servicio de Salud Los Rios;La Unión;Posta de Salud Rural Los Esteros;122462;5;1;0;
Los Ríos;Servicio de Salud Los Rios;La Unión;Posta de Salud Rural Los Esteros;122462;6;0;2;0.0
Los Ríos;Servicio de Salud Los Rios;La Unión;Posta de Salud Rural Puerto Nuevo;122429;1;0;3;0.0
Los Ríos;Servicio de Salud Los Rios;La Unión;Posta de Salud Rural Puerto Nuevo;122429;2;1;0;
Los Ríos;Servicio de Salud Los Rios;La Unión;Posta de Salud Rural Puerto Nuevo;122429;3;0;1;0.0
Los Ríos;Servicio de Salud Los Rios;La Unión;Posta de Salud Rural Puerto Nuevo;122429;5;0;1;0.0
Los Ríos;Servicio de Salud Los Rios;La Unión;Posta de Salud Rural Traiguén ( La Unión);122432;1;0;1;0.0
Los Ríos;Servicio de Salud Los Rios;Lago Ranco;CESFAM Lago Ranco;122306;1;0;4;0.0
Los Ríos;Servicio de Salud Los Rios;Lago Ranco;CESFAM Lago Ranco;122306;2;4;8;50.0
Los Ríos;Servicio de Salud Los Rios;Lago Ranco;CESFAM Lago Ranco;122306;3;0;6;0.0
Los Ríos;Servicio de Salud Los Rios;Lago Ranco;CESFAM Lago Ranco;122306;4;2;3;66.67
Los Ríos;Servicio de Salud Los Rios;Lago Ranco;CESFAM Lago Ranco;122306;5;1;5;20.0
Los Ríos;Servicio de Salud Los Rios;Lago Ranco;CESFAM Lago Ranco;122306;6;1;9;11.11
Los Ríos;Servicio de Salud Los Rios;Lago Ranco;Centro Comunitario de Salud Familiar Riñinahue;122450;3;0;1;0.0
Los Ríos;Servicio de Salud Los Rios;Lago Ranco;Centro Comunitario de Salud Familiar Riñinahue;122450;5;0;3;0.0
Los Ríos;Servicio de Salud Los Rios;Lago Ranco;Posta de Salud Rural  Rupumeica Bajo;122461;2;0;1;0.0
Los Ríos;Servicio de Salud Los Rios;Lago Ranco;Posta de Salud Rural  Rupumeica Bajo;122461;4;0;1;0.0
Los Ríos;Servicio de Salud Los Rios;Lago Ranco;Posta de Salud Rural Pitriuco;122448;1;1;1;100.0
Los Ríos;Servicio de Salud Los Rios;Lago Ranco;Posta de Salud Rural Pitriuco;122448;2;1;1;100.0
Los Ríos;Servicio de Salud Los Rios;Lago Ranco;Posta de Salud Rural Pitriuco;122448;3;0;1;0.0
Los Ríos;Servicio de Salud Los Rios;Lago Ranco;Posta de Salud Rural Pitriuco;122448;4;0;1;0.0
Los Ríos;Servicio de Salud Los Rios;Lago Ranco;Posta de Salud Rural Pitriuco;122448;5;0;1;0.0
Los Ríos;Servicio de Salud Los Rios;Lago Ranco;Posta de Salud Rural Pitriuco;122448;6;0;1;0.0
Los Ríos;Servicio de Salud Los Rios;Lago Ranco;Posta de Salud Rural Pocura;122460;5;0;1;0.0
Los Ríos;Servicio de Salud Los Rios;Lanco;Centro de Salud Familiar Malalhue;122311;1;3;8;37.5
Los Ríos;Servicio de Salud Los Rios;Lanco;Centro de Salud Familiar Malalhue;122311;2;0;4;0.0
Los Ríos;Servicio de Salud Los Rios;Lanco;Centro de Salud Familiar Malalhue;122311;3;0;2;0.0
Los Ríos;Servicio de Salud Los Rios;Lanco;Centro de Salud Familiar Malalhue;122311;4;8;2;400.0
Los Ríos;Servicio de Salud Los Rios;Lanco;Centro de Salud Familiar Malalhue;122311;5;6;0;
Los Ríos;Servicio de Salud Los Rios;Lanco;Centro de Salud Familiar Malalhue;122311;6;3;3;100.0
Los Ríos;Servicio de Salud Los Rios;Lanco;Hospital de Lanco;122103;1;16;8;200.0
Los Ríos;Servicio de Salud Los Rios;Lanco;Hospital de Lanco;122103;2;8;14;57.14
Los Ríos;Servicio de Salud Los Rios;Lanco;Hospital de Lanco;122103;3;8;9;88.89
Los Ríos;Servicio de Salud Los Rios;Lanco;Hospital de Lanco;122103;4;5;7;71.43
Los Ríos;Servicio de Salud Los Rios;Lanco;Hospital de Lanco;122103;5;5;5;100.0
Los Ríos;Servicio de Salud Los Rios;Lanco;Hospital de Lanco;122103;6;4;4;100.0
Los Ríos;Servicio de Salud Los Rios;Los Lagos;Centro Comunitario de Salud Familiar Erodita Arriagada Oliva;122408;3;0;1;0.0
Los Ríos;Servicio de Salud Los Rios;Los Lagos;Centro Comunitario de Salud Familiar Erodita Arriagada Oliva;122408;5;0;1;0.0
Los Ríos;Servicio de Salud Los Rios;Los Lagos;Centro Comunitario de Salud Familiar Folilco;200303;1;0;1;0.0
Los Ríos;Servicio de Salud Los Rios;Los Lagos;Centro Comunitario de Salud Familiar Manuel Miranda;122716;1;0;3;0.0
Los Ríos;Servicio de Salud Los Rios;Los Lagos;Centro Comunitario de Salud Familiar Manuel Miranda;122716;2;0;2;0.0
Los Ríos;Servicio de Salud Los Rios;Los Lagos;Centro Comunitario de Salud Familiar Manuel Miranda;122716;3;1;3;33.33
Los Ríos;Servicio de Salud Los Rios;Los Lagos;Centro Comunitario de Salud Familiar Manuel Miranda;122716;4;0;1;0.0
Los Ríos;Servicio de Salud Los Rios;Los Lagos;Centro Comunitario de Salud Familiar Manuel Miranda;122716;6;0;2;0.0
Los Ríos;Servicio de Salud Los Rios;Los Lagos;Centro de Salud Familiar Los Lagos;122316;1;0;11;0.0
Los Ríos;Servicio de Salud Los Rios;Los Lagos;Centro de Salud Familiar Los Lagos;122316;2;0;10;0.0
Los Ríos;Servicio de Salud Los Rios;Los Lagos;Centro de Salud Familiar Los Lagos;122316;3;0;10;0.0
Los Ríos;Servicio de Salud Los Rios;Los Lagos;Centro de Salud Familiar Los Lagos;122316;4;0;8;0.0
Los Ríos;Servicio de Salud Los Rios;Los Lagos;Centro de Salud Familiar Los Lagos;122316;5;0;13;0.0
Los Ríos;Servicio de Salud Los Rios;Los Lagos;Centro de Salud Familiar Los Lagos;122316;6;0;7;0.0
Los Ríos;Servicio de Salud Los Rios;Los Lagos;Posta de Salud Rural El Salto;122406;2;0;1;0.0
Los Ríos;Servicio de Salud Los Rios;Los Lagos;Posta de Salud Rural Las Huellas;122407;6;0;1;0.0
Los Ríos;Servicio de Salud Los Rios;Los Lagos;Posta de Salud Rural Malihue;122411;1;0;1;0.0
Los Ríos;Servicio de Salud Los Rios;Los Lagos;Posta de Salud Rural Malihue;122411;2;0;1;0.0
Los Ríos;Servicio de Salud Los Rios;Los Lagos;Posta de Salud Rural Malihue;122411;4;0;1;0.0
Los Ríos;Servicio de Salud Los Rios;Los Lagos;Posta de Salud Rural Pellinada;122465;4;0;1;0.0
Los Ríos;Servicio de Salud Los Rios;Los Lagos;Posta de Salud Rural Pellinada;122465;5;0;1;0.0
Los Ríos;Servicio de Salud Los Rios;Los Lagos;Posta de Salud Rural Pellinada;122465;6;0;1;0.0
Los Ríos;Servicio de Salud Los Rios;Los Lagos;Posta de Salud Rural Riñihue;122409;1;0;2;0.0
Los Ríos;Servicio de Salud Los Rios;Los Lagos;Posta de Salud Rural Riñihue;122409;4;1;0;
Los Ríos;Servicio de Salud Los Rios;Mariquina;Centro Comunitario de Salud Familiar Dr. Silva de La Paz (San Francisco);122723;2;0;3;0.0
Los Ríos;Servicio de Salud Los Rios;Mariquina;Centro Comunitario de Salud Familiar Dr. Silva de La Paz (San Francisco);122723;3;0;3;0.0
Los Ríos;Servicio de Salud Los Rios;Mariquina;Centro Comunitario de Salud Familiar Dr. Silva de La Paz (San Francisco);122723;4;1;3;33.33
Los Ríos;Servicio de Salud Los Rios;Mariquina;Centro Comunitario de Salud Familiar Dr. Silva de La Paz (San Francisco);122723;5;0;7;0.0
Los Ríos;Servicio de Salud Los Rios;Mariquina;Centro Comunitario de Salud Familiar Dr. Silva de La Paz (San Francisco);122723;6;0;3;0.0
Los Ríos;Servicio de Salud Los Rios;Mariquina;Centro Comunitario de Salud Familiar Mehuín;122703;3;0;2;0.0
Los Ríos;Servicio de Salud Los Rios;Mariquina;Centro Comunitario de Salud Familiar Mehuín;122703;4;0;1;0.0
Los Ríos;Servicio de Salud Los Rios;Mariquina;Centro Comunitario de Salud Familiar Mehuín;122703;5;0;1;0.0
Los Ríos;Servicio de Salud Los Rios;Mariquina;Centro Comunitario de Salud Familiar Mehuín;122703;6;0;2;0.0
Los Ríos;Servicio de Salud Los Rios;Mariquina;Centro de Salud Familiar San José de la Mariquina;122303;1;0;8;0.0
Los Ríos;Servicio de Salud Los Rios;Mariquina;Centro de Salud Familiar San José de la Mariquina;122303;2;0;18;0.0
Los Ríos;Servicio de Salud Los Rios;Mariquina;Centro de Salud Familiar San José de la Mariquina;122303;3;0;7;0.0
Los Ríos;Servicio de Salud Los Rios;Mariquina;Centro de Salud Familiar San José de la Mariquina;122303;4;0;15;0.0
Los Ríos;Servicio de Salud Los Rios;Mariquina;Centro de Salud Familiar San José de la Mariquina;122303;5;0;5;0.0
Los Ríos;Servicio de Salud Los Rios;Mariquina;Centro de Salud Familiar San José de la Mariquina;122303;6;0;10;0.0
Los Ríos;Servicio de Salud Los Rios;Mariquina;Posta de Salud Rural Alepué;122419;6;0;1;0.0
Los Ríos;Servicio de Salud Los Rios;Mariquina;Posta de Salud Rural Ciruelos;122418;1;0;2;0.0
Los Ríos;Servicio de Salud Los Rios;Mariquina;Posta de Salud Rural Ciruelos;122418;2;0;2;0.0
Los Ríos;Servicio de Salud Los Rios;Mariquina;Posta de Salud Rural Ciruelos;122418;3;0;1;0.0
Los Ríos;Servicio de Salud Los Rios;Mariquina;Posta de Salud Rural Ciruelos;122418;5;0;1;0.0
Los Ríos;Servicio de Salud Los Rios;Mariquina;Posta de Salud Rural Ciruelos;122418;6;0;2;0.0
Los Ríos;Servicio de Salud Los Rios;Mariquina;Posta de Salud Rural Pelchuquín;122417;2;0;1;0.0
Los Ríos;Servicio de Salud Los Rios;Mariquina;Posta de Salud Rural Pelchuquín;122417;3;0;2;0.0
Los Ríos;Servicio de Salud Los Rios;Mariquina;Posta de Salud Rural Pelchuquín;122417;6;0;1;0.0
Los Ríos;Servicio de Salud Los Rios;Máfil;Centro Comunitario de Salud Familiar Máfil;200250;1;0;4;0.0
Los Ríos;Servicio de Salud Los Rios;Máfil;Centro Comunitario de Salud Familiar Máfil;200250;3;2;2;100.0
Los Ríos;Servicio de Salud Los Rios;Máfil;Centro Comunitario de Salud Familiar Máfil;200250;4;0;3;0.0
Los Ríos;Servicio de Salud Los Rios;Máfil;Centro Comunitario de Salud Familiar Máfil;200250;5;0;1;0.0
Los Ríos;Servicio de Salud Los Rios;Máfil;Centro Comunitario de Salud Familiar Máfil;200250;6;0;1;0.0
Los Ríos;Servicio de Salud Los Rios;Máfil;Centro de Salud Familiar Máfil;122307;1;0;6;0.0
Los Ríos;Servicio de Salud Los Rios;Máfil;Centro de Salud Familiar Máfil;122307;2;0;4;0.0
Los Ríos;Servicio de Salud Los Rios;Máfil;Centro de Salud Familiar Máfil;122307;3;0;2;0.0
Los Ríos;Servicio de Salud Los Rios;Máfil;Centro de Salud Familiar Máfil;122307;4;4;3;133.33
Los Ríos;Servicio de Salud Los Rios;Máfil;Centro de Salud Familiar Máfil;122307;5;1;3;33.33
Los Ríos;Servicio de Salud Los Rios;Máfil;Centro de Salud Familiar Máfil;122307;6;0;1;0.0
Los Ríos;Servicio de Salud Los Rios;Paillaco;Centro de Salud Familiar Lautaro Caro Ríos;122315;1;0;8;0.0
Los Ríos;Servicio de Salud Los Rios;Paillaco;Centro de Salud Familiar Lautaro Caro Ríos;122315;2;0;6;0.0
Los Ríos;Servicio de Salud Los Rios;Paillaco;Centro de Salud Familiar Lautaro Caro Ríos;122315;3;16;12;133.33
Los Ríos;Servicio de Salud Los Rios;Paillaco;Centro de Salud Familiar Lautaro Caro Ríos;122315;4;12;8;150.0
Los Ríos;Servicio de Salud Los Rios;Paillaco;Centro de Salud Familiar Lautaro Caro Ríos;122315;5;0;8;0.0
Los Ríos;Servicio de Salud Los Rios;Paillaco;Centro de Salud Familiar Lautaro Caro Ríos;122315;6;0;7;0.0
Los Ríos;Servicio de Salud Los Rios;Paillaco;Posta de Salud Rural Aguas Negras;122442;1;4;0;
Los Ríos;Servicio de Salud Los Rios;Paillaco;Posta de Salud Rural Itropulli;202039;4;0;1;0.0
Los Ríos;Servicio de Salud Los Rios;Paillaco;Posta de Salud Rural Itropulli;202039;6;0;2;0.0
Los Ríos;Servicio de Salud Los Rios;Paillaco;Posta de Salud Rural Pichirropulli;122441;1;0;2;0.0
Los Ríos;Servicio de Salud Los Rios;Paillaco;Posta de Salud Rural Pichirropulli;122441;3;1;1;100.0
Los Ríos;Servicio de Salud Los Rios;Paillaco;Posta de Salud Rural Reumén;122440;2;1;1;100.0
Los Ríos;Servicio de Salud Los Rios;Paillaco;Posta de Salud Rural Reumén;122440;3;4;0;
Los Ríos;Servicio de Salud Los Rios;Paillaco;Posta de Salud Rural Reumén;122440;4;4;0;
Los Ríos;Servicio de Salud Los Rios;Paillaco;Posta de Salud Rural Reumén;122440;5;0;2;0.0
Los Ríos;Servicio de Salud Los Rios;Paillaco;Posta de Salud Rural Santa Filomena (Paillaco);122457;5;0;1;0.0
Los Ríos;Servicio de Salud Los Rios;Paillaco;Posta de Salud Rural Santa Rosa (Paillaco);122456;1;0;1;0.0
Los Ríos;Servicio de Salud Los Rios;Panguipulli;Centro Comunitario de Salud Familiar Liquiñe;122425;1;0;1;0.0
Los Ríos;Servicio de Salud Los Rios;Panguipulli;Centro Comunitario de Salud Familiar Liquiñe;122425;4;3;1;300.0
Los Ríos;Servicio de Salud Los Rios;Panguipulli;Centro Comunitario de Salud Familiar Liquiñe;122425;5;0;1;0.0
Los Ríos;Servicio de Salud Los Rios;Panguipulli;Centro Comunitario de Salud Familiar Liquiñe;122425;6;0;1;0.0
Los Ríos;Servicio de Salud Los Rios;Panguipulli;Centro Comunitario de Salud Familiar Neltume;122709;1;3;2;150.0
Los Ríos;Servicio de Salud Los Rios;Panguipulli;Centro Comunitario de Salud Familiar Neltume;122709;2;0;1;0.0
Los Ríos;Servicio de Salud Los Rios;Panguipulli;Centro Comunitario de Salud Familiar Neltume;122709;3;0;4;0.0
Los Ríos;Servicio de Salud Los Rios;Panguipulli;Centro Comunitario de Salud Familiar Neltume;122709;4;1;3;33.33
Los Ríos;Servicio de Salud Los Rios;Panguipulli;Centro Comunitario de Salud Familiar Neltume;122709;5;0;1;0.0
Los Ríos;Servicio de Salud Los Rios;Panguipulli;Centro Comunitario de Salud Familiar Neltume;122709;6;2;2;100.0
Los Ríos;Servicio de Salud Los Rios;Panguipulli;Centro de Salud Familiar Choshuenco;122309;1;1;0;
Los Ríos;Servicio de Salud Los Rios;Panguipulli;Centro de Salud Familiar Choshuenco;122309;3;0;1;0.0
Los Ríos;Servicio de Salud Los Rios;Panguipulli;Centro de Salud Familiar Choshuenco;122309;4;0;1;0.0
Los Ríos;Servicio de Salud Los Rios;Panguipulli;Centro de Salud Familiar Choshuenco;122309;5;0;1;0.0
Los Ríos;Servicio de Salud Los Rios;Panguipulli;Centro de Salud Familiar Choshuenco;122309;6;0;2;0.0
Los Ríos;Servicio de Salud Los Rios;Panguipulli;Centro de Salud Familiar Coñaripe;122308;1;0;6;0.0
Los Ríos;Servicio de Salud Los Rios;Panguipulli;Centro de Salud Familiar Coñaripe;122308;2;0;3;0.0
Los Ríos;Servicio de Salud Los Rios;Panguipulli;Centro de Salud Familiar Coñaripe;122308;3;0;6;0.0
Los Ríos;Servicio de Salud Los Rios;Panguipulli;Centro de Salud Familiar Coñaripe;122308;4;2;6;33.33
Los Ríos;Servicio de Salud Los Rios;Panguipulli;Centro de Salud Familiar Coñaripe;122308;5;0;3;0.0
Los Ríos;Servicio de Salud Los Rios;Panguipulli;Centro de Salud Familiar Coñaripe;122308;6;0;2;0.0
Los Ríos;Servicio de Salud Los Rios;Panguipulli;Centro de Salud Familiar Panguipulli;122304;1;9;12;75.0
Los Ríos;Servicio de Salud Los Rios;Panguipulli;Centro de Salud Familiar Panguipulli;122304;2;11;11;100.0
Los Ríos;Servicio de Salud Los Rios;Panguipulli;Centro de Salud Familiar Panguipulli;122304;3;3;15;20.0
Los Ríos;Servicio de Salud Los Rios;Panguipulli;Centro de Salud Familiar Panguipulli;122304;4;17;13;130.77
Los Ríos;Servicio de Salud Los Rios;Panguipulli;Centro de Salud Familiar Panguipulli;122304;5;15;9;166.67
Los Ríos;Servicio de Salud Los Rios;Panguipulli;Centro de Salud Familiar Panguipulli;122304;6;12;14;85.71
Los Ríos;Servicio de Salud Los Rios;Panguipulli;Posta de Salud Rural Bocatoma;122452;4;0;1;0.0
Los Ríos;Servicio de Salud Los Rios;Panguipulli;Posta de Salud Rural Bocatoma;122452;5;0;1;0.0
Los Ríos;Servicio de Salud Los Rios;Panguipulli;Posta de Salud Rural Cayumapu;122427;4;0;1;0.0
Los Ríos;Servicio de Salud Los Rios;Panguipulli;Posta de Salud Rural Huitag;122421;1;0;1;0.0
Los Ríos;Servicio de Salud Los Rios;Panguipulli;Posta de Salud Rural Lago Neltume;122464;1;1;1;100.0
Los Ríos;Servicio de Salud Los Rios;Panguipulli;Posta de Salud Rural Lago Neltume;122464;2;0;1;0.0
Los Ríos;Servicio de Salud Los Rios;Panguipulli;Posta de Salud Rural Melefquén;122413;2;0;1;0.0
Los Ríos;Servicio de Salud Los Rios;Panguipulli;Posta de Salud Rural Melefquén;122413;6;0;1;0.0
Los Ríos;Servicio de Salud Los Rios;Río Bueno;Centro de Salud Familiar Río Bueno;122312;1;0;5;0.0
Los Ríos;Servicio de Salud Los Rios;Río Bueno;Centro de Salud Familiar Río Bueno;122312;2;0;23;0.0
Los Ríos;Servicio de Salud Los Rios;Río Bueno;Centro de Salud Familiar Río Bueno;122312;3;0;25;0.0
Los Ríos;Servicio de Salud Los Rios;Río Bueno;Centro de Salud Familiar Río Bueno;122312;4;0;8;0.0
Los Ríos;Servicio de Salud Los Rios;Río Bueno;Centro de Salud Familiar Río Bueno;122312;5;0;9;0.0
Los Ríos;Servicio de Salud Los Rios;Río Bueno;Centro de Salud Familiar Río Bueno;122312;6;10;16;62.5
Los Ríos;Servicio de Salud Los Rios;Río Bueno;Posta de Salud Rural Carimallín;122436;3;0;1;0.0
Los Ríos;Servicio de Salud Los Rios;Río Bueno;Posta de Salud Rural Carimallín;122436;4;0;1;0.0
Los Ríos;Servicio de Salud Los Rios;Río Bueno;Posta de Salud Rural Cayurruca;122438;1;0;1;0.0
Los Ríos;Servicio de Salud Los Rios;Río Bueno;Posta de Salud Rural Cayurruca;122438;2;0;1;0.0
Los Ríos;Servicio de Salud Los Rios;Río Bueno;Posta de Salud Rural Cayurruca;122438;5;0;2;0.0
Los Ríos;Servicio de Salud Los Rios;Río Bueno;Posta de Salud Rural Cayurruca;122438;6;0;1;0.0
Los Ríos;Servicio de Salud Los Rios;Río Bueno;Posta de Salud Rural Crucero (Río Bueno);122434;2;0;2;0.0
Los Ríos;Servicio de Salud Los Rios;Río Bueno;Posta de Salud Rural Crucero (Río Bueno);122434;5;0;3;0.0
Los Ríos;Servicio de Salud Los Rios;Río Bueno;Posta de Salud Rural Crucero (Río Bueno);122434;6;0;1;0.0
Los Ríos;Servicio de Salud Los Rios;Río Bueno;Posta de Salud Rural Futahuente;122439;1;0;1;0.0
Los Ríos;Servicio de Salud Los Rios;Río Bueno;Posta de Salud Rural Futahuente;122439;2;0;1;0.0
Los Ríos;Servicio de Salud Los Rios;Río Bueno;Posta de Salud Rural Futahuente;122439;4;0;3;0.0
Los Ríos;Servicio de Salud Los Rios;Río Bueno;Posta de Salud Rural Futahuente;122439;5;0;1;0.0
Los Ríos;Servicio de Salud Los Rios;Río Bueno;Posta de Salud Rural Futahuente;122439;6;4;0;
Los Ríos;Servicio de Salud Los Rios;Río Bueno;Posta de Salud Rural Mantilhue;122455;3;0;2;0.0
Los Ríos;Servicio de Salud Los Rios;Río Bueno;Posta de Salud Rural Mantilhue;122455;5;0;1;0.0
Los Ríos;Servicio de Salud Los Rios;Río Bueno;Posta de Salud Rural Trapi;122437;1;0;1;0.0
Los Ríos;Servicio de Salud Los Rios;Río Bueno;Posta de Salud Rural Trapi;122437;3;0;1;0.0
Los Ríos;Servicio de Salud Los Rios;Río Bueno;Posta de Salud Rural Vivanco;122435;2;0;1;0.0
Los Ríos;Servicio de Salud Los Rios;Valdivia;Centro Comunitario de Salud Familiar Barrios Bajos;122700;1;0;3;0.0
Los Ríos;Servicio de Salud Los Rios;Valdivia;Centro Comunitario de Salud Familiar Barrios Bajos;122700;2;0;1;0.0
Los Ríos;Servicio de Salud Los Rios;Valdivia;Centro Comunitario de Salud Familiar Barrios Bajos;122700;3;0;4;0.0
Los Ríos;Servicio de Salud Los Rios;Valdivia;Centro Comunitario de Salud Familiar Barrios Bajos;122700;4;0;4;0.0
Los Ríos;Servicio de Salud Los Rios;Valdivia;Centro Comunitario de Salud Familiar Barrios Bajos;122700;5;4;3;133.33
Los Ríos;Servicio de Salud Los Rios;Valdivia;Centro Comunitario de Salud Familiar Barrios Bajos;122700;6;1;10;10.0
Los Ríos;Servicio de Salud Los Rios;Valdivia;Centro Comunitario de Salud Familiar Collico;122702;1;0;5;0.0
Los Ríos;Servicio de Salud Los Rios;Valdivia;Centro Comunitario de Salud Familiar Collico;122702;2;0;1;0.0
Los Ríos;Servicio de Salud Los Rios;Valdivia;Centro Comunitario de Salud Familiar Collico;122702;4;0;4;0.0
Los Ríos;Servicio de Salud Los Rios;Valdivia;Centro Comunitario de Salud Familiar Collico;122702;5;0;1;0.0
Los Ríos;Servicio de Salud Los Rios;Valdivia;Centro Comunitario de Salud Familiar Collico;122702;6;0;8;0.0
Los Ríos;Servicio de Salud Los Rios;Valdivia;Centro Comunitario de Salud Familiar Guacamayo;200235;2;0;2;0.0
Los Ríos;Servicio de Salud Los Rios;Valdivia;Centro Comunitario de Salud Familiar Guacamayo;200235;3;0;7;0.0
Los Ríos;Servicio de Salud Los Rios;Valdivia;Centro Comunitario de Salud Familiar Guacamayo;200235;4;0;3;0.0
Los Ríos;Servicio de Salud Los Rios;Valdivia;Centro Comunitario de Salud Familiar Guacamayo;200235;5;0;2;0.0
Los Ríos;Servicio de Salud Los Rios;Valdivia;Centro Comunitario de Salud Familiar Guacamayo;200235;6;0;2;0.0
Los Ríos;Servicio de Salud Los Rios;Valdivia;Centro Comunitario de Salud Familiar Los Alerces;122714;1;0;2;0.0
Los Ríos;Servicio de Salud Los Rios;Valdivia;Centro Comunitario de Salud Familiar Los Alerces;122714;2;0;4;0.0
Los Ríos;Servicio de Salud Los Rios;Valdivia;Centro Comunitario de Salud Familiar Los Alerces;122714;3;0;2;0.0
Los Ríos;Servicio de Salud Los Rios;Valdivia;Centro Comunitario de Salud Familiar Los Alerces;122714;4;0;6;0.0
Los Ríos;Servicio de Salud Los Rios;Valdivia;Centro Comunitario de Salud Familiar Los Alerces;122714;5;0;4;0.0
Los Ríos;Servicio de Salud Los Rios;Valdivia;Centro Comunitario de Salud Familiar Mulato;201234;1;0;6;0.0
Los Ríos;Servicio de Salud Los Rios;Valdivia;Centro Comunitario de Salud Familiar Mulato;201234;2;0;1;0.0
Los Ríos;Servicio de Salud Los Rios;Valdivia;Centro Comunitario de Salud Familiar Mulato;201234;3;0;1;0.0
Los Ríos;Servicio de Salud Los Rios;Valdivia;Centro Comunitario de Salud Familiar Mulato;201234;4;0;2;0.0
Los Ríos;Servicio de Salud Los Rios;Valdivia;Centro Comunitario de Salud Familiar Mulato;201234;5;0;4;0.0
Los Ríos;Servicio de Salud Los Rios;Valdivia;Centro Comunitario de Salud Familiar Mulato;201234;6;0;2;0.0
Los Ríos;Servicio de Salud Los Rios;Valdivia;Centro Comunitario de Salud Familiar Pablo Neruda;122720;1;0;1;0.0
Los Ríos;Servicio de Salud Los Rios;Valdivia;Centro Comunitario de Salud Familiar Pablo Neruda;122720;2;0;2;0.0
Los Ríos;Servicio de Salud Los Rios;Valdivia;Centro Comunitario de Salud Familiar Pablo Neruda;122720;3;0;1;0.0
Los Ríos;Servicio de Salud Los Rios;Valdivia;Centro Comunitario de Salud Familiar Pablo Neruda;122720;4;0;1;0.0
Los Ríos;Servicio de Salud Los Rios;Valdivia;Centro Comunitario de Salud Familiar Pablo Neruda;122720;5;0;1;0.0
Los Ríos;Servicio de Salud Los Rios;Valdivia;Centro Comunitario de Salud Familiar Pablo Neruda;122720;6;0;1;0.0
Los Ríos;Servicio de Salud Los Rios;Valdivia;Centro de Salud Familiar Angachilla;122314;1;0;15;0.0
Los Ríos;Servicio de Salud Los Rios;Valdivia;Centro de Salud Familiar Angachilla;122314;2;0;12;0.0
Los Ríos;Servicio de Salud Los Rios;Valdivia;Centro de Salud Familiar Angachilla;122314;3;3;20;15.0
Los Ríos;Servicio de Salud Los Rios;Valdivia;Centro de Salud Familiar Angachilla;122314;4;7;15;46.67
Los Ríos;Servicio de Salud Los Rios;Valdivia;Centro de Salud Familiar Angachilla;122314;5;3;15;20.0
Los Ríos;Servicio de Salud Los Rios;Valdivia;Centro de Salud Familiar Angachilla;122314;6;0;10;0.0
Los Ríos;Servicio de Salud Los Rios;Valdivia;Centro de Salud Familiar Dr. Jorge Sabat Gozalo (Ex Gil de Castro);122302;1;12;15;80.0
Los Ríos;Servicio de Salud Los Rios;Valdivia;Centro de Salud Familiar Dr. Jorge Sabat Gozalo (Ex Gil de Castro);122302;2;17;18;94.44
Los Ríos;Servicio de Salud Los Rios;Valdivia;Centro de Salud Familiar Dr. Jorge Sabat Gozalo (Ex Gil de Castro);122302;3;0;29;0.0
Los Ríos;Servicio de Salud Los Rios;Valdivia;Centro de Salud Familiar Dr. Jorge Sabat Gozalo (Ex Gil de Castro);122302;4;25;30;83.33
Los Ríos;Servicio de Salud Los Rios;Valdivia;Centro de Salud Familiar Dr. Jorge Sabat Gozalo (Ex Gil de Castro);122302;5;11;22;50.0
Los Ríos;Servicio de Salud Los Rios;Valdivia;Centro de Salud Familiar Dr. Jorge Sabat Gozalo (Ex Gil de Castro);122302;6;14;30;46.67
Los Ríos;Servicio de Salud Los Rios;Valdivia;Centro de Salud Familiar Externo Valdivia;122300;1;2;5;40.0
Los Ríos;Servicio de Salud Los Rios;Valdivia;Centro de Salud Familiar Externo Valdivia;122300;2;0;12;0.0
Los Ríos;Servicio de Salud Los Rios;Valdivia;Centro de Salud Familiar Externo Valdivia;122300;3;0;2;0.0
Los Ríos;Servicio de Salud Los Rios;Valdivia;Centro de Salud Familiar Externo Valdivia;122300;4;21;16;131.25
Los Ríos;Servicio de Salud Los Rios;Valdivia;Centro de Salud Familiar Externo Valdivia;122300;5;0;7;0.0
Los Ríos;Servicio de Salud Los Rios;Valdivia;Centro de Salud Familiar Externo Valdivia;122300;6;12;17;70.59
Los Ríos;Servicio de Salud Los Rios;Valdivia;Centro de Salud Familiar Las Ánimas;122301;1;0;18;0.0
Los Ríos;Servicio de Salud Los Rios;Valdivia;Centro de Salud Familiar Las Ánimas;122301;2;0;16;0.0
Los Ríos;Servicio de Salud Los Rios;Valdivia;Centro de Salud Familiar Las Ánimas;122301;3;11;13;84.62
Los Ríos;Servicio de Salud Los Rios;Valdivia;Centro de Salud Familiar Las Ánimas;122301;4;24;16;150.0
Los Ríos;Servicio de Salud Los Rios;Valdivia;Centro de Salud Familiar Las Ánimas;122301;5;16;11;145.45
Los Ríos;Servicio de Salud Los Rios;Valdivia;Centro de Salud Familiar Las Ánimas;122301;6;14;11;127.27
Los Ríos;Servicio de Salud Los Rios;Valdivia;Centro de Salud Familiar Niebla;122313;1;2;9;22.22
Los Ríos;Servicio de Salud Los Rios;Valdivia;Centro de Salud Familiar Niebla;122313;2;1;5;20.0
Los Ríos;Servicio de Salud Los Rios;Valdivia;Centro de Salud Familiar Niebla;122313;3;0;4;0.0
Los Ríos;Servicio de Salud Los Rios;Valdivia;Centro de Salud Familiar Niebla;122313;4;0;8;0.0
Los Ríos;Servicio de Salud Los Rios;Valdivia;Centro de Salud Familiar Niebla;122313;5;0;3;0.0
Los Ríos;Servicio de Salud Los Rios;Valdivia;Centro de Salud Familiar Niebla;122313;6;0;3;0.0
Los Ríos;Servicio de Salud Los Rios;Valdivia;Posta de Salud Rural Cayumapu;200093;3;0;1;0.0
Los Ríos;Servicio de Salud Los Rios;Valdivia;Posta de Salud Rural Cayumapu;200093;5;0;1;0.0
Los Ríos;Servicio de Salud Los Rios;Valdivia;Posta de Salud Rural Curiñanco;122402;2;0;1;0.0
Los Ríos;Servicio de Salud Los Rios;Valdivia;Posta de Salud Rural Curiñanco;122402;3;0;1;0.0
Los Ríos;Servicio de Salud Los Rios;Valdivia;Posta de Salud Rural Curiñanco;122402;6;0;2;0.0
Los Ríos;Servicio de Salud Los Rios;Valdivia;Posta de Salud Rural Huellelhue;122401;4;0;1;0.0
Los Ríos;Servicio de Salud Los Rios;Valdivia;Posta de Salud Rural Punucapa;122400;2;0;1;0.0
Los Ríos;Servicio de Salud Los Rios;Valdivia;Posta de Salud Rural Punucapa;122400;3;0;1;0.0
Los Ríos;Servicio de Salud Los Rios;Valdivia;Posta de Salud Rural Punucapa;122400;4;0;1;0.0
Magallanes y de la Antártica Chilena;Servicio de Salud Magallanes;Cabo de Hornos;Hospital Comunitario Cristina Calderón de Puerto Williams;126704;1;0;3;0.0
Magallanes y de la Antártica Chilena;Servicio de Salud Magallanes;Cabo de Hornos;Hospital Comunitario Cristina Calderón de Puerto Williams;126704;2;2;0;
Magallanes y de la Antártica Chilena;Servicio de Salud Magallanes;Cabo de Hornos;Hospital Comunitario Cristina Calderón de Puerto Williams;126704;3;0;4;0.0
Magallanes y de la Antártica Chilena;Servicio de Salud Magallanes;Cabo de Hornos;Hospital Comunitario Cristina Calderón de Puerto Williams;126704;4;0;1;0.0
Magallanes y de la Antártica Chilena;Servicio de Salud Magallanes;Cabo de Hornos;Hospital Comunitario Cristina Calderón de Puerto Williams;126704;5;1;0;
Magallanes y de la Antártica Chilena;Servicio de Salud Magallanes;Cabo de Hornos;Hospital Comunitario Cristina Calderón de Puerto Williams;126704;6;0;3;0.0
Magallanes y de la Antártica Chilena;Servicio de Salud Magallanes;Natales;Centro de Salud Familiar Natales;126305;1;2;23;8.7
Magallanes y de la Antártica Chilena;Servicio de Salud Magallanes;Natales;Centro de Salud Familiar Natales;126305;2;2;23;8.7
Magallanes y de la Antártica Chilena;Servicio de Salud Magallanes;Natales;Centro de Salud Familiar Natales;126305;3;7;28;25.0
Magallanes y de la Antártica Chilena;Servicio de Salud Magallanes;Natales;Centro de Salud Familiar Natales;126305;4;2;29;6.9
Magallanes y de la Antártica Chilena;Servicio de Salud Magallanes;Natales;Centro de Salud Familiar Natales;126305;5;0;19;0.0
Magallanes y de la Antártica Chilena;Servicio de Salud Magallanes;Natales;Centro de Salud Familiar Natales;126305;6;6;24;25.0
Magallanes y de la Antártica Chilena;Servicio de Salud Magallanes;Porvenir;Hospital Dr. Marco Antonio Chamorro ( Porvenir);126102;1;5;5;100.0
Magallanes y de la Antártica Chilena;Servicio de Salud Magallanes;Porvenir;Hospital Dr. Marco Antonio Chamorro ( Porvenir);126102;2;12;2;600.0
Magallanes y de la Antártica Chilena;Servicio de Salud Magallanes;Porvenir;Hospital Dr. Marco Antonio Chamorro ( Porvenir);126102;3;6;5;120.0
Magallanes y de la Antártica Chilena;Servicio de Salud Magallanes;Porvenir;Hospital Dr. Marco Antonio Chamorro ( Porvenir);126102;4;9;5;180.0
Magallanes y de la Antártica Chilena;Servicio de Salud Magallanes;Porvenir;Hospital Dr. Marco Antonio Chamorro ( Porvenir);126102;5;8;5;160.0
Magallanes y de la Antártica Chilena;Servicio de Salud Magallanes;Porvenir;Hospital Dr. Marco Antonio Chamorro ( Porvenir);126102;6;0;5;0.0
Magallanes y de la Antártica Chilena;Servicio de Salud Magallanes;Punta Arenas;Centro Comunitario de Salud Familiar Dr. Juan Damianovic;200311;1;0;3;0.0
Magallanes y de la Antártica Chilena;Servicio de Salud Magallanes;Punta Arenas;Centro Comunitario de Salud Familiar Dr. Juan Damianovic;200311;2;0;2;0.0
Magallanes y de la Antártica Chilena;Servicio de Salud Magallanes;Punta Arenas;Centro Comunitario de Salud Familiar Dr. Juan Damianovic;200311;3;0;4;0.0
Magallanes y de la Antártica Chilena;Servicio de Salud Magallanes;Punta Arenas;Centro Comunitario de Salud Familiar Dr. Juan Damianovic;200311;5;0;1;0.0
Magallanes y de la Antártica Chilena;Servicio de Salud Magallanes;Punta Arenas;Centro Comunitario de Salud Familiar Dr. Juan Damianovic;200311;6;0;2;0.0
Magallanes y de la Antártica Chilena;Servicio de Salud Magallanes;Punta Arenas;Centro Comunitario de Salud Familiar Dr. Mateo Bencur;126700;3;0;4;0.0
Magallanes y de la Antártica Chilena;Servicio de Salud Magallanes;Punta Arenas;Centro Comunitario de Salud Familiar Dr. Mateo Bencur;126700;4;0;2;0.0
Magallanes y de la Antártica Chilena;Servicio de Salud Magallanes;Punta Arenas;Centro Comunitario de Salud Familiar Dr. Mateo Bencur;126700;5;0;3;0.0
Magallanes y de la Antártica Chilena;Servicio de Salud Magallanes;Punta Arenas;Centro Comunitario de Salud Familiar Dr. Mateo Bencur;126700;6;0;1;0.0
Magallanes y de la Antártica Chilena;Servicio de Salud Magallanes;Punta Arenas;Centro Comunitario de Salud Familiar Río Seco;126701;1;0;2;0.0
Magallanes y de la Antártica Chilena;Servicio de Salud Magallanes;Punta Arenas;Centro Comunitario de Salud Familiar Río Seco;126701;3;0;2;0.0
Magallanes y de la Antártica Chilena;Servicio de Salud Magallanes;Punta Arenas;Centro Comunitario de Salud Familiar Río Seco;126701;5;0;1;0.0
Magallanes y de la Antártica Chilena;Servicio de Salud Magallanes;Punta Arenas;Centro Comunitario de Salud Familiar Río Seco;126701;6;0;2;0.0
Magallanes y de la Antártica Chilena;Servicio de Salud Magallanes;Punta Arenas;Centro de Salud Familiar 18 Septiembre;126302;1;0;12;0.0
Magallanes y de la Antártica Chilena;Servicio de Salud Magallanes;Punta Arenas;Centro de Salud Familiar 18 Septiembre;126302;2;0;13;0.0
Magallanes y de la Antártica Chilena;Servicio de Salud Magallanes;Punta Arenas;Centro de Salud Familiar 18 Septiembre;126302;3;0;6;0.0
Magallanes y de la Antártica Chilena;Servicio de Salud Magallanes;Punta Arenas;Centro de Salud Familiar 18 Septiembre;126302;4;10;14;71.43
Magallanes y de la Antártica Chilena;Servicio de Salud Magallanes;Punta Arenas;Centro de Salud Familiar 18 Septiembre;126302;5;11;15;73.33
Magallanes y de la Antártica Chilena;Servicio de Salud Magallanes;Punta Arenas;Centro de Salud Familiar 18 Septiembre;126302;6;14;15;93.33
Magallanes y de la Antártica Chilena;Servicio de Salud Magallanes;Punta Arenas;Centro de Salud Familiar Carlos Ibáñez;126304;1;0;15;0.0
Magallanes y de la Antártica Chilena;Servicio de Salud Magallanes;Punta Arenas;Centro de Salud Familiar Carlos Ibáñez;126304;2;11;10;110.0
Magallanes y de la Antártica Chilena;Servicio de Salud Magallanes;Punta Arenas;Centro de Salud Familiar Carlos Ibáñez;126304;3;25;10;250.0
Magallanes y de la Antártica Chilena;Servicio de Salud Magallanes;Punta Arenas;Centro de Salud Familiar Carlos Ibáñez;126304;4;0;11;0.0
Magallanes y de la Antártica Chilena;Servicio de Salud Magallanes;Punta Arenas;Centro de Salud Familiar Carlos Ibáñez;126304;5;13;7;185.71
Magallanes y de la Antártica Chilena;Servicio de Salud Magallanes;Punta Arenas;Centro de Salud Familiar Carlos Ibáñez;126304;6;25;10;250.0
Magallanes y de la Antártica Chilena;Servicio de Salud Magallanes;Punta Arenas;Centro de Salud Familiar Dr. Juan Damianovic;126301;1;0;19;0.0
Magallanes y de la Antártica Chilena;Servicio de Salud Magallanes;Punta Arenas;Centro de Salud Familiar Dr. Juan Damianovic;126301;2;2;17;11.76
Magallanes y de la Antártica Chilena;Servicio de Salud Magallanes;Punta Arenas;Centro de Salud Familiar Dr. Juan Damianovic;126301;3;7;9;77.78
Magallanes y de la Antártica Chilena;Servicio de Salud Magallanes;Punta Arenas;Centro de Salud Familiar Dr. Juan Damianovic;126301;4;2;10;20.0
Magallanes y de la Antártica Chilena;Servicio de Salud Magallanes;Punta Arenas;Centro de Salud Familiar Dr. Juan Damianovic;126301;5;7;13;53.85
Magallanes y de la Antártica Chilena;Servicio de Salud Magallanes;Punta Arenas;Centro de Salud Familiar Dr. Juan Damianovic;126301;6;13;14;92.86
Magallanes y de la Antártica Chilena;Servicio de Salud Magallanes;Punta Arenas;Centro de Salud Familiar Dr. Mateo Bencur;126300;1;0;21;0.0
Magallanes y de la Antártica Chilena;Servicio de Salud Magallanes;Punta Arenas;Centro de Salud Familiar Dr. Mateo Bencur;126300;2;4;21;19.05
Magallanes y de la Antártica Chilena;Servicio de Salud Magallanes;Punta Arenas;Centro de Salud Familiar Dr. Mateo Bencur;126300;3;9;20;45.0
Magallanes y de la Antártica Chilena;Servicio de Salud Magallanes;Punta Arenas;Centro de Salud Familiar Dr. Mateo Bencur;126300;4;7;27;25.93
Magallanes y de la Antártica Chilena;Servicio de Salud Magallanes;Punta Arenas;Centro de Salud Familiar Dr. Mateo Bencur;126300;5;0;17;0.0
Magallanes y de la Antártica Chilena;Servicio de Salud Magallanes;Punta Arenas;Centro de Salud Familiar Dr. Mateo Bencur;126300;6;2;16;12.5
Magallanes y de la Antártica Chilena;Servicio de Salud Magallanes;Punta Arenas;Centro de Salud Familiar Dr. Thomas Fenton;126303;1;5;7;71.43
Magallanes y de la Antártica Chilena;Servicio de Salud Magallanes;Punta Arenas;Centro de Salud Familiar Dr. Thomas Fenton;126303;2;3;12;25.0
Magallanes y de la Antártica Chilena;Servicio de Salud Magallanes;Punta Arenas;Centro de Salud Familiar Dr. Thomas Fenton;126303;3;9;14;64.29
Magallanes y de la Antártica Chilena;Servicio de Salud Magallanes;Punta Arenas;Centro de Salud Familiar Dr. Thomas Fenton;126303;4;8;18;44.44
Magallanes y de la Antártica Chilena;Servicio de Salud Magallanes;Punta Arenas;Centro de Salud Familiar Dr. Thomas Fenton;126303;5;11;13;84.62
Magallanes y de la Antártica Chilena;Servicio de Salud Magallanes;Punta Arenas;Centro de Salud Familiar Dr. Thomas Fenton;126303;6;0;17;0.0
Maule;Servicio de Salud Del Maule;Cauquenes;Centro Comunitario de Salud Familiar Población Fernández;116729;2;0;3;0.0
Maule;Servicio de Salud Del Maule;Cauquenes;Centro Comunitario de Salud Familiar Población Fernández;116729;3;0;2;0.0
Maule;Servicio de Salud Del Maule;Cauquenes;Centro Comunitario de Salud Familiar Población Fernández;116729;4;0;1;0.0
Maule;Servicio de Salud Del Maule;Cauquenes;Centro Comunitario de Salud Familiar Población Fernández;116729;5;0;4;0.0
Maule;Servicio de Salud Del Maule;Cauquenes;Centro Comunitario de Salud Familiar Población Fernández;116729;6;0;4;0.0
Maule;Servicio de Salud Del Maule;Cauquenes;Centro Comunitario de Salud Familiar Rosita O'Higgins;116741;2;0;1;0.0
Maule;Servicio de Salud Del Maule;Cauquenes;Centro Comunitario de Salud Familiar Rosita O'Higgins;116741;3;0;3;0.0
Maule;Servicio de Salud Del Maule;Cauquenes;Centro Comunitario de Salud Familiar Rosita O'Higgins;116741;4;3;0;
Maule;Servicio de Salud Del Maule;Cauquenes;Centro Comunitario de Salud Familiar Rosita O'Higgins;116741;6;0;1;0.0
Maule;Servicio de Salud Del Maule;Cauquenes;Centro de Salud Familiar Armando Williams;116329;1;0;4;0.0
Maule;Servicio de Salud Del Maule;Cauquenes;Centro de Salud Familiar Armando Williams;116329;2;11;9;122.22
Maule;Servicio de Salud Del Maule;Cauquenes;Centro de Salud Familiar Armando Williams;116329;3;0;7;0.0
Maule;Servicio de Salud Del Maule;Cauquenes;Centro de Salud Familiar Armando Williams;116329;4;5;8;62.5
Maule;Servicio de Salud Del Maule;Cauquenes;Centro de Salud Familiar Armando Williams;116329;5;1;4;25.0
Maule;Servicio de Salud Del Maule;Cauquenes;Centro de Salud Familiar Armando Williams;116329;6;0;4;0.0
Maule;Servicio de Salud Del Maule;Cauquenes;Centro de Salud Familiar Dr. Ricardo Valdés Hurtado;116341;1;0;16;0.0
Maule;Servicio de Salud Del Maule;Cauquenes;Centro de Salud Familiar Dr. Ricardo Valdés Hurtado;116341;2;0;17;0.0
Maule;Servicio de Salud Del Maule;Cauquenes;Centro de Salud Familiar Dr. Ricardo Valdés Hurtado;116341;3;0;20;0.0
Maule;Servicio de Salud Del Maule;Cauquenes;Centro de Salud Familiar Dr. Ricardo Valdés Hurtado;116341;4;0;17;0.0
Maule;Servicio de Salud Del Maule;Cauquenes;Centro de Salud Familiar Dr. Ricardo Valdés Hurtado;116341;5;9;6;150.0
Maule;Servicio de Salud Del Maule;Cauquenes;Centro de Salud Familiar Dr. Ricardo Valdés Hurtado;116341;6;0;7;0.0
Maule;Servicio de Salud Del Maule;Cauquenes;Posta de Salud Rural Cayurranquil;116499;3;1;0;
Maule;Servicio de Salud Del Maule;Cauquenes;Posta de Salud Rural Coronel;116504;1;0;1;0.0
Maule;Servicio de Salud Del Maule;Cauquenes;Posta de Salud Rural Coronel;116504;2;0;1;0.0
Maule;Servicio de Salud Del Maule;Cauquenes;Posta de Salud Rural Quella;116501;1;0;1;0.0
Maule;Servicio de Salud Del Maule;Cauquenes;Posta de Salud Rural Quella;116501;3;1;1;100.0
Maule;Servicio de Salud Del Maule;Cauquenes;Posta de Salud Rural Quella;116501;4;0;1;0.0
Maule;Servicio de Salud Del Maule;Cauquenes;Posta de Salud Rural Santa Sofía;116555;4;0;1;0.0
Maule;Servicio de Salud Del Maule;Cauquenes;Posta de Salud Rural Santa Sofía;116555;5;1;0;
Maule;Servicio de Salud Del Maule;Cauquenes;Posta de Salud Rural Sauzal;116563;2;2;0;
Maule;Servicio de Salud Del Maule;Cauquenes;Posta de Salud Rural Sauzal;116563;4;0;1;0.0
Maule;Servicio de Salud Del Maule;Cauquenes;Posta de Salud Rural Tres Esquinas (Cauquenes);116502;3;1;0;
Maule;Servicio de Salud Del Maule;Cauquenes;Posta de Salud Rural Tres Esquinas (Cauquenes);116502;4;2;0;
Maule;Servicio de Salud Del Maule;Chanco;Hospital Dr. Benjamín Pedreros (Chanco);116112;1;0;4;0.0
Maule;Servicio de Salud Del Maule;Chanco;Hospital Dr. Benjamín Pedreros (Chanco);116112;2;0;5;0.0
Maule;Servicio de Salud Del Maule;Chanco;Hospital Dr. Benjamín Pedreros (Chanco);116112;3;0;3;0.0
Maule;Servicio de Salud Del Maule;Chanco;Hospital Dr. Benjamín Pedreros (Chanco);116112;4;0;1;0.0
Maule;Servicio de Salud Del Maule;Chanco;Hospital Dr. Benjamín Pedreros (Chanco);116112;5;0;3;0.0
Maule;Servicio de Salud Del Maule;Chanco;Hospital Dr. Benjamín Pedreros (Chanco);116112;6;0;3;0.0
Maule;Servicio de Salud Del Maule;Chanco;Posta de Salud Rural El Cardonal;116539;3;0;1;0.0
Maule;Servicio de Salud Del Maule;Chanco;Posta de Salud Rural La Vega (Chanco);116548;3;0;1;0.0
Maule;Servicio de Salud Del Maule;Chanco;Posta de Salud Rural La Vega (Chanco);116548;4;0;1;0.0
Maule;Servicio de Salud Del Maule;Chanco;Posta de Salud Rural La Vega (Chanco);116548;6;0;1;0.0
Maule;Servicio de Salud Del Maule;Chanco;Posta de Salud Rural Pahuil;116509;6;0;1;0.0
Maule;Servicio de Salud Del Maule;Colbún;Centro de Salud Familiar Alcalde Francisco Sepúlveda Salgado;116317;1;19;10;190.0
Maule;Servicio de Salud Del Maule;Colbún;Centro de Salud Familiar Alcalde Francisco Sepúlveda Salgado;116317;2;20;10;200.0
Maule;Servicio de Salud Del Maule;Colbún;Centro de Salud Familiar Alcalde Francisco Sepúlveda Salgado;116317;3;11;15;73.33
Maule;Servicio de Salud Del Maule;Colbún;Centro de Salud Familiar Alcalde Francisco Sepúlveda Salgado;116317;4;8;9;88.89
Maule;Servicio de Salud Del Maule;Colbún;Centro de Salud Familiar Alcalde Francisco Sepúlveda Salgado;116317;5;30;4;750.0
Maule;Servicio de Salud Del Maule;Colbún;Centro de Salud Familiar Alcalde Francisco Sepúlveda Salgado;116317;6;34;10;340.0
Maule;Servicio de Salud Del Maule;Colbún;Centro de Salud Familiar Panimávida;116319;1;0;5;0.0
Maule;Servicio de Salud Del Maule;Colbún;Centro de Salud Familiar Panimávida;116319;2;0;4;0.0
Maule;Servicio de Salud Del Maule;Colbún;Centro de Salud Familiar Panimávida;116319;3;0;6;0.0
Maule;Servicio de Salud Del Maule;Colbún;Centro de Salud Familiar Panimávida;116319;4;6;9;66.67
Maule;Servicio de Salud Del Maule;Colbún;Centro de Salud Familiar Panimávida;116319;5;13;12;108.33
Maule;Servicio de Salud Del Maule;Colbún;Centro de Salud Familiar Panimávida;116319;6;5;5;100.0
Maule;Servicio de Salud Del Maule;Colbún;Posta de Salud Rural Floresta;116559;2;0;1;0.0
Maule;Servicio de Salud Del Maule;Colbún;Posta de Salud Rural Lomas de Putagán;116505;1;0;2;0.0
Maule;Servicio de Salud Del Maule;Colbún;Posta de Salud Rural Lomas de Putagán;116505;5;0;3;0.0
Maule;Servicio de Salud Del Maule;Colbún;Posta de Salud Rural Maule Sur;116472;4;0;3;0.0
Maule;Servicio de Salud Del Maule;Colbún;Posta de Salud Rural Maule Sur;116472;5;0;1;0.0
Maule;Servicio de Salud Del Maule;Colbún;Posta de Salud Rural Maule Sur;116472;6;0;3;0.0
Maule;Servicio de Salud Del Maule;Constitución;Centro Comunitario de Salud Familiar Chacarillas;200340;1;0;3;0.0
Maule;Servicio de Salud Del Maule;Constitución;Centro Comunitario de Salud Familiar Chacarillas;200340;2;0;7;0.0
Maule;Servicio de Salud Del Maule;Constitución;Centro Comunitario de Salud Familiar Chacarillas;200340;3;0;6;0.0
Maule;Servicio de Salud Del Maule;Constitución;Centro Comunitario de Salud Familiar Chacarillas;200340;5;0;4;0.0
Maule;Servicio de Salud Del Maule;Constitución;Centro Comunitario de Salud Familiar Chacarillas;200340;6;0;4;0.0
Maule;Servicio de Salud Del Maule;Constitución;Centro de Salud Familiar Cerro Alto;116332;1;0;10;0.0
Maule;Servicio de Salud Del Maule;Constitución;Centro de Salud Familiar Cerro Alto;116332;2;0;4;0.0
Maule;Servicio de Salud Del Maule;Constitución;Centro de Salud Familiar Cerro Alto;116332;3;0;6;0.0
Maule;Servicio de Salud Del Maule;Constitución;Centro de Salud Familiar Cerro Alto;116332;4;0;3;0.0
Maule;Servicio de Salud Del Maule;Constitución;Centro de Salud Familiar Cerro Alto;116332;5;0;5;0.0
Maule;Servicio de Salud Del Maule;Constitución;Centro de Salud Familiar Cerro Alto;116332;6;1;5;20.0
Maule;Servicio de Salud Del Maule;Constitución;Centro de Salud Familiar Constitución;200496;1;0;24;0.0
Maule;Servicio de Salud Del Maule;Constitución;Centro de Salud Familiar Constitución;200496;2;0;14;0.0
Maule;Servicio de Salud Del Maule;Constitución;Centro de Salud Familiar Constitución;200496;3;0;16;0.0
Maule;Servicio de Salud Del Maule;Constitución;Centro de Salud Familiar Constitución;200496;4;30;8;375.0
Maule;Servicio de Salud Del Maule;Constitución;Centro de Salud Familiar Constitución;200496;5;36;13;276.92
Maule;Servicio de Salud Del Maule;Constitución;Centro de Salud Familiar Constitución;200496;6;1;10;10.0
Maule;Servicio de Salud Del Maule;Constitución;Posta de Salud Rural Carrizalillo (Constitución );116436;2;0;1;0.0
Maule;Servicio de Salud Del Maule;Constitución;Posta de Salud Rural Las Cañas;116479;1;0;3;0.0
Maule;Servicio de Salud Del Maule;Constitución;Posta de Salud Rural Las Cañas;116479;2;0;1;0.0
Maule;Servicio de Salud Del Maule;Constitución;Posta de Salud Rural Las Cañas;116479;6;0;2;0.0
Maule;Servicio de Salud Del Maule;Constitución;Posta de Salud Rural Putú;116457;1;0;2;0.0
Maule;Servicio de Salud Del Maule;Constitución;Posta de Salud Rural Putú;116457;2;0;3;0.0
Maule;Servicio de Salud Del Maule;Constitución;Posta de Salud Rural Putú;116457;3;0;1;0.0
Maule;Servicio de Salud Del Maule;Constitución;Posta de Salud Rural Putú;116457;4;0;1;0.0
Maule;Servicio de Salud Del Maule;Constitución;Posta de Salud Rural Putú;116457;5;0;1;0.0
Maule;Servicio de Salud Del Maule;Constitución;Posta de Salud Rural Putú;116457;6;0;1;0.0
Maule;Servicio de Salud Del Maule;Constitución;Posta de Salud Rural San Ramón;202258;4;0;3;0.0
Maule;Servicio de Salud Del Maule;Constitución;Posta de Salud Rural San Ramón;202258;5;0;1;0.0
Maule;Servicio de Salud Del Maule;Constitución;Posta de Salud Rural San Ramón;202258;6;0;3;0.0
Maule;Servicio de Salud Del Maule;Constitución;Posta de Salud Rural Santa Olga;116512;3;0;1;0.0
Maule;Servicio de Salud Del Maule;Constitución;Posta de Salud Rural Santa Olga;116512;4;0;2;0.0
Maule;Servicio de Salud Del Maule;Constitución;Posta de Salud Rural Santa Olga;116512;5;0;1;0.0
Maule;Servicio de Salud Del Maule;Constitución;Posta de Salud Rural Santa Olga;116512;6;0;5;0.0
Maule;Servicio de Salud Del Maule;Curepto;Hospital de Curepto;116106;1;0;1;0.0
Maule;Servicio de Salud Del Maule;Curepto;Hospital de Curepto;116106;2;0;1;0.0
Maule;Servicio de Salud Del Maule;Curepto;Hospital de Curepto;116106;3;0;3;0.0
Maule;Servicio de Salud Del Maule;Curepto;Hospital de Curepto;116106;5;0;1;0.0
Maule;Servicio de Salud Del Maule;Curepto;Hospital de Curepto;116106;6;0;4;0.0
Maule;Servicio de Salud Del Maule;Curepto;Posta de Salud Rural Calpún;116456;5;0;1;0.0
Maule;Servicio de Salud Del Maule;Curepto;Posta de Salud Rural Gualleco;116455;3;0;1;0.0
Maule;Servicio de Salud Del Maule;Curepto;Posta de Salud Rural Huaquén (Curepto);116411;1;0;1;0.0
Maule;Servicio de Salud Del Maule;Curepto;Posta de Salud Rural Huaquén (Curepto);116411;2;0;1;0.0
Maule;Servicio de Salud Del Maule;Curepto;Posta de Salud Rural Huaquén (Curepto);116411;3;0;2;0.0
Maule;Servicio de Salud Del Maule;Curicó;Centro Comunitario de Salud Familiar Doña Carmen de Sarmiento;116761;1;0;3;0.0
Maule;Servicio de Salud Del Maule;Curicó;Centro Comunitario de Salud Familiar Doña Carmen de Sarmiento;116761;2;0;2;0.0
Maule;Servicio de Salud Del Maule;Curicó;Centro Comunitario de Salud Familiar Doña Carmen de Sarmiento;116761;3;0;5;0.0
Maule;Servicio de Salud Del Maule;Curicó;Centro Comunitario de Salud Familiar Doña Carmen de Sarmiento;116761;4;2;3;66.67
Maule;Servicio de Salud Del Maule;Curicó;Centro Comunitario de Salud Familiar Doña Carmen de Sarmiento;116761;5;2;1;200.0
Maule;Servicio de Salud Del Maule;Curicó;Centro Comunitario de Salud Familiar Doña Carmen de Sarmiento;116761;6;4;0;
Maule;Servicio de Salud Del Maule;Curicó;Centro Comunitario de Salud Familiar Prosperidad;116703;1;2;3;66.67
Maule;Servicio de Salud Del Maule;Curicó;Centro Comunitario de Salud Familiar Prosperidad;116703;2;1;2;50.0
Maule;Servicio de Salud Del Maule;Curicó;Centro Comunitario de Salud Familiar Prosperidad;116703;3;2;4;50.0
Maule;Servicio de Salud Del Maule;Curicó;Centro Comunitario de Salud Familiar Prosperidad;116703;4;1;4;25.0
Maule;Servicio de Salud Del Maule;Curicó;Centro Comunitario de Salud Familiar Prosperidad;116703;5;1;0;
Maule;Servicio de Salud Del Maule;Curicó;Centro Comunitario de Salud Familiar Prosperidad;116703;6;6;1;600.0
Maule;Servicio de Salud Del Maule;Curicó;Centro De Salud Familiar A.S. Betty Muñoz Arce (Ex Sol de Septiembre);116300;1;9;19;47.37
Maule;Servicio de Salud Del Maule;Curicó;Centro De Salud Familiar A.S. Betty Muñoz Arce (Ex Sol de Septiembre);116300;2;20;27;74.07
Maule;Servicio de Salud Del Maule;Curicó;Centro De Salud Familiar A.S. Betty Muñoz Arce (Ex Sol de Septiembre);116300;3;12;28;42.86
Maule;Servicio de Salud Del Maule;Curicó;Centro De Salud Familiar A.S. Betty Muñoz Arce (Ex Sol de Septiembre);116300;4;13;26;50.0
Maule;Servicio de Salud Del Maule;Curicó;Centro De Salud Familiar A.S. Betty Muñoz Arce (Ex Sol de Septiembre);116300;5;5;22;22.73
Maule;Servicio de Salud Del Maule;Curicó;Centro De Salud Familiar A.S. Betty Muñoz Arce (Ex Sol de Septiembre);116300;6;12;24;50.0
Maule;Servicio de Salud Del Maule;Curicó;Centro de Salud Familiar Colón;116302;1;15;20;75.0
Maule;Servicio de Salud Del Maule;Curicó;Centro de Salud Familiar Colón;116302;2;6;14;42.86
Maule;Servicio de Salud Del Maule;Curicó;Centro de Salud Familiar Colón;116302;3;10;9;111.11
Maule;Servicio de Salud Del Maule;Curicó;Centro de Salud Familiar Colón;116302;4;8;17;47.06
Maule;Servicio de Salud Del Maule;Curicó;Centro de Salud Familiar Colón;116302;5;11;13;84.62
Maule;Servicio de Salud Del Maule;Curicó;Centro de Salud Familiar Colón;116302;6;4;16;25.0
Maule;Servicio de Salud Del Maule;Curicó;Centro de Salud Familiar Curicó Centro;116303;1;10;28;35.71
Maule;Servicio de Salud Del Maule;Curicó;Centro de Salud Familiar Curicó Centro;116303;2;9;28;32.14
Maule;Servicio de Salud Del Maule;Curicó;Centro de Salud Familiar Curicó Centro;116303;3;5;23;21.74
Maule;Servicio de Salud Del Maule;Curicó;Centro de Salud Familiar Curicó Centro;116303;4;3;22;13.64
Maule;Servicio de Salud Del Maule;Curicó;Centro de Salud Familiar Curicó Centro;116303;5;23;20;115.0
Maule;Servicio de Salud Del Maule;Curicó;Centro de Salud Familiar Curicó Centro;116303;6;4;19;21.05
Maule;Servicio de Salud Del Maule;Curicó;Centro de Salud Familiar Los Niches;116338;1;7;12;58.33
Maule;Servicio de Salud Del Maule;Curicó;Centro de Salud Familiar Los Niches;116338;2;3;9;33.33
Maule;Servicio de Salud Del Maule;Curicó;Centro de Salud Familiar Los Niches;116338;3;5;8;62.5
Maule;Servicio de Salud Del Maule;Curicó;Centro de Salud Familiar Los Niches;116338;4;0;8;0.0
Maule;Servicio de Salud Del Maule;Curicó;Centro de Salud Familiar Los Niches;116338;5;3;6;50.0
Maule;Servicio de Salud Del Maule;Curicó;Centro de Salud Familiar Los Niches;116338;6;0;5;0.0
Maule;Servicio de Salud Del Maule;Curicó;Centro de Salud Familiar Miguel Ángel Arenas López;116301;1;6;27;22.22
Maule;Servicio de Salud Del Maule;Curicó;Centro de Salud Familiar Miguel Ángel Arenas López;116301;2;3;21;14.29
Maule;Servicio de Salud Del Maule;Curicó;Centro de Salud Familiar Miguel Ángel Arenas López;116301;3;4;24;16.67
Maule;Servicio de Salud Del Maule;Curicó;Centro de Salud Familiar Miguel Ángel Arenas López;116301;4;8;24;33.33
Maule;Servicio de Salud Del Maule;Curicó;Centro de Salud Familiar Miguel Ángel Arenas López;116301;5;9;15;60.0
Maule;Servicio de Salud Del Maule;Curicó;Centro de Salud Familiar Miguel Ángel Arenas López;116301;6;9;23;39.13
Maule;Servicio de Salud Del Maule;Curicó;Centro de Salud Familiar Sarmiento;116330;1;1;7;14.29
Maule;Servicio de Salud Del Maule;Curicó;Centro de Salud Familiar Sarmiento;116330;2;1;5;20.0
Maule;Servicio de Salud Del Maule;Curicó;Centro de Salud Familiar Sarmiento;116330;3;0;8;0.0
Maule;Servicio de Salud Del Maule;Curicó;Centro de Salud Familiar Sarmiento;116330;4;12;5;240.0
Maule;Servicio de Salud Del Maule;Curicó;Centro de Salud Familiar Sarmiento;116330;5;5;14;35.71
Maule;Servicio de Salud Del Maule;Curicó;Centro de Salud Familiar Sarmiento;116330;6;2;6;33.33
Maule;Servicio de Salud Del Maule;Curicó;Posta de Salud Rural El Porvenir;116544;2;0;2;0.0
Maule;Servicio de Salud Del Maule;Curicó;Posta de Salud Rural El Porvenir;116544;3;0;1;0.0
Maule;Servicio de Salud Del Maule;Curicó;Posta de Salud Rural El Porvenir;116544;4;0;1;0.0
Maule;Servicio de Salud Del Maule;Curicó;Posta de Salud Rural El Porvenir;116544;5;0;1;0.0
Maule;Servicio de Salud Del Maule;Curicó;Posta de Salud Rural Potrero Grande;116417;5;0;1;0.0
Maule;Servicio de Salud Del Maule;Curicó;Posta de Salud Rural Potrero Grande;116417;6;0;1;0.0
Maule;Servicio de Salud Del Maule;Empedrado;Centro de Salud Familiar Empedrado;116334;1;0;1;0.0
Maule;Servicio de Salud Del Maule;Empedrado;Centro de Salud Familiar Empedrado;116334;2;0;2;0.0
Maule;Servicio de Salud Del Maule;Empedrado;Centro de Salud Familiar Empedrado;116334;3;0;4;0.0
Maule;Servicio de Salud Del Maule;Empedrado;Centro de Salud Familiar Empedrado;116334;4;0;6;0.0
Maule;Servicio de Salud Del Maule;Empedrado;Centro de Salud Familiar Empedrado;116334;5;0;4;0.0
Maule;Servicio de Salud Del Maule;Empedrado;Centro de Salud Familiar Empedrado;116334;6;3;5;60.0
Maule;Servicio de Salud Del Maule;Hualañé;Hospital de Hualañé;116103;1;0;10;0.0
Maule;Servicio de Salud Del Maule;Hualañé;Hospital de Hualañé;116103;2;0;7;0.0
Maule;Servicio de Salud Del Maule;Hualañé;Hospital de Hualañé;116103;3;0;8;0.0
Maule;Servicio de Salud Del Maule;Hualañé;Hospital de Hualañé;116103;4;0;7;0.0
Maule;Servicio de Salud Del Maule;Hualañé;Hospital de Hualañé;116103;5;12;3;400.0
Maule;Servicio de Salud Del Maule;Hualañé;Hospital de Hualañé;116103;6;0;1;0.0
Maule;Servicio de Salud Del Maule;Hualañé;Posta de Salud Rural Espinalillo;116530;2;1;0;
Maule;Servicio de Salud Del Maule;Hualañé;Posta de Salud Rural La Huerta;116424;2;1;0;
Maule;Servicio de Salud Del Maule;Hualañé;Posta de Salud Rural La Huerta;116424;3;1;0;
Maule;Servicio de Salud Del Maule;Hualañé;Posta de Salud Rural La Huerta;116424;5;1;0;
Maule;Servicio de Salud Del Maule;Hualañé;Posta de Salud Rural La Huerta;116424;6;2;0;
Maule;Servicio de Salud Del Maule;Licantén;Hospital de Licantén;116104;2;0;8;0.0
Maule;Servicio de Salud Del Maule;Licantén;Hospital de Licantén;116104;4;0;7;0.0
Maule;Servicio de Salud Del Maule;Licantén;Hospital de Licantén;116104;5;0;4;0.0
Maule;Servicio de Salud Del Maule;Licantén;Hospital de Licantén;116104;6;0;2;0.0
Maule;Servicio de Salud Del Maule;Licantén;Posta de Salud Rural Iloca;116427;4;0;2;0.0
Maule;Servicio de Salud Del Maule;Licantén;Posta de Salud Rural Iloca;116427;5;0;1;0.0
Maule;Servicio de Salud Del Maule;Licantén;Posta de Salud Rural Iloca;116427;6;0;1;0.0
Maule;Servicio de Salud Del Maule;Licantén;Posta de Salud Rural Lora;116425;5;0;1;0.0
Maule;Servicio de Salud Del Maule;Linares;Centro Comunitario de Salud Familiar Yerbas Buenas;200351;1;0;2;0.0
Maule;Servicio de Salud Del Maule;Linares;Centro Comunitario de Salud Familiar Yerbas Buenas;200351;2;0;5;0.0
Maule;Servicio de Salud Del Maule;Linares;Centro Comunitario de Salud Familiar Yerbas Buenas;200351;3;0;4;0.0
Maule;Servicio de Salud Del Maule;Linares;Centro Comunitario de Salud Familiar Yerbas Buenas;200351;4;0;3;0.0
Maule;Servicio de Salud Del Maule;Linares;Centro Comunitario de Salud Familiar Yerbas Buenas;200351;5;0;3;0.0
Maule;Servicio de Salud Del Maule;Linares;Centro Comunitario de Salud Familiar Yerbas Buenas;200351;6;0;1;0.0
Maule;Servicio de Salud Del Maule;Linares;Centro de Salud Familiar Luis Navarrete Carvacho;116709;1;0;14;0.0
Maule;Servicio de Salud Del Maule;Linares;Centro de Salud Familiar Luis Navarrete Carvacho;116709;2;0;8;0.0
Maule;Servicio de Salud Del Maule;Linares;Centro de Salud Familiar Luis Navarrete Carvacho;116709;3;0;19;0.0
Maule;Servicio de Salud Del Maule;Linares;Centro de Salud Familiar Luis Navarrete Carvacho;116709;4;0;11;0.0
Maule;Servicio de Salud Del Maule;Linares;Centro de Salud Familiar Luis Navarrete Carvacho;116709;5;7;7;100.0
Maule;Servicio de Salud Del Maule;Linares;Centro de Salud Familiar Luis Navarrete Carvacho;116709;6;11;11;100.0
Maule;Servicio de Salud Del Maule;Linares;Centro de Salud Familiar Oscar Bonilla;116323;1;0;35;0.0
Maule;Servicio de Salud Del Maule;Linares;Centro de Salud Familiar Oscar Bonilla;116323;2;12;10;120.0
Maule;Servicio de Salud Del Maule;Linares;Centro de Salud Familiar Oscar Bonilla;116323;3;16;23;69.57
Maule;Servicio de Salud Del Maule;Linares;Centro de Salud Familiar Oscar Bonilla;116323;4;8;14;57.14
Maule;Servicio de Salud Del Maule;Linares;Centro de Salud Familiar Oscar Bonilla;116323;5;14;13;107.69
Maule;Servicio de Salud Del Maule;Linares;Centro de Salud Familiar Oscar Bonilla;116323;6;12;8;150.0
Maule;Servicio de Salud Del Maule;Linares;Centro de Salud Familiar San Juan Dios;116309;1;0;22;0.0
Maule;Servicio de Salud Del Maule;Linares;Centro de Salud Familiar San Juan Dios;116309;2;0;18;0.0
Maule;Servicio de Salud Del Maule;Linares;Centro de Salud Familiar San Juan Dios;116309;3;5;25;20.0
Maule;Servicio de Salud Del Maule;Linares;Centro de Salud Familiar San Juan Dios;116309;4;11;17;64.71
Maule;Servicio de Salud Del Maule;Linares;Centro de Salud Familiar San Juan Dios;116309;5;10;13;76.92
Maule;Servicio de Salud Del Maule;Linares;Centro de Salud Familiar San Juan Dios;116309;6;6;14;42.86
Maule;Servicio de Salud Del Maule;Linares;Centro de Salud Familiar Valentín Letelier;116308;1;0;9;0.0
Maule;Servicio de Salud Del Maule;Linares;Centro de Salud Familiar Valentín Letelier;116308;2;0;13;0.0
Maule;Servicio de Salud Del Maule;Linares;Centro de Salud Familiar Valentín Letelier;116308;3;0;13;0.0
Maule;Servicio de Salud Del Maule;Linares;Centro de Salud Familiar Valentín Letelier;116308;4;0;7;0.0
Maule;Servicio de Salud Del Maule;Linares;Centro de Salud Familiar Valentín Letelier;116308;5;10;8;125.0
Maule;Servicio de Salud Del Maule;Linares;Centro de Salud Familiar Valentín Letelier;116308;6;4;8;50.0
Maule;Servicio de Salud Del Maule;Linares;Hospital Presidente Carlos Ibáñez del Campo (Linares);116108;1;15;0;
Maule;Servicio de Salud Del Maule;Linares;Hospital Presidente Carlos Ibáñez del Campo (Linares);116108;2;9;0;
Maule;Servicio de Salud Del Maule;Linares;Hospital Presidente Carlos Ibáñez del Campo (Linares);116108;3;10;0;
Maule;Servicio de Salud Del Maule;Linares;Hospital Presidente Carlos Ibáñez del Campo (Linares);116108;4;11;0;
Maule;Servicio de Salud Del Maule;Linares;Posta de Salud Rural Embalse Ancoa;116474;5;0;1;0.0
Maule;Servicio de Salud Del Maule;Linares;Posta de Salud Rural Las Toscas;116562;2;0;4;0.0
Maule;Servicio de Salud Del Maule;Linares;Posta de Salud Rural Las Toscas;116562;3;0;2;0.0
Maule;Servicio de Salud Del Maule;Linares;Posta de Salud Rural Las Toscas;116562;5;0;2;0.0
Maule;Servicio de Salud Del Maule;Linares;Posta de Salud Rural Llancanao;116537;4;0;1;0.0
Maule;Servicio de Salud Del Maule;Linares;Posta de Salud Rural Palmilla (Linares);116473;4;0;1;0.0
Maule;Servicio de Salud Del Maule;Linares;Posta de Salud Rural Pejerrey;116412;1;0;1;0.0
Maule;Servicio de Salud Del Maule;Linares;Posta de Salud Rural Pejerrey;116412;3;0;1;0.0
Maule;Servicio de Salud Del Maule;Linares;Posta de Salud Rural San Víctor Álamos;116531;1;0;1;0.0
Maule;Servicio de Salud Del Maule;Linares;Posta de Salud Rural San Víctor Álamos;116531;2;0;1;0.0
Maule;Servicio de Salud Del Maule;Linares;Posta de Salud Rural San Víctor Álamos;116531;5;0;1;0.0
Maule;Servicio de Salud Del Maule;Linares;Posta de Salud Rural Vara Gruesa;116515;1;0;2;0.0
Maule;Servicio de Salud Del Maule;Linares;Posta de Salud Rural Vara Gruesa;116515;2;0;1;0.0
Maule;Servicio de Salud Del Maule;Linares;Posta de Salud Rural Vara Gruesa;116515;3;0;1;0.0
Maule;Servicio de Salud Del Maule;Linares;Posta de Salud Rural Vara Gruesa;116515;5;0;4;0.0
Maule;Servicio de Salud Del Maule;Longaví;Centro Comunitario de Salud Familiar Los Cristales;116762;1;0;2;0.0
Maule;Servicio de Salud Del Maule;Longaví;Centro Comunitario de Salud Familiar Los Cristales;116762;2;0;1;0.0
Maule;Servicio de Salud Del Maule;Longaví;Centro Comunitario de Salud Familiar Los Cristales;116762;3;0;7;0.0
Maule;Servicio de Salud Del Maule;Longaví;Centro Comunitario de Salud Familiar Los Cristales;116762;4;0;3;0.0
Maule;Servicio de Salud Del Maule;Longaví;Centro Comunitario de Salud Familiar Los Cristales;116762;5;0;3;0.0
Maule;Servicio de Salud Del Maule;Longaví;Centro Comunitario de Salud Familiar Los Cristales;116762;6;0;2;0.0
Maule;Servicio de Salud Del Maule;Longaví;Centro Comunitario de Salud Familiar Villa Longaví;200349;1;0;3;0.0
Maule;Servicio de Salud Del Maule;Longaví;Centro Comunitario de Salud Familiar Villa Longaví;200349;2;0;4;0.0
Maule;Servicio de Salud Del Maule;Longaví;Centro Comunitario de Salud Familiar Villa Longaví;200349;4;0;2;0.0
Maule;Servicio de Salud Del Maule;Longaví;Centro Comunitario de Salud Familiar Villa Longaví;200349;5;0;3;0.0
Maule;Servicio de Salud Del Maule;Longaví;Centro Comunitario de Salud Familiar Villa Longaví;200349;6;0;3;0.0
Maule;Servicio de Salud Del Maule;Longaví;Centro de Salud Familiar Amanda Benavente;116320;1;35;18;194.44
Maule;Servicio de Salud Del Maule;Longaví;Centro de Salud Familiar Amanda Benavente;116320;2;0;7;0.0
Maule;Servicio de Salud Del Maule;Longaví;Centro de Salud Familiar Amanda Benavente;116320;3;36;11;327.27
Maule;Servicio de Salud Del Maule;Longaví;Centro de Salud Familiar Amanda Benavente;116320;4;19;12;158.33
Maule;Servicio de Salud Del Maule;Longaví;Centro de Salud Familiar Amanda Benavente;116320;5;22;6;366.67
Maule;Servicio de Salud Del Maule;Longaví;Centro de Salud Familiar Amanda Benavente;116320;6;14;10;140.0
Maule;Servicio de Salud Del Maule;Longaví;Posta de Salud Rural El Carmen( Longaví);116516;4;0;3;0.0
Maule;Servicio de Salud Del Maule;Longaví;Posta de Salud Rural El Carmen( Longaví);116516;5;0;1;0.0
Maule;Servicio de Salud Del Maule;Longaví;Posta de Salud Rural Huimeo;116481;1;0;3;0.0
Maule;Servicio de Salud Del Maule;Longaví;Posta de Salud Rural Huimeo;116481;2;0;2;0.0
Maule;Servicio de Salud Del Maule;Longaví;Posta de Salud Rural Huimeo;116481;3;0;1;0.0
Maule;Servicio de Salud Del Maule;Longaví;Posta de Salud Rural Huimeo;116481;4;0;3;0.0
Maule;Servicio de Salud Del Maule;Longaví;Posta de Salud Rural Huimeo;116481;5;0;2;0.0
Maule;Servicio de Salud Del Maule;Longaví;Posta de Salud Rural Huimeo;116481;6;0;1;0.0
Maule;Servicio de Salud Del Maule;Longaví;Posta de Salud Rural La Quinta;116483;1;0;5;0.0
Maule;Servicio de Salud Del Maule;Longaví;Posta de Salud Rural La Quinta;116483;2;0;1;0.0
Maule;Servicio de Salud Del Maule;Longaví;Posta de Salud Rural La Quinta;116483;4;0;2;0.0
Maule;Servicio de Salud Del Maule;Longaví;Posta de Salud Rural La Quinta;116483;6;0;1;0.0
Maule;Servicio de Salud Del Maule;Longaví;Posta de Salud Rural Lomas de la Tercera;116532;4;0;1;0.0
Maule;Servicio de Salud Del Maule;Longaví;Posta de Salud Rural Mesamávida (Longaví);116482;2;0;1;0.0
Maule;Servicio de Salud Del Maule;Longaví;Posta de Salud Rural Mesamávida (Longaví);116482;3;0;4;0.0
Maule;Servicio de Salud Del Maule;Longaví;Posta de Salud Rural Mesamávida (Longaví);116482;4;0;3;0.0
Maule;Servicio de Salud Del Maule;Longaví;Posta de Salud Rural Mesamávida (Longaví);116482;5;0;2;0.0
Maule;Servicio de Salud Del Maule;Longaví;Posta de Salud Rural Miraflores;116480;2;0;1;0.0
Maule;Servicio de Salud Del Maule;Longaví;Posta de Salud Rural Miraflores;116480;3;0;1;0.0
Maule;Servicio de Salud Del Maule;Longaví;Posta de Salud Rural Miraflores;116480;4;0;1;0.0
Maule;Servicio de Salud Del Maule;Longaví;Posta de Salud Rural Miraflores;116480;5;0;2;0.0
Maule;Servicio de Salud Del Maule;Longaví;Posta de Salud Rural Miraflores;116480;6;0;4;0.0
Maule;Servicio de Salud Del Maule;Longaví;Posta de Salud Rural San José (Longaví);116484;1;0;1;0.0
Maule;Servicio de Salud Del Maule;Longaví;Posta de Salud Rural San José (Longaví);116484;3;0;1;0.0
Maule;Servicio de Salud Del Maule;Longaví;Posta de Salud Rural San José (Longaví);116484;5;0;1;0.0
Maule;Servicio de Salud Del Maule;Maule;Centro Comunitario de Salud Familiar Villa Francia;200233;1;0;6;0.0
Maule;Servicio de Salud Del Maule;Maule;Centro Comunitario de Salud Familiar Villa Francia;200233;2;0;3;0.0
Maule;Servicio de Salud Del Maule;Maule;Centro Comunitario de Salud Familiar Villa Francia;200233;3;12;2;600.0
Maule;Servicio de Salud Del Maule;Maule;Centro Comunitario de Salud Familiar Villa Francia;200233;4;4;6;66.67
Maule;Servicio de Salud Del Maule;Maule;Centro Comunitario de Salud Familiar Villa Francia;200233;5;5;5;100.0
Maule;Servicio de Salud Del Maule;Maule;Centro Comunitario de Salud Familiar Villa Francia;200233;6;0;3;0.0
Maule;Servicio de Salud Del Maule;Maule;Centro de Salud Familiar Practicante Julio Camilo Zamorano Sánchez;116314;1;0;14;0.0
Maule;Servicio de Salud Del Maule;Maule;Centro de Salud Familiar Practicante Julio Camilo Zamorano Sánchez;116314;2;0;15;0.0
Maule;Servicio de Salud Del Maule;Maule;Centro de Salud Familiar Practicante Julio Camilo Zamorano Sánchez;116314;3;6;12;50.0
Maule;Servicio de Salud Del Maule;Maule;Centro de Salud Familiar Practicante Julio Camilo Zamorano Sánchez;116314;4;4;15;26.67
Maule;Servicio de Salud Del Maule;Maule;Centro de Salud Familiar Practicante Julio Camilo Zamorano Sánchez;116314;5;10;11;90.91
Maule;Servicio de Salud Del Maule;Maule;Centro de Salud Familiar Practicante Julio Camilo Zamorano Sánchez;116314;6;0;17;0.0
Maule;Servicio de Salud Del Maule;Maule;Posta de Salud Rural Colín;116440;1;0;4;0.0
Maule;Servicio de Salud Del Maule;Maule;Posta de Salud Rural Colín;116440;2;0;4;0.0
Maule;Servicio de Salud Del Maule;Maule;Posta de Salud Rural Colín;116440;3;0;1;0.0
Maule;Servicio de Salud Del Maule;Maule;Posta de Salud Rural Colín;116440;5;0;2;0.0
Maule;Servicio de Salud Del Maule;Maule;Posta de Salud Rural Colín;116440;6;0;1;0.0
Maule;Servicio de Salud Del Maule;Maule;Posta de Salud Rural Duao de Maule;116441;1;0;3;0.0
Maule;Servicio de Salud Del Maule;Maule;Posta de Salud Rural Duao de Maule;116441;3;0;1;0.0
Maule;Servicio de Salud Del Maule;Maule;Posta de Salud Rural Duao de Maule;116441;4;0;1;0.0
Maule;Servicio de Salud Del Maule;Maule;Posta de Salud Rural Duao de Maule;116441;5;0;1;0.0
Maule;Servicio de Salud Del Maule;Maule;Posta de Salud Rural Quiñipeumo;116442;1;0;2;0.0
Maule;Servicio de Salud Del Maule;Maule;Posta de Salud Rural Quiñipeumo;116442;2;0;1;0.0
Maule;Servicio de Salud Del Maule;Maule;Posta de Salud Rural Quiñipeumo;116442;3;0;1;0.0
Maule;Servicio de Salud Del Maule;Maule;Posta de Salud Rural Quiñipeumo;116442;4;3;0;
Maule;Servicio de Salud Del Maule;Maule;Posta de Salud Rural Quiñipeumo;116442;5;0;1;0.0
Maule;Servicio de Salud Del Maule;Maule;Posta de Salud Rural Quiñipeumo;116442;6;2;3;66.67
Maule;Servicio de Salud Del Maule;Molina;Centro Comunitario de Salud Familiar (CECOSF) ORIENTE de Molina;202213;4;0;1;0.0
Maule;Servicio de Salud Del Maule;Molina;Centro Comunitario de Salud Familiar (CECOSF) ORIENTE de Molina;202213;5;0;3;0.0
Maule;Servicio de Salud Del Maule;Molina;Centro de Salud Familiar Lontué;116304;1;0;13;0.0
Maule;Servicio de Salud Del Maule;Molina;Centro de Salud Familiar Lontué;116304;2;0;11;0.0
Maule;Servicio de Salud Del Maule;Molina;Centro de Salud Familiar Lontué;116304;3;0;5;0.0
Maule;Servicio de Salud Del Maule;Molina;Centro de Salud Familiar Lontué;116304;4;0;8;0.0
Maule;Servicio de Salud Del Maule;Molina;Centro de Salud Familiar Lontué;116304;5;0;9;0.0
Maule;Servicio de Salud Del Maule;Molina;Centro de Salud Familiar Lontué;116304;6;0;10;0.0
Maule;Servicio de Salud Del Maule;Molina;Centro de Salud Familiar de Molina;201287;1;0;17;0.0
Maule;Servicio de Salud Del Maule;Molina;Centro de Salud Familiar de Molina;201287;2;23;25;92.0
Maule;Servicio de Salud Del Maule;Molina;Centro de Salud Familiar de Molina;201287;3;16;22;72.73
Maule;Servicio de Salud Del Maule;Molina;Centro de Salud Familiar de Molina;201287;4;0;29;0.0
Maule;Servicio de Salud Del Maule;Molina;Centro de Salud Familiar de Molina;201287;5;34;14;242.86
Maule;Servicio de Salud Del Maule;Molina;Centro de Salud Familiar de Molina;201287;6;0;18;0.0
Maule;Servicio de Salud Del Maule;Molina;Posta de Salud Rural Itahue;116420;1;0;1;0.0
Maule;Servicio de Salud Del Maule;Molina;Posta de Salud Rural Itahue;116420;2;0;2;0.0
Maule;Servicio de Salud Del Maule;Molina;Posta de Salud Rural Itahue;116420;3;0;2;0.0
Maule;Servicio de Salud Del Maule;Molina;Posta de Salud Rural Pichingal;116419;5;0;2;0.0
Maule;Servicio de Salud Del Maule;Molina;Posta de Salud Rural Tres Esquinas (Molina);116525;1;0;3;0.0
Maule;Servicio de Salud Del Maule;Molina;Posta de Salud Rural Tres Esquinas (Molina);116525;2;0;2;0.0
Maule;Servicio de Salud Del Maule;Molina;Posta de Salud Rural Tres Esquinas (Molina);116525;3;0;2;0.0
Maule;Servicio de Salud Del Maule;Molina;Posta de Salud Rural Tres Esquinas (Molina);116525;6;0;2;0.0
Maule;Servicio de Salud Del Maule;Parral;Centro Comunitario de Salud Familiar Buenos Aires;200266;1;0;10;0.0
Maule;Servicio de Salud Del Maule;Parral;Centro Comunitario de Salud Familiar Buenos Aires;200266;2;0;2;0.0
Maule;Servicio de Salud Del Maule;Parral;Centro Comunitario de Salud Familiar Buenos Aires;200266;3;0;6;0.0
Maule;Servicio de Salud Del Maule;Parral;Centro Comunitario de Salud Familiar Buenos Aires;200266;4;4;5;80.0
Maule;Servicio de Salud Del Maule;Parral;Centro Comunitario de Salud Familiar Buenos Aires;200266;5;0;2;0.0
Maule;Servicio de Salud Del Maule;Parral;Centro Comunitario de Salud Familiar Buenos Aires;200266;6;0;2;0.0
Maule;Servicio de Salud Del Maule;Parral;Centro Comunitario de Salud Familiar Los Olivos;116711;1;0;7;0.0
Maule;Servicio de Salud Del Maule;Parral;Centro Comunitario de Salud Familiar Los Olivos;116711;2;0;7;0.0
Maule;Servicio de Salud Del Maule;Parral;Centro Comunitario de Salud Familiar Los Olivos;116711;3;0;5;0.0
Maule;Servicio de Salud Del Maule;Parral;Centro Comunitario de Salud Familiar Los Olivos;116711;4;2;5;40.0
Maule;Servicio de Salud Del Maule;Parral;Centro Comunitario de Salud Familiar Los Olivos;116711;5;4;5;80.0
Maule;Servicio de Salud Del Maule;Parral;Centro Comunitario de Salud Familiar Los Olivos;116711;6;3;6;50.0
Maule;Servicio de Salud Del Maule;Parral;Centro de Salud Familiar Arrau Méndez;116311;1;0;16;0.0
Maule;Servicio de Salud Del Maule;Parral;Centro de Salud Familiar Arrau Méndez;116311;2;0;8;0.0
Maule;Servicio de Salud Del Maule;Parral;Centro de Salud Familiar Arrau Méndez;116311;3;5;4;125.0
Maule;Servicio de Salud Del Maule;Parral;Centro de Salud Familiar Arrau Méndez;116311;4;3;8;37.5
Maule;Servicio de Salud Del Maule;Parral;Centro de Salud Familiar Arrau Méndez;116311;5;3;7;42.86
Maule;Servicio de Salud Del Maule;Parral;Centro de Salud Familiar Arrau Méndez;116311;6;3;13;23.08
Maule;Servicio de Salud Del Maule;Parral;Posta de Salud Rural Bajos de Huenutil;116550;3;0;1;0.0
Maule;Servicio de Salud Del Maule;Parral;Posta de Salud Rural Bajos de Huenutil;116550;5;0;1;0.0
Maule;Servicio de Salud Del Maule;Parral;Posta de Salud Rural Catillo;116496;4;0;1;0.0
Maule;Servicio de Salud Del Maule;Parral;Posta de Salud Rural Catillo;116496;6;0;1;0.0
Maule;Servicio de Salud Del Maule;Parral;Posta de Salud Rural La Orilla (Parral);116560;3;0;1;0.0
Maule;Servicio de Salud Del Maule;Parral;Posta de Salud Rural Los Carros;116522;2;0;1;0.0
Maule;Servicio de Salud Del Maule;Parral;Posta de Salud Rural Los Carros;116522;3;0;2;0.0
Maule;Servicio de Salud Del Maule;Parral;Posta de Salud Rural Los Carros;116522;4;0;1;0.0
Maule;Servicio de Salud Del Maule;Parral;Posta de Salud Rural Los Carros;116522;5;0;1;0.0
Maule;Servicio de Salud Del Maule;Parral;Posta de Salud Rural Los Carros;116522;6;0;4;0.0
Maule;Servicio de Salud Del Maule;Parral;Posta de Salud Rural San Alejo;200728;2;0;1;0.0
Maule;Servicio de Salud Del Maule;Parral;Posta de Salud Rural San Alejo;200728;3;0;1;0.0
Maule;Servicio de Salud Del Maule;Pelarco;Centro de Salud Familiar Pelarco;116315;1;0;3;0.0
Maule;Servicio de Salud Del Maule;Pelarco;Centro de Salud Familiar Pelarco;116315;2;0;9;0.0
Maule;Servicio de Salud Del Maule;Pelarco;Centro de Salud Familiar Pelarco;116315;3;0;9;0.0
Maule;Servicio de Salud Del Maule;Pelarco;Centro de Salud Familiar Pelarco;116315;4;0;14;0.0
Maule;Servicio de Salud Del Maule;Pelarco;Centro de Salud Familiar Pelarco;116315;5;0;5;0.0
Maule;Servicio de Salud Del Maule;Pelarco;Centro de Salud Familiar Pelarco;116315;6;0;5;0.0
Maule;Servicio de Salud Del Maule;Pelarco;Posta de Salud Rural El Manzano (Pelarco );116541;6;0;1;0.0
Maule;Servicio de Salud Del Maule;Pelarco;Posta de Salud Rural Huencuecho;116534;1;0;2;0.0
Maule;Servicio de Salud Del Maule;Pelarco;Posta de Salud Rural Huencuecho;116534;2;0;2;0.0
Maule;Servicio de Salud Del Maule;Pelarco;Posta de Salud Rural Huencuecho;116534;3;0;3;0.0
Maule;Servicio de Salud Del Maule;Pelarco;Posta de Salud Rural Huencuecho;116534;4;0;3;0.0
Maule;Servicio de Salud Del Maule;Pelarco;Posta de Salud Rural Huencuecho;116534;5;0;1;0.0
Maule;Servicio de Salud Del Maule;Pelarco;Posta de Salud Rural Huencuecho;116534;6;0;2;0.0
Maule;Servicio de Salud Del Maule;Pelarco;Posta de Salud Rural Santa Rita;116571;1;0;1;0.0
Maule;Servicio de Salud Del Maule;Pelarco;Posta de Salud Rural Santa Rita;116571;3;0;1;0.0
Maule;Servicio de Salud Del Maule;Pelarco;Posta de Salud Rural Santa Rita;116571;4;0;2;0.0
Maule;Servicio de Salud Del Maule;Pelarco;Posta de Salud Rural Santa Rita;116571;5;0;1;0.0
Maule;Servicio de Salud Del Maule;Pelluhue;Centro Comunitario de Salud Familiar Pelluhue;116506;1;0;4;0.0
Maule;Servicio de Salud Del Maule;Pelluhue;Centro Comunitario de Salud Familiar Pelluhue;116506;3;0;1;0.0
Maule;Servicio de Salud Del Maule;Pelluhue;Centro Comunitario de Salud Familiar Pelluhue;116506;4;0;3;0.0
Maule;Servicio de Salud Del Maule;Pelluhue;Centro Comunitario de Salud Familiar Pelluhue;116506;5;13;2;650.0
Maule;Servicio de Salud Del Maule;Pelluhue;Centro de Salud Familiar Dr. Pedro Rivas Pinochet;116322;1;0;2;0.0
Maule;Servicio de Salud Del Maule;Pelluhue;Centro de Salud Familiar Dr. Pedro Rivas Pinochet;116322;2;0;1;0.0
Maule;Servicio de Salud Del Maule;Pelluhue;Centro de Salud Familiar Dr. Pedro Rivas Pinochet;116322;3;0;3;0.0
Maule;Servicio de Salud Del Maule;Pelluhue;Centro de Salud Familiar Dr. Pedro Rivas Pinochet;116322;4;0;3;0.0
Maule;Servicio de Salud Del Maule;Pelluhue;Centro de Salud Familiar Dr. Pedro Rivas Pinochet;116322;5;0;1;0.0
Maule;Servicio de Salud Del Maule;Pelluhue;Centro de Salud Familiar Dr. Pedro Rivas Pinochet;116322;6;0;2;0.0
Maule;Servicio de Salud Del Maule;Pencahue;Centro Comunitario de Salud Familiar Lo Figueroa;116731;3;0;2;0.0
Maule;Servicio de Salud Del Maule;Pencahue;Centro Comunitario de Salud Familiar Lo Figueroa;116731;4;0;1;0.0
Maule;Servicio de Salud Del Maule;Pencahue;Centro Comunitario de Salud Familiar Lo Figueroa;116731;6;0;2;0.0
Maule;Servicio de Salud Del Maule;Pencahue;Centro de Salud Familiar Pencahue;116312;1;5;10;50.0
Maule;Servicio de Salud Del Maule;Pencahue;Centro de Salud Familiar Pencahue;116312;2;0;2;0.0
Maule;Servicio de Salud Del Maule;Pencahue;Centro de Salud Familiar Pencahue;116312;3;0;5;0.0
Maule;Servicio de Salud Del Maule;Pencahue;Centro de Salud Familiar Pencahue;116312;4;0;10;0.0
Maule;Servicio de Salud Del Maule;Pencahue;Centro de Salud Familiar Pencahue;116312;5;1;8;12.5
Maule;Servicio de Salud Del Maule;Pencahue;Centro de Salud Familiar Pencahue;116312;6;0;5;0.0
Maule;Servicio de Salud Del Maule;Pencahue;Posta de Salud Rural Botalcura;116437;1;0;1;0.0
Maule;Servicio de Salud Del Maule;Pencahue;Posta de Salud Rural Corinto;116438;6;0;1;0.0
Maule;Servicio de Salud Del Maule;Rauco;Centro de Salud Familiar Rauco;116333;1;1;7;14.29
Maule;Servicio de Salud Del Maule;Rauco;Centro de Salud Familiar Rauco;116333;2;5;9;55.56
Maule;Servicio de Salud Del Maule;Rauco;Centro de Salud Familiar Rauco;116333;3;7;4;175.0
Maule;Servicio de Salud Del Maule;Rauco;Centro de Salud Familiar Rauco;116333;4;5;4;125.0
Maule;Servicio de Salud Del Maule;Rauco;Centro de Salud Familiar Rauco;116333;5;3;4;75.0
Maule;Servicio de Salud Del Maule;Rauco;Centro de Salud Familiar Rauco;116333;6;4;8;50.0
Maule;Servicio de Salud Del Maule;Rauco;Posta de Salud Rural El Plumero;116569;2;0;1;0.0
Maule;Servicio de Salud Del Maule;Rauco;Posta de Salud Rural El Plumero;116569;4;1;0;
Maule;Servicio de Salud Del Maule;Rauco;Posta de Salud Rural El Plumero;116569;5;0;1;0.0
Maule;Servicio de Salud Del Maule;Rauco;Posta de Salud Rural Palquibudi;116405;3;0;1;0.0
Maule;Servicio de Salud Del Maule;Rauco;Posta de Salud Rural Palquibudi;116405;6;0;1;0.0
Maule;Servicio de Salud Del Maule;Retiro;Centro Comunitario de Salud Familiar Camelias;116490;1;0;1;0.0
Maule;Servicio de Salud Del Maule;Retiro;Centro Comunitario de Salud Familiar Camelias;116490;2;0;1;0.0
Maule;Servicio de Salud Del Maule;Retiro;Centro Comunitario de Salud Familiar Camelias;116490;3;0;2;0.0
Maule;Servicio de Salud Del Maule;Retiro;Centro Comunitario de Salud Familiar Camelias;116490;4;0;3;0.0
Maule;Servicio de Salud Del Maule;Retiro;Centro Comunitario de Salud Familiar Camelias;116490;5;0;2;0.0
Maule;Servicio de Salud Del Maule;Retiro;Centro Comunitario de Salud Familiar Camelias;116490;6;0;3;0.0
Maule;Servicio de Salud Del Maule;Retiro;Centro Comunitario de Salud Familiar Los Robles;116765;1;0;2;0.0
Maule;Servicio de Salud Del Maule;Retiro;Centro Comunitario de Salud Familiar Los Robles;116765;2;0;1;0.0
Maule;Servicio de Salud Del Maule;Retiro;Centro Comunitario de Salud Familiar Los Robles;116765;5;0;1;0.0
Maule;Servicio de Salud Del Maule;Retiro;Centro Comunitario de Salud Familiar Los Robles;116765;6;0;1;0.0
Maule;Servicio de Salud Del Maule;Retiro;Centro de Salud Familiar Marta Estévez;116321;1;0;12;0.0
Maule;Servicio de Salud Del Maule;Retiro;Centro de Salud Familiar Marta Estévez;116321;2;0;9;0.0
Maule;Servicio de Salud Del Maule;Retiro;Centro de Salud Familiar Marta Estévez;116321;3;7;10;70.0
Maule;Servicio de Salud Del Maule;Retiro;Centro de Salud Familiar Marta Estévez;116321;4;2;12;16.67
Maule;Servicio de Salud Del Maule;Retiro;Centro de Salud Familiar Marta Estévez;116321;5;8;2;400.0
Maule;Servicio de Salud Del Maule;Retiro;Centro de Salud Familiar Marta Estévez;116321;6;6;10;60.0
Maule;Servicio de Salud Del Maule;Retiro;Posta de Salud Rural Copihue;116492;1;0;2;0.0
Maule;Servicio de Salud Del Maule;Retiro;Posta de Salud Rural Copihue;116492;3;0;1;0.0
Maule;Servicio de Salud Del Maule;Retiro;Posta de Salud Rural Copihue;116492;4;0;1;0.0
Maule;Servicio de Salud Del Maule;Retiro;Posta de Salud Rural Copihue;116492;6;0;1;0.0
Maule;Servicio de Salud Del Maule;Retiro;Posta de Salud Rural San Marcos (Retiro);116491;1;0;3;0.0
Maule;Servicio de Salud Del Maule;Retiro;Posta de Salud Rural San Marcos (Retiro);116491;3;0;1;0.0
Maule;Servicio de Salud Del Maule;Retiro;Posta de Salud Rural San Marcos (Retiro);116491;4;0;5;0.0
Maule;Servicio de Salud Del Maule;Retiro;Posta de Salud Rural San Marcos (Retiro);116491;5;0;2;0.0
Maule;Servicio de Salud Del Maule;Retiro;Posta de Salud Rural San Marcos (Retiro);116491;6;0;1;0.0
Maule;Servicio de Salud Del Maule;Retiro;Posta de Salud Rural Santa Delfina;116526;1;0;2;0.0
Maule;Servicio de Salud Del Maule;Retiro;Posta de Salud Rural Santa Delfina;116526;5;0;1;0.0
Maule;Servicio de Salud Del Maule;Retiro;Posta de Salud Rural Talhuenes;116489;1;0;1;0.0
Maule;Servicio de Salud Del Maule;Retiro;Posta de Salud Rural Villaseca;116488;6;0;1;0.0
Maule;Servicio de Salud Del Maule;Romeral;Centro de Salud Familiar EU Nancy González Díaz de Romeral;116328;1;0;11;0.0
Maule;Servicio de Salud Del Maule;Romeral;Centro de Salud Familiar EU Nancy González Díaz de Romeral;116328;2;0;12;0.0
Maule;Servicio de Salud Del Maule;Romeral;Centro de Salud Familiar EU Nancy González Díaz de Romeral;116328;3;23;12;191.67
Maule;Servicio de Salud Del Maule;Romeral;Centro de Salud Familiar EU Nancy González Díaz de Romeral;116328;4;4;8;50.0
Maule;Servicio de Salud Del Maule;Romeral;Centro de Salud Familiar EU Nancy González Díaz de Romeral;116328;5;4;10;40.0
Maule;Servicio de Salud Del Maule;Romeral;Centro de Salud Familiar EU Nancy González Díaz de Romeral;116328;6;2;14;14.29
Maule;Servicio de Salud Del Maule;Río Claro;Centro de Salud Familiar Cumpeo;116316;1;5;5;100.0
Maule;Servicio de Salud Del Maule;Río Claro;Centro de Salud Familiar Cumpeo;116316;2;3;7;42.86
Maule;Servicio de Salud Del Maule;Río Claro;Centro de Salud Familiar Cumpeo;116316;3;4;5;80.0
Maule;Servicio de Salud Del Maule;Río Claro;Centro de Salud Familiar Cumpeo;116316;4;5;6;83.33
Maule;Servicio de Salud Del Maule;Río Claro;Centro de Salud Familiar Cumpeo;116316;5;9;3;300.0
Maule;Servicio de Salud Del Maule;Río Claro;Centro de Salud Familiar Cumpeo;116316;6;3;9;33.33
Maule;Servicio de Salud Del Maule;Río Claro;Posta de Salud Rural Camarico (Río Claro);116432;1;1;0;
Maule;Servicio de Salud Del Maule;Río Claro;Posta de Salud Rural Camarico (Río Claro);116432;2;1;0;
Maule;Servicio de Salud Del Maule;Río Claro;Posta de Salud Rural El Bolsico;116517;1;1;1;100.0
Maule;Servicio de Salud Del Maule;Río Claro;Posta de Salud Rural El Bolsico;116517;2;1;3;33.33
Maule;Servicio de Salud Del Maule;Río Claro;Posta de Salud Rural El Bolsico;116517;3;0;1;0.0
Maule;Servicio de Salud Del Maule;Río Claro;Posta de Salud Rural El Bolsico;116517;4;2;0;
Maule;Servicio de Salud Del Maule;Río Claro;Posta de Salud Rural El Bolsico;116517;5;2;1;200.0
Maule;Servicio de Salud Del Maule;Río Claro;Posta de Salud Rural El Bolsico;116517;6;1;1;100.0
Maule;Servicio de Salud Del Maule;Río Claro;Posta de Salud Rural Los Robles (Río Claro);116540;4;0;1;0.0
Maule;Servicio de Salud Del Maule;Río Claro;Posta de Salud Rural Los Robles (Río Claro);116540;5;1;0;
Maule;Servicio de Salud Del Maule;Río Claro;Posta de Salud Rural Los Robles (Río Claro);116540;6;0;3;0.0
Maule;Servicio de Salud Del Maule;Río Claro;Posta de Salud Rural Peñaflor;116434;1;1;0;
Maule;Servicio de Salud Del Maule;Río Claro;Posta de Salud Rural Peñaflor;116434;2;1;0;
Maule;Servicio de Salud Del Maule;Río Claro;Posta de Salud Rural Peñaflor;116434;3;0;4;0.0
Maule;Servicio de Salud Del Maule;Río Claro;Posta de Salud Rural Peñaflor;116434;4;2;0;
Maule;Servicio de Salud Del Maule;Río Claro;Posta de Salud Rural Peñaflor;116434;5;1;2;50.0
Maule;Servicio de Salud Del Maule;Río Claro;Posta de Salud Rural Peñaflor;116434;6;2;0;
Maule;Servicio de Salud Del Maule;Río Claro;Posta de Salud Rural Porvenir;116433;4;1;1;100.0
Maule;Servicio de Salud Del Maule;Río Claro;Posta de Salud Rural Porvenir;116433;6;1;4;25.0
Maule;Servicio de Salud Del Maule;Sagrada Familia;Centro de Salud Familiar Sagrada Familia;116325;1;0;6;0.0
Maule;Servicio de Salud Del Maule;Sagrada Familia;Centro de Salud Familiar Sagrada Familia;116325;2;0;9;0.0
Maule;Servicio de Salud Del Maule;Sagrada Familia;Centro de Salud Familiar Sagrada Familia;116325;3;0;7;0.0
Maule;Servicio de Salud Del Maule;Sagrada Familia;Centro de Salud Familiar Sagrada Familia;116325;4;0;7;0.0
Maule;Servicio de Salud Del Maule;Sagrada Familia;Centro de Salud Familiar Sagrada Familia;116325;5;0;9;0.0
Maule;Servicio de Salud Del Maule;Sagrada Familia;Centro de Salud Familiar Sagrada Familia;116325;6;0;8;0.0
Maule;Servicio de Salud Del Maule;Sagrada Familia;Centro de Salud Familiar Villa Prat;116326;1;0;2;0.0
Maule;Servicio de Salud Del Maule;Sagrada Familia;Centro de Salud Familiar Villa Prat;116326;2;0;1;0.0
Maule;Servicio de Salud Del Maule;Sagrada Familia;Centro de Salud Familiar Villa Prat;116326;3;0;1;0.0
Maule;Servicio de Salud Del Maule;Sagrada Familia;Centro de Salud Familiar Villa Prat;116326;4;2;2;100.0
Maule;Servicio de Salud Del Maule;Sagrada Familia;Centro de Salud Familiar Villa Prat;116326;5;0;1;0.0
Maule;Servicio de Salud Del Maule;Sagrada Familia;Centro de Salud Familiar Villa Prat;116326;6;0;3;0.0
Maule;Servicio de Salud Del Maule;Sagrada Familia;Posta de Salud Rural Los Quillayes (Sagrada Familia);116514;3;1;0;
Maule;Servicio de Salud Del Maule;Sagrada Familia;Posta de Salud Rural Los Quillayes (Sagrada Familia);116514;5;1;1;100.0
Maule;Servicio de Salud Del Maule;Sagrada Familia;Posta de Salud Rural Santa Rosa (Sagrada Familia);116533;2;0;1;0.0
Maule;Servicio de Salud Del Maule;Sagrada Familia;Posta de Salud Rural Santa Rosa (Sagrada Familia);116533;5;0;1;0.0
Maule;Servicio de Salud Del Maule;San Clemente;Centro Comunitario de Salud Familiar Aurora;116780;1;0;5;0.0
Maule;Servicio de Salud Del Maule;San Clemente;Centro Comunitario de Salud Familiar Aurora;116780;3;0;2;0.0
Maule;Servicio de Salud Del Maule;San Clemente;Centro Comunitario de Salud Familiar Aurora;116780;4;0;1;0.0
Maule;Servicio de Salud Del Maule;San Clemente;Centro Comunitario de Salud Familiar Aurora;116780;6;0;2;0.0
Maule;Servicio de Salud Del Maule;San Clemente;Centro Comunitario de Salud Familiar Chile Nuevo;116713;1;0;2;0.0
Maule;Servicio de Salud Del Maule;San Clemente;Centro Comunitario de Salud Familiar Chile Nuevo;116713;2;0;2;0.0
Maule;Servicio de Salud Del Maule;San Clemente;Centro Comunitario de Salud Familiar Chile Nuevo;116713;3;2;2;100.0
Maule;Servicio de Salud Del Maule;San Clemente;Centro Comunitario de Salud Familiar Chile Nuevo;116713;4;0;1;0.0
Maule;Servicio de Salud Del Maule;San Clemente;Centro Comunitario de Salud Familiar Chile Nuevo;116713;5;0;3;0.0
Maule;Servicio de Salud Del Maule;San Clemente;Centro Comunitario de Salud Familiar San Máximo;200232;1;0;5;0.0
Maule;Servicio de Salud Del Maule;San Clemente;Centro Comunitario de Salud Familiar San Máximo;200232;2;0;3;0.0
Maule;Servicio de Salud Del Maule;San Clemente;Centro Comunitario de Salud Familiar San Máximo;200232;3;0;10;0.0
Maule;Servicio de Salud Del Maule;San Clemente;Centro Comunitario de Salud Familiar San Máximo;200232;4;0;3;0.0
Maule;Servicio de Salud Del Maule;San Clemente;Centro Comunitario de Salud Familiar San Máximo;200232;5;0;6;0.0
Maule;Servicio de Salud Del Maule;San Clemente;Centro Comunitario de Salud Familiar San Máximo;200232;6;0;6;0.0
Maule;Servicio de Salud Del Maule;San Clemente;Centro de Salud Familiar Dr. Juan Carlos Baeza;116313;1;0;15;0.0
Maule;Servicio de Salud Del Maule;San Clemente;Centro de Salud Familiar Dr. Juan Carlos Baeza;116313;2;0;6;0.0
Maule;Servicio de Salud Del Maule;San Clemente;Centro de Salud Familiar Dr. Juan Carlos Baeza;116313;3;0;24;0.0
Maule;Servicio de Salud Del Maule;San Clemente;Centro de Salud Familiar Dr. Juan Carlos Baeza;116313;4;8;19;42.11
Maule;Servicio de Salud Del Maule;San Clemente;Centro de Salud Familiar Dr. Juan Carlos Baeza;116313;5;0;9;0.0
Maule;Servicio de Salud Del Maule;San Clemente;Centro de Salud Familiar Dr. Juan Carlos Baeza;116313;6;0;10;0.0
Maule;Servicio de Salud Del Maule;San Clemente;Posta de Salud Rural Chequén;116546;1;0;2;0.0
Maule;Servicio de Salud Del Maule;San Clemente;Posta de Salud Rural Chequén;116546;3;0;2;0.0
Maule;Servicio de Salud Del Maule;San Clemente;Posta de Salud Rural Corralones;116449;4;0;1;0.0
Maule;Servicio de Salud Del Maule;San Clemente;Posta de Salud Rural Corralones;116449;5;0;1;0.0
Maule;Servicio de Salud Del Maule;San Clemente;Posta de Salud Rural El Colorado;116451;1;0;3;0.0
Maule;Servicio de Salud Del Maule;San Clemente;Posta de Salud Rural El Colorado;116451;2;0;1;0.0
Maule;Servicio de Salud Del Maule;San Clemente;Posta de Salud Rural El Colorado;116451;3;0;1;0.0
Maule;Servicio de Salud Del Maule;San Clemente;Posta de Salud Rural El Colorado;116451;4;0;1;0.0
Maule;Servicio de Salud Del Maule;San Clemente;Posta de Salud Rural El Colorado;116451;5;0;1;0.0
Maule;Servicio de Salud Del Maule;San Clemente;Posta de Salud Rural El Colorado;116451;6;0;2;0.0
Maule;Servicio de Salud Del Maule;San Clemente;Posta de Salud Rural La Suiza;116452;6;0;1;0.0
Maule;Servicio de Salud Del Maule;San Clemente;Posta de Salud Rural Las Lomas (San Clemente );116446;2;0;1;0.0
Maule;Servicio de Salud Del Maule;San Clemente;Posta de Salud Rural Los Montes;116450;1;0;1;0.0
Maule;Servicio de Salud Del Maule;San Clemente;Posta de Salud Rural Los Montes;116450;5;0;1;0.0
Maule;Servicio de Salud Del Maule;San Clemente;Posta de Salud Rural Maitenes;116453;1;0;1;0.0
Maule;Servicio de Salud Del Maule;San Clemente;Posta de Salud Rural Maitenes;116453;2;0;1;0.0
Maule;Servicio de Salud Del Maule;San Clemente;Posta de Salud Rural Maitenes;116453;3;0;1;0.0
Maule;Servicio de Salud Del Maule;San Clemente;Posta de Salud Rural Maitenes;116453;5;0;1;0.0
Maule;Servicio de Salud Del Maule;San Clemente;Posta de Salud Rural Maitenes;116453;6;0;1;0.0
Maule;Servicio de Salud Del Maule;San Clemente;Posta de Salud Rural Mariposas;116447;4;0;3;0.0
Maule;Servicio de Salud Del Maule;San Clemente;Posta de Salud Rural Mariposas;116447;5;2;0;
Maule;Servicio de Salud Del Maule;San Clemente;Posta de Salud Rural Peumo Negro;116443;3;0;1;0.0
Maule;Servicio de Salud Del Maule;San Clemente;Posta de Salud Rural Punta de Diamante;116445;3;0;2;0.0
Maule;Servicio de Salud Del Maule;San Clemente;Posta de Salud Rural Punta de Diamante;116445;6;0;3;0.0
Maule;Servicio de Salud Del Maule;San Clemente;Posta de Salud Rural Santa Elena (San Clemente);116520;3;0;3;0.0
Maule;Servicio de Salud Del Maule;San Clemente;Posta de Salud Rural Vilches;116448;1;0;1;0.0
Maule;Servicio de Salud Del Maule;San Javier;Centro Comunitario de Salud Familiar San Pablo;116763;2;0;3;0.0
Maule;Servicio de Salud Del Maule;San Javier;Centro Comunitario de Salud Familiar San Pablo;116763;3;0;3;0.0
Maule;Servicio de Salud Del Maule;San Javier;Centro Comunitario de Salud Familiar San Pablo;116763;4;0;2;0.0
Maule;Servicio de Salud Del Maule;San Javier;Centro Comunitario de Salud Familiar San Pablo;116763;5;15;3;500.0
Maule;Servicio de Salud Del Maule;San Javier;Centro Comunitario de Salud Familiar San Pablo;116763;6;0;2;0.0
Maule;Servicio de Salud Del Maule;San Javier;Centro de Salud Familiar Dr. Carlos Díaz Gidi;116342;1;15;41;36.59
Maule;Servicio de Salud Del Maule;San Javier;Centro de Salud Familiar Dr. Carlos Díaz Gidi;116342;2;0;22;0.0
Maule;Servicio de Salud Del Maule;San Javier;Centro de Salud Familiar Dr. Carlos Díaz Gidi;116342;3;0;35;0.0
Maule;Servicio de Salud Del Maule;San Javier;Centro de Salud Familiar Dr. Carlos Díaz Gidi;116342;4;0;31;0.0
Maule;Servicio de Salud Del Maule;San Javier;Centro de Salud Familiar Dr. Carlos Díaz Gidi;116342;5;0;27;0.0
Maule;Servicio de Salud Del Maule;San Javier;Centro de Salud Familiar Dr. Carlos Díaz Gidi;116342;6;12;25;48.0
Maule;Servicio de Salud Del Maule;San Javier;Posta de Salud Rural Alquihue;200038;4;0;1;0.0
Maule;Servicio de Salud Del Maule;San Javier;Posta de Salud Rural Caliboro;116464;4;0;1;0.0
Maule;Servicio de Salud Del Maule;San Javier;Posta de Salud Rural Caliboro;116464;5;0;1;0.0
Maule;Servicio de Salud Del Maule;San Javier;Posta de Salud Rural El Aromo;116518;1;0;1;0.0
Maule;Servicio de Salud Del Maule;San Javier;Posta de Salud Rural El Aromo;116518;2;0;1;0.0
Maule;Servicio de Salud Del Maule;San Javier;Posta de Salud Rural El Aromo;116518;4;0;1;0.0
Maule;Servicio de Salud Del Maule;San Javier;Posta de Salud Rural El Aromo;116518;5;0;3;0.0
Maule;Servicio de Salud Del Maule;San Javier;Posta de Salud Rural El Aromo;116518;6;0;1;0.0
Maule;Servicio de Salud Del Maule;San Javier;Posta de Salud Rural El Sauce de San Javier;116465;1;0;2;0.0
Maule;Servicio de Salud Del Maule;San Javier;Posta de Salud Rural El Sauce de San Javier;116465;2;0;1;0.0
Maule;Servicio de Salud Del Maule;San Javier;Posta de Salud Rural El Sauce de San Javier;116465;4;0;1;0.0
Maule;Servicio de Salud Del Maule;San Javier;Posta de Salud Rural Huerta;116462;5;0;1;0.0
Maule;Servicio de Salud Del Maule;San Javier;Posta de Salud Rural Nirivilo;116459;3;0;1;0.0
Maule;Servicio de Salud Del Maule;San Javier;Posta de Salud Rural Nirivilo;116459;4;0;2;0.0
Maule;Servicio de Salud Del Maule;San Rafael;Centro de Salud Familiar San Rafael (San Rafael);116324;1;0;11;0.0
Maule;Servicio de Salud Del Maule;San Rafael;Centro de Salud Familiar San Rafael (San Rafael);116324;2;0;8;0.0
Maule;Servicio de Salud Del Maule;San Rafael;Centro de Salud Familiar San Rafael (San Rafael);116324;3;0;13;0.0
Maule;Servicio de Salud Del Maule;San Rafael;Centro de Salud Familiar San Rafael (San Rafael);116324;4;1;15;6.67
Maule;Servicio de Salud Del Maule;San Rafael;Centro de Salud Familiar San Rafael (San Rafael);116324;5;0;4;0.0
Maule;Servicio de Salud Del Maule;San Rafael;Centro de Salud Familiar San Rafael (San Rafael);116324;6;1;7;14.29
Maule;Servicio de Salud Del Maule;San Rafael;Posta de Salud Rural Pangue Arriba;116572;2;0;1;0.0
Maule;Servicio de Salud Del Maule;San Rafael;Posta de Salud Rural Pangue Arriba;116572;4;0;1;0.0
Maule;Servicio de Salud Del Maule;Talca;Centro Comunitario de Salud Familiar Brilla el Sol;116705;1;0;1;0.0
Maule;Servicio de Salud Del Maule;Talca;Centro Comunitario de Salud Familiar Brilla el Sol;116705;2;0;1;0.0
Maule;Servicio de Salud Del Maule;Talca;Centro Comunitario de Salud Familiar Brilla el Sol;116705;3;0;3;0.0
Maule;Servicio de Salud Del Maule;Talca;Centro Comunitario de Salud Familiar Brilla el Sol;116705;4;0;1;0.0
Maule;Servicio de Salud Del Maule;Talca;Centro Comunitario de Salud Familiar Brilla el Sol;116705;5;0;1;0.0
Maule;Servicio de Salud Del Maule;Talca;Centro Comunitario de Salud Familiar Carlos Trupp;200352;1;0;5;0.0
Maule;Servicio de Salud Del Maule;Talca;Centro Comunitario de Salud Familiar Carlos Trupp;200352;2;0;2;0.0
Maule;Servicio de Salud Del Maule;Talca;Centro Comunitario de Salud Familiar Carlos Trupp;200352;3;0;4;0.0
Maule;Servicio de Salud Del Maule;Talca;Centro Comunitario de Salud Familiar Carlos Trupp;200352;4;0;2;0.0
Maule;Servicio de Salud Del Maule;Talca;Centro Comunitario de Salud Familiar Carlos Trupp;200352;5;0;2;0.0
Maule;Servicio de Salud Del Maule;Talca;Centro Comunitario de Salud Familiar Carlos Trupp;200352;6;0;3;0.0
Maule;Servicio de Salud Del Maule;Talca;Centro Comunitario de Salud Familiar Nuevo Horizonte;116766;1;0;2;0.0
Maule;Servicio de Salud Del Maule;Talca;Centro Comunitario de Salud Familiar Nuevo Horizonte;116766;3;0;1;0.0
Maule;Servicio de Salud Del Maule;Talca;Centro Comunitario de Salud Familiar Nuevo Horizonte;116766;4;0;3;0.0
Maule;Servicio de Salud Del Maule;Talca;Centro Comunitario de Salud Familiar Nuevo Horizonte;116766;6;0;1;0.0
Maule;Servicio de Salud Del Maule;Talca;Centro de Salud Familiar Bicentenario;200987;1;0;18;0.0
Maule;Servicio de Salud Del Maule;Talca;Centro de Salud Familiar Bicentenario;200987;2;0;23;0.0
Maule;Servicio de Salud Del Maule;Talca;Centro de Salud Familiar Bicentenario;200987;3;4;27;14.81
Maule;Servicio de Salud Del Maule;Talca;Centro de Salud Familiar Bicentenario;200987;4;9;14;64.29
Maule;Servicio de Salud Del Maule;Talca;Centro de Salud Familiar Bicentenario;200987;5;0;14;0.0
Maule;Servicio de Salud Del Maule;Talca;Centro de Salud Familiar Bicentenario;200987;6;0;19;0.0
Maule;Servicio de Salud Del Maule;Talca;Centro de Salud Familiar Carlos Trupp;116331;1;0;26;0.0
Maule;Servicio de Salud Del Maule;Talca;Centro de Salud Familiar Carlos Trupp;116331;2;0;17;0.0
Maule;Servicio de Salud Del Maule;Talca;Centro de Salud Familiar Carlos Trupp;116331;3;0;17;0.0
Maule;Servicio de Salud Del Maule;Talca;Centro de Salud Familiar Carlos Trupp;116331;4;3;20;15.0
Maule;Servicio de Salud Del Maule;Talca;Centro de Salud Familiar Carlos Trupp;116331;5;10;26;38.46
Maule;Servicio de Salud Del Maule;Talca;Centro de Salud Familiar Carlos Trupp;116331;6;9;23;39.13
Maule;Servicio de Salud Del Maule;Talca;Centro de Salud Familiar Dr. Julio Contardo Urzúa;116307;1;5;18;27.78
Maule;Servicio de Salud Del Maule;Talca;Centro de Salud Familiar Dr. Julio Contardo Urzúa;116307;2;14;9;155.56
Maule;Servicio de Salud Del Maule;Talca;Centro de Salud Familiar Dr. Julio Contardo Urzúa;116307;3;3;13;23.08
Maule;Servicio de Salud Del Maule;Talca;Centro de Salud Familiar Dr. Julio Contardo Urzúa;116307;4;14;16;87.5
Maule;Servicio de Salud Del Maule;Talca;Centro de Salud Familiar Dr. Julio Contardo Urzúa;116307;5;3;11;27.27
Maule;Servicio de Salud Del Maule;Talca;Centro de Salud Familiar Dr. Julio Contardo Urzúa;116307;6;5;8;62.5
Maule;Servicio de Salud Del Maule;Talca;Centro de Salud Familiar Faustino González;116343;1;0;18;0.0
Maule;Servicio de Salud Del Maule;Talca;Centro de Salud Familiar Faustino González;116343;2;0;4;0.0
Maule;Servicio de Salud Del Maule;Talca;Centro de Salud Familiar Faustino González;116343;3;0;12;0.0
Maule;Servicio de Salud Del Maule;Talca;Centro de Salud Familiar Faustino González;116343;4;0;4;0.0
Maule;Servicio de Salud Del Maule;Talca;Centro de Salud Familiar Faustino González;116343;5;0;6;0.0
Maule;Servicio de Salud Del Maule;Talca;Centro de Salud Familiar Faustino González;116343;6;0;13;0.0
Maule;Servicio de Salud Del Maule;Talca;Centro de Salud Familiar José Dionisio Astaburuaga;116305;1;4;23;17.39
Maule;Servicio de Salud Del Maule;Talca;Centro de Salud Familiar José Dionisio Astaburuaga;116305;2;0;10;0.0
Maule;Servicio de Salud Del Maule;Talca;Centro de Salud Familiar José Dionisio Astaburuaga;116305;3;18;13;138.46
Maule;Servicio de Salud Del Maule;Talca;Centro de Salud Familiar José Dionisio Astaburuaga;116305;4;17;10;170.0
Maule;Servicio de Salud Del Maule;Talca;Centro de Salud Familiar José Dionisio Astaburuaga;116305;5;8;16;50.0
Maule;Servicio de Salud Del Maule;Talca;Centro de Salud Familiar José Dionisio Astaburuaga;116305;6;6;15;40.0
Maule;Servicio de Salud Del Maule;Talca;Centro de Salud Familiar La Florida;116306;1;9;22;40.91
Maule;Servicio de Salud Del Maule;Talca;Centro de Salud Familiar La Florida;116306;2;11;21;52.38
Maule;Servicio de Salud Del Maule;Talca;Centro de Salud Familiar La Florida;116306;3;5;25;20.0
Maule;Servicio de Salud Del Maule;Talca;Centro de Salud Familiar La Florida;116306;4;3;19;15.79
Maule;Servicio de Salud Del Maule;Talca;Centro de Salud Familiar La Florida;116306;5;12;19;63.16
Maule;Servicio de Salud Del Maule;Talca;Centro de Salud Familiar La Florida;116306;6;19;14;135.71
Maule;Servicio de Salud Del Maule;Talca;Centro de Salud Familiar Las Américas;116340;1;0;31;0.0
Maule;Servicio de Salud Del Maule;Talca;Centro de Salud Familiar Las Américas;116340;2;0;25;0.0
Maule;Servicio de Salud Del Maule;Talca;Centro de Salud Familiar Las Américas;116340;3;0;26;0.0
Maule;Servicio de Salud Del Maule;Talca;Centro de Salud Familiar Las Américas;116340;4;0;27;0.0
Maule;Servicio de Salud Del Maule;Talca;Centro de Salud Familiar Las Américas;116340;5;2;22;9.09
Maule;Servicio de Salud Del Maule;Talca;Centro de Salud Familiar Las Américas;116340;6;0;27;0.0
Maule;Servicio de Salud Del Maule;Talca;Centro de Salud Familiar Villa Magisterio;200072;1;0;10;0.0
Maule;Servicio de Salud Del Maule;Talca;Centro de Salud Familiar Villa Magisterio;200072;2;0;18;0.0
Maule;Servicio de Salud Del Maule;Talca;Centro de Salud Familiar Villa Magisterio;200072;3;3;17;17.65
Maule;Servicio de Salud Del Maule;Talca;Centro de Salud Familiar Villa Magisterio;200072;4;1;13;7.69
Maule;Servicio de Salud Del Maule;Talca;Centro de Salud Familiar Villa Magisterio;200072;5;4;18;22.22
Maule;Servicio de Salud Del Maule;Talca;Centro de Salud Familiar Villa Magisterio;200072;6;4;25;16.0
Maule;Servicio de Salud Del Maule;Talca;Hospital Dr. César Garavagno Burotto (Talca);116105;1;16;0;
Maule;Servicio de Salud Del Maule;Talca;Hospital Dr. César Garavagno Burotto (Talca);116105;2;13;0;
Maule;Servicio de Salud Del Maule;Talca;Hospital Dr. César Garavagno Burotto (Talca);116105;3;37;0;
Maule;Servicio de Salud Del Maule;Talca;Hospital Dr. César Garavagno Burotto (Talca);116105;4;27;0;
Maule;Servicio de Salud Del Maule;Talca;Hospital Dr. César Garavagno Burotto (Talca);116105;5;27;0;
Maule;Servicio de Salud Del Maule;Talca;Hospital Dr. César Garavagno Burotto (Talca);116105;6;20;0;
Maule;Servicio de Salud Del Maule;Talca;Posta de Salud Rural Mercedes;116561;1;0;7;0.0
Maule;Servicio de Salud Del Maule;Talca;Posta de Salud Rural Mercedes;116561;2;0;5;0.0
Maule;Servicio de Salud Del Maule;Talca;Posta de Salud Rural Mercedes;116561;3;0;4;0.0
Maule;Servicio de Salud Del Maule;Talca;Posta de Salud Rural Mercedes;116561;4;0;4;0.0
Maule;Servicio de Salud Del Maule;Talca;Posta de Salud Rural Mercedes;116561;5;1;8;12.5
Maule;Servicio de Salud Del Maule;Talca;Posta de Salud Rural Mercedes;116561;6;5;4;125.0
Maule;Servicio de Salud Del Maule;Teno;Centro de Salud Familiar Comalle;116336;1;0;1;0.0
Maule;Servicio de Salud Del Maule;Teno;Centro de Salud Familiar Comalle;116336;2;0;2;0.0
Maule;Servicio de Salud Del Maule;Teno;Centro de Salud Familiar Comalle;116336;5;0;2;0.0
Maule;Servicio de Salud Del Maule;Teno;Centro de Salud Familiar Comalle;116336;6;0;2;0.0
Maule;Servicio de Salud Del Maule;Teno;Centro de Salud Familiar Morza;116335;2;4;2;200.0
Maule;Servicio de Salud Del Maule;Teno;Centro de Salud Familiar Morza;116335;3;0;6;0.0
Maule;Servicio de Salud Del Maule;Teno;Centro de Salud Familiar Morza;116335;4;0;2;0.0
Maule;Servicio de Salud Del Maule;Teno;Centro de Salud Familiar Morza;116335;5;7;2;350.0
Maule;Servicio de Salud Del Maule;Teno;Centro de Salud Familiar Morza;116335;6;0;1;0.0
Maule;Servicio de Salud Del Maule;Teno;Hospital de Teno;116101;1;2;9;22.22
Maule;Servicio de Salud Del Maule;Teno;Hospital de Teno;116101;2;10;7;142.86
Maule;Servicio de Salud Del Maule;Teno;Hospital de Teno;116101;3;5;14;35.71
Maule;Servicio de Salud Del Maule;Teno;Hospital de Teno;116101;4;8;11;72.73
Maule;Servicio de Salud Del Maule;Teno;Hospital de Teno;116101;5;1;5;20.0
Maule;Servicio de Salud Del Maule;Teno;Hospital de Teno;116101;6;0;9;0.0
Maule;Servicio de Salud Del Maule;Teno;Posta de Salud Rural El Manzano ( Teno);116403;1;0;1;0.0
Maule;Servicio de Salud Del Maule;Teno;Posta de Salud Rural Monterilla;116401;1;0;1;0.0
Maule;Servicio de Salud Del Maule;Teno;Posta de Salud Rural Monterilla;116401;4;0;1;0.0
Maule;Servicio de Salud Del Maule;Teno;Posta de Salud Rural Monterilla;116401;5;0;1;0.0
Maule;Servicio de Salud Del Maule;Teno;Posta de Salud Rural Monterilla;116401;6;0;1;0.0
Maule;Servicio de Salud Del Maule;Teno;Posta de Salud Rural Raúl Folleraux;116554;3;0;1;0.0
Maule;Servicio de Salud Del Maule;Teno;Posta de Salud Rural Santa Blanca;116404;1;0;4;0.0
Maule;Servicio de Salud Del Maule;Teno;Posta de Salud Rural Santa Blanca;116404;3;0;3;0.0
Maule;Servicio de Salud Del Maule;Teno;Posta de Salud Rural Santa Blanca;116404;5;0;1;0.0
Maule;Servicio de Salud Del Maule;Teno;Posta de Salud Rural Santa Blanca;116404;6;0;4;0.0
Maule;Servicio de Salud Del Maule;Vichuquén;Centro de Salud Familiar Vichuquén;116327;4;0;1;0.0
Maule;Servicio de Salud Del Maule;Vichuquén;Centro de Salud Familiar Vichuquén;116327;5;1;0;
Maule;Servicio de Salud Del Maule;Vichuquén;Posta de Salud Rural Boyeruca;116549;3;0;1;0.0
Maule;Servicio de Salud Del Maule;Vichuquén;Posta de Salud Rural Lipimávida;116429;3;0;1;0.0
Maule;Servicio de Salud Del Maule;Vichuquén;Posta de Salud Rural Lipimávida;116429;6;0;1;0.0
Maule;Servicio de Salud Del Maule;Vichuquén;Posta de Salud Rural Llico de Vichuquén;116428;1;0;2;0.0
Maule;Servicio de Salud Del Maule;Vichuquén;Posta de Salud Rural Llico de Vichuquén;116428;6;0;2;0.0
Maule;Servicio de Salud Del Maule;Villa Alegre;Centro Comunitario de Salud Familiar Loma de Las Tortillas;116764;1;0;1;0.0
Maule;Servicio de Salud Del Maule;Villa Alegre;Centro Comunitario de Salud Familiar Loma de Las Tortillas;116764;3;0;1;0.0
Maule;Servicio de Salud Del Maule;Villa Alegre;Centro Comunitario de Salud Familiar Loma de Las Tortillas;116764;4;0;2;0.0
Maule;Servicio de Salud Del Maule;Villa Alegre;Centro Comunitario de Salud Familiar Loma de Las Tortillas;116764;5;2;0;
Maule;Servicio de Salud Del Maule;Villa Alegre;Centro de Salud Familiar Jorge del Campo Amaro;116310;1;3;9;33.33
Maule;Servicio de Salud Del Maule;Villa Alegre;Centro de Salud Familiar Jorge del Campo Amaro;116310;2;1;4;25.0
Maule;Servicio de Salud Del Maule;Villa Alegre;Centro de Salud Familiar Jorge del Campo Amaro;116310;3;0;2;0.0
Maule;Servicio de Salud Del Maule;Villa Alegre;Centro de Salud Familiar Jorge del Campo Amaro;116310;4;2;11;18.18
Maule;Servicio de Salud Del Maule;Villa Alegre;Centro de Salud Familiar Jorge del Campo Amaro;116310;5;1;6;16.67
Maule;Servicio de Salud Del Maule;Villa Alegre;Centro de Salud Familiar Jorge del Campo Amaro;116310;6;0;6;0.0
Maule;Servicio de Salud Del Maule;Villa Alegre;Posta de Salud Rural Esperanza;116519;2;0;1;0.0
Maule;Servicio de Salud Del Maule;Villa Alegre;Posta de Salud Rural Esperanza;116519;4;0;1;0.0
Maule;Servicio de Salud Del Maule;Villa Alegre;Posta de Salud Rural Lagunillas ( Villa Alegre );116468;6;0;1;0.0
Maule;Servicio de Salud Del Maule;Villa Alegre;Posta de Salud Rural Peñuelas;116469;2;0;1;0.0
Maule;Servicio de Salud Del Maule;Villa Alegre;Posta de Salud Rural Putagán;116467;1;0;1;0.0
Maule;Servicio de Salud Del Maule;Yerbas Buenas;Centro de Salud Familiar Ignacio Carrera Pinto;116318;1;4;7;57.14
Maule;Servicio de Salud Del Maule;Yerbas Buenas;Centro de Salud Familiar Ignacio Carrera Pinto;116318;2;7;6;116.67
Maule;Servicio de Salud Del Maule;Yerbas Buenas;Centro de Salud Familiar Ignacio Carrera Pinto;116318;3;4;12;33.33
Maule;Servicio de Salud Del Maule;Yerbas Buenas;Centro de Salud Familiar Ignacio Carrera Pinto;116318;4;10;12;83.33
Maule;Servicio de Salud Del Maule;Yerbas Buenas;Centro de Salud Familiar Ignacio Carrera Pinto;116318;5;3;7;42.86
Maule;Servicio de Salud Del Maule;Yerbas Buenas;Centro de Salud Familiar Ignacio Carrera Pinto;116318;6;0;10;0.0
Maule;Servicio de Salud Del Maule;Yerbas Buenas;Posta de Salud Rural Maitencillo (Yerbas Buenas);116471;4;0;1;0.0
Maule;Servicio de Salud Del Maule;Yerbas Buenas;Posta de Salud Rural Maitencillo (Yerbas Buenas);116471;5;0;1;0.0
Maule;Servicio de Salud Del Maule;Yerbas Buenas;Posta de Salud Rural Orilla de Maule;116470;1;0;2;0.0
Maule;Servicio de Salud Del Maule;Yerbas Buenas;Posta de Salud Rural Orilla de Maule;116470;2;0;2;0.0
Maule;Servicio de Salud Del Maule;Yerbas Buenas;Posta de Salud Rural Orilla de Maule;116470;3;3;3;100.0
Maule;Servicio de Salud Del Maule;Yerbas Buenas;Posta de Salud Rural Orilla de Maule;116470;4;3;1;300.0
Maule;Servicio de Salud Del Maule;Yerbas Buenas;Posta de Salud Rural Orilla de Maule;116470;5;0;3;0.0
Maule;Servicio de Salud Del Maule;Yerbas Buenas;Posta de Salud Rural Orilla de Maule;116470;6;2;4;50.0
Maule;Servicio de Salud Del Maule;Yerbas Buenas;Posta de Salud Rural Puipuyén;116547;2;0;1;0.0
Maule;Servicio de Salud Del Maule;Yerbas Buenas;Posta de Salud Rural Puipuyén;116547;4;0;1;0.0
Maule;Servicio de Salud Del Maule;Yerbas Buenas;Posta de Salud Rural Semillero;200619;1;1;0;
Maule;Servicio de Salud Del Maule;Yerbas Buenas;Posta de Salud Rural Semillero;200619;2;1;0;
Maule;Servicio de Salud Del Maule;Yerbas Buenas;Posta de Salud Rural Semillero;200619;4;1;0;
Metropolitana de Santiago;Servicio de Salud Metropolitano Central;Cerrillos;Centro Comunitario de Salud Familiar Buzeta;200346;1;0;4;0.0
Metropolitana de Santiago;Servicio de Salud Metropolitano Central;Cerrillos;Centro Comunitario de Salud Familiar Buzeta;200346;2;0;6;0.0
Metropolitana de Santiago;Servicio de Salud Metropolitano Central;Cerrillos;Centro Comunitario de Salud Familiar Buzeta;200346;3;0;7;0.0
Metropolitana de Santiago;Servicio de Salud Metropolitano Central;Cerrillos;Centro Comunitario de Salud Familiar Buzeta;200346;4;0;6;0.0
Metropolitana de Santiago;Servicio de Salud Metropolitano Central;Cerrillos;Centro Comunitario de Salud Familiar Buzeta;200346;5;0;3;0.0
Metropolitana de Santiago;Servicio de Salud Metropolitano Central;Cerrillos;Centro Comunitario de Salud Familiar Buzeta;200346;6;0;3;0.0
Metropolitana de Santiago;Servicio de Salud Metropolitano Central;Cerrillos;Centro de Salud Familiar Dr. Norman Voulliéme;111305;1;19;36;52.78
Metropolitana de Santiago;Servicio de Salud Metropolitano Central;Cerrillos;Centro de Salud Familiar Dr. Norman Voulliéme;111305;2;7;16;43.75
Metropolitana de Santiago;Servicio de Salud Metropolitano Central;Cerrillos;Centro de Salud Familiar Dr. Norman Voulliéme;111305;3;5;36;13.89
Metropolitana de Santiago;Servicio de Salud Metropolitano Central;Cerrillos;Centro de Salud Familiar Dr. Norman Voulliéme;111305;4;11;25;44.0
Metropolitana de Santiago;Servicio de Salud Metropolitano Central;Cerrillos;Centro de Salud Familiar Dr. Norman Voulliéme;111305;5;9;17;52.94
Metropolitana de Santiago;Servicio de Salud Metropolitano Central;Cerrillos;Centro de Salud Familiar Dr. Norman Voulliéme;111305;6;3;26;11.54
Metropolitana de Santiago;Servicio de Salud Metropolitano Central;Cerrillos;Centro de Salud Familiar Enfermera Sofía Pincheira;111307;1;13;12;108.33
Metropolitana de Santiago;Servicio de Salud Metropolitano Central;Cerrillos;Centro de Salud Familiar Enfermera Sofía Pincheira;111307;2;8;15;53.33
Metropolitana de Santiago;Servicio de Salud Metropolitano Central;Cerrillos;Centro de Salud Familiar Enfermera Sofía Pincheira;111307;3;5;14;35.71
Metropolitana de Santiago;Servicio de Salud Metropolitano Central;Cerrillos;Centro de Salud Familiar Enfermera Sofía Pincheira;111307;4;14;8;175.0
Metropolitana de Santiago;Servicio de Salud Metropolitano Central;Cerrillos;Centro de Salud Familiar Enfermera Sofía Pincheira;111307;5;5;9;55.56
Metropolitana de Santiago;Servicio de Salud Metropolitano Central;Cerrillos;Centro de Salud Familiar Enfermera Sofía Pincheira;111307;6;8;13;61.54
Metropolitana de Santiago;Servicio de Salud Metropolitano Central;Estación Central;Centro Comunitario de Salud Familiar Villa Francia;111781;1;0;2;0.0
Metropolitana de Santiago;Servicio de Salud Metropolitano Central;Estación Central;Centro Comunitario de Salud Familiar Villa Francia;111781;2;0;4;0.0
Metropolitana de Santiago;Servicio de Salud Metropolitano Central;Estación Central;Centro Comunitario de Salud Familiar Villa Francia;111781;3;0;2;0.0
Metropolitana de Santiago;Servicio de Salud Metropolitano Central;Estación Central;Centro Comunitario de Salud Familiar Villa Francia;111781;4;0;1;0.0
Metropolitana de Santiago;Servicio de Salud Metropolitano Central;Estación Central;Centro Comunitario de Salud Familiar Villa Francia;111781;5;0;3;0.0
Metropolitana de Santiago;Servicio de Salud Metropolitano Central;Estación Central;Centro Comunitario de Salud Familiar Villa Francia;111781;6;0;3;0.0
Metropolitana de Santiago;Servicio de Salud Metropolitano Central;Estación Central;Centro de Salud Familiar Las Mercedes;111310;1;40;57;70.18
Metropolitana de Santiago;Servicio de Salud Metropolitano Central;Estación Central;Centro de Salud Familiar Las Mercedes;111310;2;34;59;57.63
Metropolitana de Santiago;Servicio de Salud Metropolitano Central;Estación Central;Centro de Salud Familiar Las Mercedes;111310;3;35;56;62.5
Metropolitana de Santiago;Servicio de Salud Metropolitano Central;Estación Central;Centro de Salud Familiar Las Mercedes;111310;4;0;48;0.0
Metropolitana de Santiago;Servicio de Salud Metropolitano Central;Estación Central;Centro de Salud Familiar Las Mercedes;111310;5;48;58;82.76
Metropolitana de Santiago;Servicio de Salud Metropolitano Central;Estación Central;Centro de Salud Familiar Las Mercedes;111310;6;50;72;69.44
Metropolitana de Santiago;Servicio de Salud Metropolitano Central;Estación Central;Centro de Salud Familiar Padre Vicente Irarrázabal;111302;1;5;25;20.0
Metropolitana de Santiago;Servicio de Salud Metropolitano Central;Estación Central;Centro de Salud Familiar Padre Vicente Irarrázabal;111302;2;0;21;0.0
Metropolitana de Santiago;Servicio de Salud Metropolitano Central;Estación Central;Centro de Salud Familiar Padre Vicente Irarrázabal;111302;3;8;33;24.24
Metropolitana de Santiago;Servicio de Salud Metropolitano Central;Estación Central;Centro de Salud Familiar Padre Vicente Irarrázabal;111302;4;6;24;25.0
Metropolitana de Santiago;Servicio de Salud Metropolitano Central;Estación Central;Centro de Salud Familiar Padre Vicente Irarrázabal;111302;5;10;19;52.63
Metropolitana de Santiago;Servicio de Salud Metropolitano Central;Estación Central;Centro de Salud Familiar Padre Vicente Irarrázabal;111302;6;8;21;38.1
Metropolitana de Santiago;Servicio de Salud Metropolitano Central;Estación Central;Centro de Salud Familiar San José de Chuchunco;111306;1;0;19;0.0
Metropolitana de Santiago;Servicio de Salud Metropolitano Central;Estación Central;Centro de Salud Familiar San José de Chuchunco;111306;2;0;17;0.0
Metropolitana de Santiago;Servicio de Salud Metropolitano Central;Estación Central;Centro de Salud Familiar San José de Chuchunco;111306;3;6;17;35.29
Metropolitana de Santiago;Servicio de Salud Metropolitano Central;Estación Central;Centro de Salud Familiar San José de Chuchunco;111306;4;3;24;12.5
Metropolitana de Santiago;Servicio de Salud Metropolitano Central;Estación Central;Centro de Salud Familiar San José de Chuchunco;111306;5;0;12;0.0
Metropolitana de Santiago;Servicio de Salud Metropolitano Central;Estación Central;Centro de Salud Familiar San José de Chuchunco;111306;6;4;17;23.53
Metropolitana de Santiago;Servicio de Salud Metropolitano Central;Maipú;CESFAM El Abrazo Dr. Salvador Allende Gossens;201674;1;0;18;0.0
Metropolitana de Santiago;Servicio de Salud Metropolitano Central;Maipú;CESFAM El Abrazo Dr. Salvador Allende Gossens;201674;2;0;15;0.0
Metropolitana de Santiago;Servicio de Salud Metropolitano Central;Maipú;CESFAM El Abrazo Dr. Salvador Allende Gossens;201674;3;7;17;41.18
Metropolitana de Santiago;Servicio de Salud Metropolitano Central;Maipú;CESFAM El Abrazo Dr. Salvador Allende Gossens;201674;4;0;6;0.0
Metropolitana de Santiago;Servicio de Salud Metropolitano Central;Maipú;CESFAM El Abrazo Dr. Salvador Allende Gossens;201674;5;5;16;31.25
Metropolitana de Santiago;Servicio de Salud Metropolitano Central;Maipú;CESFAM El Abrazo Dr. Salvador Allende Gossens;201674;6;0;9;0.0
Metropolitana de Santiago;Servicio de Salud Metropolitano Central;Maipú;Centro Comunitario de Salud Familiar Bueras;111784;1;0;2;0.0
Metropolitana de Santiago;Servicio de Salud Metropolitano Central;Maipú;Centro Comunitario de Salud Familiar Bueras;111784;2;0;1;0.0
Metropolitana de Santiago;Servicio de Salud Metropolitano Central;Maipú;Centro Comunitario de Salud Familiar Bueras;111784;3;0;3;0.0
Metropolitana de Santiago;Servicio de Salud Metropolitano Central;Maipú;Centro Comunitario de Salud Familiar Bueras;111784;4;0;3;0.0
Metropolitana de Santiago;Servicio de Salud Metropolitano Central;Maipú;Centro Comunitario de Salud Familiar Bueras;111784;5;0;3;0.0
Metropolitana de Santiago;Servicio de Salud Metropolitano Central;Maipú;Centro Comunitario de Salud Familiar Bueras;111784;6;0;1;0.0
Metropolitana de Santiago;Servicio de Salud Metropolitano Central;Maipú;Centro Comunitario de Salud Familiar Europa;111780;1;5;1;500.0
Metropolitana de Santiago;Servicio de Salud Metropolitano Central;Maipú;Centro Comunitario de Salud Familiar Europa;111780;3;0;3;0.0
Metropolitana de Santiago;Servicio de Salud Metropolitano Central;Maipú;Centro Comunitario de Salud Familiar Europa;111780;4;0;2;0.0
Metropolitana de Santiago;Servicio de Salud Metropolitano Central;Maipú;Centro Comunitario de Salud Familiar Europa;111780;5;0;1;0.0
Metropolitana de Santiago;Servicio de Salud Metropolitano Central;Maipú;Centro Comunitario de Salud Familiar Futramapu;111704;1;0;2;0.0
Metropolitana de Santiago;Servicio de Salud Metropolitano Central;Maipú;Centro Comunitario de Salud Familiar Futramapu;111704;2;0;1;0.0
Metropolitana de Santiago;Servicio de Salud Metropolitano Central;Maipú;Centro Comunitario de Salud Familiar Futramapu;111704;3;0;1;0.0
Metropolitana de Santiago;Servicio de Salud Metropolitano Central;Maipú;Centro Comunitario de Salud Familiar Futramapu;111704;4;0;1;0.0
Metropolitana de Santiago;Servicio de Salud Metropolitano Central;Maipú;Centro Comunitario de Salud Familiar Futramapu;111704;5;0;1;0.0
Metropolitana de Santiago;Servicio de Salud Metropolitano Central;Maipú;Centro Comunitario de Salud Familiar LUMEN;201129;1;0;7;0.0
Metropolitana de Santiago;Servicio de Salud Metropolitano Central;Maipú;Centro Comunitario de Salud Familiar LUMEN;201129;2;2;3;66.67
Metropolitana de Santiago;Servicio de Salud Metropolitano Central;Maipú;Centro Comunitario de Salud Familiar LUMEN;201129;3;0;4;0.0
Metropolitana de Santiago;Servicio de Salud Metropolitano Central;Maipú;Centro Comunitario de Salud Familiar LUMEN;201129;4;0;2;0.0
Metropolitana de Santiago;Servicio de Salud Metropolitano Central;Maipú;Centro Comunitario de Salud Familiar LUMEN;201129;5;1;3;33.33
Metropolitana de Santiago;Servicio de Salud Metropolitano Central;Maipú;Centro Comunitario de Salud Familiar LUMEN;201129;6;0;3;0.0
Metropolitana de Santiago;Servicio de Salud Metropolitano Central;Maipú;Centro Comunitario de Salud Familiar Lo Errázuriz;111783;1;0;1;0.0
Metropolitana de Santiago;Servicio de Salud Metropolitano Central;Maipú;Centro Comunitario de Salud Familiar Lo Errázuriz;111783;2;0;2;0.0
Metropolitana de Santiago;Servicio de Salud Metropolitano Central;Maipú;Centro Comunitario de Salud Familiar Lo Errázuriz;111783;3;0;5;0.0
Metropolitana de Santiago;Servicio de Salud Metropolitano Central;Maipú;Centro Comunitario de Salud Familiar Lo Errázuriz;111783;4;1;2;50.0
Metropolitana de Santiago;Servicio de Salud Metropolitano Central;Maipú;Centro Comunitario de Salud Familiar Lo Errázuriz;111783;5;1;2;50.0
Metropolitana de Santiago;Servicio de Salud Metropolitano Central;Maipú;Centro Comunitario de Salud Familiar Lo Errázuriz;111783;6;0;3;0.0
Metropolitana de Santiago;Servicio de Salud Metropolitano Central;Maipú;Centro Comunitario de Salud Familiar Los Bosquinos;200643;1;0;6;0.0
Metropolitana de Santiago;Servicio de Salud Metropolitano Central;Maipú;Centro Comunitario de Salud Familiar Los Bosquinos;200643;2;0;4;0.0
Metropolitana de Santiago;Servicio de Salud Metropolitano Central;Maipú;Centro Comunitario de Salud Familiar Los Bosquinos;200643;3;3;2;150.0
Metropolitana de Santiago;Servicio de Salud Metropolitano Central;Maipú;Centro Comunitario de Salud Familiar Los Bosquinos;200643;4;0;2;0.0
Metropolitana de Santiago;Servicio de Salud Metropolitano Central;Maipú;Centro Comunitario de Salud Familiar Los Bosquinos;200643;5;3;1;300.0
Metropolitana de Santiago;Servicio de Salud Metropolitano Central;Maipú;Centro Comunitario de Salud Familiar Los Bosquinos;200643;6;5;3;166.67
Metropolitana de Santiago;Servicio de Salud Metropolitano Central;Maipú;Centro Comunitario de Salud Familiar Rinconada de Maipú;111400;1;0;3;0.0
Metropolitana de Santiago;Servicio de Salud Metropolitano Central;Maipú;Centro Comunitario de Salud Familiar Rinconada de Maipú;111400;4;0;3;0.0
Metropolitana de Santiago;Servicio de Salud Metropolitano Central;Maipú;Centro Comunitario de Salud Familiar Rinconada de Maipú;111400;5;0;2;0.0
Metropolitana de Santiago;Servicio de Salud Metropolitano Central;Maipú;Centro Comunitario de Salud Familiar Rinconada de Maipú;111400;6;0;2;0.0
Metropolitana de Santiago;Servicio de Salud Metropolitano Central;Maipú;Centro de Salud Familiar Clotario Blest;111379;1;1;11;9.09
Metropolitana de Santiago;Servicio de Salud Metropolitano Central;Maipú;Centro de Salud Familiar Clotario Blest;111379;2;0;9;0.0
Metropolitana de Santiago;Servicio de Salud Metropolitano Central;Maipú;Centro de Salud Familiar Clotario Blest;111379;3;3;20;15.0
Metropolitana de Santiago;Servicio de Salud Metropolitano Central;Maipú;Centro de Salud Familiar Clotario Blest;111379;4;6;15;40.0
Metropolitana de Santiago;Servicio de Salud Metropolitano Central;Maipú;Centro de Salud Familiar Clotario Blest;111379;5;2;19;10.53
Metropolitana de Santiago;Servicio de Salud Metropolitano Central;Maipú;Centro de Salud Familiar Clotario Blest;111379;6;0;15;0.0
Metropolitana de Santiago;Servicio de Salud Metropolitano Central;Maipú;Centro de Salud Familiar Dr. Carlos Godoy;111380;1;0;22;0.0
Metropolitana de Santiago;Servicio de Salud Metropolitano Central;Maipú;Centro de Salud Familiar Dr. Carlos Godoy;111380;2;0;13;0.0
Metropolitana de Santiago;Servicio de Salud Metropolitano Central;Maipú;Centro de Salud Familiar Dr. Carlos Godoy;111380;3;0;24;0.0
Metropolitana de Santiago;Servicio de Salud Metropolitano Central;Maipú;Centro de Salud Familiar Dr. Carlos Godoy;111380;4;14;28;50.0
Metropolitana de Santiago;Servicio de Salud Metropolitano Central;Maipú;Centro de Salud Familiar Dr. Carlos Godoy;111380;5;9;26;34.62
Metropolitana de Santiago;Servicio de Salud Metropolitano Central;Maipú;Centro de Salud Familiar Dr. Carlos Godoy;111380;6;18;36;50.0
Metropolitana de Santiago;Servicio de Salud Metropolitano Central;Maipú;Centro de Salud Familiar Dr. Iván Insunza;111378;1;0;25;0.0
Metropolitana de Santiago;Servicio de Salud Metropolitano Central;Maipú;Centro de Salud Familiar Dr. Iván Insunza;111378;2;0;14;0.0
Metropolitana de Santiago;Servicio de Salud Metropolitano Central;Maipú;Centro de Salud Familiar Dr. Iván Insunza;111378;3;0;13;0.0
Metropolitana de Santiago;Servicio de Salud Metropolitano Central;Maipú;Centro de Salud Familiar Dr. Iván Insunza;111378;4;14;15;93.33
Metropolitana de Santiago;Servicio de Salud Metropolitano Central;Maipú;Centro de Salud Familiar Dr. Iván Insunza;111378;5;3;11;27.27
Metropolitana de Santiago;Servicio de Salud Metropolitano Central;Maipú;Centro de Salud Familiar Dr. Iván Insunza;111378;6;8;22;36.36
Metropolitana de Santiago;Servicio de Salud Metropolitano Central;Maipú;Centro de Salud Familiar Dr. José Eduardo Ahués Salame;111308;1;11;23;47.83
Metropolitana de Santiago;Servicio de Salud Metropolitano Central;Maipú;Centro de Salud Familiar Dr. José Eduardo Ahués Salame;111308;2;0;23;0.0
Metropolitana de Santiago;Servicio de Salud Metropolitano Central;Maipú;Centro de Salud Familiar Dr. José Eduardo Ahués Salame;111308;3;32;31;103.23
Metropolitana de Santiago;Servicio de Salud Metropolitano Central;Maipú;Centro de Salud Familiar Dr. José Eduardo Ahués Salame;111308;4;16;27;59.26
Metropolitana de Santiago;Servicio de Salud Metropolitano Central;Maipú;Centro de Salud Familiar Dr. José Eduardo Ahués Salame;111308;5;21;27;77.78
Metropolitana de Santiago;Servicio de Salud Metropolitano Central;Maipú;Centro de Salud Familiar Dr. José Eduardo Ahués Salame;111308;6;3;26;11.54
Metropolitana de Santiago;Servicio de Salud Metropolitano Central;Maipú;Centro de Salud Familiar Dr. Luis Ferrada;111383;1;2;22;9.09
Metropolitana de Santiago;Servicio de Salud Metropolitano Central;Maipú;Centro de Salud Familiar Dr. Luis Ferrada;111383;2;0;9;0.0
Metropolitana de Santiago;Servicio de Salud Metropolitano Central;Maipú;Centro de Salud Familiar Dr. Luis Ferrada;111383;3;4;13;30.77
Metropolitana de Santiago;Servicio de Salud Metropolitano Central;Maipú;Centro de Salud Familiar Dr. Luis Ferrada;111383;4;9;18;50.0
Metropolitana de Santiago;Servicio de Salud Metropolitano Central;Maipú;Centro de Salud Familiar Dr. Luis Ferrada;111383;5;1;12;8.33
Metropolitana de Santiago;Servicio de Salud Metropolitano Central;Maipú;Centro de Salud Familiar Dr. Luis Ferrada;111383;6;5;10;50.0
Metropolitana de Santiago;Servicio de Salud Metropolitano Central;Maipú;Centro de Salud Familiar Dra. Ana María Juricic;111309;1;0;34;0.0
Metropolitana de Santiago;Servicio de Salud Metropolitano Central;Maipú;Centro de Salud Familiar Dra. Ana María Juricic;111309;2;0;23;0.0
Metropolitana de Santiago;Servicio de Salud Metropolitano Central;Maipú;Centro de Salud Familiar Dra. Ana María Juricic;111309;3;0;36;0.0
Metropolitana de Santiago;Servicio de Salud Metropolitano Central;Maipú;Centro de Salud Familiar Dra. Ana María Juricic;111309;4;0;24;0.0
Metropolitana de Santiago;Servicio de Salud Metropolitano Central;Maipú;Centro de Salud Familiar Dra. Ana María Juricic;111309;5;0;31;0.0
Metropolitana de Santiago;Servicio de Salud Metropolitano Central;Maipú;Centro de Salud Familiar Dra. Ana María Juricic;111309;6;15;27;55.56
Metropolitana de Santiago;Servicio de Salud Metropolitano Central;Maipú;Centro de Salud Familiar Maipú;111304;1;18;31;58.06
Metropolitana de Santiago;Servicio de Salud Metropolitano Central;Maipú;Centro de Salud Familiar Maipú;111304;2;21;21;100.0
Metropolitana de Santiago;Servicio de Salud Metropolitano Central;Maipú;Centro de Salud Familiar Maipú;111304;3;24;17;141.18
Metropolitana de Santiago;Servicio de Salud Metropolitano Central;Maipú;Centro de Salud Familiar Maipú;111304;4;9;13;69.23
Metropolitana de Santiago;Servicio de Salud Metropolitano Central;Maipú;Centro de Salud Familiar Maipú;111304;5;7;20;35.0
Metropolitana de Santiago;Servicio de Salud Metropolitano Central;Maipú;Centro de Salud Familiar Maipú;111304;6;6;20;30.0
Metropolitana de Santiago;Servicio de Salud Metropolitano Central;Maipú;Centro de Salud Familiar Presidenta Michelle Bachelet;111382;1;5;16;31.25
Metropolitana de Santiago;Servicio de Salud Metropolitano Central;Maipú;Centro de Salud Familiar Presidenta Michelle Bachelet;111382;2;4;33;12.12
Metropolitana de Santiago;Servicio de Salud Metropolitano Central;Maipú;Centro de Salud Familiar Presidenta Michelle Bachelet;111382;3;11;30;36.67
Metropolitana de Santiago;Servicio de Salud Metropolitano Central;Maipú;Centro de Salud Familiar Presidenta Michelle Bachelet;111382;4;7;23;30.43
Metropolitana de Santiago;Servicio de Salud Metropolitano Central;Maipú;Centro de Salud Familiar Presidenta Michelle Bachelet;111382;5;12;27;44.44
Metropolitana de Santiago;Servicio de Salud Metropolitano Central;Maipú;Centro de Salud Familiar Presidenta Michelle Bachelet;111382;6;16;25;64.0
Metropolitana de Santiago;Servicio de Salud Metropolitano Central;Santiago;CESFAM Erasmo Escala;202233;2;6;11;54.55
Metropolitana de Santiago;Servicio de Salud Metropolitano Central;Santiago;CESFAM Erasmo Escala;202233;3;9;11;81.82
Metropolitana de Santiago;Servicio de Salud Metropolitano Central;Santiago;CESFAM Erasmo Escala;202233;4;15;17;88.24
Metropolitana de Santiago;Servicio de Salud Metropolitano Central;Santiago;CESFAM Erasmo Escala;202233;5;3;27;11.11
Metropolitana de Santiago;Servicio de Salud Metropolitano Central;Santiago;CESFAM Erasmo Escala;202233;6;10;23;43.48
Metropolitana de Santiago;Servicio de Salud Metropolitano Central;Santiago;Centro de Salud Familiar Arauco;111372;1;0;20;0.0
Metropolitana de Santiago;Servicio de Salud Metropolitano Central;Santiago;Centro de Salud Familiar Arauco;111372;2;0;19;0.0
Metropolitana de Santiago;Servicio de Salud Metropolitano Central;Santiago;Centro de Salud Familiar Arauco;111372;3;12;13;92.31
Metropolitana de Santiago;Servicio de Salud Metropolitano Central;Santiago;Centro de Salud Familiar Arauco;111372;4;12;19;63.16
Metropolitana de Santiago;Servicio de Salud Metropolitano Central;Santiago;Centro de Salud Familiar Arauco;111372;5;13;14;92.86
Metropolitana de Santiago;Servicio de Salud Metropolitano Central;Santiago;Centro de Salud Familiar Arauco;111372;6;12;18;66.67
Metropolitana de Santiago;Servicio de Salud Metropolitano Central;Santiago;Centro de Salud Familiar Ignacio Domeyko;111381;1;28;76;36.84
Metropolitana de Santiago;Servicio de Salud Metropolitano Central;Santiago;Centro de Salud Familiar Ignacio Domeyko;111381;2;21;41;51.22
Metropolitana de Santiago;Servicio de Salud Metropolitano Central;Santiago;Centro de Salud Familiar Ignacio Domeyko;111381;3;22;41;53.66
Metropolitana de Santiago;Servicio de Salud Metropolitano Central;Santiago;Centro de Salud Familiar Ignacio Domeyko;111381;4;24;56;42.86
Metropolitana de Santiago;Servicio de Salud Metropolitano Central;Santiago;Centro de Salud Familiar Ignacio Domeyko;111381;5;8;34;23.53
Metropolitana de Santiago;Servicio de Salud Metropolitano Central;Santiago;Centro de Salud Familiar Ignacio Domeyko;111381;6;44;53;83.02
Metropolitana de Santiago;Servicio de Salud Metropolitano Central;Santiago;Centro de Salud Familiar Matta Sur;111376;1;13;45;28.89
Metropolitana de Santiago;Servicio de Salud Metropolitano Central;Santiago;Centro de Salud Familiar Matta Sur;111376;2;21;30;70.0
Metropolitana de Santiago;Servicio de Salud Metropolitano Central;Santiago;Centro de Salud Familiar Matta Sur;111376;3;27;37;72.97
Metropolitana de Santiago;Servicio de Salud Metropolitano Central;Santiago;Centro de Salud Familiar Matta Sur;111376;4;33;36;91.67
Metropolitana de Santiago;Servicio de Salud Metropolitano Central;Santiago;Centro de Salud Familiar Matta Sur;111376;5;20;39;51.28
Metropolitana de Santiago;Servicio de Salud Metropolitano Central;Santiago;Centro de Salud Familiar Matta Sur;111376;6;26;36;72.22
Metropolitana de Santiago;Servicio de Salud Metropolitano Central;Santiago;Centro de Salud Familiar N° 1 Dr. Ramón Corbalán Melgarejo;111300;1;5;47;10.64
Metropolitana de Santiago;Servicio de Salud Metropolitano Central;Santiago;Centro de Salud Familiar N° 1 Dr. Ramón Corbalán Melgarejo;111300;2;13;42;30.95
Metropolitana de Santiago;Servicio de Salud Metropolitano Central;Santiago;Centro de Salud Familiar N° 1 Dr. Ramón Corbalán Melgarejo;111300;3;9;51;17.65
Metropolitana de Santiago;Servicio de Salud Metropolitano Central;Santiago;Centro de Salud Familiar N° 1 Dr. Ramón Corbalán Melgarejo;111300;4;9;53;16.98
Metropolitana de Santiago;Servicio de Salud Metropolitano Central;Santiago;Centro de Salud Familiar N° 1 Dr. Ramón Corbalán Melgarejo;111300;5;17;46;36.96
Metropolitana de Santiago;Servicio de Salud Metropolitano Central;Santiago;Centro de Salud Familiar N° 1 Dr. Ramón Corbalán Melgarejo;111300;6;11;53;20.75
Metropolitana de Santiago;Servicio de Salud Metropolitano Central;Santiago;Centro de Salud Familiar Nº 5;111301;1;0;37;0.0
Metropolitana de Santiago;Servicio de Salud Metropolitano Central;Santiago;Centro de Salud Familiar Nº 5;111301;2;1;26;3.85
Metropolitana de Santiago;Servicio de Salud Metropolitano Central;Santiago;Centro de Salud Familiar Nº 5;111301;3;1;34;2.94
Metropolitana de Santiago;Servicio de Salud Metropolitano Central;Santiago;Centro de Salud Familiar Nº 5;111301;4;12;31;38.71
Metropolitana de Santiago;Servicio de Salud Metropolitano Central;Santiago;Centro de Salud Familiar Nº 5;111301;5;21;25;84.0
Metropolitana de Santiago;Servicio de Salud Metropolitano Central;Santiago;Centro de Salud Familiar Nº 5;111301;6;12;23;52.17
Metropolitana de Santiago;Servicio de Salud Metropolitano Central;Santiago;Centro de Salud Familiar Padre Orellana;111370;1;10;56;17.86
Metropolitana de Santiago;Servicio de Salud Metropolitano Central;Santiago;Centro de Salud Familiar Padre Orellana;111370;2;22;47;46.81
Metropolitana de Santiago;Servicio de Salud Metropolitano Central;Santiago;Centro de Salud Familiar Padre Orellana;111370;3;26;44;59.09
Metropolitana de Santiago;Servicio de Salud Metropolitano Central;Santiago;Centro de Salud Familiar Padre Orellana;111370;4;20;54;37.04
Metropolitana de Santiago;Servicio de Salud Metropolitano Central;Santiago;Centro de Salud Familiar Padre Orellana;111370;5;26;19;136.84
Metropolitana de Santiago;Servicio de Salud Metropolitano Central;Santiago;Centro de Salud Familiar Padre Orellana;111370;6;22;48;45.83
Metropolitana de Santiago;Servicio de Salud Metropolitano Norte;Colina;CESFAM La Reina de Colina;201462;1;0;30;0.0
Metropolitana de Santiago;Servicio de Salud Metropolitano Norte;Colina;CESFAM La Reina de Colina;201462;2;0;24;0.0
Metropolitana de Santiago;Servicio de Salud Metropolitano Norte;Colina;CESFAM La Reina de Colina;201462;3;0;24;0.0
Metropolitana de Santiago;Servicio de Salud Metropolitano Norte;Colina;CESFAM La Reina de Colina;201462;4;5;30;16.67
Metropolitana de Santiago;Servicio de Salud Metropolitano Norte;Colina;CESFAM La Reina de Colina;201462;5;80;27;296.3
Metropolitana de Santiago;Servicio de Salud Metropolitano Norte;Colina;CESFAM La Reina de Colina;201462;6;12;33;36.36
Metropolitana de Santiago;Servicio de Salud Metropolitano Norte;Colina;Centro Comunitario de Salud Familiar Esmeralda;109716;1;0;2;0.0
Metropolitana de Santiago;Servicio de Salud Metropolitano Norte;Colina;Centro Comunitario de Salud Familiar Esmeralda;109716;2;0;7;0.0
Metropolitana de Santiago;Servicio de Salud Metropolitano Norte;Colina;Centro Comunitario de Salud Familiar Esmeralda;109716;3;0;3;0.0
Metropolitana de Santiago;Servicio de Salud Metropolitano Norte;Colina;Centro Comunitario de Salud Familiar Esmeralda;109716;4;0;2;0.0
Metropolitana de Santiago;Servicio de Salud Metropolitano Norte;Colina;Centro Comunitario de Salud Familiar Esmeralda;109716;5;4;2;200.0
Metropolitana de Santiago;Servicio de Salud Metropolitano Norte;Colina;Centro Comunitario de Salud Familiar Esmeralda;109716;6;0;1;0.0
Metropolitana de Santiago;Servicio de Salud Metropolitano Norte;Colina;Centro de Salud Familiar Colina;109310;1;16;22;72.73
Metropolitana de Santiago;Servicio de Salud Metropolitano Norte;Colina;Centro de Salud Familiar Colina;109310;2;14;35;40.0
Metropolitana de Santiago;Servicio de Salud Metropolitano Norte;Colina;Centro de Salud Familiar Colina;109310;3;35;42;83.33
Metropolitana de Santiago;Servicio de Salud Metropolitano Norte;Colina;Centro de Salud Familiar Colina;109310;4;48;27;177.78
Metropolitana de Santiago;Servicio de Salud Metropolitano Norte;Colina;Centro de Salud Familiar Colina;109310;5;24;29;82.76
Metropolitana de Santiago;Servicio de Salud Metropolitano Norte;Colina;Centro de Salud Familiar Colina;109310;6;26;25;104.0
Metropolitana de Santiago;Servicio de Salud Metropolitano Norte;Colina;Centro de Salud Familiar Esmeralda;109316;1;32;29;110.34
Metropolitana de Santiago;Servicio de Salud Metropolitano Norte;Colina;Centro de Salud Familiar Esmeralda;109316;2;24;30;80.0
Metropolitana de Santiago;Servicio de Salud Metropolitano Norte;Colina;Centro de Salud Familiar Esmeralda;109316;3;22;28;78.57
Metropolitana de Santiago;Servicio de Salud Metropolitano Norte;Colina;Centro de Salud Familiar Esmeralda;109316;4;18;26;69.23
Metropolitana de Santiago;Servicio de Salud Metropolitano Norte;Colina;Centro de Salud Familiar Esmeralda;109316;5;18;27;66.67
Metropolitana de Santiago;Servicio de Salud Metropolitano Norte;Colina;Centro de Salud Familiar Esmeralda;109316;6;34;20;170.0
Metropolitana de Santiago;Servicio de Salud Metropolitano Norte;Colina;Posta de Salud Rural Chacabuco (Colina);109420;1;0;1;0.0
Metropolitana de Santiago;Servicio de Salud Metropolitano Norte;Colina;Posta de Salud Rural Chacabuco (Colina);109420;6;0;1;0.0
Metropolitana de Santiago;Servicio de Salud Metropolitano Norte;Colina;Posta de Salud Rural Colorado;109416;4;0;1;0.0
Metropolitana de Santiago;Servicio de Salud Metropolitano Norte;Colina;Posta de Salud Rural Las Canteras;109418;4;0;1;0.0
Metropolitana de Santiago;Servicio de Salud Metropolitano Norte;Colina;Posta de Salud Rural Las Canteras;109418;6;0;1;0.0
Metropolitana de Santiago;Servicio de Salud Metropolitano Norte;Colina;Posta de Salud Rural Los Ingleses;109417;1;0;1;0.0
Metropolitana de Santiago;Servicio de Salud Metropolitano Norte;Colina;Posta de Salud Rural Los Ingleses;109417;2;0;1;0.0
Metropolitana de Santiago;Servicio de Salud Metropolitano Norte;Colina;Posta de Salud Rural Los Ingleses;109417;3;0;1;0.0
Metropolitana de Santiago;Servicio de Salud Metropolitano Norte;Colina;Posta de Salud Rural Los Ingleses;109417;6;0;1;0.0
Metropolitana de Santiago;Servicio de Salud Metropolitano Norte;Colina;Posta de Salud Rural Santa Marta de Liray;109419;5;0;1;0.0
Metropolitana de Santiago;Servicio de Salud Metropolitano Norte;Conchalí;Centro Comunitario de Salud Familiar Alberto Bachelet;200347;1;0;2;0.0
Metropolitana de Santiago;Servicio de Salud Metropolitano Norte;Conchalí;Centro Comunitario de Salud Familiar Alberto Bachelet;200347;2;0;2;0.0
Metropolitana de Santiago;Servicio de Salud Metropolitano Norte;Conchalí;Centro Comunitario de Salud Familiar Alberto Bachelet;200347;3;2;6;33.33
Metropolitana de Santiago;Servicio de Salud Metropolitano Norte;Conchalí;Centro Comunitario de Salud Familiar Alberto Bachelet;200347;4;0;1;0.0
Metropolitana de Santiago;Servicio de Salud Metropolitano Norte;Conchalí;Centro Comunitario de Salud Familiar Alberto Bachelet;200347;5;0;6;0.0
Metropolitana de Santiago;Servicio de Salud Metropolitano Norte;Conchalí;Centro Comunitario de Salud Familiar Alberto Bachelet;200347;6;0;4;0.0
Metropolitana de Santiago;Servicio de Salud Metropolitano Norte;Conchalí;Centro Comunitario de Salud Familiar Dr. José Symón Ojeda;109709;1;0;7;0.0
Metropolitana de Santiago;Servicio de Salud Metropolitano Norte;Conchalí;Centro Comunitario de Salud Familiar Dr. José Symón Ojeda;109709;2;0;5;0.0
Metropolitana de Santiago;Servicio de Salud Metropolitano Norte;Conchalí;Centro Comunitario de Salud Familiar Dr. José Symón Ojeda;109709;3;5;10;50.0
Metropolitana de Santiago;Servicio de Salud Metropolitano Norte;Conchalí;Centro Comunitario de Salud Familiar Dr. José Symón Ojeda;109709;4;5;7;71.43
Metropolitana de Santiago;Servicio de Salud Metropolitano Norte;Conchalí;Centro Comunitario de Salud Familiar Dr. José Symón Ojeda;109709;5;5;6;83.33
Metropolitana de Santiago;Servicio de Salud Metropolitano Norte;Conchalí;Centro Comunitario de Salud Familiar Dr. José Symón Ojeda;109709;6;0;7;0.0
Metropolitana de Santiago;Servicio de Salud Metropolitano Norte;Conchalí;Centro Comunitario de Salud Familiar Dr. Lucas Sierra;200609;1;0;4;0.0
Metropolitana de Santiago;Servicio de Salud Metropolitano Norte;Conchalí;Centro Comunitario de Salud Familiar Dr. Lucas Sierra;200609;2;0;3;0.0
Metropolitana de Santiago;Servicio de Salud Metropolitano Norte;Conchalí;Centro Comunitario de Salud Familiar Dr. Lucas Sierra;200609;3;0;6;0.0
Metropolitana de Santiago;Servicio de Salud Metropolitano Norte;Conchalí;Centro Comunitario de Salud Familiar Dr. Lucas Sierra;200609;4;0;2;0.0
Metropolitana de Santiago;Servicio de Salud Metropolitano Norte;Conchalí;Centro Comunitario de Salud Familiar Dr. Lucas Sierra;200609;5;0;1;0.0
Metropolitana de Santiago;Servicio de Salud Metropolitano Norte;Conchalí;Centro Comunitario de Salud Familiar Dr. Lucas Sierra;200609;6;0;3;0.0
Metropolitana de Santiago;Servicio de Salud Metropolitano Norte;Conchalí;Centro de Salud Familiar Alberto Bachelet Martínez;109308;1;3;12;25.0
Metropolitana de Santiago;Servicio de Salud Metropolitano Norte;Conchalí;Centro de Salud Familiar Alberto Bachelet Martínez;109308;2;1;16;6.25
Metropolitana de Santiago;Servicio de Salud Metropolitano Norte;Conchalí;Centro de Salud Familiar Alberto Bachelet Martínez;109308;3;9;12;75.0
Metropolitana de Santiago;Servicio de Salud Metropolitano Norte;Conchalí;Centro de Salud Familiar Alberto Bachelet Martínez;109308;4;11;13;84.62
Metropolitana de Santiago;Servicio de Salud Metropolitano Norte;Conchalí;Centro de Salud Familiar Alberto Bachelet Martínez;109308;5;12;8;150.0
Metropolitana de Santiago;Servicio de Salud Metropolitano Norte;Conchalí;Centro de Salud Familiar Alberto Bachelet Martínez;109308;6;11;16;68.75
Metropolitana de Santiago;Servicio de Salud Metropolitano Norte;Conchalí;Centro de Salud Familiar José Symon Ojeda;109309;1;0;10;0.0
Metropolitana de Santiago;Servicio de Salud Metropolitano Norte;Conchalí;Centro de Salud Familiar José Symon Ojeda;109309;2;5;5;100.0
Metropolitana de Santiago;Servicio de Salud Metropolitano Norte;Conchalí;Centro de Salud Familiar José Symon Ojeda;109309;3;8;15;53.33
Metropolitana de Santiago;Servicio de Salud Metropolitano Norte;Conchalí;Centro de Salud Familiar José Symon Ojeda;109309;4;2;5;40.0
Metropolitana de Santiago;Servicio de Salud Metropolitano Norte;Conchalí;Centro de Salud Familiar José Symon Ojeda;109309;5;10;12;83.33
Metropolitana de Santiago;Servicio de Salud Metropolitano Norte;Conchalí;Centro de Salud Familiar José Symon Ojeda;109309;6;0;11;0.0
Metropolitana de Santiago;Servicio de Salud Metropolitano Norte;Conchalí;Centro de Salud Familiar Juanita Aguirre;109314;1;10;16;62.5
Metropolitana de Santiago;Servicio de Salud Metropolitano Norte;Conchalí;Centro de Salud Familiar Juanita Aguirre;109314;2;11;9;122.22
Metropolitana de Santiago;Servicio de Salud Metropolitano Norte;Conchalí;Centro de Salud Familiar Juanita Aguirre;109314;3;12;15;80.0
Metropolitana de Santiago;Servicio de Salud Metropolitano Norte;Conchalí;Centro de Salud Familiar Juanita Aguirre;109314;4;12;12;100.0
Metropolitana de Santiago;Servicio de Salud Metropolitano Norte;Conchalí;Centro de Salud Familiar Juanita Aguirre;109314;5;11;12;91.67
Metropolitana de Santiago;Servicio de Salud Metropolitano Norte;Conchalí;Centro de Salud Familiar Juanita Aguirre;109314;6;5;20;25.0
Metropolitana de Santiago;Servicio de Salud Metropolitano Norte;Conchalí;Centro de Salud Familiar Lucas Sierra;109302;1;0;21;0.0
Metropolitana de Santiago;Servicio de Salud Metropolitano Norte;Conchalí;Centro de Salud Familiar Lucas Sierra;109302;2;10;14;71.43
Metropolitana de Santiago;Servicio de Salud Metropolitano Norte;Conchalí;Centro de Salud Familiar Lucas Sierra;109302;3;0;17;0.0
Metropolitana de Santiago;Servicio de Salud Metropolitano Norte;Conchalí;Centro de Salud Familiar Lucas Sierra;109302;4;4;13;30.77
Metropolitana de Santiago;Servicio de Salud Metropolitano Norte;Conchalí;Centro de Salud Familiar Lucas Sierra;109302;5;7;12;58.33
Metropolitana de Santiago;Servicio de Salud Metropolitano Norte;Conchalí;Centro de Salud Familiar Lucas Sierra;109302;6;4;10;40.0
Metropolitana de Santiago;Servicio de Salud Metropolitano Norte;Huechuraba;Centro Comunitario de Salud Familiar Los Libertadores;109718;1;3;2;150.0
Metropolitana de Santiago;Servicio de Salud Metropolitano Norte;Huechuraba;Centro Comunitario de Salud Familiar Los Libertadores;109718;2;1;2;50.0
Metropolitana de Santiago;Servicio de Salud Metropolitano Norte;Huechuraba;Centro Comunitario de Salud Familiar Los Libertadores;109718;3;2;5;40.0
Metropolitana de Santiago;Servicio de Salud Metropolitano Norte;Huechuraba;Centro Comunitario de Salud Familiar Los Libertadores;109718;4;0;5;0.0
Metropolitana de Santiago;Servicio de Salud Metropolitano Norte;Huechuraba;Centro Comunitario de Salud Familiar Los Libertadores;109718;5;6;2;300.0
Metropolitana de Santiago;Servicio de Salud Metropolitano Norte;Huechuraba;Centro Comunitario de Salud Familiar Los Libertadores;109718;6;6;2;300.0
Metropolitana de Santiago;Servicio de Salud Metropolitano Norte;Huechuraba;Centro de Salud Familiar Dr. Salvador Allende Gossens;109323;1;0;17;0.0
Metropolitana de Santiago;Servicio de Salud Metropolitano Norte;Huechuraba;Centro de Salud Familiar Dr. Salvador Allende Gossens;109323;2;1;13;7.69
Metropolitana de Santiago;Servicio de Salud Metropolitano Norte;Huechuraba;Centro de Salud Familiar Dr. Salvador Allende Gossens;109323;3;5;8;62.5
Metropolitana de Santiago;Servicio de Salud Metropolitano Norte;Huechuraba;Centro de Salud Familiar Dr. Salvador Allende Gossens;109323;4;10;12;83.33
Metropolitana de Santiago;Servicio de Salud Metropolitano Norte;Huechuraba;Centro de Salud Familiar Dr. Salvador Allende Gossens;109323;5;2;7;28.57
Metropolitana de Santiago;Servicio de Salud Metropolitano Norte;Huechuraba;Centro de Salud Familiar Dr. Salvador Allende Gossens;109323;6;2;15;13.33
Metropolitana de Santiago;Servicio de Salud Metropolitano Norte;Huechuraba;Centro de Salud Familiar Dr. Victor Castro Wiren;200961;1;0;5;0.0
Metropolitana de Santiago;Servicio de Salud Metropolitano Norte;Huechuraba;Centro de Salud Familiar Dr. Victor Castro Wiren;200961;2;3;7;42.86
Metropolitana de Santiago;Servicio de Salud Metropolitano Norte;Huechuraba;Centro de Salud Familiar Dr. Victor Castro Wiren;200961;3;3;7;42.86
Metropolitana de Santiago;Servicio de Salud Metropolitano Norte;Huechuraba;Centro de Salud Familiar Dr. Victor Castro Wiren;200961;4;0;6;0.0
Metropolitana de Santiago;Servicio de Salud Metropolitano Norte;Huechuraba;Centro de Salud Familiar Dr. Victor Castro Wiren;200961;5;5;2;250.0
Metropolitana de Santiago;Servicio de Salud Metropolitano Norte;Huechuraba;Centro de Salud Familiar Dr. Victor Castro Wiren;200961;6;7;6;116.67
Metropolitana de Santiago;Servicio de Salud Metropolitano Norte;Huechuraba;Centro de Salud Familiar El Barrero;109317;1;12;16;75.0
Metropolitana de Santiago;Servicio de Salud Metropolitano Norte;Huechuraba;Centro de Salud Familiar El Barrero;109317;2;9;8;112.5
Metropolitana de Santiago;Servicio de Salud Metropolitano Norte;Huechuraba;Centro de Salud Familiar El Barrero;109317;3;12;17;70.59
Metropolitana de Santiago;Servicio de Salud Metropolitano Norte;Huechuraba;Centro de Salud Familiar El Barrero;109317;4;9;7;128.57
Metropolitana de Santiago;Servicio de Salud Metropolitano Norte;Huechuraba;Centro de Salud Familiar El Barrero;109317;5;8;8;100.0
Metropolitana de Santiago;Servicio de Salud Metropolitano Norte;Huechuraba;Centro de Salud Familiar El Barrero;109317;6;2;11;18.18
Metropolitana de Santiago;Servicio de Salud Metropolitano Norte;Huechuraba;Centro de Salud Familiar La Pincoya;109305;1;5;17;29.41
Metropolitana de Santiago;Servicio de Salud Metropolitano Norte;Huechuraba;Centro de Salud Familiar La Pincoya;109305;2;0;13;0.0
Metropolitana de Santiago;Servicio de Salud Metropolitano Norte;Huechuraba;Centro de Salud Familiar La Pincoya;109305;3;5;16;31.25
Metropolitana de Santiago;Servicio de Salud Metropolitano Norte;Huechuraba;Centro de Salud Familiar La Pincoya;109305;4;6;16;37.5
Metropolitana de Santiago;Servicio de Salud Metropolitano Norte;Huechuraba;Centro de Salud Familiar La Pincoya;109305;5;13;13;100.0
Metropolitana de Santiago;Servicio de Salud Metropolitano Norte;Huechuraba;Centro de Salud Familiar La Pincoya;109305;6;7;10;70.0
Metropolitana de Santiago;Servicio de Salud Metropolitano Norte;Independencia;Centro Comunitario de Salud Familiar Las Enredaderas;200554;1;3;4;75.0
Metropolitana de Santiago;Servicio de Salud Metropolitano Norte;Independencia;Centro Comunitario de Salud Familiar Las Enredaderas;200554;2;0;4;0.0
Metropolitana de Santiago;Servicio de Salud Metropolitano Norte;Independencia;Centro Comunitario de Salud Familiar Las Enredaderas;200554;3;2;5;40.0
Metropolitana de Santiago;Servicio de Salud Metropolitano Norte;Independencia;Centro Comunitario de Salud Familiar Las Enredaderas;200554;4;0;11;0.0
Metropolitana de Santiago;Servicio de Salud Metropolitano Norte;Independencia;Centro Comunitario de Salud Familiar Las Enredaderas;200554;5;2;4;50.0
Metropolitana de Santiago;Servicio de Salud Metropolitano Norte;Independencia;Centro Comunitario de Salud Familiar Las Enredaderas;200554;6;0;7;0.0
Metropolitana de Santiago;Servicio de Salud Metropolitano Norte;Independencia;Centro de Salud Familiar Agustín Cruz Melo;109300;1;0;74;0.0
Metropolitana de Santiago;Servicio de Salud Metropolitano Norte;Independencia;Centro de Salud Familiar Agustín Cruz Melo;109300;2;32;46;69.57
Metropolitana de Santiago;Servicio de Salud Metropolitano Norte;Independencia;Centro de Salud Familiar Agustín Cruz Melo;109300;3;29;67;43.28
Metropolitana de Santiago;Servicio de Salud Metropolitano Norte;Independencia;Centro de Salud Familiar Agustín Cruz Melo;109300;4;36;63;57.14
Metropolitana de Santiago;Servicio de Salud Metropolitano Norte;Independencia;Centro de Salud Familiar Agustín Cruz Melo;109300;5;26;45;57.78
Metropolitana de Santiago;Servicio de Salud Metropolitano Norte;Independencia;Centro de Salud Familiar Agustín Cruz Melo;109300;6;29;67;43.28
Metropolitana de Santiago;Servicio de Salud Metropolitano Norte;Independencia;Centro de Salud Familiar Juan Antonio Ríos;109321;1;12;30;40.0
Metropolitana de Santiago;Servicio de Salud Metropolitano Norte;Independencia;Centro de Salud Familiar Juan Antonio Ríos;109321;2;0;19;0.0
Metropolitana de Santiago;Servicio de Salud Metropolitano Norte;Independencia;Centro de Salud Familiar Juan Antonio Ríos;109321;3;11;19;57.89
Metropolitana de Santiago;Servicio de Salud Metropolitano Norte;Independencia;Centro de Salud Familiar Juan Antonio Ríos;109321;4;12;21;57.14
Metropolitana de Santiago;Servicio de Salud Metropolitano Norte;Independencia;Centro de Salud Familiar Juan Antonio Ríos;109321;5;11;17;64.71
Metropolitana de Santiago;Servicio de Salud Metropolitano Norte;Independencia;Centro de Salud Familiar Juan Antonio Ríos;109321;6;11;20;55.0
Metropolitana de Santiago;Servicio de Salud Metropolitano Norte;Lampa;Centro Comunitario de Salud Familiar Batuco;109712;1;8;7;114.29
Metropolitana de Santiago;Servicio de Salud Metropolitano Norte;Lampa;Centro Comunitario de Salud Familiar Batuco;109712;2;0;5;0.0
Metropolitana de Santiago;Servicio de Salud Metropolitano Norte;Lampa;Centro Comunitario de Salud Familiar Batuco;109712;3;7;7;100.0
Metropolitana de Santiago;Servicio de Salud Metropolitano Norte;Lampa;Centro Comunitario de Salud Familiar Batuco;109712;4;6;4;150.0
Metropolitana de Santiago;Servicio de Salud Metropolitano Norte;Lampa;Centro Comunitario de Salud Familiar Batuco;109712;5;2;7;28.57
Metropolitana de Santiago;Servicio de Salud Metropolitano Norte;Lampa;Centro Comunitario de Salud Familiar Batuco;109712;6;0;9;0.0
Metropolitana de Santiago;Servicio de Salud Metropolitano Norte;Lampa;Centro Comunitario de Salud Familiar Sol de Septiembre;109711;1;0;15;0.0
Metropolitana de Santiago;Servicio de Salud Metropolitano Norte;Lampa;Centro Comunitario de Salud Familiar Sol de Septiembre;109711;2;0;6;0.0
Metropolitana de Santiago;Servicio de Salud Metropolitano Norte;Lampa;Centro Comunitario de Salud Familiar Sol de Septiembre;109711;3;0;12;0.0
Metropolitana de Santiago;Servicio de Salud Metropolitano Norte;Lampa;Centro Comunitario de Salud Familiar Sol de Septiembre;109711;4;15;8;187.5
Metropolitana de Santiago;Servicio de Salud Metropolitano Norte;Lampa;Centro Comunitario de Salud Familiar Sol de Septiembre;109711;5;3;9;33.33
Metropolitana de Santiago;Servicio de Salud Metropolitano Norte;Lampa;Centro Comunitario de Salud Familiar Sol de Septiembre;109711;6;12;8;150.0
Metropolitana de Santiago;Servicio de Salud Metropolitano Norte;Lampa;Centro de Salud Familiar Batuco;109312;1;19;14;135.71
Metropolitana de Santiago;Servicio de Salud Metropolitano Norte;Lampa;Centro de Salud Familiar Batuco;109312;2;0;13;0.0
Metropolitana de Santiago;Servicio de Salud Metropolitano Norte;Lampa;Centro de Salud Familiar Batuco;109312;3;1;18;5.56
Metropolitana de Santiago;Servicio de Salud Metropolitano Norte;Lampa;Centro de Salud Familiar Batuco;109312;4;10;12;83.33
Metropolitana de Santiago;Servicio de Salud Metropolitano Norte;Lampa;Centro de Salud Familiar Batuco;109312;5;0;13;0.0
Metropolitana de Santiago;Servicio de Salud Metropolitano Norte;Lampa;Centro de Salud Familiar Batuco;109312;6;0;19;0.0
Metropolitana de Santiago;Servicio de Salud Metropolitano Norte;Lampa;Centro de Salud Familiar José Bauza Frau;109311;1;35;46;76.09
Metropolitana de Santiago;Servicio de Salud Metropolitano Norte;Lampa;Centro de Salud Familiar José Bauza Frau;109311;2;41;35;117.14
Metropolitana de Santiago;Servicio de Salud Metropolitano Norte;Lampa;Centro de Salud Familiar José Bauza Frau;109311;3;75;43;174.42
Metropolitana de Santiago;Servicio de Salud Metropolitano Norte;Lampa;Centro de Salud Familiar José Bauza Frau;109311;4;23;36;63.89
Metropolitana de Santiago;Servicio de Salud Metropolitano Norte;Lampa;Centro de Salud Familiar José Bauza Frau;109311;5;49;30;163.33
Metropolitana de Santiago;Servicio de Salud Metropolitano Norte;Lampa;Centro de Salud Familiar José Bauza Frau;109311;6;57;38;150.0
Metropolitana de Santiago;Servicio de Salud Metropolitano Norte;Lampa;Centro de Salud Familiar Juan Pablo II de Lampa;201212;1;6;11;54.55
Metropolitana de Santiago;Servicio de Salud Metropolitano Norte;Lampa;Centro de Salud Familiar Juan Pablo II de Lampa;201212;2;3;4;75.0
Metropolitana de Santiago;Servicio de Salud Metropolitano Norte;Lampa;Centro de Salud Familiar Juan Pablo II de Lampa;201212;3;5;11;45.45
Metropolitana de Santiago;Servicio de Salud Metropolitano Norte;Lampa;Centro de Salud Familiar Juan Pablo II de Lampa;201212;4;3;6;50.0
Metropolitana de Santiago;Servicio de Salud Metropolitano Norte;Lampa;Centro de Salud Familiar Juan Pablo II de Lampa;201212;5;2;9;22.22
Metropolitana de Santiago;Servicio de Salud Metropolitano Norte;Lampa;Centro de Salud Familiar Juan Pablo II de Lampa;201212;6;8;16;50.0
Metropolitana de Santiago;Servicio de Salud Metropolitano Norte;Quilicura;Centro Comunitario de Salud Familiar Beato Padre Hurtado;200304;1;0;3;0.0
Metropolitana de Santiago;Servicio de Salud Metropolitano Norte;Quilicura;Centro Comunitario de Salud Familiar Beato Padre Hurtado;200304;2;0;6;0.0
Metropolitana de Santiago;Servicio de Salud Metropolitano Norte;Quilicura;Centro Comunitario de Salud Familiar Beato Padre Hurtado;200304;3;0;4;0.0
Metropolitana de Santiago;Servicio de Salud Metropolitano Norte;Quilicura;Centro Comunitario de Salud Familiar Beato Padre Hurtado;200304;4;0;5;0.0
Metropolitana de Santiago;Servicio de Salud Metropolitano Norte;Quilicura;Centro Comunitario de Salud Familiar Beato Padre Hurtado;200304;5;0;3;0.0
Metropolitana de Santiago;Servicio de Salud Metropolitano Norte;Quilicura;Centro Comunitario de Salud Familiar Beato Padre Hurtado;200304;6;0;1;0.0
Metropolitana de Santiago;Servicio de Salud Metropolitano Norte;Quilicura;Centro Comunitario de Salud Familiar La Foresta;109713;1;1;3;33.33
Metropolitana de Santiago;Servicio de Salud Metropolitano Norte;Quilicura;Centro Comunitario de Salud Familiar La Foresta;109713;4;0;3;0.0
Metropolitana de Santiago;Servicio de Salud Metropolitano Norte;Quilicura;Centro Comunitario de Salud Familiar La Foresta;109713;5;0;1;0.0
Metropolitana de Santiago;Servicio de Salud Metropolitano Norte;Quilicura;Centro Comunitario de Salud Familiar La Foresta;109713;6;0;4;0.0
Metropolitana de Santiago;Servicio de Salud Metropolitano Norte;Quilicura;Centro Comunitario de Salud Familiar Pucara de Lasana;109715;1;0;6;0.0
Metropolitana de Santiago;Servicio de Salud Metropolitano Norte;Quilicura;Centro Comunitario de Salud Familiar Pucara de Lasana;109715;2;0;4;0.0
Metropolitana de Santiago;Servicio de Salud Metropolitano Norte;Quilicura;Centro Comunitario de Salud Familiar Pucara de Lasana;109715;3;0;5;0.0
Metropolitana de Santiago;Servicio de Salud Metropolitano Norte;Quilicura;Centro Comunitario de Salud Familiar Pucara de Lasana;109715;4;0;3;0.0
Metropolitana de Santiago;Servicio de Salud Metropolitano Norte;Quilicura;Centro Comunitario de Salud Familiar Pucara de Lasana;109715;5;0;1;0.0
Metropolitana de Santiago;Servicio de Salud Metropolitano Norte;Quilicura;Centro Comunitario de Salud Familiar Pucara de Lasana;109715;6;0;4;0.0
Metropolitana de Santiago;Servicio de Salud Metropolitano Norte;Quilicura;Centro de Salud Familiar Irene Frei de Cid;109313;1;28;46;60.87
Metropolitana de Santiago;Servicio de Salud Metropolitano Norte;Quilicura;Centro de Salud Familiar Irene Frei de Cid;109313;2;0;26;0.0
Metropolitana de Santiago;Servicio de Salud Metropolitano Norte;Quilicura;Centro de Salud Familiar Irene Frei de Cid;109313;3;52;33;157.58
Metropolitana de Santiago;Servicio de Salud Metropolitano Norte;Quilicura;Centro de Salud Familiar Irene Frei de Cid;109313;4;34;30;113.33
Metropolitana de Santiago;Servicio de Salud Metropolitano Norte;Quilicura;Centro de Salud Familiar Irene Frei de Cid;109313;5;22;16;137.5
Metropolitana de Santiago;Servicio de Salud Metropolitano Norte;Quilicura;Centro de Salud Familiar Irene Frei de Cid;109313;6;61;33;184.85
Metropolitana de Santiago;Servicio de Salud Metropolitano Norte;Quilicura;Centro de Salud Familiar Manuel Bustos Huerta;109315;1;3;17;17.65
Metropolitana de Santiago;Servicio de Salud Metropolitano Norte;Quilicura;Centro de Salud Familiar Manuel Bustos Huerta;109315;2;0;22;0.0
Metropolitana de Santiago;Servicio de Salud Metropolitano Norte;Quilicura;Centro de Salud Familiar Manuel Bustos Huerta;109315;3;30;29;103.45
Metropolitana de Santiago;Servicio de Salud Metropolitano Norte;Quilicura;Centro de Salud Familiar Manuel Bustos Huerta;109315;4;4;27;14.81
Metropolitana de Santiago;Servicio de Salud Metropolitano Norte;Quilicura;Centro de Salud Familiar Manuel Bustos Huerta;109315;5;18;26;69.23
Metropolitana de Santiago;Servicio de Salud Metropolitano Norte;Quilicura;Centro de Salud Familiar Manuel Bustos Huerta;109315;6;12;16;75.0
Metropolitana de Santiago;Servicio de Salud Metropolitano Norte;Quilicura;Centro de Salud Familiar Marta Ugarte Román;201091;1;6;39;15.38
Metropolitana de Santiago;Servicio de Salud Metropolitano Norte;Quilicura;Centro de Salud Familiar Marta Ugarte Román;201091;2;0;36;0.0
Metropolitana de Santiago;Servicio de Salud Metropolitano Norte;Quilicura;Centro de Salud Familiar Marta Ugarte Román;201091;3;0;25;0.0
Metropolitana de Santiago;Servicio de Salud Metropolitano Norte;Quilicura;Centro de Salud Familiar Marta Ugarte Román;201091;4;17;35;48.57
Metropolitana de Santiago;Servicio de Salud Metropolitano Norte;Quilicura;Centro de Salud Familiar Marta Ugarte Román;201091;5;6;32;18.75
Metropolitana de Santiago;Servicio de Salud Metropolitano Norte;Quilicura;Centro de Salud Familiar Marta Ugarte Román;201091;6;0;26;0.0
Metropolitana de Santiago;Servicio de Salud Metropolitano Norte;Quilicura;Centro de Salud Familiar Presidente Salvador Allende Gossens;109324;1;7;40;17.5
Metropolitana de Santiago;Servicio de Salud Metropolitano Norte;Quilicura;Centro de Salud Familiar Presidente Salvador Allende Gossens;109324;2;0;32;0.0
Metropolitana de Santiago;Servicio de Salud Metropolitano Norte;Quilicura;Centro de Salud Familiar Presidente Salvador Allende Gossens;109324;3;0;29;0.0
Metropolitana de Santiago;Servicio de Salud Metropolitano Norte;Quilicura;Centro de Salud Familiar Presidente Salvador Allende Gossens;109324;4;0;28;0.0
Metropolitana de Santiago;Servicio de Salud Metropolitano Norte;Quilicura;Centro de Salud Familiar Presidente Salvador Allende Gossens;109324;5;1;21;4.76
Metropolitana de Santiago;Servicio de Salud Metropolitano Norte;Quilicura;Centro de Salud Familiar Presidente Salvador Allende Gossens;109324;6;9;36;25.0
Metropolitana de Santiago;Servicio de Salud Metropolitano Norte;Recoleta;Centro de Salud Familiar Cristo Vive (ONG);109390;1;4;9;44.44
Metropolitana de Santiago;Servicio de Salud Metropolitano Norte;Recoleta;Centro de Salud Familiar Cristo Vive (ONG);109390;2;12;16;75.0
Metropolitana de Santiago;Servicio de Salud Metropolitano Norte;Recoleta;Centro de Salud Familiar Cristo Vive (ONG);109390;3;3;17;17.65
Metropolitana de Santiago;Servicio de Salud Metropolitano Norte;Recoleta;Centro de Salud Familiar Cristo Vive (ONG);109390;4;9;19;47.37
Metropolitana de Santiago;Servicio de Salud Metropolitano Norte;Recoleta;Centro de Salud Familiar Cristo Vive (ONG);109390;5;4;24;16.67
Metropolitana de Santiago;Servicio de Salud Metropolitano Norte;Recoleta;Centro de Salud Familiar Cristo Vive (ONG);109390;6;11;23;47.83
Metropolitana de Santiago;Servicio de Salud Metropolitano Norte;Recoleta;Centro de Salud Familiar Dr. Juan Petrinovic (Ex Scroggie);109307;1;0;11;0.0
Metropolitana de Santiago;Servicio de Salud Metropolitano Norte;Recoleta;Centro de Salud Familiar Dr. Juan Petrinovic (Ex Scroggie);109307;2;0;20;0.0
Metropolitana de Santiago;Servicio de Salud Metropolitano Norte;Recoleta;Centro de Salud Familiar Dr. Juan Petrinovic (Ex Scroggie);109307;3;0;13;0.0
Metropolitana de Santiago;Servicio de Salud Metropolitano Norte;Recoleta;Centro de Salud Familiar Dr. Juan Petrinovic (Ex Scroggie);109307;4;0;18;0.0
Metropolitana de Santiago;Servicio de Salud Metropolitano Norte;Recoleta;Centro de Salud Familiar Dr. Juan Petrinovic (Ex Scroggie);109307;5;0;9;0.0
Metropolitana de Santiago;Servicio de Salud Metropolitano Norte;Recoleta;Centro de Salud Familiar Dr. Juan Petrinovic (Ex Scroggie);109307;6;0;14;0.0
Metropolitana de Santiago;Servicio de Salud Metropolitano Norte;Recoleta;Centro de Salud Familiar Quinta Bella;109303;1;18;18;100.0
Metropolitana de Santiago;Servicio de Salud Metropolitano Norte;Recoleta;Centro de Salud Familiar Quinta Bella;109303;2;0;15;0.0
Metropolitana de Santiago;Servicio de Salud Metropolitano Norte;Recoleta;Centro de Salud Familiar Quinta Bella;109303;3;21;23;91.3
Metropolitana de Santiago;Servicio de Salud Metropolitano Norte;Recoleta;Centro de Salud Familiar Quinta Bella;109303;4;22;20;110.0
Metropolitana de Santiago;Servicio de Salud Metropolitano Norte;Recoleta;Centro de Salud Familiar Quinta Bella;109303;5;19;19;100.0
Metropolitana de Santiago;Servicio de Salud Metropolitano Norte;Recoleta;Centro de Salud Familiar Quinta Bella;109303;6;19;16;118.75
Metropolitana de Santiago;Servicio de Salud Metropolitano Norte;Recoleta;Centro de Salud Familiar Recoleta;109301;1;4;32;12.5
Metropolitana de Santiago;Servicio de Salud Metropolitano Norte;Recoleta;Centro de Salud Familiar Recoleta;109301;2;10;29;34.48
Metropolitana de Santiago;Servicio de Salud Metropolitano Norte;Recoleta;Centro de Salud Familiar Recoleta;109301;3;6;36;16.67
Metropolitana de Santiago;Servicio de Salud Metropolitano Norte;Recoleta;Centro de Salud Familiar Recoleta;109301;4;6;29;20.69
Metropolitana de Santiago;Servicio de Salud Metropolitano Norte;Recoleta;Centro de Salud Familiar Recoleta;109301;5;6;26;23.08
Metropolitana de Santiago;Servicio de Salud Metropolitano Norte;Recoleta;Centro de Salud Familiar Recoleta;109301;6;3;24;12.5
Metropolitana de Santiago;Servicio de Salud Metropolitano Norte;Recoleta;Centro de Salud Familiar Valdivieso;109304;1;21;13;161.54
Metropolitana de Santiago;Servicio de Salud Metropolitano Norte;Recoleta;Centro de Salud Familiar Valdivieso;109304;2;12;8;150.0
Metropolitana de Santiago;Servicio de Salud Metropolitano Norte;Recoleta;Centro de Salud Familiar Valdivieso;109304;3;0;11;0.0
Metropolitana de Santiago;Servicio de Salud Metropolitano Norte;Recoleta;Centro de Salud Familiar Valdivieso;109304;4;18;11;163.64
Metropolitana de Santiago;Servicio de Salud Metropolitano Norte;Recoleta;Centro de Salud Familiar Valdivieso;109304;5;20;12;166.67
Metropolitana de Santiago;Servicio de Salud Metropolitano Norte;Recoleta;Centro de Salud Familiar Valdivieso;109304;6;20;6;333.33
Metropolitana de Santiago;Servicio de Salud Metropolitano Norte;Tiltil;Centro de Salud Familiar Huertos Familiares;109320;1;2;2;100.0
Metropolitana de Santiago;Servicio de Salud Metropolitano Norte;Tiltil;Centro de Salud Familiar Huertos Familiares;109320;2;4;4;100.0
Metropolitana de Santiago;Servicio de Salud Metropolitano Norte;Tiltil;Centro de Salud Familiar Huertos Familiares;109320;3;0;2;0.0
Metropolitana de Santiago;Servicio de Salud Metropolitano Norte;Tiltil;Centro de Salud Familiar Huertos Familiares;109320;4;3;4;75.0
Metropolitana de Santiago;Servicio de Salud Metropolitano Norte;Tiltil;Centro de Salud Familiar Huertos Familiares;109320;5;4;1;400.0
Metropolitana de Santiago;Servicio de Salud Metropolitano Norte;Tiltil;Centro de Salud Familiar Huertos Familiares;109320;6;6;2;300.0
Metropolitana de Santiago;Servicio de Salud Metropolitano Norte;Tiltil;Hospital de Til Til;109104;1;4;1;400.0
Metropolitana de Santiago;Servicio de Salud Metropolitano Norte;Tiltil;Hospital de Til Til;109104;2;1;2;50.0
Metropolitana de Santiago;Servicio de Salud Metropolitano Norte;Tiltil;Hospital de Til Til;109104;3;0;5;0.0
Metropolitana de Santiago;Servicio de Salud Metropolitano Norte;Tiltil;Hospital de Til Til;109104;4;0;4;0.0
Metropolitana de Santiago;Servicio de Salud Metropolitano Norte;Tiltil;Hospital de Til Til;109104;5;2;7;28.57
Metropolitana de Santiago;Servicio de Salud Metropolitano Norte;Tiltil;Hospital de Til Til;109104;6;0;6;0.0
Metropolitana de Santiago;Servicio de Salud Metropolitano Norte;Tiltil;Posta de Salud Rural Montenegro;109412;5;0;1;0.0
Metropolitana de Santiago;Servicio de Salud Metropolitano Norte;Tiltil;Posta de Salud Rural Polpaico;109414;1;0;1;0.0
Metropolitana de Santiago;Servicio de Salud Metropolitano Norte;Tiltil;Posta de Salud Rural Polpaico;109414;3;0;1;0.0
Metropolitana de Santiago;Servicio de Salud Metropolitano Norte;Tiltil;Posta de Salud Rural Polpaico;109414;4;0;2;0.0
Metropolitana de Santiago;Servicio de Salud Metropolitano Norte;Tiltil;Posta de Salud Rural Polpaico;109414;5;0;2;0.0
Metropolitana de Santiago;Servicio de Salud Metropolitano Occidente;Alhué;Centro Comunitario de Salud Familiar Hacienda Alhué;110503;1;0;4;0.0
Metropolitana de Santiago;Servicio de Salud Metropolitano Occidente;Alhué;Centro Comunitario de Salud Familiar Hacienda Alhué;110503;2;1;3;33.33
Metropolitana de Santiago;Servicio de Salud Metropolitano Occidente;Alhué;Centro Comunitario de Salud Familiar Hacienda Alhué;110503;3;44;4;1100.0
Metropolitana de Santiago;Servicio de Salud Metropolitano Occidente;Alhué;Centro Comunitario de Salud Familiar Hacienda Alhué;110503;4;0;5;0.0
Metropolitana de Santiago;Servicio de Salud Metropolitano Occidente;Alhué;Centro Comunitario de Salud Familiar Hacienda Alhué;110503;5;0;3;0.0
Metropolitana de Santiago;Servicio de Salud Metropolitano Occidente;Alhué;Centro Comunitario de Salud Familiar Hacienda Alhué;110503;6;0;4;0.0
Metropolitana de Santiago;Servicio de Salud Metropolitano Occidente;Alhué;Centro de Salud Familiar Villa Alhué;110393;1;0;4;0.0
Metropolitana de Santiago;Servicio de Salud Metropolitano Occidente;Alhué;Centro de Salud Familiar Villa Alhué;110393;2;0;6;0.0
Metropolitana de Santiago;Servicio de Salud Metropolitano Occidente;Alhué;Centro de Salud Familiar Villa Alhué;110393;3;0;9;0.0
Metropolitana de Santiago;Servicio de Salud Metropolitano Occidente;Alhué;Centro de Salud Familiar Villa Alhué;110393;4;3;4;75.0
Metropolitana de Santiago;Servicio de Salud Metropolitano Occidente;Alhué;Centro de Salud Familiar Villa Alhué;110393;5;0;2;0.0
Metropolitana de Santiago;Servicio de Salud Metropolitano Occidente;Alhué;Centro de Salud Familiar Villa Alhué;110393;6;0;2;0.0
Metropolitana de Santiago;Servicio de Salud Metropolitano Occidente;Alhué;Posta de Salud Rural Pichi;110505;3;0;1;0.0
Metropolitana de Santiago;Servicio de Salud Metropolitano Occidente;Cerro Navia;Centro Comunitario de Salud Familiar Los Lagos (Unidad Vecinal Nº 33);110735;3;0;1;0.0
Metropolitana de Santiago;Servicio de Salud Metropolitano Occidente;Cerro Navia;Centro Comunitario de Salud Familiar Los Lagos (Unidad Vecinal Nº 33);110735;4;0;1;0.0
Metropolitana de Santiago;Servicio de Salud Metropolitano Occidente;Cerro Navia;Centro Comunitario de Salud Familiar Los Lagos (Unidad Vecinal Nº 33);110735;5;0;3;0.0
Metropolitana de Santiago;Servicio de Salud Metropolitano Occidente;Cerro Navia;Centro Comunitario de Salud Familiar Los Lagos (Unidad Vecinal Nº 33);110735;6;0;1;0.0
Metropolitana de Santiago;Servicio de Salud Metropolitano Occidente;Cerro Navia;Centro de Salud Familiar Cerro Navia;110335;1;7;12;58.33
Metropolitana de Santiago;Servicio de Salud Metropolitano Occidente;Cerro Navia;Centro de Salud Familiar Cerro Navia;110335;2;15;27;55.56
Metropolitana de Santiago;Servicio de Salud Metropolitano Occidente;Cerro Navia;Centro de Salud Familiar Cerro Navia;110335;3;56;25;224.0
Metropolitana de Santiago;Servicio de Salud Metropolitano Occidente;Cerro Navia;Centro de Salud Familiar Cerro Navia;110335;4;52;21;247.62
Metropolitana de Santiago;Servicio de Salud Metropolitano Occidente;Cerro Navia;Centro de Salud Familiar Cerro Navia;110335;5;28;18;155.56
Metropolitana de Santiago;Servicio de Salud Metropolitano Occidente;Cerro Navia;Centro de Salud Familiar Cerro Navia;110335;6;56;23;243.48
Metropolitana de Santiago;Servicio de Salud Metropolitano Occidente;Cerro Navia;Centro de Salud Familiar Dr. Adalberto Steeger;110330;1;84;18;466.67
Metropolitana de Santiago;Servicio de Salud Metropolitano Occidente;Cerro Navia;Centro de Salud Familiar Dr. Adalberto Steeger;110330;2;0;23;0.0
Metropolitana de Santiago;Servicio de Salud Metropolitano Occidente;Cerro Navia;Centro de Salud Familiar Dr. Adalberto Steeger;110330;3;30;34;88.24
Metropolitana de Santiago;Servicio de Salud Metropolitano Occidente;Cerro Navia;Centro de Salud Familiar Dr. Adalberto Steeger;110330;4;0;31;0.0
Metropolitana de Santiago;Servicio de Salud Metropolitano Occidente;Cerro Navia;Centro de Salud Familiar Dr. Adalberto Steeger;110330;5;7;22;31.82
Metropolitana de Santiago;Servicio de Salud Metropolitano Occidente;Cerro Navia;Centro de Salud Familiar Dr. Adalberto Steeger;110330;6;4;23;17.39
Metropolitana de Santiago;Servicio de Salud Metropolitano Occidente;Cerro Navia;Centro de Salud Familiar Dr. Arturo Albertz;110355;1;0;13;0.0
Metropolitana de Santiago;Servicio de Salud Metropolitano Occidente;Cerro Navia;Centro de Salud Familiar Dr. Arturo Albertz;110355;2;6;14;42.86
Metropolitana de Santiago;Servicio de Salud Metropolitano Occidente;Cerro Navia;Centro de Salud Familiar Dr. Arturo Albertz;110355;3;1;16;6.25
Metropolitana de Santiago;Servicio de Salud Metropolitano Occidente;Cerro Navia;Centro de Salud Familiar Dr. Arturo Albertz;110355;4;0;16;0.0
Metropolitana de Santiago;Servicio de Salud Metropolitano Occidente;Cerro Navia;Centro de Salud Familiar Dr. Arturo Albertz;110355;5;1;20;5.0
Metropolitana de Santiago;Servicio de Salud Metropolitano Occidente;Cerro Navia;Centro de Salud Familiar Dr. Arturo Albertz;110355;6;4;24;16.67
Metropolitana de Santiago;Servicio de Salud Metropolitano Occidente;Cerro Navia;Centro de Salud Familiar Lo Amor;110331;1;0;19;0.0
Metropolitana de Santiago;Servicio de Salud Metropolitano Occidente;Cerro Navia;Centro de Salud Familiar Lo Amor;110331;2;0;16;0.0
Metropolitana de Santiago;Servicio de Salud Metropolitano Occidente;Cerro Navia;Centro de Salud Familiar Lo Amor;110331;3;3;10;30.0
Metropolitana de Santiago;Servicio de Salud Metropolitano Occidente;Cerro Navia;Centro de Salud Familiar Lo Amor;110331;4;5;15;33.33
Metropolitana de Santiago;Servicio de Salud Metropolitano Occidente;Cerro Navia;Centro de Salud Familiar Lo Amor;110331;5;10;15;66.67
Metropolitana de Santiago;Servicio de Salud Metropolitano Occidente;Cerro Navia;Centro de Salud Familiar Lo Amor;110331;6;10;11;90.91
Metropolitana de Santiago;Servicio de Salud Metropolitano Occidente;Curacaví;Centro Comunitario de Salud Familiar María Salas;110477;1;4;2;200.0
Metropolitana de Santiago;Servicio de Salud Metropolitano Occidente;Curacaví;Centro Comunitario de Salud Familiar María Salas;110477;2;0;4;0.0
Metropolitana de Santiago;Servicio de Salud Metropolitano Occidente;Curacaví;Centro Comunitario de Salud Familiar María Salas;110477;3;3;3;100.0
Metropolitana de Santiago;Servicio de Salud Metropolitano Occidente;Curacaví;Centro Comunitario de Salud Familiar María Salas;110477;5;5;0;
Metropolitana de Santiago;Servicio de Salud Metropolitano Occidente;Curacaví;Centro Comunitario de Salud Familiar María Salas;110477;6;0;3;0.0
Metropolitana de Santiago;Servicio de Salud Metropolitano Occidente;Curacaví;Centro Comunitario de Salud Familiar Valmi  Aguirre;110760;1;0;3;0.0
Metropolitana de Santiago;Servicio de Salud Metropolitano Occidente;Curacaví;Centro Comunitario de Salud Familiar Valmi  Aguirre;110760;2;0;3;0.0
Metropolitana de Santiago;Servicio de Salud Metropolitano Occidente;Curacaví;Centro Comunitario de Salud Familiar Valmi  Aguirre;110760;3;0;6;0.0
Metropolitana de Santiago;Servicio de Salud Metropolitano Occidente;Curacaví;Centro Comunitario de Salud Familiar Valmi  Aguirre;110760;4;11;0;
Metropolitana de Santiago;Servicio de Salud Metropolitano Occidente;Curacaví;Centro Comunitario de Salud Familiar Valmi  Aguirre;110760;5;5;5;100.0
Metropolitana de Santiago;Servicio de Salud Metropolitano Occidente;Curacaví;Centro Comunitario de Salud Familiar Valmi  Aguirre;110760;6;6;2;300.0
Metropolitana de Santiago;Servicio de Salud Metropolitano Occidente;Curacaví;Hospital de Curacaví;110160;1;6;10;60.0
Metropolitana de Santiago;Servicio de Salud Metropolitano Occidente;Curacaví;Hospital de Curacaví;110160;2;9;9;100.0
Metropolitana de Santiago;Servicio de Salud Metropolitano Occidente;Curacaví;Hospital de Curacaví;110160;3;4;16;25.0
Metropolitana de Santiago;Servicio de Salud Metropolitano Occidente;Curacaví;Hospital de Curacaví;110160;4;7;10;70.0
Metropolitana de Santiago;Servicio de Salud Metropolitano Occidente;Curacaví;Hospital de Curacaví;110160;5;0;10;0.0
Metropolitana de Santiago;Servicio de Salud Metropolitano Occidente;Curacaví;Hospital de Curacaví;110160;6;9;13;69.23
Metropolitana de Santiago;Servicio de Salud Metropolitano Occidente;El Monte;Centro Comunitario de Salud Familiar Lo Chacón;200454;1;0;4;0.0
Metropolitana de Santiago;Servicio de Salud Metropolitano Occidente;El Monte;Centro Comunitario de Salud Familiar Lo Chacón;200454;3;0;2;0.0
Metropolitana de Santiago;Servicio de Salud Metropolitano Occidente;El Monte;Centro Comunitario de Salud Familiar Lo Chacón;200454;5;0;5;0.0
Metropolitana de Santiago;Servicio de Salud Metropolitano Occidente;El Monte;Centro Comunitario de Salud Familiar Lo Chacón;200454;6;0;5;0.0
Metropolitana de Santiago;Servicio de Salud Metropolitano Occidente;El Monte;Centro de Salud Familiar El Monte;110370;1;8;9;88.89
Metropolitana de Santiago;Servicio de Salud Metropolitano Occidente;El Monte;Centro de Salud Familiar El Monte;110370;2;2;20;10.0
Metropolitana de Santiago;Servicio de Salud Metropolitano Occidente;El Monte;Centro de Salud Familiar El Monte;110370;3;32;22;145.45
Metropolitana de Santiago;Servicio de Salud Metropolitano Occidente;El Monte;Centro de Salud Familiar El Monte;110370;4;6;15;40.0
Metropolitana de Santiago;Servicio de Salud Metropolitano Occidente;El Monte;Centro de Salud Familiar El Monte;110370;5;0;19;0.0
Metropolitana de Santiago;Servicio de Salud Metropolitano Occidente;El Monte;Centro de Salud Familiar El Monte;110370;6;0;21;0.0
Metropolitana de Santiago;Servicio de Salud Metropolitano Occidente;Isla de Maipo;Centro Comunitario de Salud Familiar La Islita;110775;1;2;2;100.0
Metropolitana de Santiago;Servicio de Salud Metropolitano Occidente;Isla de Maipo;Centro Comunitario de Salud Familiar La Islita;110775;2;2;1;200.0
Metropolitana de Santiago;Servicio de Salud Metropolitano Occidente;Isla de Maipo;Centro Comunitario de Salud Familiar La Islita;110775;3;12;6;200.0
Metropolitana de Santiago;Servicio de Salud Metropolitano Occidente;Isla de Maipo;Centro Comunitario de Salud Familiar La Islita;110775;4;2;4;50.0
Metropolitana de Santiago;Servicio de Salud Metropolitano Occidente;Isla de Maipo;Centro Comunitario de Salud Familiar La Islita;110775;5;12;1;1200.0
Metropolitana de Santiago;Servicio de Salud Metropolitano Occidente;Isla de Maipo;Centro Comunitario de Salud Familiar La Islita;110775;6;4;6;66.67
Metropolitana de Santiago;Servicio de Salud Metropolitano Occidente;Isla de Maipo;Centro Comunitario de Salud Familiar San Vicente de Naltagua;200385;1;0;1;0.0
Metropolitana de Santiago;Servicio de Salud Metropolitano Occidente;Isla de Maipo;Centro Comunitario de Salud Familiar San Vicente de Naltagua;200385;2;0;1;0.0
Metropolitana de Santiago;Servicio de Salud Metropolitano Occidente;Isla de Maipo;Centro Comunitario de Salud Familiar San Vicente de Naltagua;200385;3;0;1;0.0
Metropolitana de Santiago;Servicio de Salud Metropolitano Occidente;Isla de Maipo;Centro Comunitario de Salud Familiar San Vicente de Naltagua;200385;4;0;1;0.0
Metropolitana de Santiago;Servicio de Salud Metropolitano Occidente;Isla de Maipo;Centro Comunitario de Salud Familiar San Vicente de Naltagua;200385;6;0;3;0.0
Metropolitana de Santiago;Servicio de Salud Metropolitano Occidente;Isla de Maipo;Centro de Salud Familiar Isla de Maipo;110375;1;0;7;0.0
Metropolitana de Santiago;Servicio de Salud Metropolitano Occidente;Isla de Maipo;Centro de Salud Familiar Isla de Maipo;110375;2;0;6;0.0
Metropolitana de Santiago;Servicio de Salud Metropolitano Occidente;Isla de Maipo;Centro de Salud Familiar Isla de Maipo;110375;3;0;7;0.0
Metropolitana de Santiago;Servicio de Salud Metropolitano Occidente;Isla de Maipo;Centro de Salud Familiar Isla de Maipo;110375;4;15;4;375.0
Metropolitana de Santiago;Servicio de Salud Metropolitano Occidente;Isla de Maipo;Centro de Salud Familiar Isla de Maipo;110375;5;0;6;0.0
Metropolitana de Santiago;Servicio de Salud Metropolitano Occidente;Isla de Maipo;Centro de Salud Familiar Isla de Maipo;110375;6;36;6;600.0
Metropolitana de Santiago;Servicio de Salud Metropolitano Occidente;Isla de Maipo;Centro de Salud Familiar La Islita;110425;1;0;13;0.0
Metropolitana de Santiago;Servicio de Salud Metropolitano Occidente;Isla de Maipo;Centro de Salud Familiar La Islita;110425;2;0;12;0.0
Metropolitana de Santiago;Servicio de Salud Metropolitano Occidente;Isla de Maipo;Centro de Salud Familiar La Islita;110425;3;0;10;0.0
Metropolitana de Santiago;Servicio de Salud Metropolitano Occidente;Isla de Maipo;Centro de Salud Familiar La Islita;110425;4;0;16;0.0
Metropolitana de Santiago;Servicio de Salud Metropolitano Occidente;Isla de Maipo;Centro de Salud Familiar La Islita;110425;5;6;14;42.86
Metropolitana de Santiago;Servicio de Salud Metropolitano Occidente;Isla de Maipo;Centro de Salud Familiar La Islita;110425;6;4;11;36.36
Metropolitana de Santiago;Servicio de Salud Metropolitano Occidente;Isla de Maipo;Posta de Salud Rural Gacitúa;110431;1;0;2;0.0
Metropolitana de Santiago;Servicio de Salud Metropolitano Occidente;Isla de Maipo;Posta de Salud Rural Gacitúa;110431;3;0;1;0.0
Metropolitana de Santiago;Servicio de Salud Metropolitano Occidente;Isla de Maipo;Posta de Salud Rural Gacitúa;110431;4;0;3;0.0
Metropolitana de Santiago;Servicio de Salud Metropolitano Occidente;Isla de Maipo;Posta de Salud Rural Gacitúa;110431;5;0;1;0.0
Metropolitana de Santiago;Servicio de Salud Metropolitano Occidente;Isla de Maipo;Posta de Salud Rural Gacitúa;110431;6;0;1;0.0
Metropolitana de Santiago;Servicio de Salud Metropolitano Occidente;Isla de Maipo;Posta de Salud Rural Las Mercedes ( Isla de Maipo );110432;1;0;2;0.0
Metropolitana de Santiago;Servicio de Salud Metropolitano Occidente;Isla de Maipo;Posta de Salud Rural Las Mercedes ( Isla de Maipo );110432;5;0;1;0.0
Metropolitana de Santiago;Servicio de Salud Metropolitano Occidente;Isla de Maipo;Posta de Salud Rural Las Mercedes ( Isla de Maipo );110432;6;0;1;0.0
Metropolitana de Santiago;Servicio de Salud Metropolitano Occidente;Isla de Maipo;Posta de Salud Rural San Antonio de Naltagua;110430;1;0;2;0.0
Metropolitana de Santiago;Servicio de Salud Metropolitano Occidente;Isla de Maipo;Posta de Salud Rural San Antonio de Naltagua;110430;2;0;1;0.0
Metropolitana de Santiago;Servicio de Salud Metropolitano Occidente;Isla de Maipo;Posta de Salud Rural San Antonio de Naltagua;110430;3;0;2;0.0
Metropolitana de Santiago;Servicio de Salud Metropolitano Occidente;Isla de Maipo;Posta de Salud Rural San Antonio de Naltagua;110430;4;0;2;0.0
Metropolitana de Santiago;Servicio de Salud Metropolitano Occidente;Isla de Maipo;Posta de Salud Rural San Antonio de Naltagua;110430;5;0;1;0.0
Metropolitana de Santiago;Servicio de Salud Metropolitano Occidente;Isla de Maipo;Posta de Salud Rural San Antonio de Naltagua;110430;6;0;1;0.0
Metropolitana de Santiago;Servicio de Salud Metropolitano Occidente;Lo Prado;Centro de Salud Familiar Dr. Carlos Avendaño;110345;1;0;15;0.0
Metropolitana de Santiago;Servicio de Salud Metropolitano Occidente;Lo Prado;Centro de Salud Familiar Dr. Carlos Avendaño;110345;2;0;15;0.0
Metropolitana de Santiago;Servicio de Salud Metropolitano Occidente;Lo Prado;Centro de Salud Familiar Dr. Carlos Avendaño;110345;3;19;11;172.73
Metropolitana de Santiago;Servicio de Salud Metropolitano Occidente;Lo Prado;Centro de Salud Familiar Dr. Carlos Avendaño;110345;4;17;16;106.25
Metropolitana de Santiago;Servicio de Salud Metropolitano Occidente;Lo Prado;Centro de Salud Familiar Dr. Carlos Avendaño;110345;5;17;17;100.0
Metropolitana de Santiago;Servicio de Salud Metropolitano Occidente;Lo Prado;Centro de Salud Familiar Dr. Carlos Avendaño;110345;6;0;9;0.0
Metropolitana de Santiago;Servicio de Salud Metropolitano Occidente;Lo Prado;Centro de Salud Familiar Dr. Raúl Yazigi;110340;1;17;32;53.12
Metropolitana de Santiago;Servicio de Salud Metropolitano Occidente;Lo Prado;Centro de Salud Familiar Dr. Raúl Yazigi;110340;2;17;22;77.27
Metropolitana de Santiago;Servicio de Salud Metropolitano Occidente;Lo Prado;Centro de Salud Familiar Dr. Raúl Yazigi;110340;3;28;21;133.33
Metropolitana de Santiago;Servicio de Salud Metropolitano Occidente;Lo Prado;Centro de Salud Familiar Dr. Raúl Yazigi;110340;4;13;21;61.9
Metropolitana de Santiago;Servicio de Salud Metropolitano Occidente;Lo Prado;Centro de Salud Familiar Dr. Raúl Yazigi;110340;5;14;16;87.5
Metropolitana de Santiago;Servicio de Salud Metropolitano Occidente;Lo Prado;Centro de Salud Familiar Dr. Raúl Yazigi;110340;6;12;18;66.67
Metropolitana de Santiago;Servicio de Salud Metropolitano Occidente;Lo Prado;Centro de Salud Familiar Pablo Neruda;110316;1;0;17;0.0
Metropolitana de Santiago;Servicio de Salud Metropolitano Occidente;Lo Prado;Centro de Salud Familiar Pablo Neruda;110316;2;0;14;0.0
Metropolitana de Santiago;Servicio de Salud Metropolitano Occidente;Lo Prado;Centro de Salud Familiar Pablo Neruda;110316;3;37;15;246.67
Metropolitana de Santiago;Servicio de Salud Metropolitano Occidente;Lo Prado;Centro de Salud Familiar Pablo Neruda;110316;4;30;18;166.67
Metropolitana de Santiago;Servicio de Salud Metropolitano Occidente;Lo Prado;Centro de Salud Familiar Pablo Neruda;110316;5;43;16;268.75
Metropolitana de Santiago;Servicio de Salud Metropolitano Occidente;Lo Prado;Centro de Salud Familiar Pablo Neruda;110316;6;27;13;207.69
Metropolitana de Santiago;Servicio de Salud Metropolitano Occidente;Lo Prado;Centro de Salud Familiar Santa Anita;110315;1;4;12;33.33
Metropolitana de Santiago;Servicio de Salud Metropolitano Occidente;Lo Prado;Centro de Salud Familiar Santa Anita;110315;2;1;24;4.17
Metropolitana de Santiago;Servicio de Salud Metropolitano Occidente;Lo Prado;Centro de Salud Familiar Santa Anita;110315;3;18;17;105.88
Metropolitana de Santiago;Servicio de Salud Metropolitano Occidente;Lo Prado;Centro de Salud Familiar Santa Anita;110315;4;15;26;57.69
Metropolitana de Santiago;Servicio de Salud Metropolitano Occidente;Lo Prado;Centro de Salud Familiar Santa Anita;110315;5;12;17;70.59
Metropolitana de Santiago;Servicio de Salud Metropolitano Occidente;Lo Prado;Centro de Salud Familiar Santa Anita;110315;6;18;21;85.71
Metropolitana de Santiago;Servicio de Salud Metropolitano Occidente;Maria Pinto;Centro de Salud Familiar Adriana Madrid De Costabal;110385;1;0;6;0.0
Metropolitana de Santiago;Servicio de Salud Metropolitano Occidente;Maria Pinto;Centro de Salud Familiar Adriana Madrid De Costabal;110385;2;0;4;0.0
Metropolitana de Santiago;Servicio de Salud Metropolitano Occidente;Maria Pinto;Centro de Salud Familiar Adriana Madrid De Costabal;110385;3;13;4;325.0
Metropolitana de Santiago;Servicio de Salud Metropolitano Occidente;Maria Pinto;Centro de Salud Familiar Adriana Madrid De Costabal;110385;4;0;8;0.0
Metropolitana de Santiago;Servicio de Salud Metropolitano Occidente;Maria Pinto;Centro de Salud Familiar Adriana Madrid De Costabal;110385;5;7;10;70.0
Metropolitana de Santiago;Servicio de Salud Metropolitano Occidente;Maria Pinto;Centro de Salud Familiar Adriana Madrid De Costabal;110385;6;27;6;450.0
Metropolitana de Santiago;Servicio de Salud Metropolitano Occidente;Maria Pinto;Posta de Salud Rural Chorombo;110475;1;0;1;0.0
Metropolitana de Santiago;Servicio de Salud Metropolitano Occidente;Maria Pinto;Posta de Salud Rural Chorombo;110475;2;0;3;0.0
Metropolitana de Santiago;Servicio de Salud Metropolitano Occidente;Maria Pinto;Posta de Salud Rural Chorombo;110475;3;0;1;0.0
Metropolitana de Santiago;Servicio de Salud Metropolitano Occidente;Maria Pinto;Posta de Salud Rural Chorombo;110475;5;0;1;0.0
Metropolitana de Santiago;Servicio de Salud Metropolitano Occidente;Maria Pinto;Posta de Salud Rural Chorombo;110475;6;0;3;0.0
Metropolitana de Santiago;Servicio de Salud Metropolitano Occidente;Maria Pinto;Posta de Salud Rural Las Mercedes ( María Pinto );110470;2;6;1;600.0
Metropolitana de Santiago;Servicio de Salud Metropolitano Occidente;Maria Pinto;Posta de Salud Rural Las Mercedes ( María Pinto );110470;4;0;1;0.0
Metropolitana de Santiago;Servicio de Salud Metropolitano Occidente;Maria Pinto;Posta de Salud Rural Las Mercedes ( María Pinto );110470;6;0;1;0.0
Metropolitana de Santiago;Servicio de Salud Metropolitano Occidente;Maria Pinto;Posta de Salud Rural Santa Emilia;110465;1;0;1;0.0
Metropolitana de Santiago;Servicio de Salud Metropolitano Occidente;Maria Pinto;Posta de Salud Rural Santa Emilia;110465;2;0;6;0.0
Metropolitana de Santiago;Servicio de Salud Metropolitano Occidente;Maria Pinto;Posta de Salud Rural Santa Emilia;110465;3;0;5;0.0
Metropolitana de Santiago;Servicio de Salud Metropolitano Occidente;Maria Pinto;Posta de Salud Rural Santa Emilia;110465;4;0;1;0.0
Metropolitana de Santiago;Servicio de Salud Metropolitano Occidente;Maria Pinto;Posta de Salud Rural Santa Emilia;110465;6;0;2;0.0
Metropolitana de Santiago;Servicio de Salud Metropolitano Occidente;Melipilla;Centro Comunitario de Salud Familiar Codigua;110783;1;0;1;0.0
Metropolitana de Santiago;Servicio de Salud Metropolitano Occidente;Melipilla;Centro Comunitario de Salud Familiar Codigua;110783;2;3;0;
Metropolitana de Santiago;Servicio de Salud Metropolitano Occidente;Melipilla;Centro Comunitario de Salud Familiar Codigua;110783;3;0;1;0.0
Metropolitana de Santiago;Servicio de Salud Metropolitano Occidente;Melipilla;Centro Comunitario de Salud Familiar Codigua;110783;4;0;3;0.0
Metropolitana de Santiago;Servicio de Salud Metropolitano Occidente;Melipilla;Centro Comunitario de Salud Familiar Obispo Pablo Lizama;110781;1;2;7;28.57
Metropolitana de Santiago;Servicio de Salud Metropolitano Occidente;Melipilla;Centro Comunitario de Salud Familiar Obispo Pablo Lizama;110781;2;2;4;50.0
Metropolitana de Santiago;Servicio de Salud Metropolitano Occidente;Melipilla;Centro Comunitario de Salud Familiar Obispo Pablo Lizama;110781;3;2;2;100.0
Metropolitana de Santiago;Servicio de Salud Metropolitano Occidente;Melipilla;Centro Comunitario de Salud Familiar Obispo Pablo Lizama;110781;4;3;2;150.0
Metropolitana de Santiago;Servicio de Salud Metropolitano Occidente;Melipilla;Centro Comunitario de Salud Familiar Obispo Pablo Lizama;110781;5;4;3;133.33
Metropolitana de Santiago;Servicio de Salud Metropolitano Occidente;Melipilla;Centro Comunitario de Salud Familiar Obispo Pablo Lizama;110781;6;0;1;0.0
Metropolitana de Santiago;Servicio de Salud Metropolitano Occidente;Melipilla;Centro Comunitario de Salud Familiar Padre Demetrio Bravo;110778;1;0;6;0.0
Metropolitana de Santiago;Servicio de Salud Metropolitano Occidente;Melipilla;Centro Comunitario de Salud Familiar Padre Demetrio Bravo;110778;2;11;6;183.33
Metropolitana de Santiago;Servicio de Salud Metropolitano Occidente;Melipilla;Centro Comunitario de Salud Familiar Padre Demetrio Bravo;110778;3;0;9;0.0
Metropolitana de Santiago;Servicio de Salud Metropolitano Occidente;Melipilla;Centro Comunitario de Salud Familiar Padre Demetrio Bravo;110778;4;16;4;400.0
Metropolitana de Santiago;Servicio de Salud Metropolitano Occidente;Melipilla;Centro Comunitario de Salud Familiar Padre Demetrio Bravo;110778;5;4;7;57.14
Metropolitana de Santiago;Servicio de Salud Metropolitano Occidente;Melipilla;Centro Comunitario de Salud Familiar Padre Demetrio Bravo;110778;6;2;2;100.0
Metropolitana de Santiago;Servicio de Salud Metropolitano Occidente;Melipilla;Centro de Salud Familiar Alfarera Rosa Reyes Vilches;110381;1;12;4;300.0
Metropolitana de Santiago;Servicio de Salud Metropolitano Occidente;Melipilla;Centro de Salud Familiar Alfarera Rosa Reyes Vilches;110381;2;4;5;80.0
Metropolitana de Santiago;Servicio de Salud Metropolitano Occidente;Melipilla;Centro de Salud Familiar Alfarera Rosa Reyes Vilches;110381;3;0;6;0.0
Metropolitana de Santiago;Servicio de Salud Metropolitano Occidente;Melipilla;Centro de Salud Familiar Alfarera Rosa Reyes Vilches;110381;4;0;8;0.0
Metropolitana de Santiago;Servicio de Salud Metropolitano Occidente;Melipilla;Centro de Salud Familiar Alfarera Rosa Reyes Vilches;110381;5;0;5;0.0
Metropolitana de Santiago;Servicio de Salud Metropolitano Occidente;Melipilla;Centro de Salud Familiar Alfarera Rosa Reyes Vilches;110381;6;0;9;0.0
Metropolitana de Santiago;Servicio de Salud Metropolitano Occidente;Melipilla;Centro de Salud Familiar Dr. Edelberto Elgueta;110378;1;13;38;34.21
Metropolitana de Santiago;Servicio de Salud Metropolitano Occidente;Melipilla;Centro de Salud Familiar Dr. Edelberto Elgueta;110378;2;15;27;55.56
Metropolitana de Santiago;Servicio de Salud Metropolitano Occidente;Melipilla;Centro de Salud Familiar Dr. Edelberto Elgueta;110378;3;12;28;42.86
Metropolitana de Santiago;Servicio de Salud Metropolitano Occidente;Melipilla;Centro de Salud Familiar Dr. Edelberto Elgueta;110378;4;30;25;120.0
Metropolitana de Santiago;Servicio de Salud Metropolitano Occidente;Melipilla;Centro de Salud Familiar Dr. Edelberto Elgueta;110378;5;19;24;79.17
Metropolitana de Santiago;Servicio de Salud Metropolitano Occidente;Melipilla;Centro de Salud Familiar Dr. Edelberto Elgueta;110378;6;14;28;50.0
Metropolitana de Santiago;Servicio de Salud Metropolitano Occidente;Melipilla;Centro de Salud Familiar Dr. Francisco Boris Soler;110379;1;9;27;33.33
Metropolitana de Santiago;Servicio de Salud Metropolitano Occidente;Melipilla;Centro de Salud Familiar Dr. Francisco Boris Soler;110379;2;41;41;100.0
Metropolitana de Santiago;Servicio de Salud Metropolitano Occidente;Melipilla;Centro de Salud Familiar Dr. Francisco Boris Soler;110379;3;39;39;100.0
Metropolitana de Santiago;Servicio de Salud Metropolitano Occidente;Melipilla;Centro de Salud Familiar Dr. Francisco Boris Soler;110379;4;18;33;54.55
Metropolitana de Santiago;Servicio de Salud Metropolitano Occidente;Melipilla;Centro de Salud Familiar Dr. Francisco Boris Soler;110379;5;24;22;109.09
Metropolitana de Santiago;Servicio de Salud Metropolitano Occidente;Melipilla;Centro de Salud Familiar Dr. Francisco Boris Soler;110379;6;23;21;109.52
Metropolitana de Santiago;Servicio de Salud Metropolitano Occidente;Melipilla;Centro de Salud Familiar Florencia;200965;1;5;23;21.74
Metropolitana de Santiago;Servicio de Salud Metropolitano Occidente;Melipilla;Centro de Salud Familiar Florencia;200965;2;5;25;20.0
Metropolitana de Santiago;Servicio de Salud Metropolitano Occidente;Melipilla;Centro de Salud Familiar Florencia;200965;3;5;21;23.81
Metropolitana de Santiago;Servicio de Salud Metropolitano Occidente;Melipilla;Centro de Salud Familiar Florencia;200965;4;0;20;0.0
Metropolitana de Santiago;Servicio de Salud Metropolitano Occidente;Melipilla;Centro de Salud Familiar Florencia;200965;5;34;21;161.9
Metropolitana de Santiago;Servicio de Salud Metropolitano Occidente;Melipilla;Centro de Salud Familiar Florencia;200965;6;3;25;12.0
Metropolitana de Santiago;Servicio de Salud Metropolitano Occidente;Melipilla;Centro de Salud Familiar San Manuel;110380;1;1;8;12.5
Metropolitana de Santiago;Servicio de Salud Metropolitano Occidente;Melipilla;Centro de Salud Familiar San Manuel;110380;2;0;7;0.0
Metropolitana de Santiago;Servicio de Salud Metropolitano Occidente;Melipilla;Centro de Salud Familiar San Manuel;110380;3;0;5;0.0
Metropolitana de Santiago;Servicio de Salud Metropolitano Occidente;Melipilla;Centro de Salud Familiar San Manuel;110380;4;0;2;0.0
Metropolitana de Santiago;Servicio de Salud Metropolitano Occidente;Melipilla;Centro de Salud Familiar San Manuel;110380;5;1;3;33.33
Metropolitana de Santiago;Servicio de Salud Metropolitano Occidente;Melipilla;Centro de Salud Familiar San Manuel;110380;6;0;6;0.0
Metropolitana de Santiago;Servicio de Salud Metropolitano Occidente;Melipilla;Posta de Salud Rural Bollenar;110440;1;5;5;100.0
Metropolitana de Santiago;Servicio de Salud Metropolitano Occidente;Melipilla;Posta de Salud Rural Bollenar;110440;2;5;5;100.0
Metropolitana de Santiago;Servicio de Salud Metropolitano Occidente;Melipilla;Posta de Salud Rural Bollenar;110440;3;3;3;100.0
Metropolitana de Santiago;Servicio de Salud Metropolitano Occidente;Melipilla;Posta de Salud Rural Bollenar;110440;4;5;5;100.0
Metropolitana de Santiago;Servicio de Salud Metropolitano Occidente;Melipilla;Posta de Salud Rural Bollenar;110440;5;1;1;100.0
Metropolitana de Santiago;Servicio de Salud Metropolitano Occidente;Melipilla;Posta de Salud Rural Bollenar;110440;6;2;2;100.0
Metropolitana de Santiago;Servicio de Salud Metropolitano Occidente;Melipilla;Posta de Salud Rural Pabellón;110455;1;0;4;0.0
Metropolitana de Santiago;Servicio de Salud Metropolitano Occidente;Melipilla;Posta de Salud Rural Pabellón;110455;2;7;3;233.33
Metropolitana de Santiago;Servicio de Salud Metropolitano Occidente;Melipilla;Posta de Salud Rural Pabellón;110455;3;2;1;200.0
Metropolitana de Santiago;Servicio de Salud Metropolitano Occidente;Melipilla;Posta de Salud Rural Pabellón;110455;4;0;1;0.0
Metropolitana de Santiago;Servicio de Salud Metropolitano Occidente;Melipilla;Posta de Salud Rural Pabellón;110455;5;1;0;
Metropolitana de Santiago;Servicio de Salud Metropolitano Occidente;Melipilla;Posta de Salud Rural Pabellón;110455;6;0;3;0.0
Metropolitana de Santiago;Servicio de Salud Metropolitano Occidente;Melipilla;Posta de Salud Rural Pahuilmo;110445;1;0;5;0.0
Metropolitana de Santiago;Servicio de Salud Metropolitano Occidente;Melipilla;Posta de Salud Rural Pahuilmo;110445;2;0;2;0.0
Metropolitana de Santiago;Servicio de Salud Metropolitano Occidente;Melipilla;Posta de Salud Rural Pahuilmo;110445;3;0;4;0.0
Metropolitana de Santiago;Servicio de Salud Metropolitano Occidente;Melipilla;Posta de Salud Rural Pahuilmo;110445;4;0;3;0.0
Metropolitana de Santiago;Servicio de Salud Metropolitano Occidente;Melipilla;Posta de Salud Rural Pahuilmo;110445;5;0;3;0.0
Metropolitana de Santiago;Servicio de Salud Metropolitano Occidente;Melipilla;Posta de Salud Rural Pahuilmo;110445;6;0;3;0.0
Metropolitana de Santiago;Servicio de Salud Metropolitano Occidente;Padre Hurtado;Centro de Salud Familiar Juan Pablo II ( Padre Hurtado);110366;1;66;49;134.69
Metropolitana de Santiago;Servicio de Salud Metropolitano Occidente;Padre Hurtado;Centro de Salud Familiar Juan Pablo II ( Padre Hurtado);110366;2;64;46;139.13
Metropolitana de Santiago;Servicio de Salud Metropolitano Occidente;Padre Hurtado;Centro de Salud Familiar Juan Pablo II ( Padre Hurtado);110366;3;52;37;140.54
Metropolitana de Santiago;Servicio de Salud Metropolitano Occidente;Padre Hurtado;Centro de Salud Familiar Juan Pablo II ( Padre Hurtado);110366;4;19;39;48.72
Metropolitana de Santiago;Servicio de Salud Metropolitano Occidente;Padre Hurtado;Centro de Salud Familiar Juan Pablo II ( Padre Hurtado);110366;5;22;29;75.86
Metropolitana de Santiago;Servicio de Salud Metropolitano Occidente;Padre Hurtado;Centro de Salud Familiar Juan Pablo II ( Padre Hurtado);110366;6;32;44;72.73
Metropolitana de Santiago;Servicio de Salud Metropolitano Occidente;Peñaflor;Centro de Salud Familiar Dr. Fernando Monckeberg;110369;1;24;25;96.0
Metropolitana de Santiago;Servicio de Salud Metropolitano Occidente;Peñaflor;Centro de Salud Familiar Dr. Fernando Monckeberg;110369;2;30;20;150.0
Metropolitana de Santiago;Servicio de Salud Metropolitano Occidente;Peñaflor;Centro de Salud Familiar Dr. Fernando Monckeberg;110369;3;24;19;126.32
Metropolitana de Santiago;Servicio de Salud Metropolitano Occidente;Peñaflor;Centro de Salud Familiar Dr. Fernando Monckeberg;110369;4;13;26;50.0
Metropolitana de Santiago;Servicio de Salud Metropolitano Occidente;Peñaflor;Centro de Salud Familiar Dr. Fernando Monckeberg;110369;5;7;13;53.85
Metropolitana de Santiago;Servicio de Salud Metropolitano Occidente;Peñaflor;Centro de Salud Familiar Dr. Fernando Monckeberg;110369;6;24;21;114.29
Metropolitana de Santiago;Servicio de Salud Metropolitano Occidente;Peñaflor;Centro de Salud Familiar Peñaflor;110308;1;0;24;0.0
Metropolitana de Santiago;Servicio de Salud Metropolitano Occidente;Peñaflor;Centro de Salud Familiar Peñaflor;110308;2;0;27;0.0
Metropolitana de Santiago;Servicio de Salud Metropolitano Occidente;Peñaflor;Centro de Salud Familiar Peñaflor;110308;3;0;25;0.0
Metropolitana de Santiago;Servicio de Salud Metropolitano Occidente;Peñaflor;Centro de Salud Familiar Peñaflor;110308;4;0;19;0.0
Metropolitana de Santiago;Servicio de Salud Metropolitano Occidente;Peñaflor;Centro de Salud Familiar Peñaflor;110308;5;0;22;0.0
Metropolitana de Santiago;Servicio de Salud Metropolitano Occidente;Peñaflor;Centro de Salud Familiar Peñaflor;110308;6;6;23;26.09
Metropolitana de Santiago;Servicio de Salud Metropolitano Occidente;Peñaflor;Hospital de Peñaflor;110140;5;4;0;
Metropolitana de Santiago;Servicio de Salud Metropolitano Occidente;Pudahuel;Centro Comunitario de Salud Familiar Concejal Guillermo Flores O.;110750;1;0;2;0.0
Metropolitana de Santiago;Servicio de Salud Metropolitano Occidente;Pudahuel;Centro Comunitario de Salud Familiar Concejal Guillermo Flores O.;110750;2;0;1;0.0
Metropolitana de Santiago;Servicio de Salud Metropolitano Occidente;Pudahuel;Centro Comunitario de Salud Familiar Concejal Guillermo Flores O.;110750;3;0;1;0.0
Metropolitana de Santiago;Servicio de Salud Metropolitano Occidente;Pudahuel;Centro Comunitario de Salud Familiar Concejal Guillermo Flores O.;110750;5;0;2;0.0
Metropolitana de Santiago;Servicio de Salud Metropolitano Occidente;Pudahuel;Centro Comunitario de Salud Familiar Concejal Guillermo Flores O.;110750;6;0;1;0.0
Metropolitana de Santiago;Servicio de Salud Metropolitano Occidente;Pudahuel;Centro Comunitario de Salud Familiar Irene Frei Montalva;110410;1;0;2;0.0
Metropolitana de Santiago;Servicio de Salud Metropolitano Occidente;Pudahuel;Centro Comunitario de Salud Familiar Irene Frei Montalva;110410;2;0;3;0.0
Metropolitana de Santiago;Servicio de Salud Metropolitano Occidente;Pudahuel;Centro Comunitario de Salud Familiar Irene Frei Montalva;110410;3;0;3;0.0
Metropolitana de Santiago;Servicio de Salud Metropolitano Occidente;Pudahuel;Centro Comunitario de Salud Familiar Irene Frei Montalva;110410;4;0;6;0.0
Metropolitana de Santiago;Servicio de Salud Metropolitano Occidente;Pudahuel;Centro Comunitario de Salud Familiar Irene Frei Montalva;110410;5;0;6;0.0
Metropolitana de Santiago;Servicio de Salud Metropolitano Occidente;Pudahuel;Centro Comunitario de Salud Familiar Irene Frei Montalva;110410;6;0;4;0.0
Metropolitana de Santiago;Servicio de Salud Metropolitano Occidente;Pudahuel;Centro Comunitario de Salud Familiar Mar Caribe;110756;2;0;3;0.0
Metropolitana de Santiago;Servicio de Salud Metropolitano Occidente;Pudahuel;Centro Comunitario de Salud Familiar Mar Caribe;110756;4;0;2;0.0
Metropolitana de Santiago;Servicio de Salud Metropolitano Occidente;Pudahuel;Centro Comunitario de Salud Familiar Padre Félix Gutiérrez Donoso;110752;1;0;2;0.0
Metropolitana de Santiago;Servicio de Salud Metropolitano Occidente;Pudahuel;Centro Comunitario de Salud Familiar Padre Félix Gutiérrez Donoso;110752;2;0;4;0.0
Metropolitana de Santiago;Servicio de Salud Metropolitano Occidente;Pudahuel;Centro Comunitario de Salud Familiar Padre Félix Gutiérrez Donoso;110752;4;0;1;0.0
Metropolitana de Santiago;Servicio de Salud Metropolitano Occidente;Pudahuel;Centro Comunitario de Salud Familiar Padre Félix Gutiérrez Donoso;110752;5;0;1;0.0
Metropolitana de Santiago;Servicio de Salud Metropolitano Occidente;Pudahuel;Centro Comunitario de Salud Familiar Padre Félix Gutiérrez Donoso;110752;6;0;3;0.0
Metropolitana de Santiago;Servicio de Salud Metropolitano Occidente;Pudahuel;Centro Comunitario de Salud Familiar Río Claro;110754;1;0;2;0.0
Metropolitana de Santiago;Servicio de Salud Metropolitano Occidente;Pudahuel;Centro Comunitario de Salud Familiar Río Claro;110754;2;0;3;0.0
Metropolitana de Santiago;Servicio de Salud Metropolitano Occidente;Pudahuel;Centro Comunitario de Salud Familiar Río Claro;110754;4;0;1;0.0
Metropolitana de Santiago;Servicio de Salud Metropolitano Occidente;Pudahuel;Centro Comunitario de Salud Familiar Río Claro;110754;5;0;3;0.0
Metropolitana de Santiago;Servicio de Salud Metropolitano Occidente;Pudahuel;Centro Comunitario de Salud Familiar Río Claro;110754;6;0;3;0.0
Metropolitana de Santiago;Servicio de Salud Metropolitano Occidente;Pudahuel;Centro Comunitario de Salud Familiar Santa Corina;110758;1;0;2;0.0
Metropolitana de Santiago;Servicio de Salud Metropolitano Occidente;Pudahuel;Centro Comunitario de Salud Familiar Santa Corina;110758;3;0;3;0.0
Metropolitana de Santiago;Servicio de Salud Metropolitano Occidente;Pudahuel;Centro Comunitario de Salud Familiar Santa Corina;110758;4;0;1;0.0
Metropolitana de Santiago;Servicio de Salud Metropolitano Occidente;Pudahuel;Centro Comunitario de Salud Familiar Santa Corina;110758;6;0;2;0.0
Metropolitana de Santiago;Servicio de Salud Metropolitano Occidente;Pudahuel;Centro Comunitario de Salud Familiar Unión y Esfuerzo Rural;201353;1;0;3;0.0
Metropolitana de Santiago;Servicio de Salud Metropolitano Occidente;Pudahuel;Centro Comunitario de Salud Familiar Unión y Esfuerzo Rural;201353;2;0;1;0.0
Metropolitana de Santiago;Servicio de Salud Metropolitano Occidente;Pudahuel;Centro Comunitario de Salud Familiar Unión y Esfuerzo Rural;201353;3;0;4;0.0
Metropolitana de Santiago;Servicio de Salud Metropolitano Occidente;Pudahuel;Centro Comunitario de Salud Familiar Unión y Esfuerzo Rural;201353;4;0;1;0.0
Metropolitana de Santiago;Servicio de Salud Metropolitano Occidente;Pudahuel;Centro Comunitario de Salud Familiar Unión y Esfuerzo Rural;201353;5;0;1;0.0
Metropolitana de Santiago;Servicio de Salud Metropolitano Occidente;Pudahuel;Centro de Salud Familiar Cardenal Raúl Silva Henríquez;110353;1;0;21;0.0
Metropolitana de Santiago;Servicio de Salud Metropolitano Occidente;Pudahuel;Centro de Salud Familiar Cardenal Raúl Silva Henríquez;110353;2;9;11;81.82
Metropolitana de Santiago;Servicio de Salud Metropolitano Occidente;Pudahuel;Centro de Salud Familiar Cardenal Raúl Silva Henríquez;110353;3;7;19;36.84
Metropolitana de Santiago;Servicio de Salud Metropolitano Occidente;Pudahuel;Centro de Salud Familiar Cardenal Raúl Silva Henríquez;110353;4;3;16;18.75
Metropolitana de Santiago;Servicio de Salud Metropolitano Occidente;Pudahuel;Centro de Salud Familiar Cardenal Raúl Silva Henríquez;110353;5;2;16;12.5
Metropolitana de Santiago;Servicio de Salud Metropolitano Occidente;Pudahuel;Centro de Salud Familiar Cardenal Raúl Silva Henríquez;110353;6;9;12;75.0
Metropolitana de Santiago;Servicio de Salud Metropolitano Occidente;Pudahuel;Centro de Salud Familiar Dr. Gustavo Molina;110352;1;17;16;106.25
Metropolitana de Santiago;Servicio de Salud Metropolitano Occidente;Pudahuel;Centro de Salud Familiar Dr. Gustavo Molina;110352;2;5;15;33.33
Metropolitana de Santiago;Servicio de Salud Metropolitano Occidente;Pudahuel;Centro de Salud Familiar Dr. Gustavo Molina;110352;3;7;15;46.67
Metropolitana de Santiago;Servicio de Salud Metropolitano Occidente;Pudahuel;Centro de Salud Familiar Dr. Gustavo Molina;110352;4;0;15;0.0
Metropolitana de Santiago;Servicio de Salud Metropolitano Occidente;Pudahuel;Centro de Salud Familiar Dr. Gustavo Molina;110352;5;5;11;45.45
Metropolitana de Santiago;Servicio de Salud Metropolitano Occidente;Pudahuel;Centro de Salud Familiar Dr. Gustavo Molina;110352;6;16;16;100.0
Metropolitana de Santiago;Servicio de Salud Metropolitano Occidente;Pudahuel;Centro de Salud Familiar Pudahuel Estrella;110350;1;58;31;187.1
Metropolitana de Santiago;Servicio de Salud Metropolitano Occidente;Pudahuel;Centro de Salud Familiar Pudahuel Estrella;110350;2;31;20;155.0
Metropolitana de Santiago;Servicio de Salud Metropolitano Occidente;Pudahuel;Centro de Salud Familiar Pudahuel Estrella;110350;3;33;24;137.5
Metropolitana de Santiago;Servicio de Salud Metropolitano Occidente;Pudahuel;Centro de Salud Familiar Pudahuel Estrella;110350;4;28;32;87.5
Metropolitana de Santiago;Servicio de Salud Metropolitano Occidente;Pudahuel;Centro de Salud Familiar Pudahuel Estrella;110350;5;23;19;121.05
Metropolitana de Santiago;Servicio de Salud Metropolitano Occidente;Pudahuel;Centro de Salud Familiar Pudahuel Estrella;110350;6;19;29;65.52
Metropolitana de Santiago;Servicio de Salud Metropolitano Occidente;Pudahuel;Centro de Salud Familiar Pudahuel Poniente;110351;1;52;20;260.0
Metropolitana de Santiago;Servicio de Salud Metropolitano Occidente;Pudahuel;Centro de Salud Familiar Pudahuel Poniente;110351;2;44;16;275.0
Metropolitana de Santiago;Servicio de Salud Metropolitano Occidente;Pudahuel;Centro de Salud Familiar Pudahuel Poniente;110351;3;28;22;127.27
Metropolitana de Santiago;Servicio de Salud Metropolitano Occidente;Pudahuel;Centro de Salud Familiar Pudahuel Poniente;110351;4;58;28;207.14
Metropolitana de Santiago;Servicio de Salud Metropolitano Occidente;Pudahuel;Centro de Salud Familiar Pudahuel Poniente;110351;5;10;18;55.56
Metropolitana de Santiago;Servicio de Salud Metropolitano Occidente;Pudahuel;Centro de Salud Familiar Pudahuel Poniente;110351;6;23;14;164.29
Metropolitana de Santiago;Servicio de Salud Metropolitano Occidente;Pudahuel;Centro de Salud Familiar Violeta Parra;110354;1;0;24;0.0
Metropolitana de Santiago;Servicio de Salud Metropolitano Occidente;Pudahuel;Centro de Salud Familiar Violeta Parra;110354;2;0;19;0.0
Metropolitana de Santiago;Servicio de Salud Metropolitano Occidente;Pudahuel;Centro de Salud Familiar Violeta Parra;110354;3;13;37;35.14
Metropolitana de Santiago;Servicio de Salud Metropolitano Occidente;Pudahuel;Centro de Salud Familiar Violeta Parra;110354;4;5;17;29.41
Metropolitana de Santiago;Servicio de Salud Metropolitano Occidente;Pudahuel;Centro de Salud Familiar Violeta Parra;110354;5;8;16;50.0
Metropolitana de Santiago;Servicio de Salud Metropolitano Occidente;Pudahuel;Centro de Salud Familiar Violeta Parra;110354;6;20;18;111.11
Metropolitana de Santiago;Servicio de Salud Metropolitano Occidente;Quinta Normal;Centro Comunitario de Salud Familiar Antumalal;110725;1;0;2;0.0
Metropolitana de Santiago;Servicio de Salud Metropolitano Occidente;Quinta Normal;Centro Comunitario de Salud Familiar Antumalal;110725;2;0;2;0.0
Metropolitana de Santiago;Servicio de Salud Metropolitano Occidente;Quinta Normal;Centro Comunitario de Salud Familiar Antumalal;110725;3;0;3;0.0
Metropolitana de Santiago;Servicio de Salud Metropolitano Occidente;Quinta Normal;Centro Comunitario de Salud Familiar Antumalal;110725;4;0;2;0.0
Metropolitana de Santiago;Servicio de Salud Metropolitano Occidente;Quinta Normal;Centro Comunitario de Salud Familiar Antumalal;110725;5;0;1;0.0
Metropolitana de Santiago;Servicio de Salud Metropolitano Occidente;Quinta Normal;Centro Comunitario de Salud Familiar Antumalal;110725;6;0;1;0.0
Metropolitana de Santiago;Servicio de Salud Metropolitano Occidente;Quinta Normal;Centro Comunitario de Salud Familiar Catamarca;110720;1;13;1;1300.0
Metropolitana de Santiago;Servicio de Salud Metropolitano Occidente;Quinta Normal;Centro Comunitario de Salud Familiar Catamarca;110720;2;0;2;0.0
Metropolitana de Santiago;Servicio de Salud Metropolitano Occidente;Quinta Normal;Centro Comunitario de Salud Familiar Catamarca;110720;3;13;4;325.0
Metropolitana de Santiago;Servicio de Salud Metropolitano Occidente;Quinta Normal;Centro Comunitario de Salud Familiar Catamarca;110720;4;14;2;700.0
Metropolitana de Santiago;Servicio de Salud Metropolitano Occidente;Quinta Normal;Centro Comunitario de Salud Familiar Catamarca;110720;5;13;3;433.33
Metropolitana de Santiago;Servicio de Salud Metropolitano Occidente;Quinta Normal;Centro Comunitario de Salud Familiar Catamarca;110720;6;10;1;1000.0
Metropolitana de Santiago;Servicio de Salud Metropolitano Occidente;Quinta Normal;Centro Comunitario de Salud Familiar Plaza México;200342;1;0;3;0.0
Metropolitana de Santiago;Servicio de Salud Metropolitano Occidente;Quinta Normal;Centro Comunitario de Salud Familiar Plaza México;200342;2;0;2;0.0
Metropolitana de Santiago;Servicio de Salud Metropolitano Occidente;Quinta Normal;Centro Comunitario de Salud Familiar Plaza México;200342;3;0;3;0.0
Metropolitana de Santiago;Servicio de Salud Metropolitano Occidente;Quinta Normal;Centro Comunitario de Salud Familiar Plaza México;200342;4;0;2;0.0
Metropolitana de Santiago;Servicio de Salud Metropolitano Occidente;Quinta Normal;Centro Comunitario de Salud Familiar Plaza México;200342;5;0;1;0.0
Metropolitana de Santiago;Servicio de Salud Metropolitano Occidente;Quinta Normal;Centro Comunitario de Salud Familiar Plaza México;200342;6;1;3;33.33
Metropolitana de Santiago;Servicio de Salud Metropolitano Occidente;Quinta Normal;Centro de Salud Familiar Andes;110310;1;26;30;86.67
Metropolitana de Santiago;Servicio de Salud Metropolitano Occidente;Quinta Normal;Centro de Salud Familiar Andes;110310;2;26;27;96.3
Metropolitana de Santiago;Servicio de Salud Metropolitano Occidente;Quinta Normal;Centro de Salud Familiar Andes;110310;3;15;33;45.45
Metropolitana de Santiago;Servicio de Salud Metropolitano Occidente;Quinta Normal;Centro de Salud Familiar Andes;110310;4;11;30;36.67
Metropolitana de Santiago;Servicio de Salud Metropolitano Occidente;Quinta Normal;Centro de Salud Familiar Andes;110310;5;14;31;45.16
Metropolitana de Santiago;Servicio de Salud Metropolitano Occidente;Quinta Normal;Centro de Salud Familiar Andes;110310;6;10;32;31.25
Metropolitana de Santiago;Servicio de Salud Metropolitano Occidente;Quinta Normal;Centro de Salud Familiar Garín;110325;1;18;19;94.74
Metropolitana de Santiago;Servicio de Salud Metropolitano Occidente;Quinta Normal;Centro de Salud Familiar Garín;110325;2;0;8;0.0
Metropolitana de Santiago;Servicio de Salud Metropolitano Occidente;Quinta Normal;Centro de Salud Familiar Garín;110325;3;37;11;336.36
Metropolitana de Santiago;Servicio de Salud Metropolitano Occidente;Quinta Normal;Centro de Salud Familiar Garín;110325;4;27;9;300.0
Metropolitana de Santiago;Servicio de Salud Metropolitano Occidente;Quinta Normal;Centro de Salud Familiar Garín;110325;5;32;14;228.57
Metropolitana de Santiago;Servicio de Salud Metropolitano Occidente;Quinta Normal;Centro de Salud Familiar Garín;110325;6;36;16;225.0
Metropolitana de Santiago;Servicio de Salud Metropolitano Occidente;Quinta Normal;Centro de Salud Familiar Lo Franco;110320;1;21;16;131.25
Metropolitana de Santiago;Servicio de Salud Metropolitano Occidente;Quinta Normal;Centro de Salud Familiar Lo Franco;110320;2;23;16;143.75
Metropolitana de Santiago;Servicio de Salud Metropolitano Occidente;Quinta Normal;Centro de Salud Familiar Lo Franco;110320;3;17;23;73.91
Metropolitana de Santiago;Servicio de Salud Metropolitano Occidente;Quinta Normal;Centro de Salud Familiar Lo Franco;110320;4;11;23;47.83
Metropolitana de Santiago;Servicio de Salud Metropolitano Occidente;Quinta Normal;Centro de Salud Familiar Lo Franco;110320;5;5;18;27.78
Metropolitana de Santiago;Servicio de Salud Metropolitano Occidente;Quinta Normal;Centro de Salud Familiar Lo Franco;110320;6;15;16;93.75
Metropolitana de Santiago;Servicio de Salud Metropolitano Occidente;Renca;CESFAM Cerro Colorado;202205;1;13;26;50.0
Metropolitana de Santiago;Servicio de Salud Metropolitano Occidente;Renca;CESFAM Cerro Colorado;202205;2;13;12;108.33
Metropolitana de Santiago;Servicio de Salud Metropolitano Occidente;Renca;CESFAM Cerro Colorado;202205;3;6;12;50.0
Metropolitana de Santiago;Servicio de Salud Metropolitano Occidente;Renca;CESFAM Cerro Colorado;202205;4;18;13;138.46
Metropolitana de Santiago;Servicio de Salud Metropolitano Occidente;Renca;CESFAM Cerro Colorado;202205;5;5;18;27.78
Metropolitana de Santiago;Servicio de Salud Metropolitano Occidente;Renca;CESFAM Cerro Colorado;202205;6;3;21;14.29
Metropolitana de Santiago;Servicio de Salud Metropolitano Occidente;Renca;Centro de Salud Familiar Bicentenario;110361;1;17;38;44.74
Metropolitana de Santiago;Servicio de Salud Metropolitano Occidente;Renca;Centro de Salud Familiar Bicentenario;110361;2;15;19;78.95
Metropolitana de Santiago;Servicio de Salud Metropolitano Occidente;Renca;Centro de Salud Familiar Bicentenario;110361;3;42;31;135.48
Metropolitana de Santiago;Servicio de Salud Metropolitano Occidente;Renca;Centro de Salud Familiar Bicentenario;110361;4;34;25;136.0
Metropolitana de Santiago;Servicio de Salud Metropolitano Occidente;Renca;Centro de Salud Familiar Bicentenario;110361;5;52;26;200.0
Metropolitana de Santiago;Servicio de Salud Metropolitano Occidente;Renca;Centro de Salud Familiar Bicentenario;110361;6;34;28;121.43
Metropolitana de Santiago;Servicio de Salud Metropolitano Occidente;Renca;Centro de Salud Familiar Dr. Hernán Urzúa Merino;110362;1;12;26;46.15
Metropolitana de Santiago;Servicio de Salud Metropolitano Occidente;Renca;Centro de Salud Familiar Dr. Hernán Urzúa Merino;110362;2;8;21;38.1
Metropolitana de Santiago;Servicio de Salud Metropolitano Occidente;Renca;Centro de Salud Familiar Dr. Hernán Urzúa Merino;110362;3;21;19;110.53
Metropolitana de Santiago;Servicio de Salud Metropolitano Occidente;Renca;Centro de Salud Familiar Dr. Hernán Urzúa Merino;110362;4;12;26;46.15
Metropolitana de Santiago;Servicio de Salud Metropolitano Occidente;Renca;Centro de Salud Familiar Dr. Hernán Urzúa Merino;110362;5;20;21;95.24
Metropolitana de Santiago;Servicio de Salud Metropolitano Occidente;Renca;Centro de Salud Familiar Dr. Hernán Urzúa Merino;110362;6;15;25;60.0
Metropolitana de Santiago;Servicio de Salud Metropolitano Occidente;Renca;Centro de Salud Familiar Huamachuco;110364;1;15;18;83.33
Metropolitana de Santiago;Servicio de Salud Metropolitano Occidente;Renca;Centro de Salud Familiar Huamachuco;110364;2;10;22;45.45
Metropolitana de Santiago;Servicio de Salud Metropolitano Occidente;Renca;Centro de Salud Familiar Huamachuco;110364;3;14;15;93.33
Metropolitana de Santiago;Servicio de Salud Metropolitano Occidente;Renca;Centro de Salud Familiar Huamachuco;110364;4;13;19;68.42
Metropolitana de Santiago;Servicio de Salud Metropolitano Occidente;Renca;Centro de Salud Familiar Huamachuco;110364;5;13;14;92.86
Metropolitana de Santiago;Servicio de Salud Metropolitano Occidente;Renca;Centro de Salud Familiar Huamachuco;110364;6;10;12;83.33
Metropolitana de Santiago;Servicio de Salud Metropolitano Occidente;Renca;Centro de Salud Familiar Renca;110360;1;3;21;14.29
Metropolitana de Santiago;Servicio de Salud Metropolitano Occidente;Renca;Centro de Salud Familiar Renca;110360;2;10;14;71.43
Metropolitana de Santiago;Servicio de Salud Metropolitano Occidente;Renca;Centro de Salud Familiar Renca;110360;3;46;23;200.0
Metropolitana de Santiago;Servicio de Salud Metropolitano Occidente;Renca;Centro de Salud Familiar Renca;110360;4;38;27;140.74
Metropolitana de Santiago;Servicio de Salud Metropolitano Occidente;Renca;Centro de Salud Familiar Renca;110360;5;16;17;94.12
Metropolitana de Santiago;Servicio de Salud Metropolitano Occidente;Renca;Centro de Salud Familiar Renca;110360;6;0;13;0.0
Metropolitana de Santiago;Servicio de Salud Metropolitano Occidente;San Pedro;Centro de Salud Familiar San Pedro;110387;1;0;5;0.0
Metropolitana de Santiago;Servicio de Salud Metropolitano Occidente;San Pedro;Centro de Salud Familiar San Pedro;110387;3;0;8;0.0
Metropolitana de Santiago;Servicio de Salud Metropolitano Occidente;San Pedro;Centro de Salud Familiar San Pedro;110387;4;11;5;220.0
Metropolitana de Santiago;Servicio de Salud Metropolitano Occidente;San Pedro;Centro de Salud Familiar San Pedro;110387;5;0;6;0.0
Metropolitana de Santiago;Servicio de Salud Metropolitano Occidente;San Pedro;Centro de Salud Familiar San Pedro;110387;6;0;8;0.0
Metropolitana de Santiago;Servicio de Salud Metropolitano Occidente;San Pedro;Posta de Salud Rural El Prado;110495;1;0;3;0.0
Metropolitana de Santiago;Servicio de Salud Metropolitano Occidente;San Pedro;Posta de Salud Rural El Prado;110495;4;0;1;0.0
Metropolitana de Santiago;Servicio de Salud Metropolitano Occidente;San Pedro;Posta de Salud Rural El Prado;110495;5;0;1;0.0
Metropolitana de Santiago;Servicio de Salud Metropolitano Occidente;San Pedro;Posta de Salud Rural El Prado;110495;6;0;1;0.0
Metropolitana de Santiago;Servicio de Salud Metropolitano Occidente;San Pedro;Posta de Salud Rural La Manga;110490;1;0;1;0.0
Metropolitana de Santiago;Servicio de Salud Metropolitano Occidente;San Pedro;Posta de Salud Rural Loica;110485;1;0;2;0.0
Metropolitana de Santiago;Servicio de Salud Metropolitano Occidente;San Pedro;Posta de Salud Rural Loica;110485;3;0;1;0.0
Metropolitana de Santiago;Servicio de Salud Metropolitano Occidente;San Pedro;Posta de Salud Rural Loica;110485;4;0;1;0.0
Metropolitana de Santiago;Servicio de Salud Metropolitano Occidente;San Pedro;Posta de Salud Rural Loica;110485;5;0;2;0.0
Metropolitana de Santiago;Servicio de Salud Metropolitano Occidente;San Pedro;Posta de Salud Rural Loica;110485;6;3;2;150.0
Metropolitana de Santiago;Servicio de Salud Metropolitano Occidente;San Pedro;Posta de Salud Rural Nihue;110492;3;0;1;0.0
Metropolitana de Santiago;Servicio de Salud Metropolitano Occidente;San Pedro;Posta de Salud Rural Nihue;110492;4;0;1;0.0
Metropolitana de Santiago;Servicio de Salud Metropolitano Occidente;San Pedro;Posta de Salud Rural Nihue;110492;5;0;3;0.0
Metropolitana de Santiago;Servicio de Salud Metropolitano Occidente;Talagante;Centro Comunitario de Salud Familiar Villa Los Presidentes;200365;1;0;6;0.0
Metropolitana de Santiago;Servicio de Salud Metropolitano Occidente;Talagante;Centro Comunitario de Salud Familiar Villa Los Presidentes;200365;2;0;5;0.0
Metropolitana de Santiago;Servicio de Salud Metropolitano Occidente;Talagante;Centro Comunitario de Salud Familiar Villa Los Presidentes;200365;3;0;5;0.0
Metropolitana de Santiago;Servicio de Salud Metropolitano Occidente;Talagante;Centro Comunitario de Salud Familiar Villa Los Presidentes;200365;4;0;6;0.0
Metropolitana de Santiago;Servicio de Salud Metropolitano Occidente;Talagante;Centro Comunitario de Salud Familiar Villa Los Presidentes;200365;5;0;4;0.0
Metropolitana de Santiago;Servicio de Salud Metropolitano Occidente;Talagante;Centro Comunitario de Salud Familiar Villa Los Presidentes;200365;6;0;5;0.0
Metropolitana de Santiago;Servicio de Salud Metropolitano Occidente;Talagante;Centro de Salud Familiar Dr. Alberto Allende Jones;110390;1;69;29;237.93
Metropolitana de Santiago;Servicio de Salud Metropolitano Occidente;Talagante;Centro de Salud Familiar Dr. Alberto Allende Jones;110390;2;47;25;188.0
Metropolitana de Santiago;Servicio de Salud Metropolitano Occidente;Talagante;Centro de Salud Familiar Dr. Alberto Allende Jones;110390;3;78;53;147.17
Metropolitana de Santiago;Servicio de Salud Metropolitano Occidente;Talagante;Centro de Salud Familiar Dr. Alberto Allende Jones;110390;4;37;51;72.55
Metropolitana de Santiago;Servicio de Salud Metropolitano Occidente;Talagante;Centro de Salud Familiar Dr. Alberto Allende Jones;110390;5;43;27;159.26
Metropolitana de Santiago;Servicio de Salud Metropolitano Occidente;Talagante;Centro de Salud Familiar Dr. Alberto Allende Jones;110390;6;0;29;0.0
Metropolitana de Santiago;Servicio de Salud Metropolitano Occidente;Talagante;Posta de Salud Rural Aliro Cárcarmo (Lonquén);110400;1;0;3;0.0
Metropolitana de Santiago;Servicio de Salud Metropolitano Occidente;Talagante;Posta de Salud Rural Aliro Cárcarmo (Lonquén);110400;2;0;3;0.0
Metropolitana de Santiago;Servicio de Salud Metropolitano Occidente;Talagante;Posta de Salud Rural Aliro Cárcarmo (Lonquén);110400;3;0;3;0.0
Metropolitana de Santiago;Servicio de Salud Metropolitano Occidente;Talagante;Posta de Salud Rural Aliro Cárcarmo (Lonquén);110400;4;0;4;0.0
Metropolitana de Santiago;Servicio de Salud Metropolitano Occidente;Talagante;Posta de Salud Rural Aliro Cárcarmo (Lonquén);110400;5;0;2;0.0
Metropolitana de Santiago;Servicio de Salud Metropolitano Oriente;La Reina;Centro Comunitario de Salud Familiar Dragones de La Reina;112717;1;0;1;0.0
Metropolitana de Santiago;Servicio de Salud Metropolitano Oriente;La Reina;Centro Comunitario de Salud Familiar Dragones de La Reina;112717;2;0;1;0.0
Metropolitana de Santiago;Servicio de Salud Metropolitano Oriente;La Reina;Centro Comunitario de Salud Familiar Dragones de La Reina;112717;3;0;2;0.0
Metropolitana de Santiago;Servicio de Salud Metropolitano Oriente;La Reina;Centro Comunitario de Salud Familiar Dragones de La Reina;112717;4;0;1;0.0
Metropolitana de Santiago;Servicio de Salud Metropolitano Oriente;La Reina;Centro Comunitario de Salud Familiar Dragones de La Reina;112717;5;0;1;0.0
Metropolitana de Santiago;Servicio de Salud Metropolitano Oriente;La Reina;Centro Comunitario de Salud Familiar Dragones de La Reina;112717;6;0;1;0.0
Metropolitana de Santiago;Servicio de Salud Metropolitano Oriente;La Reina;Centro de Salud Familiar Juan Pablo II ( La Reina);112320;1;7;10;70.0
Metropolitana de Santiago;Servicio de Salud Metropolitano Oriente;La Reina;Centro de Salud Familiar Juan Pablo II ( La Reina);112320;2;7;9;77.78
Metropolitana de Santiago;Servicio de Salud Metropolitano Oriente;La Reina;Centro de Salud Familiar Juan Pablo II ( La Reina);112320;3;4;9;44.44
Metropolitana de Santiago;Servicio de Salud Metropolitano Oriente;La Reina;Centro de Salud Familiar Juan Pablo II ( La Reina);112320;4;5;14;35.71
Metropolitana de Santiago;Servicio de Salud Metropolitano Oriente;La Reina;Centro de Salud Familiar Juan Pablo II ( La Reina);112320;5;3;10;30.0
Metropolitana de Santiago;Servicio de Salud Metropolitano Oriente;La Reina;Centro de Salud Familiar Juan Pablo II ( La Reina);112320;6;2;8;25.0
Metropolitana de Santiago;Servicio de Salud Metropolitano Oriente;La Reina;Centro de Salud Familiar Ossandon;112317;1;5;8;62.5
Metropolitana de Santiago;Servicio de Salud Metropolitano Oriente;La Reina;Centro de Salud Familiar Ossandon;112317;2;8;7;114.29
Metropolitana de Santiago;Servicio de Salud Metropolitano Oriente;La Reina;Centro de Salud Familiar Ossandon;112317;3;1;7;14.29
Metropolitana de Santiago;Servicio de Salud Metropolitano Oriente;La Reina;Centro de Salud Familiar Ossandon;112317;4;4;4;100.0
Metropolitana de Santiago;Servicio de Salud Metropolitano Oriente;La Reina;Centro de Salud Familiar Ossandon;112317;5;1;4;25.0
Metropolitana de Santiago;Servicio de Salud Metropolitano Oriente;La Reina;Centro de Salud Familiar Ossandon;112317;6;1;2;50.0
Metropolitana de Santiago;Servicio de Salud Metropolitano Oriente;Las Condes;Centro de Salud Familiar Aníbal Ariztía;112306;1;12;34;35.29
Metropolitana de Santiago;Servicio de Salud Metropolitano Oriente;Las Condes;Centro de Salud Familiar Aníbal Ariztía;112306;2;16;20;80.0
Metropolitana de Santiago;Servicio de Salud Metropolitano Oriente;Las Condes;Centro de Salud Familiar Aníbal Ariztía;112306;3;14;31;45.16
Metropolitana de Santiago;Servicio de Salud Metropolitano Oriente;Las Condes;Centro de Salud Familiar Aníbal Ariztía;112306;4;15;21;71.43
Metropolitana de Santiago;Servicio de Salud Metropolitano Oriente;Las Condes;Centro de Salud Familiar Aníbal Ariztía;112306;5;19;12;158.33
Metropolitana de Santiago;Servicio de Salud Metropolitano Oriente;Las Condes;Centro de Salud Familiar Aníbal Ariztía;112306;6;16;29;55.17
Metropolitana de Santiago;Servicio de Salud Metropolitano Oriente;Las Condes;Centro de Salud Familiar Apoquindo;112304;1;3;7;42.86
Metropolitana de Santiago;Servicio de Salud Metropolitano Oriente;Las Condes;Centro de Salud Familiar Apoquindo;112304;2;1;10;10.0
Metropolitana de Santiago;Servicio de Salud Metropolitano Oriente;Las Condes;Centro de Salud Familiar Apoquindo;112304;3;7;12;58.33
Metropolitana de Santiago;Servicio de Salud Metropolitano Oriente;Las Condes;Centro de Salud Familiar Apoquindo;112304;4;4;6;66.67
Metropolitana de Santiago;Servicio de Salud Metropolitano Oriente;Las Condes;Centro de Salud Familiar Apoquindo;112304;5;5;3;166.67
Metropolitana de Santiago;Servicio de Salud Metropolitano Oriente;Las Condes;Centro de Salud Familiar Apoquindo;112304;6;3;4;75.0
Metropolitana de Santiago;Servicio de Salud Metropolitano Oriente;Lo Barnechea;Centro de Salud Familiar Lo Barnechea;112307;1;22;28;78.57
Metropolitana de Santiago;Servicio de Salud Metropolitano Oriente;Lo Barnechea;Centro de Salud Familiar Lo Barnechea;112307;2;41;21;195.24
Metropolitana de Santiago;Servicio de Salud Metropolitano Oriente;Lo Barnechea;Centro de Salud Familiar Lo Barnechea;112307;3;23;30;76.67
Metropolitana de Santiago;Servicio de Salud Metropolitano Oriente;Lo Barnechea;Centro de Salud Familiar Lo Barnechea;112307;4;18;35;51.43
Metropolitana de Santiago;Servicio de Salud Metropolitano Oriente;Lo Barnechea;Centro de Salud Familiar Lo Barnechea;112307;5;16;22;72.73
Metropolitana de Santiago;Servicio de Salud Metropolitano Oriente;Lo Barnechea;Centro de Salud Familiar Lo Barnechea;112307;6;29;27;107.41
Metropolitana de Santiago;Servicio de Salud Metropolitano Oriente;Macul;Centro de Salud Familiar Félix de Amesti;112312;1;23;17;135.29
Metropolitana de Santiago;Servicio de Salud Metropolitano Oriente;Macul;Centro de Salud Familiar Félix de Amesti;112312;2;8;16;50.0
Metropolitana de Santiago;Servicio de Salud Metropolitano Oriente;Macul;Centro de Salud Familiar Félix de Amesti;112312;3;6;12;50.0
Metropolitana de Santiago;Servicio de Salud Metropolitano Oriente;Macul;Centro de Salud Familiar Félix de Amesti;112312;4;18;18;100.0
Metropolitana de Santiago;Servicio de Salud Metropolitano Oriente;Macul;Centro de Salud Familiar Félix de Amesti;112312;5;11;14;78.57
Metropolitana de Santiago;Servicio de Salud Metropolitano Oriente;Macul;Centro de Salud Familiar Félix de Amesti;112312;6;16;14;114.29
Metropolitana de Santiago;Servicio de Salud Metropolitano Oriente;Macul;Centro de Salud Familiar Padre Alberto Hurtado;112319;1;0;20;0.0
Metropolitana de Santiago;Servicio de Salud Metropolitano Oriente;Macul;Centro de Salud Familiar Padre Alberto Hurtado;112319;2;0;16;0.0
Metropolitana de Santiago;Servicio de Salud Metropolitano Oriente;Macul;Centro de Salud Familiar Padre Alberto Hurtado;112319;3;0;22;0.0
Metropolitana de Santiago;Servicio de Salud Metropolitano Oriente;Macul;Centro de Salud Familiar Padre Alberto Hurtado;112319;4;0;18;0.0
Metropolitana de Santiago;Servicio de Salud Metropolitano Oriente;Macul;Centro de Salud Familiar Padre Alberto Hurtado;112319;5;0;12;0.0
Metropolitana de Santiago;Servicio de Salud Metropolitano Oriente;Macul;Centro de Salud Familiar Padre Alberto Hurtado;112319;6;0;14;0.0
Metropolitana de Santiago;Servicio de Salud Metropolitano Oriente;Macul;Centro de Salud Familiar Santa Julia;112313;1;0;23;0.0
Metropolitana de Santiago;Servicio de Salud Metropolitano Oriente;Macul;Centro de Salud Familiar Santa Julia;112313;2;0;20;0.0
Metropolitana de Santiago;Servicio de Salud Metropolitano Oriente;Macul;Centro de Salud Familiar Santa Julia;112313;3;0;24;0.0
Metropolitana de Santiago;Servicio de Salud Metropolitano Oriente;Macul;Centro de Salud Familiar Santa Julia;112313;4;0;21;0.0
Metropolitana de Santiago;Servicio de Salud Metropolitano Oriente;Macul;Centro de Salud Familiar Santa Julia;112313;5;0;15;0.0
Metropolitana de Santiago;Servicio de Salud Metropolitano Oriente;Macul;Centro de Salud Familiar Santa Julia;112313;6;0;17;0.0
Metropolitana de Santiago;Servicio de Salud Metropolitano Oriente;Peñalolén;Centro Comunitario de Salud Familiar Esperanza Andina;112716;5;0;2;0.0
Metropolitana de Santiago;Servicio de Salud Metropolitano Oriente;Peñalolén;Centro Comunitario de Salud Familiar Esperanza Andina;112716;6;0;5;0.0
Metropolitana de Santiago;Servicio de Salud Metropolitano Oriente;Peñalolén;Centro de Salud Familiar Cardenal Silva Henríquez;112321;1;2;8;25.0
Metropolitana de Santiago;Servicio de Salud Metropolitano Oriente;Peñalolén;Centro de Salud Familiar Cardenal Silva Henríquez;112321;2;3;12;25.0
Metropolitana de Santiago;Servicio de Salud Metropolitano Oriente;Peñalolén;Centro de Salud Familiar Cardenal Silva Henríquez;112321;3;3;13;23.08
Metropolitana de Santiago;Servicio de Salud Metropolitano Oriente;Peñalolén;Centro de Salud Familiar Cardenal Silva Henríquez;112321;4;5;16;31.25
Metropolitana de Santiago;Servicio de Salud Metropolitano Oriente;Peñalolén;Centro de Salud Familiar Cardenal Silva Henríquez;112321;5;4;16;25.0
Metropolitana de Santiago;Servicio de Salud Metropolitano Oriente;Peñalolén;Centro de Salud Familiar Cardenal Silva Henríquez;112321;6;0;14;0.0
Metropolitana de Santiago;Servicio de Salud Metropolitano Oriente;Peñalolén;Centro de Salud Familiar Carol Urzúa Ibáñez;112316;1;17;23;73.91
Metropolitana de Santiago;Servicio de Salud Metropolitano Oriente;Peñalolén;Centro de Salud Familiar Carol Urzúa Ibáñez;112316;2;24;27;88.89
Metropolitana de Santiago;Servicio de Salud Metropolitano Oriente;Peñalolén;Centro de Salud Familiar Carol Urzúa Ibáñez;112316;3;22;20;110.0
Metropolitana de Santiago;Servicio de Salud Metropolitano Oriente;Peñalolén;Centro de Salud Familiar Carol Urzúa Ibáñez;112316;4;20;22;90.91
Metropolitana de Santiago;Servicio de Salud Metropolitano Oriente;Peñalolén;Centro de Salud Familiar Carol Urzúa Ibáñez;112316;5;17;19;89.47
Metropolitana de Santiago;Servicio de Salud Metropolitano Oriente;Peñalolén;Centro de Salud Familiar Carol Urzúa Ibáñez;112316;6;19;26;73.08
Metropolitana de Santiago;Servicio de Salud Metropolitano Oriente;Peñalolén;Centro de Salud Familiar La Faena;112314;1;36;22;163.64
Metropolitana de Santiago;Servicio de Salud Metropolitano Oriente;Peñalolén;Centro de Salud Familiar La Faena;112314;2;0;20;0.0
Metropolitana de Santiago;Servicio de Salud Metropolitano Oriente;Peñalolén;Centro de Salud Familiar La Faena;112314;3;0;27;0.0
Metropolitana de Santiago;Servicio de Salud Metropolitano Oriente;Peñalolén;Centro de Salud Familiar La Faena;112314;4;27;17;158.82
Metropolitana de Santiago;Servicio de Salud Metropolitano Oriente;Peñalolén;Centro de Salud Familiar La Faena;112314;5;0;16;0.0
Metropolitana de Santiago;Servicio de Salud Metropolitano Oriente;Peñalolén;Centro de Salud Familiar La Faena;112314;6;21;20;105.0
Metropolitana de Santiago;Servicio de Salud Metropolitano Oriente;Peñalolén;Centro de Salud Familiar Las Torres;201112;1;18;14;128.57
Metropolitana de Santiago;Servicio de Salud Metropolitano Oriente;Peñalolén;Centro de Salud Familiar Las Torres;201112;2;11;15;73.33
Metropolitana de Santiago;Servicio de Salud Metropolitano Oriente;Peñalolén;Centro de Salud Familiar Las Torres;201112;3;21;19;110.53
Metropolitana de Santiago;Servicio de Salud Metropolitano Oriente;Peñalolén;Centro de Salud Familiar Las Torres;201112;4;15;18;83.33
Metropolitana de Santiago;Servicio de Salud Metropolitano Oriente;Peñalolén;Centro de Salud Familiar Las Torres;201112;5;15;19;78.95
Metropolitana de Santiago;Servicio de Salud Metropolitano Oriente;Peñalolén;Centro de Salud Familiar Las Torres;201112;6;21;15;140.0
Metropolitana de Santiago;Servicio de Salud Metropolitano Oriente;Peñalolén;Centro de Salud Familiar Lo Hermida;112318;1;6;11;54.55
Metropolitana de Santiago;Servicio de Salud Metropolitano Oriente;Peñalolén;Centro de Salud Familiar Lo Hermida;112318;2;6;20;30.0
Metropolitana de Santiago;Servicio de Salud Metropolitano Oriente;Peñalolén;Centro de Salud Familiar Lo Hermida;112318;3;9;20;45.0
Metropolitana de Santiago;Servicio de Salud Metropolitano Oriente;Peñalolén;Centro de Salud Familiar Lo Hermida;112318;4;7;19;36.84
Metropolitana de Santiago;Servicio de Salud Metropolitano Oriente;Peñalolén;Centro de Salud Familiar Lo Hermida;112318;5;4;21;19.05
Metropolitana de Santiago;Servicio de Salud Metropolitano Oriente;Peñalolén;Centro de Salud Familiar Lo Hermida;112318;6;7;20;35.0
Metropolitana de Santiago;Servicio de Salud Metropolitano Oriente;Peñalolén;Centro de Salud Familiar Padre Gerardo Whelan;112322;1;9;20;45.0
Metropolitana de Santiago;Servicio de Salud Metropolitano Oriente;Peñalolén;Centro de Salud Familiar Padre Gerardo Whelan;112322;2;14;18;77.78
Metropolitana de Santiago;Servicio de Salud Metropolitano Oriente;Peñalolén;Centro de Salud Familiar Padre Gerardo Whelan;112322;3;11;25;44.0
Metropolitana de Santiago;Servicio de Salud Metropolitano Oriente;Peñalolén;Centro de Salud Familiar Padre Gerardo Whelan;112322;4;8;17;47.06
Metropolitana de Santiago;Servicio de Salud Metropolitano Oriente;Peñalolén;Centro de Salud Familiar Padre Gerardo Whelan;112322;5;2;17;11.76
Metropolitana de Santiago;Servicio de Salud Metropolitano Oriente;Peñalolén;Centro de Salud Familiar Padre Gerardo Whelan;112322;6;10;20;50.0
Metropolitana de Santiago;Servicio de Salud Metropolitano Oriente;Peñalolén;Centro de Salud Familiar San Luis;112315;1;4;16;25.0
Metropolitana de Santiago;Servicio de Salud Metropolitano Oriente;Peñalolén;Centro de Salud Familiar San Luis;112315;2;1;8;12.5
Metropolitana de Santiago;Servicio de Salud Metropolitano Oriente;Peñalolén;Centro de Salud Familiar San Luis;112315;3;2;14;14.29
Metropolitana de Santiago;Servicio de Salud Metropolitano Oriente;Peñalolén;Centro de Salud Familiar San Luis;112315;4;6;10;60.0
Metropolitana de Santiago;Servicio de Salud Metropolitano Oriente;Peñalolén;Centro de Salud Familiar San Luis;112315;5;20;5;400.0
Metropolitana de Santiago;Servicio de Salud Metropolitano Oriente;Peñalolén;Centro de Salud Familiar San Luis;112315;6;20;19;105.26
Metropolitana de Santiago;Servicio de Salud Metropolitano Oriente;Providencia;Centro Comunitario de Salud Familiar Andacollo;200265;1;0;1;0.0
Metropolitana de Santiago;Servicio de Salud Metropolitano Oriente;Providencia;Centro Comunitario de Salud Familiar Andacollo;200265;2;0;1;0.0
Metropolitana de Santiago;Servicio de Salud Metropolitano Oriente;Providencia;Centro Comunitario de Salud Familiar Andacollo;200265;3;0;1;0.0
Metropolitana de Santiago;Servicio de Salud Metropolitano Oriente;Providencia;Centro Comunitario de Salud Familiar Andacollo;200265;4;0;1;0.0
Metropolitana de Santiago;Servicio de Salud Metropolitano Oriente;Providencia;Centro Comunitario de Salud Familiar Elena Caffarena;200037;1;0;6;0.0
Metropolitana de Santiago;Servicio de Salud Metropolitano Oriente;Providencia;Centro Comunitario de Salud Familiar Elena Caffarena;200037;2;0;6;0.0
Metropolitana de Santiago;Servicio de Salud Metropolitano Oriente;Providencia;Centro Comunitario de Salud Familiar Elena Caffarena;200037;3;0;6;0.0
Metropolitana de Santiago;Servicio de Salud Metropolitano Oriente;Providencia;Centro Comunitario de Salud Familiar Elena Caffarena;200037;4;0;8;0.0
Metropolitana de Santiago;Servicio de Salud Metropolitano Oriente;Providencia;Centro Comunitario de Salud Familiar Elena Caffarena;200037;5;0;5;0.0
Metropolitana de Santiago;Servicio de Salud Metropolitano Oriente;Providencia;Centro Comunitario de Salud Familiar Elena Caffarena;200037;6;0;7;0.0
Metropolitana de Santiago;Servicio de Salud Metropolitano Oriente;Providencia;Centro de Salud Familiar Aguilucho;112303;1;9;11;81.82
Metropolitana de Santiago;Servicio de Salud Metropolitano Oriente;Providencia;Centro de Salud Familiar Aguilucho;112303;2;7;4;175.0
Metropolitana de Santiago;Servicio de Salud Metropolitano Oriente;Providencia;Centro de Salud Familiar Aguilucho;112303;3;11;6;183.33
Metropolitana de Santiago;Servicio de Salud Metropolitano Oriente;Providencia;Centro de Salud Familiar Aguilucho;112303;4;3;8;37.5
Metropolitana de Santiago;Servicio de Salud Metropolitano Oriente;Providencia;Centro de Salud Familiar Aguilucho;112303;5;0;11;0.0
Metropolitana de Santiago;Servicio de Salud Metropolitano Oriente;Providencia;Centro de Salud Familiar Aguilucho;112303;6;6;2;300.0
Metropolitana de Santiago;Servicio de Salud Metropolitano Oriente;Providencia;Centro de Salud Familiar Dr. Alfonso Leng;112302;1;0;11;0.0
Metropolitana de Santiago;Servicio de Salud Metropolitano Oriente;Providencia;Centro de Salud Familiar Dr. Alfonso Leng;112302;2;8;12;66.67
Metropolitana de Santiago;Servicio de Salud Metropolitano Oriente;Providencia;Centro de Salud Familiar Dr. Alfonso Leng;112302;3;34;17;200.0
Metropolitana de Santiago;Servicio de Salud Metropolitano Oriente;Providencia;Centro de Salud Familiar Dr. Alfonso Leng;112302;4;0;15;0.0
Metropolitana de Santiago;Servicio de Salud Metropolitano Oriente;Providencia;Centro de Salud Familiar Dr. Alfonso Leng;112302;5;35;8;437.5
Metropolitana de Santiago;Servicio de Salud Metropolitano Oriente;Providencia;Centro de Salud Familiar Dr. Alfonso Leng;112302;6;26;12;216.67
Metropolitana de Santiago;Servicio de Salud Metropolitano Oriente;Providencia;Centro de Salud Familiar Dr. Hernán Alessandri;112301;1;4;9;44.44
Metropolitana de Santiago;Servicio de Salud Metropolitano Oriente;Providencia;Centro de Salud Familiar Dr. Hernán Alessandri;112301;2;10;8;125.0
Metropolitana de Santiago;Servicio de Salud Metropolitano Oriente;Providencia;Centro de Salud Familiar Dr. Hernán Alessandri;112301;3;0;5;0.0
Metropolitana de Santiago;Servicio de Salud Metropolitano Oriente;Providencia;Centro de Salud Familiar Dr. Hernán Alessandri;112301;4;7;1;700.0
Metropolitana de Santiago;Servicio de Salud Metropolitano Oriente;Providencia;Centro de Salud Familiar Dr. Hernán Alessandri;112301;5;1;2;50.0
Metropolitana de Santiago;Servicio de Salud Metropolitano Oriente;Providencia;Centro de Salud Familiar Dr. Hernán Alessandri;112301;6;0;8;0.0
Metropolitana de Santiago;Servicio de Salud Metropolitano Oriente;Vitacura;Centro de Salud Familiar Vitacura;112309;1;3;6;50.0
Metropolitana de Santiago;Servicio de Salud Metropolitano Oriente;Vitacura;Centro de Salud Familiar Vitacura;112309;2;3;4;75.0
Metropolitana de Santiago;Servicio de Salud Metropolitano Oriente;Vitacura;Centro de Salud Familiar Vitacura;112309;3;3;5;60.0
Metropolitana de Santiago;Servicio de Salud Metropolitano Oriente;Vitacura;Centro de Salud Familiar Vitacura;112309;4;2;1;200.0
Metropolitana de Santiago;Servicio de Salud Metropolitano Oriente;Vitacura;Centro de Salud Familiar Vitacura;112309;5;3;4;75.0
Metropolitana de Santiago;Servicio de Salud Metropolitano Oriente;Vitacura;Centro de Salud Familiar Vitacura;112309;6;7;8;87.5
Metropolitana de Santiago;Servicio de Salud Metropolitano Oriente;Ñuñoa;Centro Comunitario de Salud Familiar Amapolas;200389;1;0;1;0.0
Metropolitana de Santiago;Servicio de Salud Metropolitano Oriente;Ñuñoa;Centro Comunitario de Salud Familiar Amapolas;200389;2;0;2;0.0
Metropolitana de Santiago;Servicio de Salud Metropolitano Oriente;Ñuñoa;Centro Comunitario de Salud Familiar Amapolas;200389;3;0;1;0.0
Metropolitana de Santiago;Servicio de Salud Metropolitano Oriente;Ñuñoa;Centro Comunitario de Salud Familiar Amapolas;200389;4;0;3;0.0
Metropolitana de Santiago;Servicio de Salud Metropolitano Oriente;Ñuñoa;Centro Comunitario de Salud Familiar Amapolas;200389;5;0;3;0.0
Metropolitana de Santiago;Servicio de Salud Metropolitano Oriente;Ñuñoa;Centro Comunitario de Salud Familiar Amapolas;200389;6;0;1;0.0
Metropolitana de Santiago;Servicio de Salud Metropolitano Oriente;Ñuñoa;Centro Comunitario de Salud Familiar Villa Olímpica;200236;1;0;3;0.0
Metropolitana de Santiago;Servicio de Salud Metropolitano Oriente;Ñuñoa;Centro Comunitario de Salud Familiar Villa Olímpica;200236;2;0;4;0.0
Metropolitana de Santiago;Servicio de Salud Metropolitano Oriente;Ñuñoa;Centro Comunitario de Salud Familiar Villa Olímpica;200236;3;0;12;0.0
Metropolitana de Santiago;Servicio de Salud Metropolitano Oriente;Ñuñoa;Centro Comunitario de Salud Familiar Villa Olímpica;200236;4;0;4;0.0
Metropolitana de Santiago;Servicio de Salud Metropolitano Oriente;Ñuñoa;Centro Comunitario de Salud Familiar Villa Olímpica;200236;5;0;4;0.0
Metropolitana de Santiago;Servicio de Salud Metropolitano Oriente;Ñuñoa;Centro Comunitario de Salud Familiar Villa Olímpica;200236;6;0;8;0.0
Metropolitana de Santiago;Servicio de Salud Metropolitano Oriente;Ñuñoa;Centro de Salud Familiar Rosita Renard;112310;1;7;23;30.43
Metropolitana de Santiago;Servicio de Salud Metropolitano Oriente;Ñuñoa;Centro de Salud Familiar Rosita Renard;112310;2;19;20;95.0
Metropolitana de Santiago;Servicio de Salud Metropolitano Oriente;Ñuñoa;Centro de Salud Familiar Rosita Renard;112310;3;15;21;71.43
Metropolitana de Santiago;Servicio de Salud Metropolitano Oriente;Ñuñoa;Centro de Salud Familiar Rosita Renard;112310;4;11;32;34.38
Metropolitana de Santiago;Servicio de Salud Metropolitano Oriente;Ñuñoa;Centro de Salud Familiar Rosita Renard;112310;5;18;25;72.0
Metropolitana de Santiago;Servicio de Salud Metropolitano Oriente;Ñuñoa;Centro de Salud Familiar Rosita Renard;112310;6;11;28;39.29
Metropolitana de Santiago;Servicio de Salud Metropolitano Oriente;Ñuñoa;Centro de Salud Familiar Salvador Bustos;112311;1;19;17;111.76
Metropolitana de Santiago;Servicio de Salud Metropolitano Oriente;Ñuñoa;Centro de Salud Familiar Salvador Bustos;112311;2;12;18;66.67
Metropolitana de Santiago;Servicio de Salud Metropolitano Oriente;Ñuñoa;Centro de Salud Familiar Salvador Bustos;112311;3;21;21;100.0
Metropolitana de Santiago;Servicio de Salud Metropolitano Oriente;Ñuñoa;Centro de Salud Familiar Salvador Bustos;112311;4;17;17;100.0
Metropolitana de Santiago;Servicio de Salud Metropolitano Oriente;Ñuñoa;Centro de Salud Familiar Salvador Bustos;112311;5;13;11;118.18
Metropolitana de Santiago;Servicio de Salud Metropolitano Oriente;Ñuñoa;Centro de Salud Familiar Salvador Bustos;112311;6;34;17;200.0
Metropolitana de Santiago;Servicio de Salud Metropolitano Sur;Buin;Centro Comunitario de Salud Familiar Dr. Héctor García;113790;1;0;11;0.0
Metropolitana de Santiago;Servicio de Salud Metropolitano Sur;Buin;Centro Comunitario de Salud Familiar Dr. Héctor García;113790;2;0;1;0.0
Metropolitana de Santiago;Servicio de Salud Metropolitano Sur;Buin;Centro Comunitario de Salud Familiar Dr. Héctor García;113790;3;0;8;0.0
Metropolitana de Santiago;Servicio de Salud Metropolitano Sur;Buin;Centro Comunitario de Salud Familiar Dr. Héctor García;113790;4;0;11;0.0
Metropolitana de Santiago;Servicio de Salud Metropolitano Sur;Buin;Centro Comunitario de Salud Familiar Dr. Héctor García;113790;5;0;7;0.0
Metropolitana de Santiago;Servicio de Salud Metropolitano Sur;Buin;Centro Comunitario de Salud Familiar Dr. Héctor García;113790;6;0;9;0.0
Metropolitana de Santiago;Servicio de Salud Metropolitano Sur;Buin;Centro Comunitario de Salud Familiar Dr. Ramón Galindo;113402;1;0;8;0.0
Metropolitana de Santiago;Servicio de Salud Metropolitano Sur;Buin;Centro Comunitario de Salud Familiar Dr. Ramón Galindo;113402;2;0;4;0.0
Metropolitana de Santiago;Servicio de Salud Metropolitano Sur;Buin;Centro Comunitario de Salud Familiar Dr. Ramón Galindo;113402;3;1;2;50.0
Metropolitana de Santiago;Servicio de Salud Metropolitano Sur;Buin;Centro Comunitario de Salud Familiar Dr. Ramón Galindo;113402;4;4;5;80.0
Metropolitana de Santiago;Servicio de Salud Metropolitano Sur;Buin;Centro Comunitario de Salud Familiar Dr. Ramón Galindo;113402;5;3;4;75.0
Metropolitana de Santiago;Servicio de Salud Metropolitano Sur;Buin;Centro Comunitario de Salud Familiar Dr. Ramón Galindo;113402;6;2;3;66.67
Metropolitana de Santiago;Servicio de Salud Metropolitano Sur;Buin;Centro de Salud Familiar Alto Jahuel;113333;1;0;8;0.0
Metropolitana de Santiago;Servicio de Salud Metropolitano Sur;Buin;Centro de Salud Familiar Alto Jahuel;113333;2;4;2;200.0
Metropolitana de Santiago;Servicio de Salud Metropolitano Sur;Buin;Centro de Salud Familiar Alto Jahuel;113333;3;0;9;0.0
Metropolitana de Santiago;Servicio de Salud Metropolitano Sur;Buin;Centro de Salud Familiar Alto Jahuel;113333;4;2;3;66.67
Metropolitana de Santiago;Servicio de Salud Metropolitano Sur;Buin;Centro de Salud Familiar Alto Jahuel;113333;5;0;12;0.0
Metropolitana de Santiago;Servicio de Salud Metropolitano Sur;Buin;Centro de Salud Familiar Alto Jahuel;113333;6;1;6;16.67
Metropolitana de Santiago;Servicio de Salud Metropolitano Sur;Buin;Centro de Salud Familiar Dr. Héctor García;113390;1;6;23;26.09
Metropolitana de Santiago;Servicio de Salud Metropolitano Sur;Buin;Centro de Salud Familiar Dr. Héctor García;113390;2;12;26;46.15
Metropolitana de Santiago;Servicio de Salud Metropolitano Sur;Buin;Centro de Salud Familiar Dr. Héctor García;113390;3;16;29;55.17
Metropolitana de Santiago;Servicio de Salud Metropolitano Sur;Buin;Centro de Salud Familiar Dr. Héctor García;113390;4;12;20;60.0
Metropolitana de Santiago;Servicio de Salud Metropolitano Sur;Buin;Centro de Salud Familiar Dr. Héctor García;113390;5;9;29;31.03
Metropolitana de Santiago;Servicio de Salud Metropolitano Sur;Buin;Centro de Salud Familiar Dr. Héctor García;113390;6;8;26;30.77
Metropolitana de Santiago;Servicio de Salud Metropolitano Sur;Buin;Centro de Salud Familiar Maipo;113320;1;0;8;0.0
Metropolitana de Santiago;Servicio de Salud Metropolitano Sur;Buin;Centro de Salud Familiar Maipo;113320;2;0;10;0.0
Metropolitana de Santiago;Servicio de Salud Metropolitano Sur;Buin;Centro de Salud Familiar Maipo;113320;3;5;27;18.52
Metropolitana de Santiago;Servicio de Salud Metropolitano Sur;Buin;Centro de Salud Familiar Maipo;113320;4;0;17;0.0
Metropolitana de Santiago;Servicio de Salud Metropolitano Sur;Buin;Centro de Salud Familiar Maipo;113320;5;11;14;78.57
Metropolitana de Santiago;Servicio de Salud Metropolitano Sur;Buin;Centro de Salud Familiar Maipo;113320;6;0;11;0.0
Metropolitana de Santiago;Servicio de Salud Metropolitano Sur;Buin;Hospital San Luis (Buin);113150;5;3;0;
Metropolitana de Santiago;Servicio de Salud Metropolitano Sur;Buin;Posta de Salud Rural El Recurso;113406;1;2;0;
Metropolitana de Santiago;Servicio de Salud Metropolitano Sur;Buin;Posta de Salud Rural El Recurso;113406;2;0;1;0.0
Metropolitana de Santiago;Servicio de Salud Metropolitano Sur;Buin;Posta de Salud Rural El Recurso;113406;3;0;2;0.0
Metropolitana de Santiago;Servicio de Salud Metropolitano Sur;Buin;Posta de Salud Rural El Recurso;113406;4;2;0;
Metropolitana de Santiago;Servicio de Salud Metropolitano Sur;Buin;Posta de Salud Rural El Recurso;113406;5;2;0;
Metropolitana de Santiago;Servicio de Salud Metropolitano Sur;Buin;Posta de Salud Rural El Recurso;113406;6;0;4;0.0
Metropolitana de Santiago;Servicio de Salud Metropolitano Sur;Buin;Posta de Salud Rural Los Morros;113407;1;1;1;100.0
Metropolitana de Santiago;Servicio de Salud Metropolitano Sur;Buin;Posta de Salud Rural Los Morros;113407;2;1;2;50.0
Metropolitana de Santiago;Servicio de Salud Metropolitano Sur;Buin;Posta de Salud Rural Los Morros;113407;4;4;4;100.0
Metropolitana de Santiago;Servicio de Salud Metropolitano Sur;Buin;Posta de Salud Rural Los Morros;113407;5;0;2;0.0
Metropolitana de Santiago;Servicio de Salud Metropolitano Sur;Buin;Posta de Salud Rural Los Morros;113407;6;6;1;600.0
Metropolitana de Santiago;Servicio de Salud Metropolitano Sur;Buin;Posta de Salud Rural Valdivia de Paine;113404;1;0;1;0.0
Metropolitana de Santiago;Servicio de Salud Metropolitano Sur;Buin;Posta de Salud Rural Valdivia de Paine;113404;4;0;2;0.0
Metropolitana de Santiago;Servicio de Salud Metropolitano Sur;Buin;Posta de Salud Rural Valdivia de Paine;113404;6;0;4;0.0
Metropolitana de Santiago;Servicio de Salud Metropolitano Sur;Buin;Posta de Salud Rural Viluco;113405;1;0;2;0.0
Metropolitana de Santiago;Servicio de Salud Metropolitano Sur;Buin;Posta de Salud Rural Viluco;113405;2;0;6;0.0
Metropolitana de Santiago;Servicio de Salud Metropolitano Sur;Buin;Posta de Salud Rural Viluco;113405;3;0;3;0.0
Metropolitana de Santiago;Servicio de Salud Metropolitano Sur;Buin;Posta de Salud Rural Viluco;113405;4;0;7;0.0
Metropolitana de Santiago;Servicio de Salud Metropolitano Sur;Buin;Posta de Salud Rural Viluco;113405;5;0;3;0.0
Metropolitana de Santiago;Servicio de Salud Metropolitano Sur;Buin;Posta de Salud Rural Viluco;113405;6;0;3;0.0
Metropolitana de Santiago;Servicio de Salud Metropolitano Sur;Calera de Tango;Centro de Salud Familiar Calera de Tango;113321;1;0;7;0.0
Metropolitana de Santiago;Servicio de Salud Metropolitano Sur;Calera de Tango;Centro de Salud Familiar Calera de Tango;113321;2;0;4;0.0
Metropolitana de Santiago;Servicio de Salud Metropolitano Sur;Calera de Tango;Centro de Salud Familiar Calera de Tango;113321;3;2;2;100.0
Metropolitana de Santiago;Servicio de Salud Metropolitano Sur;Calera de Tango;Centro de Salud Familiar Calera de Tango;113321;4;4;4;100.0
Metropolitana de Santiago;Servicio de Salud Metropolitano Sur;Calera de Tango;Centro de Salud Familiar Calera de Tango;113321;5;4;0;
Metropolitana de Santiago;Servicio de Salud Metropolitano Sur;Calera de Tango;Centro de Salud Familiar Calera de Tango;113321;6;3;7;42.86
Metropolitana de Santiago;Servicio de Salud Metropolitano Sur;Calera de Tango;Centro de Salud Familiar Los Bajos de San Agustín;113334;1;2;10;20.0
Metropolitana de Santiago;Servicio de Salud Metropolitano Sur;Calera de Tango;Centro de Salud Familiar Los Bajos de San Agustín;113334;2;11;9;122.22
Metropolitana de Santiago;Servicio de Salud Metropolitano Sur;Calera de Tango;Centro de Salud Familiar Los Bajos de San Agustín;113334;3;4;8;50.0
Metropolitana de Santiago;Servicio de Salud Metropolitano Sur;Calera de Tango;Centro de Salud Familiar Los Bajos de San Agustín;113334;4;13;12;108.33
Metropolitana de Santiago;Servicio de Salud Metropolitano Sur;Calera de Tango;Centro de Salud Familiar Los Bajos de San Agustín;113334;5;15;5;300.0
Metropolitana de Santiago;Servicio de Salud Metropolitano Sur;Calera de Tango;Centro de Salud Familiar Los Bajos de San Agustín;113334;6;13;6;216.67
Metropolitana de Santiago;Servicio de Salud Metropolitano Sur;El Bosque;Centro Comunitario de Salud Familiar Los Sauces;200962;1;0;1;0.0
Metropolitana de Santiago;Servicio de Salud Metropolitano Sur;El Bosque;Centro Comunitario de Salud Familiar Los Sauces;200962;2;0;1;0.0
Metropolitana de Santiago;Servicio de Salud Metropolitano Sur;El Bosque;Centro Comunitario de Salud Familiar Los Sauces;200962;3;0;3;0.0
Metropolitana de Santiago;Servicio de Salud Metropolitano Sur;El Bosque;Centro Comunitario de Salud Familiar Los Sauces;200962;4;0;3;0.0
Metropolitana de Santiago;Servicio de Salud Metropolitano Sur;El Bosque;Centro Comunitario de Salud Familiar Los Sauces;200962;5;0;1;0.0
Metropolitana de Santiago;Servicio de Salud Metropolitano Sur;El Bosque;Centro Comunitario de Salud Familiar Los Sauces;200962;6;0;4;0.0
Metropolitana de Santiago;Servicio de Salud Metropolitano Sur;El Bosque;Centro Comunitario de Salud Familiar Santa Laura;113717;1;0;3;0.0
Metropolitana de Santiago;Servicio de Salud Metropolitano Sur;El Bosque;Centro Comunitario de Salud Familiar Santa Laura;113717;2;1;2;50.0
Metropolitana de Santiago;Servicio de Salud Metropolitano Sur;El Bosque;Centro Comunitario de Salud Familiar Santa Laura;113717;3;0;1;0.0
Metropolitana de Santiago;Servicio de Salud Metropolitano Sur;El Bosque;Centro Comunitario de Salud Familiar Santa Laura;113717;4;0;3;0.0
Metropolitana de Santiago;Servicio de Salud Metropolitano Sur;El Bosque;Centro Comunitario de Salud Familiar Santa Laura;113717;5;0;4;0.0
Metropolitana de Santiago;Servicio de Salud Metropolitano Sur;El Bosque;Centro Comunitario de Salud Familiar Santa Laura;113717;6;0;1;0.0
Metropolitana de Santiago;Servicio de Salud Metropolitano Sur;El Bosque;Centro de Salud Familiar Canciller Orlando Letelier;113329;1;0;15;0.0
Metropolitana de Santiago;Servicio de Salud Metropolitano Sur;El Bosque;Centro de Salud Familiar Canciller Orlando Letelier;113329;2;6;12;50.0
Metropolitana de Santiago;Servicio de Salud Metropolitano Sur;El Bosque;Centro de Salud Familiar Canciller Orlando Letelier;113329;3;0;15;0.0
Metropolitana de Santiago;Servicio de Salud Metropolitano Sur;El Bosque;Centro de Salud Familiar Canciller Orlando Letelier;113329;4;3;22;13.64
Metropolitana de Santiago;Servicio de Salud Metropolitano Sur;El Bosque;Centro de Salud Familiar Canciller Orlando Letelier;113329;5;13;16;81.25
Metropolitana de Santiago;Servicio de Salud Metropolitano Sur;El Bosque;Centro de Salud Familiar Canciller Orlando Letelier;113329;6;6;15;40.0
Metropolitana de Santiago;Servicio de Salud Metropolitano Sur;El Bosque;Centro de Salud Familiar Cóndores de Chile;113314;1;5;16;31.25
Metropolitana de Santiago;Servicio de Salud Metropolitano Sur;El Bosque;Centro de Salud Familiar Cóndores de Chile;113314;2;2;10;20.0
Metropolitana de Santiago;Servicio de Salud Metropolitano Sur;El Bosque;Centro de Salud Familiar Cóndores de Chile;113314;3;4;19;21.05
Metropolitana de Santiago;Servicio de Salud Metropolitano Sur;El Bosque;Centro de Salud Familiar Cóndores de Chile;113314;4;4;8;50.0
Metropolitana de Santiago;Servicio de Salud Metropolitano Sur;El Bosque;Centro de Salud Familiar Cóndores de Chile;113314;5;4;10;40.0
Metropolitana de Santiago;Servicio de Salud Metropolitano Sur;El Bosque;Centro de Salud Familiar Cóndores de Chile;113314;6;4;15;26.67
Metropolitana de Santiago;Servicio de Salud Metropolitano Sur;El Bosque;Centro de Salud Familiar Dr. Carlos Lorca Tobar;113312;1;6;29;20.69
Metropolitana de Santiago;Servicio de Salud Metropolitano Sur;El Bosque;Centro de Salud Familiar Dr. Carlos Lorca Tobar;113312;2;7;16;43.75
Metropolitana de Santiago;Servicio de Salud Metropolitano Sur;El Bosque;Centro de Salud Familiar Dr. Carlos Lorca Tobar;113312;3;8;13;61.54
Metropolitana de Santiago;Servicio de Salud Metropolitano Sur;El Bosque;Centro de Salud Familiar Dr. Carlos Lorca Tobar;113312;4;12;18;66.67
Metropolitana de Santiago;Servicio de Salud Metropolitano Sur;El Bosque;Centro de Salud Familiar Dr. Carlos Lorca Tobar;113312;5;8;16;50.0
Metropolitana de Santiago;Servicio de Salud Metropolitano Sur;El Bosque;Centro de Salud Familiar Dr. Carlos Lorca Tobar;113312;6;9;24;37.5
Metropolitana de Santiago;Servicio de Salud Metropolitano Sur;El Bosque;Centro de Salud Familiar Dr. Mario Salcedo;113323;1;10;23;43.48
Metropolitana de Santiago;Servicio de Salud Metropolitano Sur;El Bosque;Centro de Salud Familiar Dr. Mario Salcedo;113323;2;17;21;80.95
Metropolitana de Santiago;Servicio de Salud Metropolitano Sur;El Bosque;Centro de Salud Familiar Dr. Mario Salcedo;113323;3;12;23;52.17
Metropolitana de Santiago;Servicio de Salud Metropolitano Sur;El Bosque;Centro de Salud Familiar Dr. Mario Salcedo;113323;4;13;10;130.0
Metropolitana de Santiago;Servicio de Salud Metropolitano Sur;El Bosque;Centro de Salud Familiar Dr. Mario Salcedo;113323;5;14;9;155.56
Metropolitana de Santiago;Servicio de Salud Metropolitano Sur;El Bosque;Centro de Salud Familiar Dr. Mario Salcedo;113323;6;9;16;56.25
Metropolitana de Santiago;Servicio de Salud Metropolitano Sur;El Bosque;Centro de Salud Familiar Dra. Haydeé López Casoou;113324;1;1;14;7.14
Metropolitana de Santiago;Servicio de Salud Metropolitano Sur;El Bosque;Centro de Salud Familiar Dra. Haydeé López Casoou;113324;2;2;14;14.29
Metropolitana de Santiago;Servicio de Salud Metropolitano Sur;El Bosque;Centro de Salud Familiar Dra. Haydeé López Casoou;113324;4;2;35;5.71
Metropolitana de Santiago;Servicio de Salud Metropolitano Sur;El Bosque;Centro de Salud Familiar Dra. Haydeé López Casoou;113324;5;0;16;0.0
Metropolitana de Santiago;Servicio de Salud Metropolitano Sur;El Bosque;Centro de Salud Familiar Dra. Haydeé López Casoou;113324;6;0;11;0.0
Metropolitana de Santiago;Servicio de Salud Metropolitano Sur;El Bosque;Centro de Salud Familiar Santa Laura;113317;1;0;14;0.0
Metropolitana de Santiago;Servicio de Salud Metropolitano Sur;El Bosque;Centro de Salud Familiar Santa Laura;113317;2;0;11;0.0
Metropolitana de Santiago;Servicio de Salud Metropolitano Sur;El Bosque;Centro de Salud Familiar Santa Laura;113317;3;1;16;6.25
Metropolitana de Santiago;Servicio de Salud Metropolitano Sur;El Bosque;Centro de Salud Familiar Santa Laura;113317;4;5;20;25.0
Metropolitana de Santiago;Servicio de Salud Metropolitano Sur;El Bosque;Centro de Salud Familiar Santa Laura;113317;5;4;16;25.0
Metropolitana de Santiago;Servicio de Salud Metropolitano Sur;El Bosque;Centro de Salud Familiar Santa Laura;113317;6;14;13;107.69
Metropolitana de Santiago;Servicio de Salud Metropolitano Sur;La Cisterna;Centro Comunitario de Salud Familiar Eduardo Frei Montalva;200360;1;0;2;0.0
Metropolitana de Santiago;Servicio de Salud Metropolitano Sur;La Cisterna;Centro Comunitario de Salud Familiar Eduardo Frei Montalva;200360;2;0;2;0.0
Metropolitana de Santiago;Servicio de Salud Metropolitano Sur;La Cisterna;Centro Comunitario de Salud Familiar Eduardo Frei Montalva;200360;3;0;6;0.0
Metropolitana de Santiago;Servicio de Salud Metropolitano Sur;La Cisterna;Centro Comunitario de Salud Familiar Eduardo Frei Montalva;200360;4;0;1;0.0
Metropolitana de Santiago;Servicio de Salud Metropolitano Sur;La Cisterna;Centro Comunitario de Salud Familiar Eduardo Frei Montalva;200360;5;0;1;0.0
Metropolitana de Santiago;Servicio de Salud Metropolitano Sur;La Cisterna;Centro de Salud Familiar Eduardo Frei Montalva;113326;1;11;24;45.83
Metropolitana de Santiago;Servicio de Salud Metropolitano Sur;La Cisterna;Centro de Salud Familiar Eduardo Frei Montalva;113326;2;15;22;68.18
Metropolitana de Santiago;Servicio de Salud Metropolitano Sur;La Cisterna;Centro de Salud Familiar Eduardo Frei Montalva;113326;3;0;31;0.0
Metropolitana de Santiago;Servicio de Salud Metropolitano Sur;La Cisterna;Centro de Salud Familiar Eduardo Frei Montalva;113326;4;14;28;50.0
Metropolitana de Santiago;Servicio de Salud Metropolitano Sur;La Cisterna;Centro de Salud Familiar Eduardo Frei Montalva;113326;5;11;20;55.0
Metropolitana de Santiago;Servicio de Salud Metropolitano Sur;La Cisterna;Centro de Salud Familiar Eduardo Frei Montalva;113326;6;10;17;58.82
Metropolitana de Santiago;Servicio de Salud Metropolitano Sur;La Cisterna;Centro de Salud Familiar Santa Anselma;113311;1;7;36;19.44
Metropolitana de Santiago;Servicio de Salud Metropolitano Sur;La Cisterna;Centro de Salud Familiar Santa Anselma;113311;2;21;31;67.74
Metropolitana de Santiago;Servicio de Salud Metropolitano Sur;La Cisterna;Centro de Salud Familiar Santa Anselma;113311;3;22;34;64.71
Metropolitana de Santiago;Servicio de Salud Metropolitano Sur;La Cisterna;Centro de Salud Familiar Santa Anselma;113311;4;13;23;56.52
Metropolitana de Santiago;Servicio de Salud Metropolitano Sur;La Cisterna;Centro de Salud Familiar Santa Anselma;113311;5;10;28;35.71
Metropolitana de Santiago;Servicio de Salud Metropolitano Sur;La Cisterna;Centro de Salud Familiar Santa Anselma;113311;6;17;25;68.0
Metropolitana de Santiago;Servicio de Salud Metropolitano Sur;Lo Espejo;Centro de Salud Familiar Clara Estrella;113308;1;6;21;28.57
Metropolitana de Santiago;Servicio de Salud Metropolitano Sur;Lo Espejo;Centro de Salud Familiar Clara Estrella;113308;2;8;15;53.33
Metropolitana de Santiago;Servicio de Salud Metropolitano Sur;Lo Espejo;Centro de Salud Familiar Clara Estrella;113308;3;2;10;20.0
Metropolitana de Santiago;Servicio de Salud Metropolitano Sur;Lo Espejo;Centro de Salud Familiar Clara Estrella;113308;4;3;16;18.75
Metropolitana de Santiago;Servicio de Salud Metropolitano Sur;Lo Espejo;Centro de Salud Familiar Clara Estrella;113308;5;0;9;0.0
Metropolitana de Santiago;Servicio de Salud Metropolitano Sur;Lo Espejo;Centro de Salud Familiar Clara Estrella;113308;6;10;11;90.91
Metropolitana de Santiago;Servicio de Salud Metropolitano Sur;Lo Espejo;Centro de Salud Familiar Dra. Mariela Salgado Zepeda;113310;1;0;19;0.0
Metropolitana de Santiago;Servicio de Salud Metropolitano Sur;Lo Espejo;Centro de Salud Familiar Dra. Mariela Salgado Zepeda;113310;2;0;11;0.0
Metropolitana de Santiago;Servicio de Salud Metropolitano Sur;Lo Espejo;Centro de Salud Familiar Dra. Mariela Salgado Zepeda;113310;3;0;12;0.0
Metropolitana de Santiago;Servicio de Salud Metropolitano Sur;Lo Espejo;Centro de Salud Familiar Dra. Mariela Salgado Zepeda;113310;4;0;18;0.0
Metropolitana de Santiago;Servicio de Salud Metropolitano Sur;Lo Espejo;Centro de Salud Familiar Dra. Mariela Salgado Zepeda;113310;5;0;15;0.0
Metropolitana de Santiago;Servicio de Salud Metropolitano Sur;Lo Espejo;Centro de Salud Familiar Dra. Mariela Salgado Zepeda;113310;6;0;14;0.0
Metropolitana de Santiago;Servicio de Salud Metropolitano Sur;Lo Espejo;Centro de Salud Familiar Julio Acuña Pinzón;113309;1;3;23;13.04
Metropolitana de Santiago;Servicio de Salud Metropolitano Sur;Lo Espejo;Centro de Salud Familiar Julio Acuña Pinzón;113309;2;3;13;23.08
Metropolitana de Santiago;Servicio de Salud Metropolitano Sur;Lo Espejo;Centro de Salud Familiar Julio Acuña Pinzón;113309;3;2;12;16.67
Metropolitana de Santiago;Servicio de Salud Metropolitano Sur;Lo Espejo;Centro de Salud Familiar Julio Acuña Pinzón;113309;4;6;16;37.5
Metropolitana de Santiago;Servicio de Salud Metropolitano Sur;Lo Espejo;Centro de Salud Familiar Julio Acuña Pinzón;113309;5;4;10;40.0
Metropolitana de Santiago;Servicio de Salud Metropolitano Sur;Lo Espejo;Centro de Salud Familiar Julio Acuña Pinzón;113309;6;8;13;61.54
Metropolitana de Santiago;Servicio de Salud Metropolitano Sur;Lo Espejo;Centro de Salud Familiar Pueblo Lo Espejo;113396;1;6;15;40.0
Metropolitana de Santiago;Servicio de Salud Metropolitano Sur;Lo Espejo;Centro de Salud Familiar Pueblo Lo Espejo;113396;2;6;10;60.0
Metropolitana de Santiago;Servicio de Salud Metropolitano Sur;Lo Espejo;Centro de Salud Familiar Pueblo Lo Espejo;113396;3;2;14;14.29
Metropolitana de Santiago;Servicio de Salud Metropolitano Sur;Lo Espejo;Centro de Salud Familiar Pueblo Lo Espejo;113396;4;3;13;23.08
Metropolitana de Santiago;Servicio de Salud Metropolitano Sur;Lo Espejo;Centro de Salud Familiar Pueblo Lo Espejo;113396;5;4;13;30.77
Metropolitana de Santiago;Servicio de Salud Metropolitano Sur;Lo Espejo;Centro de Salud Familiar Pueblo Lo Espejo;113396;6;3;13;23.08
Metropolitana de Santiago;Servicio de Salud Metropolitano Sur;Lo Espejo;SAPU Clara Estrella;113808;3;2;10;20.0
Metropolitana de Santiago;Servicio de Salud Metropolitano Sur;Paine;Centro de Salud Familiar Dr. Miguel Ángel Solar (ex CESFAM Paine);113318;1;19;39;48.72
Metropolitana de Santiago;Servicio de Salud Metropolitano Sur;Paine;Centro de Salud Familiar Dr. Miguel Ángel Solar (ex CESFAM Paine);113318;2;14;38;36.84
Metropolitana de Santiago;Servicio de Salud Metropolitano Sur;Paine;Centro de Salud Familiar Dr. Miguel Ángel Solar (ex CESFAM Paine);113318;3;20;44;45.45
Metropolitana de Santiago;Servicio de Salud Metropolitano Sur;Paine;Centro de Salud Familiar Dr. Miguel Ángel Solar (ex CESFAM Paine);113318;4;20;33;60.61
Metropolitana de Santiago;Servicio de Salud Metropolitano Sur;Paine;Centro de Salud Familiar Dr. Miguel Ángel Solar (ex CESFAM Paine);113318;5;14;25;56.0
Metropolitana de Santiago;Servicio de Salud Metropolitano Sur;Paine;Centro de Salud Familiar Dr. Miguel Ángel Solar (ex CESFAM Paine);113318;6;25;31;80.65
Metropolitana de Santiago;Servicio de Salud Metropolitano Sur;Paine;Centro de Salud Familiar Dr. Raúl Moya;113319;1;13;11;118.18
Metropolitana de Santiago;Servicio de Salud Metropolitano Sur;Paine;Centro de Salud Familiar Dr. Raúl Moya;113319;2;11;13;84.62
Metropolitana de Santiago;Servicio de Salud Metropolitano Sur;Paine;Centro de Salud Familiar Dr. Raúl Moya;113319;3;6;12;50.0
Metropolitana de Santiago;Servicio de Salud Metropolitano Sur;Paine;Centro de Salud Familiar Dr. Raúl Moya;113319;4;9;11;81.82
Metropolitana de Santiago;Servicio de Salud Metropolitano Sur;Paine;Centro de Salud Familiar Dr. Raúl Moya;113319;5;9;11;81.82
Metropolitana de Santiago;Servicio de Salud Metropolitano Sur;Paine;Centro de Salud Familiar Dr. Raúl Moya;113319;6;0;8;0.0
Metropolitana de Santiago;Servicio de Salud Metropolitano Sur;Paine;Posta de Salud Rural Abrantes;113411;1;0;1;0.0
Metropolitana de Santiago;Servicio de Salud Metropolitano Sur;Paine;Posta de Salud Rural Abrantes;113411;2;0;2;0.0
Metropolitana de Santiago;Servicio de Salud Metropolitano Sur;Paine;Posta de Salud Rural Abrantes;113411;3;4;3;133.33
Metropolitana de Santiago;Servicio de Salud Metropolitano Sur;Paine;Posta de Salud Rural Abrantes;113411;4;0;2;0.0
Metropolitana de Santiago;Servicio de Salud Metropolitano Sur;Paine;Posta de Salud Rural Chada;113412;6;0;1;0.0
Metropolitana de Santiago;Servicio de Salud Metropolitano Sur;Paine;Posta de Salud Rural Huelquén;113409;1;1;3;33.33
Metropolitana de Santiago;Servicio de Salud Metropolitano Sur;Paine;Posta de Salud Rural Huelquén;113409;2;0;2;0.0
Metropolitana de Santiago;Servicio de Salud Metropolitano Sur;Paine;Posta de Salud Rural Huelquén;113409;3;2;5;40.0
Metropolitana de Santiago;Servicio de Salud Metropolitano Sur;Paine;Posta de Salud Rural Huelquén;113409;4;10;8;125.0
Metropolitana de Santiago;Servicio de Salud Metropolitano Sur;Paine;Posta de Salud Rural Huelquén;113409;5;5;0;
Metropolitana de Santiago;Servicio de Salud Metropolitano Sur;Paine;Posta de Salud Rural Huelquén;113409;6;0;3;0.0
Metropolitana de Santiago;Servicio de Salud Metropolitano Sur;Paine;Posta de Salud Rural Pintué;113408;1;0;1;0.0
Metropolitana de Santiago;Servicio de Salud Metropolitano Sur;Paine;Posta de Salud Rural Pintué;113408;2;0;5;0.0
Metropolitana de Santiago;Servicio de Salud Metropolitano Sur;Paine;Posta de Salud Rural Pintué;113408;3;0;4;0.0
Metropolitana de Santiago;Servicio de Salud Metropolitano Sur;Paine;Posta de Salud Rural Pintué;113408;4;0;4;0.0
Metropolitana de Santiago;Servicio de Salud Metropolitano Sur;Paine;Posta de Salud Rural Pintué;113408;5;0;2;0.0
Metropolitana de Santiago;Servicio de Salud Metropolitano Sur;Paine;Posta de Salud Rural Pintué;113408;6;0;4;0.0
Metropolitana de Santiago;Servicio de Salud Metropolitano Sur;Paine;Posta de Salud Rural Rangue;113410;3;0;1;0.0
Metropolitana de Santiago;Servicio de Salud Metropolitano Sur;Paine;Posta de Salud Rural Rangue;113410;6;0;1;0.0
Metropolitana de Santiago;Servicio de Salud Metropolitano Sur;Pedro Aguirre Cerda;Centro Comunitario de Salud Familiar Dr. Miguel Enríquez Espinosa;113703;1;0;8;0.0
Metropolitana de Santiago;Servicio de Salud Metropolitano Sur;Pedro Aguirre Cerda;Centro Comunitario de Salud Familiar Dr. Miguel Enríquez Espinosa;113703;2;0;3;0.0
Metropolitana de Santiago;Servicio de Salud Metropolitano Sur;Pedro Aguirre Cerda;Centro Comunitario de Salud Familiar Dr. Miguel Enríquez Espinosa;113703;3;0;2;0.0
Metropolitana de Santiago;Servicio de Salud Metropolitano Sur;Pedro Aguirre Cerda;Centro Comunitario de Salud Familiar Dr. Miguel Enríquez Espinosa;113703;4;0;2;0.0
Metropolitana de Santiago;Servicio de Salud Metropolitano Sur;Pedro Aguirre Cerda;Centro Comunitario de Salud Familiar Dr. Miguel Enríquez Espinosa;113703;5;0;3;0.0
Metropolitana de Santiago;Servicio de Salud Metropolitano Sur;Pedro Aguirre Cerda;Centro Comunitario de Salud Familiar Dr. Miguel Enríquez Espinosa;113703;6;0;3;0.0
Metropolitana de Santiago;Servicio de Salud Metropolitano Sur;Pedro Aguirre Cerda;Centro de Salud Familiar Amador Neghme;113303;1;0;10;0.0
Metropolitana de Santiago;Servicio de Salud Metropolitano Sur;Pedro Aguirre Cerda;Centro de Salud Familiar Amador Neghme;113303;2;2;15;13.33
Metropolitana de Santiago;Servicio de Salud Metropolitano Sur;Pedro Aguirre Cerda;Centro de Salud Familiar Amador Neghme;113303;3;0;13;0.0
Metropolitana de Santiago;Servicio de Salud Metropolitano Sur;Pedro Aguirre Cerda;Centro de Salud Familiar Amador Neghme;113303;4;0;15;0.0
Metropolitana de Santiago;Servicio de Salud Metropolitano Sur;Pedro Aguirre Cerda;Centro de Salud Familiar Amador Neghme;113303;5;0;13;0.0
Metropolitana de Santiago;Servicio de Salud Metropolitano Sur;Pedro Aguirre Cerda;Centro de Salud Familiar Amador Neghme;113303;6;0;16;0.0
Metropolitana de Santiago;Servicio de Salud Metropolitano Sur;Pedro Aguirre Cerda;Centro de Salud Familiar Edgardo Enríquez Fröedden;113331;1;9;9;100.0
Metropolitana de Santiago;Servicio de Salud Metropolitano Sur;Pedro Aguirre Cerda;Centro de Salud Familiar Edgardo Enríquez Fröedden;113331;2;5;7;71.43
Metropolitana de Santiago;Servicio de Salud Metropolitano Sur;Pedro Aguirre Cerda;Centro de Salud Familiar Edgardo Enríquez Fröedden;113331;3;0;20;0.0
Metropolitana de Santiago;Servicio de Salud Metropolitano Sur;Pedro Aguirre Cerda;Centro de Salud Familiar Edgardo Enríquez Fröedden;113331;4;10;13;76.92
Metropolitana de Santiago;Servicio de Salud Metropolitano Sur;Pedro Aguirre Cerda;Centro de Salud Familiar Edgardo Enríquez Fröedden;113331;5;8;9;88.89
Metropolitana de Santiago;Servicio de Salud Metropolitano Sur;Pedro Aguirre Cerda;Centro de Salud Familiar Edgardo Enríquez Fröedden;113331;6;4;9;44.44
Metropolitana de Santiago;Servicio de Salud Metropolitano Sur;Pedro Aguirre Cerda;Centro de Salud Familiar Lo Valledor Norte;111303;1;7;16;43.75
Metropolitana de Santiago;Servicio de Salud Metropolitano Sur;Pedro Aguirre Cerda;Centro de Salud Familiar Lo Valledor Norte;111303;2;7;8;87.5
Metropolitana de Santiago;Servicio de Salud Metropolitano Sur;Pedro Aguirre Cerda;Centro de Salud Familiar Lo Valledor Norte;111303;3;4;9;44.44
Metropolitana de Santiago;Servicio de Salud Metropolitano Sur;Pedro Aguirre Cerda;Centro de Salud Familiar Lo Valledor Norte;111303;4;4;14;28.57
Metropolitana de Santiago;Servicio de Salud Metropolitano Sur;Pedro Aguirre Cerda;Centro de Salud Familiar Lo Valledor Norte;111303;5;7;10;70.0
Metropolitana de Santiago;Servicio de Salud Metropolitano Sur;Pedro Aguirre Cerda;Centro de Salud Familiar Lo Valledor Norte;111303;6;5;13;38.46
Metropolitana de Santiago;Servicio de Salud Metropolitano Sur;Pedro Aguirre Cerda;Centro de Salud Familiar Padre Pierre Dubois (Ex La Feria);113306;1;0;14;0.0
Metropolitana de Santiago;Servicio de Salud Metropolitano Sur;Pedro Aguirre Cerda;Centro de Salud Familiar Padre Pierre Dubois (Ex La Feria);113306;2;0;14;0.0
Metropolitana de Santiago;Servicio de Salud Metropolitano Sur;Pedro Aguirre Cerda;Centro de Salud Familiar Padre Pierre Dubois (Ex La Feria);113306;3;8;15;53.33
Metropolitana de Santiago;Servicio de Salud Metropolitano Sur;Pedro Aguirre Cerda;Centro de Salud Familiar Padre Pierre Dubois (Ex La Feria);113306;4;7;20;35.0
Metropolitana de Santiago;Servicio de Salud Metropolitano Sur;Pedro Aguirre Cerda;Centro de Salud Familiar Padre Pierre Dubois (Ex La Feria);113306;5;8;10;80.0
Metropolitana de Santiago;Servicio de Salud Metropolitano Sur;Pedro Aguirre Cerda;Centro de Salud Familiar Padre Pierre Dubois (Ex La Feria);113306;6;7;7;100.0
Metropolitana de Santiago;Servicio de Salud Metropolitano Sur;San Bernardo;Centro Comunitario de Salud Familiar Las Hortensias;200377;1;0;9;0.0
Metropolitana de Santiago;Servicio de Salud Metropolitano Sur;San Bernardo;Centro Comunitario de Salud Familiar Las Hortensias;200377;2;0;4;0.0
Metropolitana de Santiago;Servicio de Salud Metropolitano Sur;San Bernardo;Centro Comunitario de Salud Familiar Las Hortensias;200377;3;0;7;0.0
Metropolitana de Santiago;Servicio de Salud Metropolitano Sur;San Bernardo;Centro Comunitario de Salud Familiar Las Hortensias;200377;4;0;3;0.0
Metropolitana de Santiago;Servicio de Salud Metropolitano Sur;San Bernardo;Centro Comunitario de Salud Familiar Las Hortensias;200377;5;0;1;0.0
Metropolitana de Santiago;Servicio de Salud Metropolitano Sur;San Bernardo;Centro Comunitario de Salud Familiar Las Hortensias;200377;6;0;3;0.0
Metropolitana de Santiago;Servicio de Salud Metropolitano Sur;San Bernardo;Centro Comunitario de Salud Familiar Lo Herrera;113728;1;0;4;0.0
Metropolitana de Santiago;Servicio de Salud Metropolitano Sur;San Bernardo;Centro Comunitario de Salud Familiar Lo Herrera;113728;2;0;7;0.0
Metropolitana de Santiago;Servicio de Salud Metropolitano Sur;San Bernardo;Centro Comunitario de Salud Familiar Lo Herrera;113728;3;0;6;0.0
Metropolitana de Santiago;Servicio de Salud Metropolitano Sur;San Bernardo;Centro Comunitario de Salud Familiar Lo Herrera;113728;4;1;6;16.67
Metropolitana de Santiago;Servicio de Salud Metropolitano Sur;San Bernardo;Centro Comunitario de Salud Familiar Lo Herrera;113728;5;0;5;0.0
Metropolitana de Santiago;Servicio de Salud Metropolitano Sur;San Bernardo;Centro Comunitario de Salud Familiar Lo Herrera;113728;6;0;3;0.0
Metropolitana de Santiago;Servicio de Salud Metropolitano Sur;San Bernardo;Centro Comunitario de Salud Familiar Rapa Nui;113716;1;1;3;33.33
Metropolitana de Santiago;Servicio de Salud Metropolitano Sur;San Bernardo;Centro Comunitario de Salud Familiar Rapa Nui;113716;3;10;1;1000.0
Metropolitana de Santiago;Servicio de Salud Metropolitano Sur;San Bernardo;Centro Comunitario de Salud Familiar Rapa Nui;113716;4;3;4;75.0
Metropolitana de Santiago;Servicio de Salud Metropolitano Sur;San Bernardo;Centro Comunitario de Salud Familiar Rapa Nui;113716;5;6;3;200.0
Metropolitana de Santiago;Servicio de Salud Metropolitano Sur;San Bernardo;Centro Comunitario de Salud Familiar Rapa Nui;113716;6;0;1;0.0
Metropolitana de Santiago;Servicio de Salud Metropolitano Sur;San Bernardo;Centro Comunitario de Salud Familiar Ribera del Maipo;113713;1;0;9;0.0
Metropolitana de Santiago;Servicio de Salud Metropolitano Sur;San Bernardo;Centro Comunitario de Salud Familiar Ribera del Maipo;113713;2;0;1;0.0
Metropolitana de Santiago;Servicio de Salud Metropolitano Sur;San Bernardo;Centro Comunitario de Salud Familiar Ribera del Maipo;113713;3;0;8;0.0
Metropolitana de Santiago;Servicio de Salud Metropolitano Sur;San Bernardo;Centro Comunitario de Salud Familiar Ribera del Maipo;113713;4;0;3;0.0
Metropolitana de Santiago;Servicio de Salud Metropolitano Sur;San Bernardo;Centro Comunitario de Salud Familiar Ribera del Maipo;113713;5;0;1;0.0
Metropolitana de Santiago;Servicio de Salud Metropolitano Sur;San Bernardo;Centro Comunitario de Salud Familiar Ribera del Maipo;113713;6;0;2;0.0
Metropolitana de Santiago;Servicio de Salud Metropolitano Sur;San Bernardo;Centro de Salud Familiar Carol Urzúa;113316;1;13;24;54.17
Metropolitana de Santiago;Servicio de Salud Metropolitano Sur;San Bernardo;Centro de Salud Familiar Carol Urzúa;113316;2;17;10;170.0
Metropolitana de Santiago;Servicio de Salud Metropolitano Sur;San Bernardo;Centro de Salud Familiar Carol Urzúa;113316;3;52;20;260.0
Metropolitana de Santiago;Servicio de Salud Metropolitano Sur;San Bernardo;Centro de Salud Familiar Carol Urzúa;113316;4;27;23;117.39
Metropolitana de Santiago;Servicio de Salud Metropolitano Sur;San Bernardo;Centro de Salud Familiar Carol Urzúa;113316;5;31;21;147.62
Metropolitana de Santiago;Servicio de Salud Metropolitano Sur;San Bernardo;Centro de Salud Familiar Carol Urzúa;113316;6;16;19;84.21
Metropolitana de Santiago;Servicio de Salud Metropolitano Sur;San Bernardo;Centro de Salud Familiar Confraternidad;113315;1;17;18;94.44
Metropolitana de Santiago;Servicio de Salud Metropolitano Sur;San Bernardo;Centro de Salud Familiar Confraternidad;113315;2;16;21;76.19
Metropolitana de Santiago;Servicio de Salud Metropolitano Sur;San Bernardo;Centro de Salud Familiar Confraternidad;113315;3;11;27;40.74
Metropolitana de Santiago;Servicio de Salud Metropolitano Sur;San Bernardo;Centro de Salud Familiar Confraternidad;113315;4;15;15;100.0
Metropolitana de Santiago;Servicio de Salud Metropolitano Sur;San Bernardo;Centro de Salud Familiar Confraternidad;113315;5;10;20;50.0
Metropolitana de Santiago;Servicio de Salud Metropolitano Sur;San Bernardo;Centro de Salud Familiar Confraternidad;113315;6;7;27;25.93
Metropolitana de Santiago;Servicio de Salud Metropolitano Sur;San Bernardo;Centro de Salud Familiar El Manzano;113394;1;13;20;65.0
Metropolitana de Santiago;Servicio de Salud Metropolitano Sur;San Bernardo;Centro de Salud Familiar El Manzano;113394;2;3;28;10.71
Metropolitana de Santiago;Servicio de Salud Metropolitano Sur;San Bernardo;Centro de Salud Familiar El Manzano;113394;3;15;22;68.18
Metropolitana de Santiago;Servicio de Salud Metropolitano Sur;San Bernardo;Centro de Salud Familiar El Manzano;113394;4;12;18;66.67
Metropolitana de Santiago;Servicio de Salud Metropolitano Sur;San Bernardo;Centro de Salud Familiar El Manzano;113394;5;29;17;170.59
Metropolitana de Santiago;Servicio de Salud Metropolitano Sur;San Bernardo;Centro de Salud Familiar El Manzano;113394;6;17;22;77.27
Metropolitana de Santiago;Servicio de Salud Metropolitano Sur;San Bernardo;Centro de Salud Familiar Juan Pablo II ( San Bernardo);113332;1;6;20;30.0
Metropolitana de Santiago;Servicio de Salud Metropolitano Sur;San Bernardo;Centro de Salud Familiar Juan Pablo II ( San Bernardo);113332;2;3;24;12.5
Metropolitana de Santiago;Servicio de Salud Metropolitano Sur;San Bernardo;Centro de Salud Familiar Juan Pablo II ( San Bernardo);113332;3;7;11;63.64
Metropolitana de Santiago;Servicio de Salud Metropolitano Sur;San Bernardo;Centro de Salud Familiar Juan Pablo II ( San Bernardo);113332;4;18;12;150.0
Metropolitana de Santiago;Servicio de Salud Metropolitano Sur;San Bernardo;Centro de Salud Familiar Juan Pablo II ( San Bernardo);113332;5;12;17;70.59
Metropolitana de Santiago;Servicio de Salud Metropolitano Sur;San Bernardo;Centro de Salud Familiar Juan Pablo II ( San Bernardo);113332;6;6;24;25.0
Metropolitana de Santiago;Servicio de Salud Metropolitano Sur;San Bernardo;Centro de Salud Familiar Padre Joan Alsina;113328;1;11;27;40.74
Metropolitana de Santiago;Servicio de Salud Metropolitano Sur;San Bernardo;Centro de Salud Familiar Padre Joan Alsina;113328;2;11;31;35.48
Metropolitana de Santiago;Servicio de Salud Metropolitano Sur;San Bernardo;Centro de Salud Familiar Padre Joan Alsina;113328;3;2;30;6.67
Metropolitana de Santiago;Servicio de Salud Metropolitano Sur;San Bernardo;Centro de Salud Familiar Padre Joan Alsina;113328;4;10;21;47.62
Metropolitana de Santiago;Servicio de Salud Metropolitano Sur;San Bernardo;Centro de Salud Familiar Padre Joan Alsina;113328;5;4;24;16.67
Metropolitana de Santiago;Servicio de Salud Metropolitano Sur;San Bernardo;Centro de Salud Familiar Padre Joan Alsina;113328;6;5;29;17.24
Metropolitana de Santiago;Servicio de Salud Metropolitano Sur;San Bernardo;Centro de Salud Familiar Raúl Brañes F.;113330;1;14;22;63.64
Metropolitana de Santiago;Servicio de Salud Metropolitano Sur;San Bernardo;Centro de Salud Familiar Raúl Brañes F.;113330;2;13;14;92.86
Metropolitana de Santiago;Servicio de Salud Metropolitano Sur;San Bernardo;Centro de Salud Familiar Raúl Brañes F.;113330;3;17;25;68.0
Metropolitana de Santiago;Servicio de Salud Metropolitano Sur;San Bernardo;Centro de Salud Familiar Raúl Brañes F.;113330;4;9;27;33.33
Metropolitana de Santiago;Servicio de Salud Metropolitano Sur;San Bernardo;Centro de Salud Familiar Raúl Brañes F.;113330;5;0;26;0.0
Metropolitana de Santiago;Servicio de Salud Metropolitano Sur;San Bernardo;Centro de Salud Familiar Raúl Brañes F.;113330;6;20;24;83.33
Metropolitana de Santiago;Servicio de Salud Metropolitano Sur;San Bernardo;Centro de Salud Familiar Raúl Cuevas (Ex-San Bernardo);113313;1;15;20;75.0
Metropolitana de Santiago;Servicio de Salud Metropolitano Sur;San Bernardo;Centro de Salud Familiar Raúl Cuevas (Ex-San Bernardo);113313;2;4;21;19.05
Metropolitana de Santiago;Servicio de Salud Metropolitano Sur;San Bernardo;Centro de Salud Familiar Raúl Cuevas (Ex-San Bernardo);113313;3;27;28;96.43
Metropolitana de Santiago;Servicio de Salud Metropolitano Sur;San Bernardo;Centro de Salud Familiar Raúl Cuevas (Ex-San Bernardo);113313;4;15;13;115.38
Metropolitana de Santiago;Servicio de Salud Metropolitano Sur;San Bernardo;Centro de Salud Familiar Raúl Cuevas (Ex-San Bernardo);113313;5;7;22;31.82
Metropolitana de Santiago;Servicio de Salud Metropolitano Sur;San Bernardo;Centro de Salud Familiar Raúl Cuevas (Ex-San Bernardo);113313;6;14;18;77.78
Metropolitana de Santiago;Servicio de Salud Metropolitano Sur;San Joaquín;Centro Comunitario de Salud Familiar Coñimo;200210;1;0;2;0.0
Metropolitana de Santiago;Servicio de Salud Metropolitano Sur;San Joaquín;Centro Comunitario de Salud Familiar Coñimo;200210;2;0;1;0.0
Metropolitana de Santiago;Servicio de Salud Metropolitano Sur;San Joaquín;Centro Comunitario de Salud Familiar Coñimo;200210;3;0;3;0.0
Metropolitana de Santiago;Servicio de Salud Metropolitano Sur;San Joaquín;Centro Comunitario de Salud Familiar Coñimo;200210;4;0;5;0.0
Metropolitana de Santiago;Servicio de Salud Metropolitano Sur;San Joaquín;Centro Comunitario de Salud Familiar Coñimo;200210;5;0;2;0.0
Metropolitana de Santiago;Servicio de Salud Metropolitano Sur;San Joaquín;Centro Comunitario de Salud Familiar Coñimo;200210;6;0;4;0.0
Metropolitana de Santiago;Servicio de Salud Metropolitano Sur;San Joaquín;Centro Comunitario de Salud Familiar Dr. Salvador Allende;113722;1;0;3;0.0
Metropolitana de Santiago;Servicio de Salud Metropolitano Sur;San Joaquín;Centro Comunitario de Salud Familiar Dr. Salvador Allende;113722;2;0;1;0.0
Metropolitana de Santiago;Servicio de Salud Metropolitano Sur;San Joaquín;Centro Comunitario de Salud Familiar Dr. Salvador Allende;113722;3;0;4;0.0
Metropolitana de Santiago;Servicio de Salud Metropolitano Sur;San Joaquín;Centro Comunitario de Salud Familiar Dr. Salvador Allende;113722;4;0;2;0.0
Metropolitana de Santiago;Servicio de Salud Metropolitano Sur;San Joaquín;Centro Comunitario de Salud Familiar Dr. Salvador Allende;113722;5;0;1;0.0
Metropolitana de Santiago;Servicio de Salud Metropolitano Sur;San Joaquín;Centro Comunitario de Salud Familiar Dr. Salvador Allende;113722;6;0;5;0.0
Metropolitana de Santiago;Servicio de Salud Metropolitano Sur;San Joaquín;Centro Comunitario de Salud Familiar Martín Henríquez;200337;1;0;3;0.0
Metropolitana de Santiago;Servicio de Salud Metropolitano Sur;San Joaquín;Centro Comunitario de Salud Familiar Martín Henríquez;200337;3;0;3;0.0
Metropolitana de Santiago;Servicio de Salud Metropolitano Sur;San Joaquín;Centro Comunitario de Salud Familiar Martín Henríquez;200337;4;0;1;0.0
Metropolitana de Santiago;Servicio de Salud Metropolitano Sur;San Joaquín;Centro Comunitario de Salud Familiar Martín Henríquez;200337;5;0;3;0.0
Metropolitana de Santiago;Servicio de Salud Metropolitano Sur;San Joaquín;Centro Comunitario de Salud Familiar Martín Henríquez;200337;6;0;7;0.0
Metropolitana de Santiago;Servicio de Salud Metropolitano Sur;San Joaquín;Centro Comunitario de Salud Familiar Reverendo Javier Peró;113753;1;0;2;0.0
Metropolitana de Santiago;Servicio de Salud Metropolitano Sur;San Joaquín;Centro Comunitario de Salud Familiar Reverendo Javier Peró;113753;2;0;1;0.0
Metropolitana de Santiago;Servicio de Salud Metropolitano Sur;San Joaquín;Centro Comunitario de Salud Familiar Sierra Bella;113702;2;0;3;0.0
Metropolitana de Santiago;Servicio de Salud Metropolitano Sur;San Joaquín;Centro Comunitario de Salud Familiar Sierra Bella;113702;3;4;1;400.0
Metropolitana de Santiago;Servicio de Salud Metropolitano Sur;San Joaquín;Centro Comunitario de Salud Familiar Sierra Bella;113702;4;8;0;
Metropolitana de Santiago;Servicio de Salud Metropolitano Sur;San Joaquín;Centro Comunitario de Salud Familiar Sierra Bella;113702;5;6;3;200.0
Metropolitana de Santiago;Servicio de Salud Metropolitano Sur;San Joaquín;Centro Comunitario de Salud Familiar Sierra Bella;113702;6;10;1;1000.0
Metropolitana de Santiago;Servicio de Salud Metropolitano Sur;San Joaquín;Centro Comunitario de Salud Familiar Yalta;113701;1;0;5;0.0
Metropolitana de Santiago;Servicio de Salud Metropolitano Sur;San Joaquín;Centro Comunitario de Salud Familiar Yalta;113701;2;0;2;0.0
Metropolitana de Santiago;Servicio de Salud Metropolitano Sur;San Joaquín;Centro Comunitario de Salud Familiar Yalta;113701;3;3;6;50.0
Metropolitana de Santiago;Servicio de Salud Metropolitano Sur;San Joaquín;Centro Comunitario de Salud Familiar Yalta;113701;4;0;6;0.0
Metropolitana de Santiago;Servicio de Salud Metropolitano Sur;San Joaquín;Centro Comunitario de Salud Familiar Yalta;113701;5;10;5;200.0
Metropolitana de Santiago;Servicio de Salud Metropolitano Sur;San Joaquín;Centro Comunitario de Salud Familiar Yalta;113701;6;0;6;0.0
Metropolitana de Santiago;Servicio de Salud Metropolitano Sur;San Joaquín;Centro de Salud Familiar Arturo Baeza Goñi;113305;1;10;9;111.11
Metropolitana de Santiago;Servicio de Salud Metropolitano Sur;San Joaquín;Centro de Salud Familiar Arturo Baeza Goñi;113305;2;7;14;50.0
Metropolitana de Santiago;Servicio de Salud Metropolitano Sur;San Joaquín;Centro de Salud Familiar Arturo Baeza Goñi;113305;3;5;10;50.0
Metropolitana de Santiago;Servicio de Salud Metropolitano Sur;San Joaquín;Centro de Salud Familiar Arturo Baeza Goñi;113305;4;2;12;16.67
Metropolitana de Santiago;Servicio de Salud Metropolitano Sur;San Joaquín;Centro de Salud Familiar Arturo Baeza Goñi;113305;5;1;11;9.09
Metropolitana de Santiago;Servicio de Salud Metropolitano Sur;San Joaquín;Centro de Salud Familiar Arturo Baeza Goñi;113305;6;6;14;42.86
Metropolitana de Santiago;Servicio de Salud Metropolitano Sur;San Joaquín;Centro de Salud Familiar San Joaquín;113301;1;10;8;125.0
Metropolitana de Santiago;Servicio de Salud Metropolitano Sur;San Joaquín;Centro de Salud Familiar San Joaquín;113301;2;9;13;69.23
Metropolitana de Santiago;Servicio de Salud Metropolitano Sur;San Joaquín;Centro de Salud Familiar San Joaquín;113301;3;10;13;76.92
Metropolitana de Santiago;Servicio de Salud Metropolitano Sur;San Joaquín;Centro de Salud Familiar San Joaquín;113301;4;8;12;66.67
Metropolitana de Santiago;Servicio de Salud Metropolitano Sur;San Joaquín;Centro de Salud Familiar San Joaquín;113301;5;5;11;45.45
Metropolitana de Santiago;Servicio de Salud Metropolitano Sur;San Joaquín;Centro de Salud Familiar San Joaquín;113301;6;12;8;150.0
Metropolitana de Santiago;Servicio de Salud Metropolitano Sur;San Joaquín;Centro de Salud Familiar Santa Teresa de Los Andes;113322;1;4;8;50.0
Metropolitana de Santiago;Servicio de Salud Metropolitano Sur;San Joaquín;Centro de Salud Familiar Santa Teresa de Los Andes;113322;2;0;11;0.0
Metropolitana de Santiago;Servicio de Salud Metropolitano Sur;San Joaquín;Centro de Salud Familiar Santa Teresa de Los Andes;113322;3;13;8;162.5
Metropolitana de Santiago;Servicio de Salud Metropolitano Sur;San Joaquín;Centro de Salud Familiar Santa Teresa de Los Andes;113322;4;10;12;83.33
Metropolitana de Santiago;Servicio de Salud Metropolitano Sur;San Joaquín;Centro de Salud Familiar Santa Teresa de Los Andes;113322;5;2;11;18.18
Metropolitana de Santiago;Servicio de Salud Metropolitano Sur;San Joaquín;Centro de Salud Familiar Santa Teresa de Los Andes;113322;6;11;14;78.57
Metropolitana de Santiago;Servicio de Salud Metropolitano Sur;San Miguel;Centro Comunitario de Salud Familiar Atacama;200361;1;0;10;0.0
Metropolitana de Santiago;Servicio de Salud Metropolitano Sur;San Miguel;Centro Comunitario de Salud Familiar Atacama;200361;2;0;5;0.0
Metropolitana de Santiago;Servicio de Salud Metropolitano Sur;San Miguel;Centro Comunitario de Salud Familiar Atacama;200361;3;0;10;0.0
Metropolitana de Santiago;Servicio de Salud Metropolitano Sur;San Miguel;Centro Comunitario de Salud Familiar Atacama;200361;4;0;9;0.0
Metropolitana de Santiago;Servicio de Salud Metropolitano Sur;San Miguel;Centro Comunitario de Salud Familiar Atacama;200361;6;0;9;0.0
Metropolitana de Santiago;Servicio de Salud Metropolitano Sur;San Miguel;Centro de Salud Familiar Barros Luco;113300;1;6;48;12.5
Metropolitana de Santiago;Servicio de Salud Metropolitano Sur;San Miguel;Centro de Salud Familiar Barros Luco;113300;2;0;49;0.0
Metropolitana de Santiago;Servicio de Salud Metropolitano Sur;San Miguel;Centro de Salud Familiar Barros Luco;113300;3;19;36;52.78
Metropolitana de Santiago;Servicio de Salud Metropolitano Sur;San Miguel;Centro de Salud Familiar Barros Luco;113300;4;11;43;25.58
Metropolitana de Santiago;Servicio de Salud Metropolitano Sur;San Miguel;Centro de Salud Familiar Barros Luco;113300;5;21;31;67.74
Metropolitana de Santiago;Servicio de Salud Metropolitano Sur;San Miguel;Centro de Salud Familiar Barros Luco;113300;6;9;40;22.5
Metropolitana de Santiago;Servicio de Salud Metropolitano Sur;San Miguel;Centro de Salud Familiar Recreo;113302;1;4;33;12.12
Metropolitana de Santiago;Servicio de Salud Metropolitano Sur;San Miguel;Centro de Salud Familiar Recreo;113302;2;13;27;48.15
Metropolitana de Santiago;Servicio de Salud Metropolitano Sur;San Miguel;Centro de Salud Familiar Recreo;113302;3;16;29;55.17
Metropolitana de Santiago;Servicio de Salud Metropolitano Sur;San Miguel;Centro de Salud Familiar Recreo;113302;4;8;19;42.11
Metropolitana de Santiago;Servicio de Salud Metropolitano Sur;San Miguel;Centro de Salud Familiar Recreo;113302;5;6;12;50.0
Metropolitana de Santiago;Servicio de Salud Metropolitano Sur;San Miguel;Centro de Salud Familiar Recreo;113302;6;9;17;52.94
Metropolitana de Santiago;Servicio de Salud Metropolitano Sur Oriente;La Florida;CECOSF Santa Teresa;202041;1;0;3;0.0
Metropolitana de Santiago;Servicio de Salud Metropolitano Sur Oriente;La Florida;CECOSF Santa Teresa;202041;2;0;1;0.0
Metropolitana de Santiago;Servicio de Salud Metropolitano Sur Oriente;La Florida;CECOSF Santa Teresa;202041;3;0;7;0.0
Metropolitana de Santiago;Servicio de Salud Metropolitano Sur Oriente;La Florida;CECOSF Santa Teresa;202041;4;0;4;0.0
Metropolitana de Santiago;Servicio de Salud Metropolitano Sur Oriente;La Florida;CECOSF Santa Teresa;202041;5;0;1;0.0
Metropolitana de Santiago;Servicio de Salud Metropolitano Sur Oriente;La Florida;CECOSF Santa Teresa;202041;6;0;6;0.0
Metropolitana de Santiago;Servicio de Salud Metropolitano Sur Oriente;La Florida;Centro Comunitario de Salud Familiar Las Lomas;200475;1;0;3;0.0
Metropolitana de Santiago;Servicio de Salud Metropolitano Sur Oriente;La Florida;Centro Comunitario de Salud Familiar Las Lomas;200475;2;0;2;0.0
Metropolitana de Santiago;Servicio de Salud Metropolitano Sur Oriente;La Florida;Centro Comunitario de Salud Familiar Las Lomas;200475;3;0;1;0.0
Metropolitana de Santiago;Servicio de Salud Metropolitano Sur Oriente;La Florida;Centro Comunitario de Salud Familiar Las Lomas;200475;4;0;4;0.0
Metropolitana de Santiago;Servicio de Salud Metropolitano Sur Oriente;La Florida;Centro Comunitario de Salud Familiar Las Lomas;200475;5;0;2;0.0
Metropolitana de Santiago;Servicio de Salud Metropolitano Sur Oriente;La Florida;Centro Comunitario de Salud Familiar Las Lomas;200475;6;0;3;0.0
Metropolitana de Santiago;Servicio de Salud Metropolitano Sur Oriente;La Florida;Centro de Salud Familiar Bellavista;114303;1;0;26;0.0
Metropolitana de Santiago;Servicio de Salud Metropolitano Sur Oriente;La Florida;Centro de Salud Familiar Bellavista;114303;2;28;33;84.85
Metropolitana de Santiago;Servicio de Salud Metropolitano Sur Oriente;La Florida;Centro de Salud Familiar Bellavista;114303;3;20;35;57.14
Metropolitana de Santiago;Servicio de Salud Metropolitano Sur Oriente;La Florida;Centro de Salud Familiar Bellavista;114303;4;0;39;0.0
Metropolitana de Santiago;Servicio de Salud Metropolitano Sur Oriente;La Florida;Centro de Salud Familiar Bellavista;114303;5;0;31;0.0
Metropolitana de Santiago;Servicio de Salud Metropolitano Sur Oriente;La Florida;Centro de Salud Familiar Bellavista;114303;6;39;28;139.29
Metropolitana de Santiago;Servicio de Salud Metropolitano Sur Oriente;La Florida;Centro de Salud Familiar Dr. Fernando Maffioletti;114316;1;29;27;107.41
Metropolitana de Santiago;Servicio de Salud Metropolitano Sur Oriente;La Florida;Centro de Salud Familiar Dr. Fernando Maffioletti;114316;2;0;14;0.0
Metropolitana de Santiago;Servicio de Salud Metropolitano Sur Oriente;La Florida;Centro de Salud Familiar Dr. Fernando Maffioletti;114316;3;51;24;212.5
Metropolitana de Santiago;Servicio de Salud Metropolitano Sur Oriente;La Florida;Centro de Salud Familiar Dr. Fernando Maffioletti;114316;4;28;15;186.67
Metropolitana de Santiago;Servicio de Salud Metropolitano Sur Oriente;La Florida;Centro de Salud Familiar Dr. Fernando Maffioletti;114316;5;10;15;66.67
Metropolitana de Santiago;Servicio de Salud Metropolitano Sur Oriente;La Florida;Centro de Salud Familiar Dr. Fernando Maffioletti;114316;6;0;18;0.0
Metropolitana de Santiago;Servicio de Salud Metropolitano Sur Oriente;La Florida;Centro de Salud Familiar José Alvo;114334;1;0;20;0.0
Metropolitana de Santiago;Servicio de Salud Metropolitano Sur Oriente;La Florida;Centro de Salud Familiar José Alvo;114334;2;24;20;120.0
Metropolitana de Santiago;Servicio de Salud Metropolitano Sur Oriente;La Florida;Centro de Salud Familiar José Alvo;114334;3;22;20;110.0
Metropolitana de Santiago;Servicio de Salud Metropolitano Sur Oriente;La Florida;Centro de Salud Familiar José Alvo;114334;4;18;19;94.74
Metropolitana de Santiago;Servicio de Salud Metropolitano Sur Oriente;La Florida;Centro de Salud Familiar José Alvo;114334;5;4;17;23.53
Metropolitana de Santiago;Servicio de Salud Metropolitano Sur Oriente;La Florida;Centro de Salud Familiar José Alvo;114334;6;15;23;65.22
Metropolitana de Santiago;Servicio de Salud Metropolitano Sur Oriente;La Florida;Centro de Salud Familiar La Florida;114331;1;38;32;118.75
Metropolitana de Santiago;Servicio de Salud Metropolitano Sur Oriente;La Florida;Centro de Salud Familiar La Florida;114331;2;14;31;45.16
Metropolitana de Santiago;Servicio de Salud Metropolitano Sur Oriente;La Florida;Centro de Salud Familiar La Florida;114331;3;9;29;31.03
Metropolitana de Santiago;Servicio de Salud Metropolitano Sur Oriente;La Florida;Centro de Salud Familiar La Florida;114331;4;24;25;96.0
Metropolitana de Santiago;Servicio de Salud Metropolitano Sur Oriente;La Florida;Centro de Salud Familiar La Florida;114331;5;13;31;41.94
Metropolitana de Santiago;Servicio de Salud Metropolitano Sur Oriente;La Florida;Centro de Salud Familiar La Florida;114331;6;18;30;60.0
Metropolitana de Santiago;Servicio de Salud Metropolitano Sur Oriente;La Florida;Centro de Salud Familiar Los Castaños;114302;1;0;16;0.0
Metropolitana de Santiago;Servicio de Salud Metropolitano Sur Oriente;La Florida;Centro de Salud Familiar Los Castaños;114302;2;2;12;16.67
Metropolitana de Santiago;Servicio de Salud Metropolitano Sur Oriente;La Florida;Centro de Salud Familiar Los Castaños;114302;3;2;15;13.33
Metropolitana de Santiago;Servicio de Salud Metropolitano Sur Oriente;La Florida;Centro de Salud Familiar Los Castaños;114302;4;9;19;47.37
Metropolitana de Santiago;Servicio de Salud Metropolitano Sur Oriente;La Florida;Centro de Salud Familiar Los Castaños;114302;5;4;12;33.33
Metropolitana de Santiago;Servicio de Salud Metropolitano Sur Oriente;La Florida;Centro de Salud Familiar Los Castaños;114302;6;6;15;40.0
Metropolitana de Santiago;Servicio de Salud Metropolitano Sur Oriente;La Florida;Centro de Salud Familiar Los Quillayes;114305;1;0;37;0.0
Metropolitana de Santiago;Servicio de Salud Metropolitano Sur Oriente;La Florida;Centro de Salud Familiar Los Quillayes;114305;2;21;19;110.53
Metropolitana de Santiago;Servicio de Salud Metropolitano Sur Oriente;La Florida;Centro de Salud Familiar Los Quillayes;114305;3;22;26;84.62
Metropolitana de Santiago;Servicio de Salud Metropolitano Sur Oriente;La Florida;Centro de Salud Familiar Los Quillayes;114305;4;12;38;31.58
Metropolitana de Santiago;Servicio de Salud Metropolitano Sur Oriente;La Florida;Centro de Salud Familiar Los Quillayes;114305;5;23;29;79.31
Metropolitana de Santiago;Servicio de Salud Metropolitano Sur Oriente;La Florida;Centro de Salud Familiar Los Quillayes;114305;6;19;34;55.88
Metropolitana de Santiago;Servicio de Salud Metropolitano Sur Oriente;La Florida;Centro de Salud Familiar Santa Amalia;114324;1;0;35;0.0
Metropolitana de Santiago;Servicio de Salud Metropolitano Sur Oriente;La Florida;Centro de Salud Familiar Santa Amalia;114324;2;22;24;91.67
Metropolitana de Santiago;Servicio de Salud Metropolitano Sur Oriente;La Florida;Centro de Salud Familiar Santa Amalia;114324;3;33;30;110.0
Metropolitana de Santiago;Servicio de Salud Metropolitano Sur Oriente;La Florida;Centro de Salud Familiar Santa Amalia;114324;4;4;29;13.79
Metropolitana de Santiago;Servicio de Salud Metropolitano Sur Oriente;La Florida;Centro de Salud Familiar Santa Amalia;114324;5;9;32;28.12
Metropolitana de Santiago;Servicio de Salud Metropolitano Sur Oriente;La Florida;Centro de Salud Familiar Santa Amalia;114324;6;0;32;0.0
Metropolitana de Santiago;Servicio de Salud Metropolitano Sur Oriente;La Florida;Centro de Salud Familiar Trinidad;114330;1;0;15;0.0
Metropolitana de Santiago;Servicio de Salud Metropolitano Sur Oriente;La Florida;Centro de Salud Familiar Trinidad;114330;2;0;13;0.0
Metropolitana de Santiago;Servicio de Salud Metropolitano Sur Oriente;La Florida;Centro de Salud Familiar Trinidad;114330;3;0;13;0.0
Metropolitana de Santiago;Servicio de Salud Metropolitano Sur Oriente;La Florida;Centro de Salud Familiar Trinidad;114330;4;0;17;0.0
Metropolitana de Santiago;Servicio de Salud Metropolitano Sur Oriente;La Florida;Centro de Salud Familiar Trinidad;114330;5;12;11;109.09
Metropolitana de Santiago;Servicio de Salud Metropolitano Sur Oriente;La Florida;Centro de Salud Familiar Trinidad;114330;6;7;18;38.89
Metropolitana de Santiago;Servicio de Salud Metropolitano Sur Oriente;La Florida;Centro de Salud Familiar Villa O'Higgins;114304;1;11;25;44.0
Metropolitana de Santiago;Servicio de Salud Metropolitano Sur Oriente;La Florida;Centro de Salud Familiar Villa O'Higgins;114304;2;7;8;87.5
Metropolitana de Santiago;Servicio de Salud Metropolitano Sur Oriente;La Florida;Centro de Salud Familiar Villa O'Higgins;114304;3;28;34;82.35
Metropolitana de Santiago;Servicio de Salud Metropolitano Sur Oriente;La Florida;Centro de Salud Familiar Villa O'Higgins;114304;4;0;27;0.0
Metropolitana de Santiago;Servicio de Salud Metropolitano Sur Oriente;La Florida;Centro de Salud Familiar Villa O'Higgins;114304;5;23;24;95.83
Metropolitana de Santiago;Servicio de Salud Metropolitano Sur Oriente;La Florida;Centro de Salud Familiar Villa O'Higgins;114304;6;13;16;81.25
Metropolitana de Santiago;Servicio de Salud Metropolitano Sur Oriente;La Granja;Centro Comunitario de Salud Familiar Millalemu;114706;1;0;2;0.0
Metropolitana de Santiago;Servicio de Salud Metropolitano Sur Oriente;La Granja;Centro Comunitario de Salud Familiar Millalemu;114706;3;0;1;0.0
Metropolitana de Santiago;Servicio de Salud Metropolitano Sur Oriente;La Granja;Centro Comunitario de Salud Familiar Millalemu;114706;4;0;2;0.0
Metropolitana de Santiago;Servicio de Salud Metropolitano Sur Oriente;La Granja;Centro Comunitario de Salud Familiar Millalemu;114706;5;0;1;0.0
Metropolitana de Santiago;Servicio de Salud Metropolitano Sur Oriente;La Granja;Centro Comunitario de Salud Familiar Millalemu;114706;6;0;1;0.0
Metropolitana de Santiago;Servicio de Salud Metropolitano Sur Oriente;La Granja;Centro Comunitario de Salud Familiar San Gregorio;114796;1;0;7;0.0
Metropolitana de Santiago;Servicio de Salud Metropolitano Sur Oriente;La Granja;Centro Comunitario de Salud Familiar San Gregorio;114796;2;0;2;0.0
Metropolitana de Santiago;Servicio de Salud Metropolitano Sur Oriente;La Granja;Centro Comunitario de Salud Familiar San Gregorio;114796;3;0;2;0.0
Metropolitana de Santiago;Servicio de Salud Metropolitano Sur Oriente;La Granja;Centro Comunitario de Salud Familiar San Gregorio;114796;4;0;2;0.0
Metropolitana de Santiago;Servicio de Salud Metropolitano Sur Oriente;La Granja;Centro Comunitario de Salud Familiar San Gregorio;114796;5;0;2;0.0
Metropolitana de Santiago;Servicio de Salud Metropolitano Sur Oriente;La Granja;Centro Comunitario de Salud Familiar San Gregorio;114796;6;0;2;0.0
Metropolitana de Santiago;Servicio de Salud Metropolitano Sur Oriente;La Granja;Centro de Salud Familiar Granja Sur;114325;1;13;22;59.09
Metropolitana de Santiago;Servicio de Salud Metropolitano Sur Oriente;La Granja;Centro de Salud Familiar Granja Sur;114325;2;20;23;86.96
Metropolitana de Santiago;Servicio de Salud Metropolitano Sur Oriente;La Granja;Centro de Salud Familiar Granja Sur;114325;3;13;21;61.9
Metropolitana de Santiago;Servicio de Salud Metropolitano Sur Oriente;La Granja;Centro de Salud Familiar Granja Sur;114325;4;8;27;29.63
Metropolitana de Santiago;Servicio de Salud Metropolitano Sur Oriente;La Granja;Centro de Salud Familiar Granja Sur;114325;5;14;23;60.87
Metropolitana de Santiago;Servicio de Salud Metropolitano Sur Oriente;La Granja;Centro de Salud Familiar Granja Sur;114325;6;12;24;50.0
Metropolitana de Santiago;Servicio de Salud Metropolitano Sur Oriente;La Granja;Centro de Salud Familiar La Granja;114306;1;0;23;0.0
Metropolitana de Santiago;Servicio de Salud Metropolitano Sur Oriente;La Granja;Centro de Salud Familiar La Granja;114306;2;0;18;0.0
Metropolitana de Santiago;Servicio de Salud Metropolitano Sur Oriente;La Granja;Centro de Salud Familiar La Granja;114306;3;0;21;0.0
Metropolitana de Santiago;Servicio de Salud Metropolitano Sur Oriente;La Granja;Centro de Salud Familiar La Granja;114306;4;0;19;0.0
Metropolitana de Santiago;Servicio de Salud Metropolitano Sur Oriente;La Granja;Centro de Salud Familiar La Granja;114306;5;0;14;0.0
Metropolitana de Santiago;Servicio de Salud Metropolitano Sur Oriente;La Granja;Centro de Salud Familiar La Granja;114306;6;0;21;0.0
Metropolitana de Santiago;Servicio de Salud Metropolitano Sur Oriente;La Granja;Centro de Salud Familiar Malaquías Concha;114315;1;0;17;0.0
Metropolitana de Santiago;Servicio de Salud Metropolitano Sur Oriente;La Granja;Centro de Salud Familiar Malaquías Concha;114315;2;0;11;0.0
Metropolitana de Santiago;Servicio de Salud Metropolitano Sur Oriente;La Granja;Centro de Salud Familiar Malaquías Concha;114315;3;6;8;75.0
Metropolitana de Santiago;Servicio de Salud Metropolitano Sur Oriente;La Granja;Centro de Salud Familiar Malaquías Concha;114315;4;19;9;211.11
Metropolitana de Santiago;Servicio de Salud Metropolitano Sur Oriente;La Granja;Centro de Salud Familiar Malaquías Concha;114315;5;5;10;50.0
Metropolitana de Santiago;Servicio de Salud Metropolitano Sur Oriente;La Granja;Centro de Salud Familiar Malaquías Concha;114315;6;14;14;100.0
Metropolitana de Santiago;Servicio de Salud Metropolitano Sur Oriente;La Granja;Centro de Salud Familiar Padre Esteban Gumucio Vives;113307;1;0;12;0.0
Metropolitana de Santiago;Servicio de Salud Metropolitano Sur Oriente;La Granja;Centro de Salud Familiar Padre Esteban Gumucio Vives;113307;2;0;13;0.0
Metropolitana de Santiago;Servicio de Salud Metropolitano Sur Oriente;La Granja;Centro de Salud Familiar Padre Esteban Gumucio Vives;113307;3;9;8;112.5
Metropolitana de Santiago;Servicio de Salud Metropolitano Sur Oriente;La Granja;Centro de Salud Familiar Padre Esteban Gumucio Vives;113307;4;6;19;31.58
Metropolitana de Santiago;Servicio de Salud Metropolitano Sur Oriente;La Granja;Centro de Salud Familiar Padre Esteban Gumucio Vives;113307;5;4;9;44.44
Metropolitana de Santiago;Servicio de Salud Metropolitano Sur Oriente;La Granja;Centro de Salud Familiar Padre Esteban Gumucio Vives;113307;6;2;17;11.76
Metropolitana de Santiago;Servicio de Salud Metropolitano Sur Oriente;La Pintana;Centro de Salud Familiar El Roble;114319;1;16;15;106.67
Metropolitana de Santiago;Servicio de Salud Metropolitano Sur Oriente;La Pintana;Centro de Salud Familiar El Roble;114319;2;0;22;0.0
Metropolitana de Santiago;Servicio de Salud Metropolitano Sur Oriente;La Pintana;Centro de Salud Familiar El Roble;114319;3;1;19;5.26
Metropolitana de Santiago;Servicio de Salud Metropolitano Sur Oriente;La Pintana;Centro de Salud Familiar El Roble;114319;4;7;23;30.43
Metropolitana de Santiago;Servicio de Salud Metropolitano Sur Oriente;La Pintana;Centro de Salud Familiar El Roble;114319;5;9;19;47.37
Metropolitana de Santiago;Servicio de Salud Metropolitano Sur Oriente;La Pintana;Centro de Salud Familiar El Roble;114319;6;11;30;36.67
Metropolitana de Santiago;Servicio de Salud Metropolitano Sur Oriente;La Pintana;Centro de Salud Familiar Flor Fernández;114318;1;0;5;0.0
Metropolitana de Santiago;Servicio de Salud Metropolitano Sur Oriente;La Pintana;Centro de Salud Familiar Flor Fernández;114318;2;12;9;133.33
Metropolitana de Santiago;Servicio de Salud Metropolitano Sur Oriente;La Pintana;Centro de Salud Familiar Flor Fernández;114318;3;0;9;0.0
Metropolitana de Santiago;Servicio de Salud Metropolitano Sur Oriente;La Pintana;Centro de Salud Familiar Flor Fernández;114318;4;13;13;100.0
Metropolitana de Santiago;Servicio de Salud Metropolitano Sur Oriente;La Pintana;Centro de Salud Familiar Flor Fernández;114318;5;0;5;0.0
Metropolitana de Santiago;Servicio de Salud Metropolitano Sur Oriente;La Pintana;Centro de Salud Familiar Flor Fernández;114318;6;9;10;90.0
Metropolitana de Santiago;Servicio de Salud Metropolitano Sur Oriente;La Pintana;Centro de Salud Familiar Juan Pablo II Red de Salud UC CHRISTUS;114327;1;4;13;30.77
Metropolitana de Santiago;Servicio de Salud Metropolitano Sur Oriente;La Pintana;Centro de Salud Familiar Juan Pablo II Red de Salud UC CHRISTUS;114327;2;7;8;87.5
Metropolitana de Santiago;Servicio de Salud Metropolitano Sur Oriente;La Pintana;Centro de Salud Familiar Juan Pablo II Red de Salud UC CHRISTUS;114327;3;6;6;100.0
Metropolitana de Santiago;Servicio de Salud Metropolitano Sur Oriente;La Pintana;Centro de Salud Familiar Juan Pablo II Red de Salud UC CHRISTUS;114327;4;8;17;47.06
Metropolitana de Santiago;Servicio de Salud Metropolitano Sur Oriente;La Pintana;Centro de Salud Familiar Juan Pablo II Red de Salud UC CHRISTUS;114327;5;9;7;128.57
Metropolitana de Santiago;Servicio de Salud Metropolitano Sur Oriente;La Pintana;Centro de Salud Familiar Juan Pablo II Red de Salud UC CHRISTUS;114327;6;7;9;77.78
Metropolitana de Santiago;Servicio de Salud Metropolitano Sur Oriente;La Pintana;Centro de Salud Familiar Pablo de Rokha;114309;1;5;16;31.25
Metropolitana de Santiago;Servicio de Salud Metropolitano Sur Oriente;La Pintana;Centro de Salud Familiar Pablo de Rokha;114309;2;16;7;228.57
Metropolitana de Santiago;Servicio de Salud Metropolitano Sur Oriente;La Pintana;Centro de Salud Familiar Pablo de Rokha;114309;3;7;22;31.82
Metropolitana de Santiago;Servicio de Salud Metropolitano Sur Oriente;La Pintana;Centro de Salud Familiar Pablo de Rokha;114309;4;7;17;41.18
Metropolitana de Santiago;Servicio de Salud Metropolitano Sur Oriente;La Pintana;Centro de Salud Familiar Pablo de Rokha;114309;5;2;21;9.52
Metropolitana de Santiago;Servicio de Salud Metropolitano Sur Oriente;La Pintana;Centro de Salud Familiar Pablo de Rokha;114309;6;4;27;14.81
Metropolitana de Santiago;Servicio de Salud Metropolitano Sur Oriente;La Pintana;Centro de Salud Familiar San Rafael;114308;1;0;17;0.0
Metropolitana de Santiago;Servicio de Salud Metropolitano Sur Oriente;La Pintana;Centro de Salud Familiar San Rafael;114308;2;0;8;0.0
Metropolitana de Santiago;Servicio de Salud Metropolitano Sur Oriente;La Pintana;Centro de Salud Familiar San Rafael;114308;3;0;14;0.0
Metropolitana de Santiago;Servicio de Salud Metropolitano Sur Oriente;La Pintana;Centro de Salud Familiar San Rafael;114308;4;0;20;0.0
Metropolitana de Santiago;Servicio de Salud Metropolitano Sur Oriente;La Pintana;Centro de Salud Familiar San Rafael;114308;5;0;17;0.0
Metropolitana de Santiago;Servicio de Salud Metropolitano Sur Oriente;La Pintana;Centro de Salud Familiar San Rafael;114308;6;0;14;0.0
Metropolitana de Santiago;Servicio de Salud Metropolitano Sur Oriente;La Pintana;Centro de Salud Familiar Santiago de Nueva Extremadura;114311;1;10;23;43.48
Metropolitana de Santiago;Servicio de Salud Metropolitano Sur Oriente;La Pintana;Centro de Salud Familiar Santiago de Nueva Extremadura;114311;2;21;18;116.67
Metropolitana de Santiago;Servicio de Salud Metropolitano Sur Oriente;La Pintana;Centro de Salud Familiar Santiago de Nueva Extremadura;114311;3;14;25;56.0
Metropolitana de Santiago;Servicio de Salud Metropolitano Sur Oriente;La Pintana;Centro de Salud Familiar Santiago de Nueva Extremadura;114311;4;14;16;87.5
Metropolitana de Santiago;Servicio de Salud Metropolitano Sur Oriente;La Pintana;Centro de Salud Familiar Santiago de Nueva Extremadura;114311;5;11;17;64.71
Metropolitana de Santiago;Servicio de Salud Metropolitano Sur Oriente;La Pintana;Centro de Salud Familiar Santiago de Nueva Extremadura;114311;6;7;24;29.17
Metropolitana de Santiago;Servicio de Salud Metropolitano Sur Oriente;La Pintana;Centro de Salud Familiar Santo Tomás;114317;1;0;21;0.0
Metropolitana de Santiago;Servicio de Salud Metropolitano Sur Oriente;La Pintana;Centro de Salud Familiar Santo Tomás;114317;2;5;22;22.73
Metropolitana de Santiago;Servicio de Salud Metropolitano Sur Oriente;La Pintana;Centro de Salud Familiar Santo Tomás;114317;3;8;20;40.0
Metropolitana de Santiago;Servicio de Salud Metropolitano Sur Oriente;La Pintana;Centro de Salud Familiar Santo Tomás;114317;4;4;26;15.38
Metropolitana de Santiago;Servicio de Salud Metropolitano Sur Oriente;La Pintana;Centro de Salud Familiar Santo Tomás;114317;5;6;23;26.09
Metropolitana de Santiago;Servicio de Salud Metropolitano Sur Oriente;La Pintana;Centro de Salud Familiar Santo Tomás;114317;6;0;20;0.0
Metropolitana de Santiago;Servicio de Salud Metropolitano Sur Oriente;Pirque;Centro de Salud Familiar Dr. José Manuel Balmaceda;114310;1;0;11;0.0
Metropolitana de Santiago;Servicio de Salud Metropolitano Sur Oriente;Pirque;Centro de Salud Familiar Dr. José Manuel Balmaceda;114310;2;0;8;0.0
Metropolitana de Santiago;Servicio de Salud Metropolitano Sur Oriente;Pirque;Centro de Salud Familiar Dr. José Manuel Balmaceda;114310;3;6;11;54.55
Metropolitana de Santiago;Servicio de Salud Metropolitano Sur Oriente;Pirque;Centro de Salud Familiar Dr. José Manuel Balmaceda;114310;4;11;9;122.22
Metropolitana de Santiago;Servicio de Salud Metropolitano Sur Oriente;Pirque;Centro de Salud Familiar Dr. José Manuel Balmaceda;114310;5;0;5;0.0
Metropolitana de Santiago;Servicio de Salud Metropolitano Sur Oriente;Pirque;Centro de Salud Familiar Dr. José Manuel Balmaceda;114310;6;6;6;100.0
Metropolitana de Santiago;Servicio de Salud Metropolitano Sur Oriente;Pirque;Centro de Salud Rural El Principal;114333;1;0;13;0.0
Metropolitana de Santiago;Servicio de Salud Metropolitano Sur Oriente;Pirque;Centro de Salud Rural El Principal;114333;2;0;4;0.0
Metropolitana de Santiago;Servicio de Salud Metropolitano Sur Oriente;Pirque;Centro de Salud Rural El Principal;114333;3;7;3;233.33
Metropolitana de Santiago;Servicio de Salud Metropolitano Sur Oriente;Pirque;Centro de Salud Rural El Principal;114333;4;5;7;71.43
Metropolitana de Santiago;Servicio de Salud Metropolitano Sur Oriente;Pirque;Centro de Salud Rural El Principal;114333;5;1;5;20.0
Metropolitana de Santiago;Servicio de Salud Metropolitano Sur Oriente;Pirque;Centro de Salud Rural El Principal;114333;6;0;6;0.0
Metropolitana de Santiago;Servicio de Salud Metropolitano Sur Oriente;Pirque;Posta de Salud Rural Puntilla;114401;1;0;2;0.0
Metropolitana de Santiago;Servicio de Salud Metropolitano Sur Oriente;Pirque;Posta de Salud Rural Puntilla;114401;6;0;1;0.0
Metropolitana de Santiago;Servicio de Salud Metropolitano Sur Oriente;Pirque;Posta de Salud Rural San Vicente;114406;4;0;1;0.0
Metropolitana de Santiago;Servicio de Salud Metropolitano Sur Oriente;Pirque;Posta de Salud Rural San Vicente;114406;5;0;1;0.0
Metropolitana de Santiago;Servicio de Salud Metropolitano Sur Oriente;Pirque;Posta de Salud Rural Santa Rita;114403;2;0;1;0.0
Metropolitana de Santiago;Servicio de Salud Metropolitano Sur Oriente;Pirque;Posta de Salud Rural Santa Rita;114403;5;0;1;0.0
Metropolitana de Santiago;Servicio de Salud Metropolitano Sur Oriente;Puente Alto;Centro de Salud Familiar Bernardo Leighton;114320;1;0;26;0.0
Metropolitana de Santiago;Servicio de Salud Metropolitano Sur Oriente;Puente Alto;Centro de Salud Familiar Bernardo Leighton;114320;2;0;17;0.0
Metropolitana de Santiago;Servicio de Salud Metropolitano Sur Oriente;Puente Alto;Centro de Salud Familiar Bernardo Leighton;114320;3;0;36;0.0
Metropolitana de Santiago;Servicio de Salud Metropolitano Sur Oriente;Puente Alto;Centro de Salud Familiar Bernardo Leighton;114320;4;0;18;0.0
Metropolitana de Santiago;Servicio de Salud Metropolitano Sur Oriente;Puente Alto;Centro de Salud Familiar Bernardo Leighton;114320;5;0;23;0.0
Metropolitana de Santiago;Servicio de Salud Metropolitano Sur Oriente;Puente Alto;Centro de Salud Familiar Bernardo Leighton;114320;6;0;19;0.0
Metropolitana de Santiago;Servicio de Salud Metropolitano Sur Oriente;Puente Alto;Centro de Salud Familiar Cardenal Silva Henríquez;114321;1;0;25;0.0
Metropolitana de Santiago;Servicio de Salud Metropolitano Sur Oriente;Puente Alto;Centro de Salud Familiar Cardenal Silva Henríquez;114321;2;0;27;0.0
Metropolitana de Santiago;Servicio de Salud Metropolitano Sur Oriente;Puente Alto;Centro de Salud Familiar Cardenal Silva Henríquez;114321;3;0;28;0.0
Metropolitana de Santiago;Servicio de Salud Metropolitano Sur Oriente;Puente Alto;Centro de Salud Familiar Cardenal Silva Henríquez;114321;4;0;36;0.0
Metropolitana de Santiago;Servicio de Salud Metropolitano Sur Oriente;Puente Alto;Centro de Salud Familiar Cardenal Silva Henríquez;114321;5;0;20;0.0
Metropolitana de Santiago;Servicio de Salud Metropolitano Sur Oriente;Puente Alto;Centro de Salud Familiar Cardenal Silva Henríquez;114321;6;0;31;0.0
Metropolitana de Santiago;Servicio de Salud Metropolitano Sur Oriente;Puente Alto;Centro de Salud Familiar Dr. Alejandro del Río;114301;1;107;53;201.89
Metropolitana de Santiago;Servicio de Salud Metropolitano Sur Oriente;Puente Alto;Centro de Salud Familiar Dr. Alejandro del Río;114301;2;42;43;97.67
Metropolitana de Santiago;Servicio de Salud Metropolitano Sur Oriente;Puente Alto;Centro de Salud Familiar Dr. Alejandro del Río;114301;3;57;62;91.94
Metropolitana de Santiago;Servicio de Salud Metropolitano Sur Oriente;Puente Alto;Centro de Salud Familiar Dr. Alejandro del Río;114301;4;47;43;109.3
Metropolitana de Santiago;Servicio de Salud Metropolitano Sur Oriente;Puente Alto;Centro de Salud Familiar Dr. Alejandro del Río;114301;5;30;45;66.67
Metropolitana de Santiago;Servicio de Salud Metropolitano Sur Oriente;Puente Alto;Centro de Salud Familiar Dr. Alejandro del Río;114301;6;46;43;106.98
Metropolitana de Santiago;Servicio de Salud Metropolitano Sur Oriente;Puente Alto;Centro de Salud Familiar Karol Wojtyla;114326;1;0;29;0.0
Metropolitana de Santiago;Servicio de Salud Metropolitano Sur Oriente;Puente Alto;Centro de Salud Familiar Karol Wojtyla;114326;2;0;14;0.0
Metropolitana de Santiago;Servicio de Salud Metropolitano Sur Oriente;Puente Alto;Centro de Salud Familiar Karol Wojtyla;114326;3;0;32;0.0
Metropolitana de Santiago;Servicio de Salud Metropolitano Sur Oriente;Puente Alto;Centro de Salud Familiar Karol Wojtyla;114326;4;0;22;0.0
Metropolitana de Santiago;Servicio de Salud Metropolitano Sur Oriente;Puente Alto;Centro de Salud Familiar Karol Wojtyla;114326;5;0;21;0.0
Metropolitana de Santiago;Servicio de Salud Metropolitano Sur Oriente;Puente Alto;Centro de Salud Familiar Karol Wojtyla;114326;6;0;31;0.0
Metropolitana de Santiago;Servicio de Salud Metropolitano Sur Oriente;Puente Alto;Centro de Salud Familiar Laurita Vicuña;114332;1;0;30;0.0
Metropolitana de Santiago;Servicio de Salud Metropolitano Sur Oriente;Puente Alto;Centro de Salud Familiar Laurita Vicuña;114332;2;0;26;0.0
Metropolitana de Santiago;Servicio de Salud Metropolitano Sur Oriente;Puente Alto;Centro de Salud Familiar Laurita Vicuña;114332;3;0;21;0.0
Metropolitana de Santiago;Servicio de Salud Metropolitano Sur Oriente;Puente Alto;Centro de Salud Familiar Laurita Vicuña;114332;4;0;19;0.0
Metropolitana de Santiago;Servicio de Salud Metropolitano Sur Oriente;Puente Alto;Centro de Salud Familiar Laurita Vicuña;114332;5;0;14;0.0
Metropolitana de Santiago;Servicio de Salud Metropolitano Sur Oriente;Puente Alto;Centro de Salud Familiar Laurita Vicuña;114332;6;0;19;0.0
Metropolitana de Santiago;Servicio de Salud Metropolitano Sur Oriente;Puente Alto;Centro de Salud Familiar Madre Teresa de Calcuta Red de Salud UC CHRISTUS;114323;1;3;12;25.0
Metropolitana de Santiago;Servicio de Salud Metropolitano Sur Oriente;Puente Alto;Centro de Salud Familiar Madre Teresa de Calcuta Red de Salud UC CHRISTUS;114323;2;4;9;44.44
Metropolitana de Santiago;Servicio de Salud Metropolitano Sur Oriente;Puente Alto;Centro de Salud Familiar Madre Teresa de Calcuta Red de Salud UC CHRISTUS;114323;3;5;12;41.67
Metropolitana de Santiago;Servicio de Salud Metropolitano Sur Oriente;Puente Alto;Centro de Salud Familiar Madre Teresa de Calcuta Red de Salud UC CHRISTUS;114323;4;4;13;30.77
Metropolitana de Santiago;Servicio de Salud Metropolitano Sur Oriente;Puente Alto;Centro de Salud Familiar Madre Teresa de Calcuta Red de Salud UC CHRISTUS;114323;5;4;8;50.0
Metropolitana de Santiago;Servicio de Salud Metropolitano Sur Oriente;Puente Alto;Centro de Salud Familiar Madre Teresa de Calcuta Red de Salud UC CHRISTUS;114323;6;7;6;116.67
Metropolitana de Santiago;Servicio de Salud Metropolitano Sur Oriente;Puente Alto;Centro de Salud Familiar Padre Manuel Villaseca;114322;1;0;44;0.0
Metropolitana de Santiago;Servicio de Salud Metropolitano Sur Oriente;Puente Alto;Centro de Salud Familiar Padre Manuel Villaseca;114322;2;0;36;0.0
Metropolitana de Santiago;Servicio de Salud Metropolitano Sur Oriente;Puente Alto;Centro de Salud Familiar Padre Manuel Villaseca;114322;3;0;49;0.0
Metropolitana de Santiago;Servicio de Salud Metropolitano Sur Oriente;Puente Alto;Centro de Salud Familiar Padre Manuel Villaseca;114322;4;0;40;0.0
Metropolitana de Santiago;Servicio de Salud Metropolitano Sur Oriente;Puente Alto;Centro de Salud Familiar Padre Manuel Villaseca;114322;5;0;38;0.0
Metropolitana de Santiago;Servicio de Salud Metropolitano Sur Oriente;Puente Alto;Centro de Salud Familiar Padre Manuel Villaseca;114322;6;86;42;204.76
Metropolitana de Santiago;Servicio de Salud Metropolitano Sur Oriente;Puente Alto;Centro de Salud Familiar San Alberto Hurtado Red de Salud UC CHRISTUS;114329;1;2;9;22.22
Metropolitana de Santiago;Servicio de Salud Metropolitano Sur Oriente;Puente Alto;Centro de Salud Familiar San Alberto Hurtado Red de Salud UC CHRISTUS;114329;2;5;9;55.56
Metropolitana de Santiago;Servicio de Salud Metropolitano Sur Oriente;Puente Alto;Centro de Salud Familiar San Alberto Hurtado Red de Salud UC CHRISTUS;114329;3;2;8;25.0
Metropolitana de Santiago;Servicio de Salud Metropolitano Sur Oriente;Puente Alto;Centro de Salud Familiar San Alberto Hurtado Red de Salud UC CHRISTUS;114329;4;0;9;0.0
Metropolitana de Santiago;Servicio de Salud Metropolitano Sur Oriente;Puente Alto;Centro de Salud Familiar San Alberto Hurtado Red de Salud UC CHRISTUS;114329;5;9;8;112.5
Metropolitana de Santiago;Servicio de Salud Metropolitano Sur Oriente;Puente Alto;Centro de Salud Familiar San Alberto Hurtado Red de Salud UC CHRISTUS;114329;6;5;13;38.46
Metropolitana de Santiago;Servicio de Salud Metropolitano Sur Oriente;Puente Alto;Centro de Salud Familiar San Gerónimo;114312;1;0;28;0.0
Metropolitana de Santiago;Servicio de Salud Metropolitano Sur Oriente;Puente Alto;Centro de Salud Familiar San Gerónimo;114312;2;0;34;0.0
Metropolitana de Santiago;Servicio de Salud Metropolitano Sur Oriente;Puente Alto;Centro de Salud Familiar San Gerónimo;114312;3;0;34;0.0
Metropolitana de Santiago;Servicio de Salud Metropolitano Sur Oriente;Puente Alto;Centro de Salud Familiar San Gerónimo;114312;4;0;31;0.0
Metropolitana de Santiago;Servicio de Salud Metropolitano Sur Oriente;Puente Alto;Centro de Salud Familiar San Gerónimo;114312;5;0;26;0.0
Metropolitana de Santiago;Servicio de Salud Metropolitano Sur Oriente;Puente Alto;Centro de Salud Familiar San Gerónimo;114312;6;0;27;0.0
Metropolitana de Santiago;Servicio de Salud Metropolitano Sur Oriente;Puente Alto;Centro de Salud Familiar Vista Hermosa;114313;1;0;20;0.0
Metropolitana de Santiago;Servicio de Salud Metropolitano Sur Oriente;Puente Alto;Centro de Salud Familiar Vista Hermosa;114313;2;0;15;0.0
Metropolitana de Santiago;Servicio de Salud Metropolitano Sur Oriente;Puente Alto;Centro de Salud Familiar Vista Hermosa;114313;3;0;12;0.0
Metropolitana de Santiago;Servicio de Salud Metropolitano Sur Oriente;Puente Alto;Centro de Salud Familiar Vista Hermosa;114313;4;0;18;0.0
Metropolitana de Santiago;Servicio de Salud Metropolitano Sur Oriente;Puente Alto;Centro de Salud Familiar Vista Hermosa;114313;5;5;17;29.41
Metropolitana de Santiago;Servicio de Salud Metropolitano Sur Oriente;Puente Alto;Centro de Salud Familiar Vista Hermosa;114313;6;1;16;6.25
Metropolitana de Santiago;Servicio de Salud Metropolitano Sur Oriente;San José de Maipo;Hospital San José de Maipo;114102;1;0;4;0.0
Metropolitana de Santiago;Servicio de Salud Metropolitano Sur Oriente;San José de Maipo;Hospital San José de Maipo;114102;2;0;5;0.0
Metropolitana de Santiago;Servicio de Salud Metropolitano Sur Oriente;San José de Maipo;Hospital San José de Maipo;114102;3;2;4;50.0
Metropolitana de Santiago;Servicio de Salud Metropolitano Sur Oriente;San José de Maipo;Hospital San José de Maipo;114102;4;4;5;80.0
Metropolitana de Santiago;Servicio de Salud Metropolitano Sur Oriente;San José de Maipo;Hospital San José de Maipo;114102;5;0;8;0.0
Metropolitana de Santiago;Servicio de Salud Metropolitano Sur Oriente;San José de Maipo;Hospital San José de Maipo;114102;6;0;8;0.0
Metropolitana de Santiago;Servicio de Salud Metropolitano Sur Oriente;San José de Maipo;Posta de Salud Rural Las Vertientes;114407;1;0;2;0.0
Metropolitana de Santiago;Servicio de Salud Metropolitano Sur Oriente;San José de Maipo;Posta de Salud Rural Las Vertientes;114407;2;0;1;0.0
Metropolitana de Santiago;Servicio de Salud Metropolitano Sur Oriente;San José de Maipo;Posta de Salud Rural Las Vertientes;114407;4;5;3;166.67
Metropolitana de Santiago;Servicio de Salud Metropolitano Sur Oriente;San José de Maipo;Posta de Salud Rural Las Vertientes;114407;5;0;3;0.0
Metropolitana de Santiago;Servicio de Salud Metropolitano Sur Oriente;San José de Maipo;Posta de Salud Rural Las Vertientes;114407;6;0;2;0.0
Metropolitana de Santiago;Servicio de Salud Metropolitano Sur Oriente;San José de Maipo;Posta de Salud Rural San Gabriel;114410;4;0;2;0.0
Metropolitana de Santiago;Servicio de Salud Metropolitano Sur Oriente;San Ramón;Centro Comunitario de Salud Familiar Modelo;114714;1;0;5;0.0
Metropolitana de Santiago;Servicio de Salud Metropolitano Sur Oriente;San Ramón;Centro Comunitario de Salud Familiar Modelo;114714;2;0;4;0.0
Metropolitana de Santiago;Servicio de Salud Metropolitano Sur Oriente;San Ramón;Centro Comunitario de Salud Familiar Modelo;114714;3;5;0;
Metropolitana de Santiago;Servicio de Salud Metropolitano Sur Oriente;San Ramón;Centro Comunitario de Salud Familiar Modelo;114714;4;0;3;0.0
Metropolitana de Santiago;Servicio de Salud Metropolitano Sur Oriente;San Ramón;Centro Comunitario de Salud Familiar Modelo;114714;5;0;2;0.0
Metropolitana de Santiago;Servicio de Salud Metropolitano Sur Oriente;San Ramón;Centro Comunitario de Salud Familiar Modelo;114714;6;0;3;0.0
Metropolitana de Santiago;Servicio de Salud Metropolitano Sur Oriente;San Ramón;Centro de Salud Familiar Dr. Salvador Allende (Ex Consultorio San Ramón);114314;1;0;17;0.0
Metropolitana de Santiago;Servicio de Salud Metropolitano Sur Oriente;San Ramón;Centro de Salud Familiar Dr. Salvador Allende (Ex Consultorio San Ramón);114314;2;0;5;0.0
Metropolitana de Santiago;Servicio de Salud Metropolitano Sur Oriente;San Ramón;Centro de Salud Familiar Dr. Salvador Allende (Ex Consultorio San Ramón);114314;3;28;12;233.33
Metropolitana de Santiago;Servicio de Salud Metropolitano Sur Oriente;San Ramón;Centro de Salud Familiar Dr. Salvador Allende (Ex Consultorio San Ramón);114314;4;20;14;142.86
Metropolitana de Santiago;Servicio de Salud Metropolitano Sur Oriente;San Ramón;Centro de Salud Familiar Dr. Salvador Allende (Ex Consultorio San Ramón);114314;5;9;10;90.0
Metropolitana de Santiago;Servicio de Salud Metropolitano Sur Oriente;San Ramón;Centro de Salud Familiar Dr. Salvador Allende (Ex Consultorio San Ramón);114314;6;10;10;100.0
Metropolitana de Santiago;Servicio de Salud Metropolitano Sur Oriente;San Ramón;Centro de Salud Familiar La Bandera;114307;1;17;10;170.0
Metropolitana de Santiago;Servicio de Salud Metropolitano Sur Oriente;San Ramón;Centro de Salud Familiar La Bandera;114307;2;15;16;93.75
Metropolitana de Santiago;Servicio de Salud Metropolitano Sur Oriente;San Ramón;Centro de Salud Familiar La Bandera;114307;3;5;7;71.43
Metropolitana de Santiago;Servicio de Salud Metropolitano Sur Oriente;San Ramón;Centro de Salud Familiar La Bandera;114307;4;0;19;0.0
Metropolitana de Santiago;Servicio de Salud Metropolitano Sur Oriente;San Ramón;Centro de Salud Familiar La Bandera;114307;5;14;12;116.67
Metropolitana de Santiago;Servicio de Salud Metropolitano Sur Oriente;San Ramón;Centro de Salud Familiar La Bandera;114307;6;12;8;150.0
Metropolitana de Santiago;Servicio de Salud Metropolitano Sur Oriente;San Ramón;Centro de Salud Familiar Poetisa Gabriela Mistral;114328;1;5;20;25.0
Metropolitana de Santiago;Servicio de Salud Metropolitano Sur Oriente;San Ramón;Centro de Salud Familiar Poetisa Gabriela Mistral;114328;2;0;14;0.0
Metropolitana de Santiago;Servicio de Salud Metropolitano Sur Oriente;San Ramón;Centro de Salud Familiar Poetisa Gabriela Mistral;114328;3;3;14;21.43
Metropolitana de Santiago;Servicio de Salud Metropolitano Sur Oriente;San Ramón;Centro de Salud Familiar Poetisa Gabriela Mistral;114328;4;0;11;0.0
Metropolitana de Santiago;Servicio de Salud Metropolitano Sur Oriente;San Ramón;Centro de Salud Familiar Poetisa Gabriela Mistral;114328;6;0;11;0.0
Tarapacá;Servicio de Salud Tarapacá;Alto Hospicio;Centro Comunitario de Salud Familiar El Boro;102705;1;0;12;0.0
Tarapacá;Servicio de Salud Tarapacá;Alto Hospicio;Centro Comunitario de Salud Familiar El Boro;102705;2;0;10;0.0
Tarapacá;Servicio de Salud Tarapacá;Alto Hospicio;Centro Comunitario de Salud Familiar El Boro;102705;3;0;12;0.0
Tarapacá;Servicio de Salud Tarapacá;Alto Hospicio;Centro Comunitario de Salud Familiar El Boro;102705;4;0;17;0.0
Tarapacá;Servicio de Salud Tarapacá;Alto Hospicio;Centro Comunitario de Salud Familiar El Boro;102705;5;8;15;53.33
Tarapacá;Servicio de Salud Tarapacá;Alto Hospicio;Centro Comunitario de Salud Familiar El Boro;102705;6;9;18;50.0
Tarapacá;Servicio de Salud Tarapacá;Alto Hospicio;Centro Comunitario de Salud Familiar La Tortuga;200335;1;0;13;0.0
Tarapacá;Servicio de Salud Tarapacá;Alto Hospicio;Centro Comunitario de Salud Familiar La Tortuga;200335;2;0;13;0.0
Tarapacá;Servicio de Salud Tarapacá;Alto Hospicio;Centro Comunitario de Salud Familiar La Tortuga;200335;3;7;9;77.78
Tarapacá;Servicio de Salud Tarapacá;Alto Hospicio;Centro Comunitario de Salud Familiar La Tortuga;200335;4;2;11;18.18
Tarapacá;Servicio de Salud Tarapacá;Alto Hospicio;Centro Comunitario de Salud Familiar La Tortuga;200335;5;0;8;0.0
Tarapacá;Servicio de Salud Tarapacá;Alto Hospicio;Centro Comunitario de Salud Familiar La Tortuga;200335;6;5;12;41.67
Tarapacá;Servicio de Salud Tarapacá;Alto Hospicio;Centro de Salud Familiar Dr. Héctor Reyno Gutiérrez;102307;1;0;69;0.0
Tarapacá;Servicio de Salud Tarapacá;Alto Hospicio;Centro de Salud Familiar Dr. Héctor Reyno Gutiérrez;102307;2;19;63;30.16
Tarapacá;Servicio de Salud Tarapacá;Alto Hospicio;Centro de Salud Familiar Dr. Héctor Reyno Gutiérrez;102307;3;21;47;44.68
Tarapacá;Servicio de Salud Tarapacá;Alto Hospicio;Centro de Salud Familiar Dr. Héctor Reyno Gutiérrez;102307;4;21;44;47.73
Tarapacá;Servicio de Salud Tarapacá;Alto Hospicio;Centro de Salud Familiar Dr. Héctor Reyno Gutiérrez;102307;5;41;32;128.12
Tarapacá;Servicio de Salud Tarapacá;Alto Hospicio;Centro de Salud Familiar Dr. Héctor Reyno Gutiérrez;102307;6;20;44;45.45
Tarapacá;Servicio de Salud Tarapacá;Alto Hospicio;Centro de Salud Familiar Dr. Yandry Añazco Montero;200557;1;18;31;58.06
Tarapacá;Servicio de Salud Tarapacá;Alto Hospicio;Centro de Salud Familiar Dr. Yandry Añazco Montero;200557;2;10;35;28.57
Tarapacá;Servicio de Salud Tarapacá;Alto Hospicio;Centro de Salud Familiar Dr. Yandry Añazco Montero;200557;3;11;30;36.67
Tarapacá;Servicio de Salud Tarapacá;Alto Hospicio;Centro de Salud Familiar Dr. Yandry Añazco Montero;200557;4;8;26;30.77
Tarapacá;Servicio de Salud Tarapacá;Alto Hospicio;Centro de Salud Familiar Dr. Yandry Añazco Montero;200557;5;10;18;55.56
Tarapacá;Servicio de Salud Tarapacá;Alto Hospicio;Centro de Salud Familiar Dr. Yandry Añazco Montero;200557;6;12;17;70.59
Tarapacá;Servicio de Salud Tarapacá;Alto Hospicio;Centro de Salud Familiar Pedro Pulgar Melgarejo;102305;1;6;57;10.53
Tarapacá;Servicio de Salud Tarapacá;Alto Hospicio;Centro de Salud Familiar Pedro Pulgar Melgarejo;102305;2;4;52;7.69
Tarapacá;Servicio de Salud Tarapacá;Alto Hospicio;Centro de Salud Familiar Pedro Pulgar Melgarejo;102305;3;9;63;14.29
Tarapacá;Servicio de Salud Tarapacá;Alto Hospicio;Centro de Salud Familiar Pedro Pulgar Melgarejo;102305;4;5;48;10.42
Tarapacá;Servicio de Salud Tarapacá;Alto Hospicio;Centro de Salud Familiar Pedro Pulgar Melgarejo;102305;5;1;48;2.08
Tarapacá;Servicio de Salud Tarapacá;Alto Hospicio;Centro de Salud Familiar Pedro Pulgar Melgarejo;102305;6;4;54;7.41
Tarapacá;Servicio de Salud Tarapacá;Camiña;Centro de Salud Familiar Camiña;102309;1;0;2;0.0
Tarapacá;Servicio de Salud Tarapacá;Camiña;Centro de Salud Familiar Camiña;102309;2;2;0;
Tarapacá;Servicio de Salud Tarapacá;Camiña;Centro de Salud Familiar Camiña;102309;5;2;1;200.0
Tarapacá;Servicio de Salud Tarapacá;Camiña;Posta de Salud Rural Moquella;102408;1;0;2;0.0
Tarapacá;Servicio de Salud Tarapacá;Camiña;Posta de Salud Rural Moquella;102408;4;1;1;100.0
Tarapacá;Servicio de Salud Tarapacá;Colchane;Centro de Salud Familiar Colchane;102310;1;0;2;0.0
Tarapacá;Servicio de Salud Tarapacá;Colchane;Centro de Salud Familiar Colchane;102310;3;0;3;0.0
Tarapacá;Servicio de Salud Tarapacá;Colchane;Centro de Salud Familiar Colchane;102310;5;0;1;0.0
Tarapacá;Servicio de Salud Tarapacá;Huara;Centro de Salud Familiar Dr. Amador Neghme Rodríguez;102308;1;1;2;50.0
Tarapacá;Servicio de Salud Tarapacá;Huara;Centro de Salud Familiar Dr. Amador Neghme Rodríguez;102308;2;0;3;0.0
Tarapacá;Servicio de Salud Tarapacá;Huara;Centro de Salud Familiar Dr. Amador Neghme Rodríguez;102308;3;0;5;0.0
Tarapacá;Servicio de Salud Tarapacá;Huara;Centro de Salud Familiar Dr. Amador Neghme Rodríguez;102308;4;0;3;0.0
Tarapacá;Servicio de Salud Tarapacá;Huara;Centro de Salud Familiar Dr. Amador Neghme Rodríguez;102308;5;1;2;50.0
Tarapacá;Servicio de Salud Tarapacá;Huara;Centro de Salud Familiar Dr. Amador Neghme Rodríguez;102308;6;1;4;25.0
Tarapacá;Servicio de Salud Tarapacá;Huara;Posta de Salud Rural Pachica;200474;1;2;0;
Tarapacá;Servicio de Salud Tarapacá;Huara;Posta de Salud Rural Pachica;200474;5;1;1;100.0
Tarapacá;Servicio de Salud Tarapacá;Huara;Posta de Salud Rural Pachica;200474;6;1;0;
Tarapacá;Servicio de Salud Tarapacá;Huara;Posta de Salud Rural Sibaya;102410;5;1;0;
Tarapacá;Servicio de Salud Tarapacá;Huara;Posta de Salud Rural Sibaya;102410;6;1;1;100.0
Tarapacá;Servicio de Salud Tarapacá;Huara;Posta de Salud Rural Tarapacá;102402;5;0;2;0.0
Tarapacá;Servicio de Salud Tarapacá;Huara;Posta de Salud Rural Tarapacá;102402;6;1;1;100.0
Tarapacá;Servicio de Salud Tarapacá;Iquique;Centro Comunitario de Salud Familiar Cerro Esmeralda;102701;1;7;14;50.0
Tarapacá;Servicio de Salud Tarapacá;Iquique;Centro Comunitario de Salud Familiar Cerro Esmeralda;102701;2;0;7;0.0
Tarapacá;Servicio de Salud Tarapacá;Iquique;Centro Comunitario de Salud Familiar Cerro Esmeralda;102701;3;0;9;0.0
Tarapacá;Servicio de Salud Tarapacá;Iquique;Centro Comunitario de Salud Familiar Cerro Esmeralda;102701;4;0;12;0.0
Tarapacá;Servicio de Salud Tarapacá;Iquique;Centro Comunitario de Salud Familiar Cerro Esmeralda;102701;5;0;14;0.0
Tarapacá;Servicio de Salud Tarapacá;Iquique;Centro Comunitario de Salud Familiar Cerro Esmeralda;102701;6;0;7;0.0
Tarapacá;Servicio de Salud Tarapacá;Iquique;Centro de Salud Familiar Cirujano Aguirre;102300;1;40;64;62.5
Tarapacá;Servicio de Salud Tarapacá;Iquique;Centro de Salud Familiar Cirujano Aguirre;102300;2;67;47;142.55
Tarapacá;Servicio de Salud Tarapacá;Iquique;Centro de Salud Familiar Cirujano Aguirre;102300;3;35;67;52.24
Tarapacá;Servicio de Salud Tarapacá;Iquique;Centro de Salud Familiar Cirujano Aguirre;102300;4;39;60;65.0
Tarapacá;Servicio de Salud Tarapacá;Iquique;Centro de Salud Familiar Cirujano Aguirre;102300;5;28;44;63.64
Tarapacá;Servicio de Salud Tarapacá;Iquique;Centro de Salud Familiar Cirujano Aguirre;102300;6;66;39;169.23
Tarapacá;Servicio de Salud Tarapacá;Iquique;Centro de Salud Familiar Cirujano Guzmán;102302;1;19;42;45.24
Tarapacá;Servicio de Salud Tarapacá;Iquique;Centro de Salud Familiar Cirujano Guzmán;102302;2;25;31;80.65
Tarapacá;Servicio de Salud Tarapacá;Iquique;Centro de Salud Familiar Cirujano Guzmán;102302;3;12;35;34.29
Tarapacá;Servicio de Salud Tarapacá;Iquique;Centro de Salud Familiar Cirujano Guzmán;102302;4;30;29;103.45
Tarapacá;Servicio de Salud Tarapacá;Iquique;Centro de Salud Familiar Cirujano Guzmán;102302;5;50;39;128.21
Tarapacá;Servicio de Salud Tarapacá;Iquique;Centro de Salud Familiar Cirujano Guzmán;102302;6;51;33;154.55
Tarapacá;Servicio de Salud Tarapacá;Iquique;Centro de Salud Familiar Cirujano Videla;102301;1;18;50;36.0
Tarapacá;Servicio de Salud Tarapacá;Iquique;Centro de Salud Familiar Cirujano Videla;102301;2;51;46;110.87
Tarapacá;Servicio de Salud Tarapacá;Iquique;Centro de Salud Familiar Cirujano Videla;102301;3;38;55;69.09
Tarapacá;Servicio de Salud Tarapacá;Iquique;Centro de Salud Familiar Cirujano Videla;102301;4;59;61;96.72
Tarapacá;Servicio de Salud Tarapacá;Iquique;Centro de Salud Familiar Cirujano Videla;102301;5;39;41;95.12
Tarapacá;Servicio de Salud Tarapacá;Iquique;Centro de Salud Familiar Cirujano Videla;102301;6;50;55;90.91
Tarapacá;Servicio de Salud Tarapacá;Iquique;Centro de Salud Familiar Sur de Iquique;102306;1;16;34;47.06
Tarapacá;Servicio de Salud Tarapacá;Iquique;Centro de Salud Familiar Sur de Iquique;102306;2;36;50;72.0
Tarapacá;Servicio de Salud Tarapacá;Iquique;Centro de Salud Familiar Sur de Iquique;102306;3;0;49;0.0
Tarapacá;Servicio de Salud Tarapacá;Iquique;Centro de Salud Familiar Sur de Iquique;102306;4;52;45;115.56
Tarapacá;Servicio de Salud Tarapacá;Iquique;Centro de Salud Familiar Sur de Iquique;102306;5;0;47;0.0
Tarapacá;Servicio de Salud Tarapacá;Iquique;Centro de Salud Familiar Sur de Iquique;102306;6;72;33;218.18
Tarapacá;Servicio de Salud Tarapacá;Iquique;Posta de Salud Rural Chanavayita;102412;1;0;2;0.0
Tarapacá;Servicio de Salud Tarapacá;Iquique;Posta de Salud Rural Chanavayita;102412;3;0;5;0.0
Tarapacá;Servicio de Salud Tarapacá;Iquique;Posta de Salud Rural Chanavayita;102412;4;0;2;0.0
Tarapacá;Servicio de Salud Tarapacá;Iquique;Posta de Salud Rural San Marcos;102413;3;0;2;0.0
Tarapacá;Servicio de Salud Tarapacá;Iquique;Posta de Salud Rural San Marcos;102413;6;0;1;0.0
Tarapacá;Servicio de Salud Tarapacá;Pica;Centro de Salud Familiar Dr. Juan Márquez Vismarra;102304;1;0;8;0.0
Tarapacá;Servicio de Salud Tarapacá;Pica;Centro de Salud Familiar Dr. Juan Márquez Vismarra;102304;2;0;10;0.0
Tarapacá;Servicio de Salud Tarapacá;Pica;Centro de Salud Familiar Dr. Juan Márquez Vismarra;102304;3;0;10;0.0
Tarapacá;Servicio de Salud Tarapacá;Pica;Centro de Salud Familiar Dr. Juan Márquez Vismarra;102304;4;0;13;0.0
Tarapacá;Servicio de Salud Tarapacá;Pica;Centro de Salud Familiar Dr. Juan Márquez Vismarra;102304;5;0;8;0.0
Tarapacá;Servicio de Salud Tarapacá;Pica;Centro de Salud Familiar Dr. Juan Márquez Vismarra;102304;6;0;7;0.0
Tarapacá;Servicio de Salud Tarapacá;Pozo Almonte;Centro de Salud Familiar Pozo Almonte;102303;1;0;17;0.0
Tarapacá;Servicio de Salud Tarapacá;Pozo Almonte;Centro de Salud Familiar Pozo Almonte;102303;2;9;15;60.0
Tarapacá;Servicio de Salud Tarapacá;Pozo Almonte;Centro de Salud Familiar Pozo Almonte;102303;3;5;20;25.0
Tarapacá;Servicio de Salud Tarapacá;Pozo Almonte;Centro de Salud Familiar Pozo Almonte;102303;4;8;23;34.78
Tarapacá;Servicio de Salud Tarapacá;Pozo Almonte;Centro de Salud Familiar Pozo Almonte;102303;5;13;17;76.47
Tarapacá;Servicio de Salud Tarapacá;Pozo Almonte;Centro de Salud Familiar Pozo Almonte;102303;6;10;17;58.82
Tarapacá;Servicio de Salud Tarapacá;Pozo Almonte;Posta de Salud Rural La Huayca;102414;1;0;1;0.0
Tarapacá;Servicio de Salud Tarapacá;Pozo Almonte;Posta de Salud Rural La Huayca;102414;2;0;1;0.0
Tarapacá;Servicio de Salud Tarapacá;Pozo Almonte;Posta de Salud Rural La Huayca;102414;3;0;1;0.0
Tarapacá;Servicio de Salud Tarapacá;Pozo Almonte;Posta de Salud Rural La Huayca;102414;5;0;2;0.0
Tarapacá;Servicio de Salud Tarapacá;Pozo Almonte;Posta de Salud Rural La Tirana;102406;1;0;3;0.0
Tarapacá;Servicio de Salud Tarapacá;Pozo Almonte;Posta de Salud Rural La Tirana;102406;2;0;2;0.0
Tarapacá;Servicio de Salud Tarapacá;Pozo Almonte;Posta de Salud Rural La Tirana;102406;3;0;3;0.0
Tarapacá;Servicio de Salud Tarapacá;Pozo Almonte;Posta de Salud Rural La Tirana;102406;4;0;8;0.0
Tarapacá;Servicio de Salud Tarapacá;Pozo Almonte;Posta de Salud Rural La Tirana;102406;5;0;3;0.0
Tarapacá;Servicio de Salud Tarapacá;Pozo Almonte;Posta de Salud Rural La Tirana;102406;6;0;1;0.0
Valparaíso;Servicio de Salud Aconcagua;Calle Larga;Centro de Salud Familiar José Joaquín Aguirre;108308;1;6;14;42.86
Valparaíso;Servicio de Salud Aconcagua;Calle Larga;Centro de Salud Familiar José Joaquín Aguirre;108308;2;0;5;0.0
Valparaíso;Servicio de Salud Aconcagua;Calle Larga;Centro de Salud Familiar José Joaquín Aguirre;108308;3;0;11;0.0
Valparaíso;Servicio de Salud Aconcagua;Calle Larga;Centro de Salud Familiar José Joaquín Aguirre;108308;4;24;8;300.0
Valparaíso;Servicio de Salud Aconcagua;Calle Larga;Centro de Salud Familiar José Joaquín Aguirre;108308;5;0;8;0.0
Valparaíso;Servicio de Salud Aconcagua;Calle Larga;Centro de Salud Familiar José Joaquín Aguirre;108308;6;0;12;0.0
Valparaíso;Servicio de Salud Aconcagua;Calle Larga;Posta de Salud Rural San Vicente (Calle Larga);108405;1;0;1;0.0
Valparaíso;Servicio de Salud Aconcagua;Calle Larga;Posta de Salud Rural San Vicente (Calle Larga);108405;3;0;1;0.0
Valparaíso;Servicio de Salud Aconcagua;Calle Larga;Posta de Salud Rural San Vicente (Calle Larga);108405;6;0;1;0.0
Valparaíso;Servicio de Salud Aconcagua;Catemu;Centro Comunitario de Salud Familiar Los Cerrillos;108703;2;0;1;0.0
Valparaíso;Servicio de Salud Aconcagua;Catemu;Centro Comunitario de Salud Familiar Los Cerrillos;108703;3;0;1;0.0
Valparaíso;Servicio de Salud Aconcagua;Catemu;Centro Comunitario de Salud Familiar Los Cerrillos;108703;6;0;1;0.0
Valparaíso;Servicio de Salud Aconcagua;Catemu;Centro de Salud Familiar Dr. Eduardo Raggio Lanata;108303;1;2;8;25.0
Valparaíso;Servicio de Salud Aconcagua;Catemu;Centro de Salud Familiar Dr. Eduardo Raggio Lanata;108303;2;3;7;42.86
Valparaíso;Servicio de Salud Aconcagua;Catemu;Centro de Salud Familiar Dr. Eduardo Raggio Lanata;108303;3;9;11;81.82
Valparaíso;Servicio de Salud Aconcagua;Catemu;Centro de Salud Familiar Dr. Eduardo Raggio Lanata;108303;4;0;6;0.0
Valparaíso;Servicio de Salud Aconcagua;Catemu;Centro de Salud Familiar Dr. Eduardo Raggio Lanata;108303;5;6;2;300.0
Valparaíso;Servicio de Salud Aconcagua;Catemu;Centro de Salud Familiar Dr. Eduardo Raggio Lanata;108303;6;0;11;0.0
Valparaíso;Servicio de Salud Aconcagua;Llaillay;Centro de Salud Familiar Llaillay;108300;1;0;16;0.0
Valparaíso;Servicio de Salud Aconcagua;Llaillay;Centro de Salud Familiar Llaillay;108300;2;0;19;0.0
Valparaíso;Servicio de Salud Aconcagua;Llaillay;Centro de Salud Familiar Llaillay;108300;3;0;21;0.0
Valparaíso;Servicio de Salud Aconcagua;Llaillay;Centro de Salud Familiar Llaillay;108300;4;0;20;0.0
Valparaíso;Servicio de Salud Aconcagua;Llaillay;Centro de Salud Familiar Llaillay;108300;5;0;23;0.0
Valparaíso;Servicio de Salud Aconcagua;Llaillay;Centro de Salud Familiar Llaillay;108300;6;0;22;0.0
Valparaíso;Servicio de Salud Aconcagua;Los Andes;Centro Comunitario de Salud Familiar Juan Pablo Segundo( Los Andes);108707;1;0;2;0.0
Valparaíso;Servicio de Salud Aconcagua;Los Andes;Centro Comunitario de Salud Familiar Juan Pablo Segundo( Los Andes);108707;3;0;4;0.0
Valparaíso;Servicio de Salud Aconcagua;Los Andes;Centro Comunitario de Salud Familiar Juan Pablo Segundo( Los Andes);108707;4;0;3;0.0
Valparaíso;Servicio de Salud Aconcagua;Los Andes;Centro Comunitario de Salud Familiar Juan Pablo Segundo( Los Andes);108707;5;0;1;0.0
Valparaíso;Servicio de Salud Aconcagua;Los Andes;Centro Comunitario de Salud Familiar Juan Pablo Segundo( Los Andes);108707;6;0;1;0.0
Valparaíso;Servicio de Salud Aconcagua;Los Andes;Centro de Salud Familiar Centenario;108307;1;22;18;122.22
Valparaíso;Servicio de Salud Aconcagua;Los Andes;Centro de Salud Familiar Centenario;108307;2;13;16;81.25
Valparaíso;Servicio de Salud Aconcagua;Los Andes;Centro de Salud Familiar Centenario;108307;3;9;13;69.23
Valparaíso;Servicio de Salud Aconcagua;Los Andes;Centro de Salud Familiar Centenario;108307;4;15;14;107.14
Valparaíso;Servicio de Salud Aconcagua;Los Andes;Centro de Salud Familiar Centenario;108307;5;19;18;105.56
Valparaíso;Servicio de Salud Aconcagua;Los Andes;Centro de Salud Familiar Centenario;108307;6;14;13;107.69
Valparaíso;Servicio de Salud Aconcagua;Los Andes;Centro de Salud Familiar Cordillera Andina;108306;1;0;23;0.0
Valparaíso;Servicio de Salud Aconcagua;Los Andes;Centro de Salud Familiar Cordillera Andina;108306;2;0;18;0.0
Valparaíso;Servicio de Salud Aconcagua;Los Andes;Centro de Salud Familiar Cordillera Andina;108306;3;9;27;33.33
Valparaíso;Servicio de Salud Aconcagua;Los Andes;Centro de Salud Familiar Cordillera Andina;108306;4;4;20;20.0
Valparaíso;Servicio de Salud Aconcagua;Los Andes;Centro de Salud Familiar Cordillera Andina;108306;5;8;21;38.1
Valparaíso;Servicio de Salud Aconcagua;Los Andes;Centro de Salud Familiar Cordillera Andina;108306;6;2;20;10.0
Valparaíso;Servicio de Salud Aconcagua;Panquehue;Centro de Salud Familiar María Elena Peñaloza Morales;108311;1;0;7;0.0
Valparaíso;Servicio de Salud Aconcagua;Panquehue;Centro de Salud Familiar María Elena Peñaloza Morales;108311;2;0;3;0.0
Valparaíso;Servicio de Salud Aconcagua;Panquehue;Centro de Salud Familiar María Elena Peñaloza Morales;108311;3;0;3;0.0
Valparaíso;Servicio de Salud Aconcagua;Panquehue;Centro de Salud Familiar María Elena Peñaloza Morales;108311;4;0;3;0.0
Valparaíso;Servicio de Salud Aconcagua;Panquehue;Centro de Salud Familiar María Elena Peñaloza Morales;108311;5;0;5;0.0
Valparaíso;Servicio de Salud Aconcagua;Panquehue;Centro de Salud Familiar María Elena Peñaloza Morales;108311;6;0;9;0.0
Valparaíso;Servicio de Salud Aconcagua;Putaendo;Centro Comunitario de Salud Familiar Estación Las Coimas;200345;1;0;2;0.0
Valparaíso;Servicio de Salud Aconcagua;Putaendo;Centro Comunitario de Salud Familiar Estación Las Coimas;200345;2;0;2;0.0
Valparaíso;Servicio de Salud Aconcagua;Putaendo;Centro Comunitario de Salud Familiar Estación Las Coimas;200345;3;0;1;0.0
Valparaíso;Servicio de Salud Aconcagua;Putaendo;Centro Comunitario de Salud Familiar Estación Las Coimas;200345;4;0;3;0.0
Valparaíso;Servicio de Salud Aconcagua;Putaendo;Centro Comunitario de Salud Familiar Estación Las Coimas;200345;6;0;2;0.0
Valparaíso;Servicio de Salud Aconcagua;Putaendo;Centro de Salud Familiar Valle de Los Libertadores;108304;1;23;13;176.92
Valparaíso;Servicio de Salud Aconcagua;Putaendo;Centro de Salud Familiar Valle de Los Libertadores;108304;2;9;12;75.0
Valparaíso;Servicio de Salud Aconcagua;Putaendo;Centro de Salud Familiar Valle de Los Libertadores;108304;3;10;5;200.0
Valparaíso;Servicio de Salud Aconcagua;Putaendo;Centro de Salud Familiar Valle de Los Libertadores;108304;4;4;16;25.0
Valparaíso;Servicio de Salud Aconcagua;Putaendo;Centro de Salud Familiar Valle de Los Libertadores;108304;5;0;9;0.0
Valparaíso;Servicio de Salud Aconcagua;Putaendo;Centro de Salud Familiar Valle de Los Libertadores;108304;6;11;3;366.67
Valparaíso;Servicio de Salud Aconcagua;Putaendo;Posta de Salud Rural Piguchén (Putaendo);108406;1;0;1;0.0
Valparaíso;Servicio de Salud Aconcagua;Putaendo;Posta de Salud Rural Quebrada de Herrera;108411;4;0;1;0.0
Valparaíso;Servicio de Salud Aconcagua;Rinconada;Centro de Salud Familiar Rinconada;108301;1;0;9;0.0
Valparaíso;Servicio de Salud Aconcagua;Rinconada;Centro de Salud Familiar Rinconada;108301;2;2;4;50.0
Valparaíso;Servicio de Salud Aconcagua;Rinconada;Centro de Salud Familiar Rinconada;108301;3;0;8;0.0
Valparaíso;Servicio de Salud Aconcagua;Rinconada;Centro de Salud Familiar Rinconada;108301;4;0;10;0.0
Valparaíso;Servicio de Salud Aconcagua;Rinconada;Centro de Salud Familiar Rinconada;108301;5;3;7;42.86
Valparaíso;Servicio de Salud Aconcagua;Rinconada;Centro de Salud Familiar Rinconada;108301;6;3;7;42.86
Valparaíso;Servicio de Salud Aconcagua;San Esteban;Centro Comunitario de Salud Familiar Lo Calvo;108700;1;0;4;0.0
Valparaíso;Servicio de Salud Aconcagua;San Esteban;Centro Comunitario de Salud Familiar Lo Calvo;108700;2;0;1;0.0
Valparaíso;Servicio de Salud Aconcagua;San Esteban;Centro Comunitario de Salud Familiar Lo Calvo;108700;3;0;2;0.0
Valparaíso;Servicio de Salud Aconcagua;San Esteban;Centro Comunitario de Salud Familiar Lo Calvo;108700;4;0;2;0.0
Valparaíso;Servicio de Salud Aconcagua;San Esteban;Centro Comunitario de Salud Familiar Lo Calvo;108700;6;0;1;0.0
Valparaíso;Servicio de Salud Aconcagua;San Esteban;Centro de Salud Familiar San Esteban;108302;1;0;8;0.0
Valparaíso;Servicio de Salud Aconcagua;San Esteban;Centro de Salud Familiar San Esteban;108302;2;1;7;14.29
Valparaíso;Servicio de Salud Aconcagua;San Esteban;Centro de Salud Familiar San Esteban;108302;3;10;8;125.0
Valparaíso;Servicio de Salud Aconcagua;San Esteban;Centro de Salud Familiar San Esteban;108302;4;2;3;66.67
Valparaíso;Servicio de Salud Aconcagua;San Esteban;Centro de Salud Familiar San Esteban;108302;5;0;7;0.0
Valparaíso;Servicio de Salud Aconcagua;San Esteban;Centro de Salud Familiar San Esteban;108302;6;1;10;10.0
Valparaíso;Servicio de Salud Aconcagua;San Esteban;Posta de Salud Rural Río Colorado;108403;3;0;1;0.0
Valparaíso;Servicio de Salud Aconcagua;San Esteban;Posta de Salud Rural Río Colorado;108403;5;0;1;0.0
Valparaíso;Servicio de Salud Aconcagua;San Felipe;Centro Comunitario de Salud Familiar Quebrada Herrera;108712;1;0;4;0.0
Valparaíso;Servicio de Salud Aconcagua;San Felipe;Centro Comunitario de Salud Familiar Quebrada Herrera;108712;2;0;2;0.0
Valparaíso;Servicio de Salud Aconcagua;San Felipe;Centro Comunitario de Salud Familiar Quebrada Herrera;108712;3;0;4;0.0
Valparaíso;Servicio de Salud Aconcagua;San Felipe;Centro Comunitario de Salud Familiar Quebrada Herrera;108712;4;0;2;0.0
Valparaíso;Servicio de Salud Aconcagua;San Felipe;Centro Comunitario de Salud Familiar Quebrada Herrera;108712;5;0;1;0.0
Valparaíso;Servicio de Salud Aconcagua;San Felipe;Centro de Salud Familiar Curimón;108310;1;0;3;0.0
Valparaíso;Servicio de Salud Aconcagua;San Felipe;Centro de Salud Familiar Curimón;108310;2;0;5;0.0
Valparaíso;Servicio de Salud Aconcagua;San Felipe;Centro de Salud Familiar Curimón;108310;3;10;3;333.33
Valparaíso;Servicio de Salud Aconcagua;San Felipe;Centro de Salud Familiar Curimón;108310;4;0;4;0.0
Valparaíso;Servicio de Salud Aconcagua;San Felipe;Centro de Salud Familiar Curimón;108310;5;3;2;150.0
Valparaíso;Servicio de Salud Aconcagua;San Felipe;Centro de Salud Familiar Curimón;108310;6;5;7;71.43
Valparaíso;Servicio de Salud Aconcagua;San Felipe;Centro de Salud Familiar Dr. Segismundo Iturra Taito;108312;1;18;31;58.06
Valparaíso;Servicio de Salud Aconcagua;San Felipe;Centro de Salud Familiar Dr. Segismundo Iturra Taito;108312;2;48;30;160.0
Valparaíso;Servicio de Salud Aconcagua;San Felipe;Centro de Salud Familiar Dr. Segismundo Iturra Taito;108312;3;33;28;117.86
Valparaíso;Servicio de Salud Aconcagua;San Felipe;Centro de Salud Familiar Dr. Segismundo Iturra Taito;108312;4;28;25;112.0
Valparaíso;Servicio de Salud Aconcagua;San Felipe;Centro de Salud Familiar Dr. Segismundo Iturra Taito;108312;5;16;29;55.17
Valparaíso;Servicio de Salud Aconcagua;San Felipe;Centro de Salud Familiar Dr. Segismundo Iturra Taito;108312;6;33;27;122.22
Valparaíso;Servicio de Salud Aconcagua;San Felipe;Centro de Salud Familiar San Felipe El Real;108305;1;0;24;0.0
Valparaíso;Servicio de Salud Aconcagua;San Felipe;Centro de Salud Familiar San Felipe El Real;108305;2;9;19;47.37
Valparaíso;Servicio de Salud Aconcagua;San Felipe;Centro de Salud Familiar San Felipe El Real;108305;3;9;28;32.14
Valparaíso;Servicio de Salud Aconcagua;San Felipe;Centro de Salud Familiar San Felipe El Real;108305;4;0;28;0.0
Valparaíso;Servicio de Salud Aconcagua;San Felipe;Centro de Salud Familiar San Felipe El Real;108305;5;6;22;27.27
Valparaíso;Servicio de Salud Aconcagua;San Felipe;Centro de Salud Familiar San Felipe El Real;108305;6;6;26;23.08
Valparaíso;Servicio de Salud Aconcagua;Santa Maria;Centro Comunitario de Salud Familiar Las Cadenas;108709;1;0;1;0.0
Valparaíso;Servicio de Salud Aconcagua;Santa Maria;Centro Comunitario de Salud Familiar Las Cadenas;108709;2;0;3;0.0
Valparaíso;Servicio de Salud Aconcagua;Santa Maria;Centro Comunitario de Salud Familiar Las Cadenas;108709;4;0;1;0.0
Valparaíso;Servicio de Salud Aconcagua;Santa Maria;Centro Comunitario de Salud Familiar Las Cadenas;108709;5;0;2;0.0
Valparaíso;Servicio de Salud Aconcagua;Santa Maria;Centro Comunitario de Salud Familiar Las Cadenas;108709;6;0;2;0.0
Valparaíso;Servicio de Salud Aconcagua;Santa Maria;Centro de Salud Familiar Santa María Dr. Jorge Ahumada Lemus;108309;1;0;9;0.0
Valparaíso;Servicio de Salud Aconcagua;Santa Maria;Centro de Salud Familiar Santa María Dr. Jorge Ahumada Lemus;108309;2;4;9;44.44
Valparaíso;Servicio de Salud Aconcagua;Santa Maria;Centro de Salud Familiar Santa María Dr. Jorge Ahumada Lemus;108309;3;1;12;8.33
Valparaíso;Servicio de Salud Aconcagua;Santa Maria;Centro de Salud Familiar Santa María Dr. Jorge Ahumada Lemus;108309;4;2;4;50.0
Valparaíso;Servicio de Salud Aconcagua;Santa Maria;Centro de Salud Familiar Santa María Dr. Jorge Ahumada Lemus;108309;5;0;3;0.0
Valparaíso;Servicio de Salud Aconcagua;Santa Maria;Centro de Salud Familiar Santa María Dr. Jorge Ahumada Lemus;108309;6;4;12;33.33
Valparaíso;Servicio de Salud Aconcagua;Santa Maria;Posta de Salud Rural Santa Filomena (Santa María);108409;1;0;2;0.0
Valparaíso;Servicio de Salud Aconcagua;Santa Maria;Posta de Salud Rural Santa Filomena (Santa María);108409;2;0;1;0.0
Valparaíso;Servicio de Salud Aconcagua;Santa Maria;Posta de Salud Rural Santa Filomena (Santa María);108409;3;0;1;0.0
Valparaíso;Servicio de Salud Aconcagua;Santa Maria;Posta de Salud Rural Santa Filomena (Santa María);108409;4;0;1;0.0
Valparaíso;Servicio de Salud Aconcagua;Santa Maria;Posta de Salud Rural Santa Filomena (Santa María);108409;5;0;1;0.0
Valparaíso;Servicio de Salud Aconcagua;Santa Maria;Posta de Salud Rural Santa Filomena (Santa María);108409;6;0;1;0.0
Valparaíso;Servicio de Salud Metropolitano Oriente;Isla de Pascua;Hospital Hanga Roa (Isla De Pascua);112107;1;0;9;0.0
Valparaíso;Servicio de Salud Metropolitano Oriente;Isla de Pascua;Hospital Hanga Roa (Isla De Pascua);112107;2;0;10;0.0
Valparaíso;Servicio de Salud Metropolitano Oriente;Isla de Pascua;Hospital Hanga Roa (Isla De Pascua);112107;3;0;9;0.0
Valparaíso;Servicio de Salud Metropolitano Oriente;Isla de Pascua;Hospital Hanga Roa (Isla De Pascua);112107;4;0;8;0.0
Valparaíso;Servicio de Salud Metropolitano Oriente;Isla de Pascua;Hospital Hanga Roa (Isla De Pascua);112107;5;0;3;0.0
Valparaíso;Servicio de Salud Metropolitano Oriente;Isla de Pascua;Hospital Hanga Roa (Isla De Pascua);112107;6;0;7;0.0
Valparaíso;Servicio de Salud Valparaíso San Antonio;Algarrobo;Centro de Salud Familiar Algarrobo;106327;1;8;6;133.33
Valparaíso;Servicio de Salud Valparaíso San Antonio;Algarrobo;Centro de Salud Familiar Algarrobo;106327;2;3;8;37.5
Valparaíso;Servicio de Salud Valparaíso San Antonio;Algarrobo;Centro de Salud Familiar Algarrobo;106327;3;0;7;0.0
Valparaíso;Servicio de Salud Valparaíso San Antonio;Algarrobo;Centro de Salud Familiar Algarrobo;106327;4;0;11;0.0
Valparaíso;Servicio de Salud Valparaíso San Antonio;Algarrobo;Centro de Salud Familiar Algarrobo;106327;5;0;6;0.0
Valparaíso;Servicio de Salud Valparaíso San Antonio;Algarrobo;Centro de Salud Familiar Algarrobo;106327;6;0;9;0.0
Valparaíso;Servicio de Salud Valparaíso San Antonio;Algarrobo;Posta de Salud Rural El Yeco;106410;2;0;2;0.0
Valparaíso;Servicio de Salud Valparaíso San Antonio;Algarrobo;Posta de Salud Rural El Yeco;106410;5;0;1;0.0
Valparaíso;Servicio de Salud Valparaíso San Antonio;Algarrobo;Posta de Salud Rural San José (Algarrobo);106411;4;0;1;0.0
Valparaíso;Servicio de Salud Valparaíso San Antonio;Cartagena;Centro Comunitario de Salud Familiar San Sebastian;106409;1;0;4;0.0
Valparaíso;Servicio de Salud Valparaíso San Antonio;Cartagena;Centro Comunitario de Salud Familiar San Sebastian;106409;2;0;6;0.0
Valparaíso;Servicio de Salud Valparaíso San Antonio;Cartagena;Centro Comunitario de Salud Familiar San Sebastian;106409;3;0;2;0.0
Valparaíso;Servicio de Salud Valparaíso San Antonio;Cartagena;Centro Comunitario de Salud Familiar San Sebastian;106409;4;0;2;0.0
Valparaíso;Servicio de Salud Valparaíso San Antonio;Cartagena;Centro Comunitario de Salud Familiar San Sebastian;106409;5;0;3;0.0
Valparaíso;Servicio de Salud Valparaíso San Antonio;Cartagena;Centro Comunitario de Salud Familiar San Sebastian;106409;6;0;4;0.0
Valparaíso;Servicio de Salud Valparaíso San Antonio;Cartagena;Centro de Salud Familiar Cartagena;106326;1;0;19;0.0
Valparaíso;Servicio de Salud Valparaíso San Antonio;Cartagena;Centro de Salud Familiar Cartagena;106326;2;0;10;0.0
Valparaíso;Servicio de Salud Valparaíso San Antonio;Cartagena;Centro de Salud Familiar Cartagena;106326;3;1;17;5.88
Valparaíso;Servicio de Salud Valparaíso San Antonio;Cartagena;Centro de Salud Familiar Cartagena;106326;4;4;23;17.39
Valparaíso;Servicio de Salud Valparaíso San Antonio;Cartagena;Centro de Salud Familiar Cartagena;106326;5;1;11;9.09
Valparaíso;Servicio de Salud Valparaíso San Antonio;Cartagena;Centro de Salud Familiar Cartagena;106326;6;3;8;37.5
Valparaíso;Servicio de Salud Valparaíso San Antonio;Cartagena;Posta de Salud Rural El Turco;106421;2;0;1;0.0
Valparaíso;Servicio de Salud Valparaíso San Antonio;Cartagena;Posta de Salud Rural Lo Abarca;106408;2;0;1;0.0
Valparaíso;Servicio de Salud Valparaíso San Antonio;Cartagena;Posta de Salud Rural Lo Abarca;106408;3;0;1;0.0
Valparaíso;Servicio de Salud Valparaíso San Antonio;Cartagena;Posta de Salud Rural Lo Zárate;106406;1;0;1;0.0
Valparaíso;Servicio de Salud Valparaíso San Antonio;Cartagena;Posta de Salud Rural Lo Zárate;106406;3;0;1;0.0
Valparaíso;Servicio de Salud Valparaíso San Antonio;Cartagena;Posta de Salud Rural Lo Zárate;106406;4;0;1;0.0
Valparaíso;Servicio de Salud Valparaíso San Antonio;Cartagena;Posta de Salud Rural Lo Zárate;106406;5;0;1;0.0
Valparaíso;Servicio de Salud Valparaíso San Antonio;Casablanca;Hospital San José (Casablanca);106105;1;0;23;0.0
Valparaíso;Servicio de Salud Valparaíso San Antonio;Casablanca;Hospital San José (Casablanca);106105;2;0;15;0.0
Valparaíso;Servicio de Salud Valparaíso San Antonio;Casablanca;Hospital San José (Casablanca);106105;3;0;17;0.0
Valparaíso;Servicio de Salud Valparaíso San Antonio;Casablanca;Hospital San José (Casablanca);106105;4;0;22;0.0
Valparaíso;Servicio de Salud Valparaíso San Antonio;Casablanca;Hospital San José (Casablanca);106105;5;0;16;0.0
Valparaíso;Servicio de Salud Valparaíso San Antonio;Casablanca;Hospital San José (Casablanca);106105;6;0;17;0.0
Valparaíso;Servicio de Salud Valparaíso San Antonio;Casablanca;Posta de Salud Rural Quintay;106402;6;0;1;0.0
Valparaíso;Servicio de Salud Valparaíso San Antonio;El Quisco;Centro Comunitario de Salud Familiar Isla Negra;106728;1;0;1;0.0
Valparaíso;Servicio de Salud Valparaíso San Antonio;El Quisco;Centro Comunitario de Salud Familiar Isla Negra;106728;2;0;5;0.0
Valparaíso;Servicio de Salud Valparaíso San Antonio;El Quisco;Centro Comunitario de Salud Familiar Isla Negra;106728;3;0;3;0.0
Valparaíso;Servicio de Salud Valparaíso San Antonio;El Quisco;Centro Comunitario de Salud Familiar Isla Negra;106728;4;0;3;0.0
Valparaíso;Servicio de Salud Valparaíso San Antonio;El Quisco;Centro Comunitario de Salud Familiar Isla Negra;106728;5;0;2;0.0
Valparaíso;Servicio de Salud Valparaíso San Antonio;El Quisco;Centro Comunitario de Salud Familiar Isla Negra;106728;6;0;4;0.0
Valparaíso;Servicio de Salud Valparaíso San Antonio;El Quisco;Centro de Salud Familiar El Quisco;106328;1;0;5;0.0
Valparaíso;Servicio de Salud Valparaíso San Antonio;El Quisco;Centro de Salud Familiar El Quisco;106328;2;0;9;0.0
Valparaíso;Servicio de Salud Valparaíso San Antonio;El Quisco;Centro de Salud Familiar El Quisco;106328;3;0;8;0.0
Valparaíso;Servicio de Salud Valparaíso San Antonio;El Quisco;Centro de Salud Familiar El Quisco;106328;4;0;19;0.0
Valparaíso;Servicio de Salud Valparaíso San Antonio;El Quisco;Centro de Salud Familiar El Quisco;106328;5;0;5;0.0
Valparaíso;Servicio de Salud Valparaíso San Antonio;El Quisco;Centro de Salud Familiar El Quisco;106328;6;0;10;0.0
Valparaíso;Servicio de Salud Valparaíso San Antonio;El Tabo;Centro Comunitario de Salud Familiar Las Cruces (El Tabo);106416;1;4;1;400.0
Valparaíso;Servicio de Salud Valparaíso San Antonio;El Tabo;Centro Comunitario de Salud Familiar Las Cruces (El Tabo);106416;2;0;4;0.0
Valparaíso;Servicio de Salud Valparaíso San Antonio;El Tabo;Centro Comunitario de Salud Familiar Las Cruces (El Tabo);106416;3;0;1;0.0
Valparaíso;Servicio de Salud Valparaíso San Antonio;El Tabo;Centro Comunitario de Salud Familiar Las Cruces (El Tabo);106416;4;0;4;0.0
Valparaíso;Servicio de Salud Valparaíso San Antonio;El Tabo;Centro Comunitario de Salud Familiar Las Cruces (El Tabo);106416;5;5;1;500.0
Valparaíso;Servicio de Salud Valparaíso San Antonio;El Tabo;Centro Comunitario de Salud Familiar Las Cruces (El Tabo);106416;6;0;1;0.0
Valparaíso;Servicio de Salud Valparaíso San Antonio;El Tabo;Centro de Salud Familiar El Tabo;106338;1;0;7;0.0
Valparaíso;Servicio de Salud Valparaíso San Antonio;El Tabo;Centro de Salud Familiar El Tabo;106338;2;0;6;0.0
Valparaíso;Servicio de Salud Valparaíso San Antonio;El Tabo;Centro de Salud Familiar El Tabo;106338;3;0;7;0.0
Valparaíso;Servicio de Salud Valparaíso San Antonio;El Tabo;Centro de Salud Familiar El Tabo;106338;4;5;6;83.33
Valparaíso;Servicio de Salud Valparaíso San Antonio;El Tabo;Centro de Salud Familiar El Tabo;106338;5;3;7;42.86
Valparaíso;Servicio de Salud Valparaíso San Antonio;El Tabo;Centro de Salud Familiar El Tabo;106338;6;4;5;80.0
Valparaíso;Servicio de Salud Valparaíso San Antonio;Juan Fernández;Centro de Salud Familiar Juan Fernández;106400;2;2;0;
Valparaíso;Servicio de Salud Valparaíso San Antonio;Juan Fernández;Centro de Salud Familiar Juan Fernández;106400;5;0;1;0.0
Valparaíso;Servicio de Salud Valparaíso San Antonio;San Antonio;Centro Comunitario de Salud Familiar Cerro Alegre;106736;1;0;3;0.0
Valparaíso;Servicio de Salud Valparaíso San Antonio;San Antonio;Centro Comunitario de Salud Familiar Cerro Alegre;106736;3;0;8;0.0
Valparaíso;Servicio de Salud Valparaíso San Antonio;San Antonio;Centro Comunitario de Salud Familiar Cerro Alegre;106736;4;0;1;0.0
Valparaíso;Servicio de Salud Valparaíso San Antonio;San Antonio;Centro Comunitario de Salud Familiar Cerro Alegre;106736;5;0;2;0.0
Valparaíso;Servicio de Salud Valparaíso San Antonio;San Antonio;Centro Comunitario de Salud Familiar Cerro Alegre;106736;6;6;3;200.0
Valparaíso;Servicio de Salud Valparaíso San Antonio;San Antonio;Centro Comunitario de Salud Familiar Lo Gallardo;106422;1;5;0;
Valparaíso;Servicio de Salud Valparaíso San Antonio;San Antonio;Centro Comunitario de Salud Familiar Lo Gallardo;106422;3;4;4;100.0
Valparaíso;Servicio de Salud Valparaíso San Antonio;San Antonio;Centro Comunitario de Salud Familiar Lo Gallardo;106422;4;2;2;100.0
Valparaíso;Servicio de Salud Valparaíso San Antonio;San Antonio;Centro Comunitario de Salud Familiar Lo Gallardo;106422;5;1;1;100.0
Valparaíso;Servicio de Salud Valparaíso San Antonio;San Antonio;Centro Comunitario de Salud Familiar Lo Gallardo;106422;6;3;3;100.0
Valparaíso;Servicio de Salud Valparaíso San Antonio;San Antonio;Centro Comunitario de Salud Familiar Tejas Verdes;106729;1;0;1;0.0
Valparaíso;Servicio de Salud Valparaíso San Antonio;San Antonio;Centro Comunitario de Salud Familiar Tejas Verdes;106729;2;0;4;0.0
Valparaíso;Servicio de Salud Valparaíso San Antonio;San Antonio;Centro Comunitario de Salud Familiar Tejas Verdes;106729;3;0;1;0.0
Valparaíso;Servicio de Salud Valparaíso San Antonio;San Antonio;Centro Comunitario de Salud Familiar Tejas Verdes;106729;4;0;3;0.0
Valparaíso;Servicio de Salud Valparaíso San Antonio;San Antonio;Centro Comunitario de Salud Familiar Tejas Verdes;106729;5;0;4;0.0
Valparaíso;Servicio de Salud Valparaíso San Antonio;San Antonio;Centro Comunitario de Salud Familiar Tejas Verdes;106729;6;0;1;0.0
Valparaíso;Servicio de Salud Valparaíso San Antonio;San Antonio;Centro de Salud Familiar 30 de Marzo;106333;1;0;9;0.0
Valparaíso;Servicio de Salud Valparaíso San Antonio;San Antonio;Centro de Salud Familiar 30 de Marzo;106333;2;0;12;0.0
Valparaíso;Servicio de Salud Valparaíso San Antonio;San Antonio;Centro de Salud Familiar 30 de Marzo;106333;3;0;5;0.0
Valparaíso;Servicio de Salud Valparaíso San Antonio;San Antonio;Centro de Salud Familiar 30 de Marzo;106333;4;17;9;188.89
Valparaíso;Servicio de Salud Valparaíso San Antonio;San Antonio;Centro de Salud Familiar 30 de Marzo;106333;5;8;8;100.0
Valparaíso;Servicio de Salud Valparaíso San Antonio;San Antonio;Centro de Salud Familiar 30 de Marzo;106333;6;10;7;142.86
Valparaíso;Servicio de Salud Valparaíso San Antonio;San Antonio;Centro de Salud Familiar Barrancas;106319;1;15;15;100.0
Valparaíso;Servicio de Salud Valparaíso San Antonio;San Antonio;Centro de Salud Familiar Barrancas;106319;2;7;7;100.0
Valparaíso;Servicio de Salud Valparaíso San Antonio;San Antonio;Centro de Salud Familiar Barrancas;106319;3;5;6;83.33
Valparaíso;Servicio de Salud Valparaíso San Antonio;San Antonio;Centro de Salud Familiar Barrancas;106319;4;6;6;100.0
Valparaíso;Servicio de Salud Valparaíso San Antonio;San Antonio;Centro de Salud Familiar Barrancas;106319;5;12;12;100.0
Valparaíso;Servicio de Salud Valparaíso San Antonio;San Antonio;Centro de Salud Familiar Barrancas;106319;6;7;7;100.0
Valparaíso;Servicio de Salud Valparaíso San Antonio;San Antonio;Centro de Salud Familiar Diputado Manuel Bustos Huerta;106336;1;6;12;50.0
Valparaíso;Servicio de Salud Valparaíso San Antonio;San Antonio;Centro de Salud Familiar Diputado Manuel Bustos Huerta;106336;2;5;27;18.52
Valparaíso;Servicio de Salud Valparaíso San Antonio;San Antonio;Centro de Salud Familiar Diputado Manuel Bustos Huerta;106336;3;7;8;87.5
Valparaíso;Servicio de Salud Valparaíso San Antonio;San Antonio;Centro de Salud Familiar Diputado Manuel Bustos Huerta;106336;4;9;15;60.0
Valparaíso;Servicio de Salud Valparaíso San Antonio;San Antonio;Centro de Salud Familiar Diputado Manuel Bustos Huerta;106336;5;1;16;6.25
Valparaíso;Servicio de Salud Valparaíso San Antonio;San Antonio;Centro de Salud Familiar Diputado Manuel Bustos Huerta;106336;6;9;13;69.23
Valparaíso;Servicio de Salud Valparaíso San Antonio;San Antonio;Centro de Salud Familiar Néstor Fernández Thomas;106329;1;3;14;21.43
Valparaíso;Servicio de Salud Valparaíso San Antonio;San Antonio;Centro de Salud Familiar Néstor Fernández Thomas;106329;2;0;5;0.0
Valparaíso;Servicio de Salud Valparaíso San Antonio;San Antonio;Centro de Salud Familiar Néstor Fernández Thomas;106329;3;8;16;50.0
Valparaíso;Servicio de Salud Valparaíso San Antonio;San Antonio;Centro de Salud Familiar Néstor Fernández Thomas;106329;4;14;12;116.67
Valparaíso;Servicio de Salud Valparaíso San Antonio;San Antonio;Centro de Salud Familiar Néstor Fernández Thomas;106329;5;11;13;84.62
Valparaíso;Servicio de Salud Valparaíso San Antonio;San Antonio;Centro de Salud Familiar Néstor Fernández Thomas;106329;6;11;22;50.0
Valparaíso;Servicio de Salud Valparaíso San Antonio;San Antonio;Centro de Salud Familiar San Antonio;106314;1;0;13;0.0
Valparaíso;Servicio de Salud Valparaíso San Antonio;San Antonio;Centro de Salud Familiar San Antonio;106314;2;11;11;100.0
Valparaíso;Servicio de Salud Valparaíso San Antonio;San Antonio;Centro de Salud Familiar San Antonio;106314;3;11;11;100.0
Valparaíso;Servicio de Salud Valparaíso San Antonio;San Antonio;Centro de Salud Familiar San Antonio;106314;4;7;7;100.0
Valparaíso;Servicio de Salud Valparaíso San Antonio;San Antonio;Centro de Salud Familiar San Antonio;106314;5;11;13;84.62
Valparaíso;Servicio de Salud Valparaíso San Antonio;San Antonio;Centro de Salud Familiar San Antonio;106314;6;9;13;69.23
Valparaíso;Servicio de Salud Valparaíso San Antonio;San Antonio;Posta de Salud Rural Cuncumén (San Antonio);106418;1;0;1;0.0
Valparaíso;Servicio de Salud Valparaíso San Antonio;San Antonio;Posta de Salud Rural Cuncumén (San Antonio);106418;3;1;1;100.0
Valparaíso;Servicio de Salud Valparaíso San Antonio;San Antonio;Posta de Salud Rural Cuncumén (San Antonio);106418;5;0;1;0.0
Valparaíso;Servicio de Salud Valparaíso San Antonio;San Antonio;Posta de Salud Rural Leyda;106420;3;1;2;50.0
Valparaíso;Servicio de Salud Valparaíso San Antonio;San Antonio;Posta de Salud Rural Leyda;106420;6;2;2;100.0
Valparaíso;Servicio de Salud Valparaíso San Antonio;San Antonio;Posta de Salud Rural San Juan de San Antonio;106419;3;1;1;100.0
Valparaíso;Servicio de Salud Valparaíso San Antonio;San Antonio;Posta de Salud Rural San Juan de San Antonio;106419;4;1;1;100.0
Valparaíso;Servicio de Salud Valparaíso San Antonio;San Antonio;Posta de Salud Rural San Juan de San Antonio;106419;6;1;3;33.33
Valparaíso;Servicio de Salud Valparaíso San Antonio;Santo Domingo;Centro de Salud Familiar Fernando Rodriguez Vicuña;106337;1;0;4;0.0
Valparaíso;Servicio de Salud Valparaíso San Antonio;Santo Domingo;Centro de Salud Familiar Fernando Rodriguez Vicuña;106337;3;4;10;40.0
Valparaíso;Servicio de Salud Valparaíso San Antonio;Santo Domingo;Centro de Salud Familiar Fernando Rodriguez Vicuña;106337;4;5;7;71.43
Valparaíso;Servicio de Salud Valparaíso San Antonio;Santo Domingo;Centro de Salud Familiar Fernando Rodriguez Vicuña;106337;5;3;5;60.0
Valparaíso;Servicio de Salud Valparaíso San Antonio;Santo Domingo;Centro de Salud Familiar Fernando Rodriguez Vicuña;106337;6;5;7;71.43
Valparaíso;Servicio de Salud Valparaíso San Antonio;Santo Domingo;Posta de Salud Rural Bucalemu (Santo Domingo);106407;1;0;1;0.0
Valparaíso;Servicio de Salud Valparaíso San Antonio;Santo Domingo;Posta de Salud Rural Bucalemu (Santo Domingo);106407;2;0;1;0.0
Valparaíso;Servicio de Salud Valparaíso San Antonio;Santo Domingo;Posta de Salud Rural Bucalemu (Santo Domingo);106407;5;0;1;0.0
Valparaíso;Servicio de Salud Valparaíso San Antonio;Santo Domingo;Posta de Salud Rural El Convento;106413;1;0;3;0.0
Valparaíso;Servicio de Salud Valparaíso San Antonio;Santo Domingo;Posta de Salud Rural El Convento;106413;2;0;8;0.0
Valparaíso;Servicio de Salud Valparaíso San Antonio;Santo Domingo;Posta de Salud Rural El Convento;106413;5;0;1;0.0
Valparaíso;Servicio de Salud Valparaíso San Antonio;Santo Domingo;Posta de Salud Rural El Convento;106413;6;0;1;0.0
Valparaíso;Servicio de Salud Valparaíso San Antonio;Santo Domingo;Posta de Salud Rural San Enrique;106414;1;0;1;0.0
Valparaíso;Servicio de Salud Valparaíso San Antonio;Santo Domingo;Posta de Salud Rural San Enrique;106414;2;0;2;0.0
Valparaíso;Servicio de Salud Valparaíso San Antonio;Santo Domingo;Posta de Salud Rural San Enrique;106414;3;0;1;0.0
Valparaíso;Servicio de Salud Valparaíso San Antonio;Valparaíso;Centro Comunitario de Salud Familiar Juan Pablo II de Rodelillo;201086;1;0;4;0.0
Valparaíso;Servicio de Salud Valparaíso San Antonio;Valparaíso;Centro Comunitario de Salud Familiar Juan Pablo II de Rodelillo;201086;2;0;1;0.0
Valparaíso;Servicio de Salud Valparaíso San Antonio;Valparaíso;Centro Comunitario de Salud Familiar Juan Pablo II de Rodelillo;201086;3;0;2;0.0
Valparaíso;Servicio de Salud Valparaíso San Antonio;Valparaíso;Centro Comunitario de Salud Familiar Juan Pablo II de Rodelillo;201086;4;0;3;0.0
Valparaíso;Servicio de Salud Valparaíso San Antonio;Valparaíso;Centro Comunitario de Salud Familiar Juan Pablo II de Rodelillo;201086;5;0;1;0.0
Valparaíso;Servicio de Salud Valparaíso San Antonio;Valparaíso;Centro Comunitario de Salud Familiar Juan Pablo II de Rodelillo;201086;6;0;2;0.0
Valparaíso;Servicio de Salud Valparaíso San Antonio;Valparaíso;Centro Comunitario de Salud Familiar Laguna Verde;106401;1;0;4;0.0
Valparaíso;Servicio de Salud Valparaíso San Antonio;Valparaíso;Centro Comunitario de Salud Familiar Laguna Verde;106401;2;2;2;100.0
Valparaíso;Servicio de Salud Valparaíso San Antonio;Valparaíso;Centro Comunitario de Salud Familiar Laguna Verde;106401;3;4;1;400.0
Valparaíso;Servicio de Salud Valparaíso San Antonio;Valparaíso;Centro Comunitario de Salud Familiar Laguna Verde;106401;4;2;1;200.0
Valparaíso;Servicio de Salud Valparaíso San Antonio;Valparaíso;Centro Comunitario de Salud Familiar Laguna Verde;106401;5;0;7;0.0
Valparaíso;Servicio de Salud Valparaíso San Antonio;Valparaíso;Centro Comunitario de Salud Familiar Laguna Verde;106401;6;4;5;80.0
Valparaíso;Servicio de Salud Valparaíso San Antonio;Valparaíso;Centro Comunitario de Salud Familiar Porvenir Bajo;106711;1;1;4;25.0
Valparaíso;Servicio de Salud Valparaíso San Antonio;Valparaíso;Centro Comunitario de Salud Familiar Porvenir Bajo;106711;2;0;4;0.0
Valparaíso;Servicio de Salud Valparaíso San Antonio;Valparaíso;Centro Comunitario de Salud Familiar Porvenir Bajo;106711;3;0;1;0.0
Valparaíso;Servicio de Salud Valparaíso San Antonio;Valparaíso;Centro Comunitario de Salud Familiar Porvenir Bajo;106711;4;3;1;300.0
Valparaíso;Servicio de Salud Valparaíso San Antonio;Valparaíso;Centro Comunitario de Salud Familiar Porvenir Bajo;106711;6;0;3;0.0
Valparaíso;Servicio de Salud Valparaíso San Antonio;Valparaíso;Centro de Salud Familiar Barón;106302;1;6;5;120.0
Valparaíso;Servicio de Salud Valparaíso San Antonio;Valparaíso;Centro de Salud Familiar Barón;106302;2;10;11;90.91
Valparaíso;Servicio de Salud Valparaíso San Antonio;Valparaíso;Centro de Salud Familiar Barón;106302;3;9;10;90.0
Valparaíso;Servicio de Salud Valparaíso San Antonio;Valparaíso;Centro de Salud Familiar Barón;106302;4;4;6;66.67
Valparaíso;Servicio de Salud Valparaíso San Antonio;Valparaíso;Centro de Salud Familiar Barón;106302;5;12;7;171.43
Valparaíso;Servicio de Salud Valparaíso San Antonio;Valparaíso;Centro de Salud Familiar Barón;106302;6;13;12;108.33
Valparaíso;Servicio de Salud Valparaíso San Antonio;Valparaíso;Centro de Salud Familiar Cordillera;106309;1;5;3;166.67
Valparaíso;Servicio de Salud Valparaíso San Antonio;Valparaíso;Centro de Salud Familiar Cordillera;106309;2;4;2;200.0
Valparaíso;Servicio de Salud Valparaíso San Antonio;Valparaíso;Centro de Salud Familiar Cordillera;106309;3;3;3;100.0
Valparaíso;Servicio de Salud Valparaíso San Antonio;Valparaíso;Centro de Salud Familiar Cordillera;106309;4;3;4;75.0
Valparaíso;Servicio de Salud Valparaíso San Antonio;Valparaíso;Centro de Salud Familiar Cordillera;106309;5;4;6;66.67
Valparaíso;Servicio de Salud Valparaíso San Antonio;Valparaíso;Centro de Salud Familiar Cordillera;106309;6;6;6;100.0
Valparaíso;Servicio de Salud Valparaíso San Antonio;Valparaíso;Centro de Salud Familiar Esperanza;106301;1;0;1;0.0
Valparaíso;Servicio de Salud Valparaíso San Antonio;Valparaíso;Centro de Salud Familiar Esperanza;106301;2;0;2;0.0
Valparaíso;Servicio de Salud Valparaíso San Antonio;Valparaíso;Centro de Salud Familiar Esperanza;106301;3;6;5;120.0
Valparaíso;Servicio de Salud Valparaíso San Antonio;Valparaíso;Centro de Salud Familiar Esperanza;106301;4;2;2;100.0
Valparaíso;Servicio de Salud Valparaíso San Antonio;Valparaíso;Centro de Salud Familiar Esperanza;106301;5;3;5;60.0
Valparaíso;Servicio de Salud Valparaíso San Antonio;Valparaíso;Centro de Salud Familiar Esperanza;106301;6;3;6;50.0
Valparaíso;Servicio de Salud Valparaíso San Antonio;Valparaíso;Centro de Salud Familiar Jean y Marie Thierry;106305;1;0;19;0.0
Valparaíso;Servicio de Salud Valparaíso San Antonio;Valparaíso;Centro de Salud Familiar Jean y Marie Thierry;106305;2;13;13;100.0
Valparaíso;Servicio de Salud Valparaíso San Antonio;Valparaíso;Centro de Salud Familiar Jean y Marie Thierry;106305;3;9;9;100.0
Valparaíso;Servicio de Salud Valparaíso San Antonio;Valparaíso;Centro de Salud Familiar Jean y Marie Thierry;106305;4;12;18;66.67
Valparaíso;Servicio de Salud Valparaíso San Antonio;Valparaíso;Centro de Salud Familiar Jean y Marie Thierry;106305;5;11;9;122.22
Valparaíso;Servicio de Salud Valparaíso San Antonio;Valparaíso;Centro de Salud Familiar Jean y Marie Thierry;106305;6;9;17;52.94
Valparaíso;Servicio de Salud Valparaíso San Antonio;Valparaíso;Centro de Salud Familiar Las Cañas;106306;1;0;8;0.0
Valparaíso;Servicio de Salud Valparaíso San Antonio;Valparaíso;Centro de Salud Familiar Las Cañas;106306;2;0;7;0.0
Valparaíso;Servicio de Salud Valparaíso San Antonio;Valparaíso;Centro de Salud Familiar Las Cañas;106306;3;7;6;116.67
Valparaíso;Servicio de Salud Valparaíso San Antonio;Valparaíso;Centro de Salud Familiar Las Cañas;106306;4;3;2;150.0
Valparaíso;Servicio de Salud Valparaíso San Antonio;Valparaíso;Centro de Salud Familiar Las Cañas;106306;5;8;2;400.0
Valparaíso;Servicio de Salud Valparaíso San Antonio;Valparaíso;Centro de Salud Familiar Las Cañas;106306;6;12;9;133.33
Valparaíso;Servicio de Salud Valparaíso San Antonio;Valparaíso;Centro de Salud Familiar Marcelo Mena;106307;1;0;13;0.0
Valparaíso;Servicio de Salud Valparaíso San Antonio;Valparaíso;Centro de Salud Familiar Marcelo Mena;106307;2;8;10;80.0
Valparaíso;Servicio de Salud Valparaíso San Antonio;Valparaíso;Centro de Salud Familiar Marcelo Mena;106307;3;12;12;100.0
Valparaíso;Servicio de Salud Valparaíso San Antonio;Valparaíso;Centro de Salud Familiar Marcelo Mena;106307;4;9;13;69.23
Valparaíso;Servicio de Salud Valparaíso San Antonio;Valparaíso;Centro de Salud Familiar Marcelo Mena;106307;5;4;7;57.14
Valparaíso;Servicio de Salud Valparaíso San Antonio;Valparaíso;Centro de Salud Familiar Marcelo Mena;106307;6;3;11;27.27
Valparaíso;Servicio de Salud Valparaíso San Antonio;Valparaíso;Centro de Salud Familiar Padre Damián Molokai;106334;1;3;4;75.0
Valparaíso;Servicio de Salud Valparaíso San Antonio;Valparaíso;Centro de Salud Familiar Padre Damián Molokai;106334;2;1;4;25.0
Valparaíso;Servicio de Salud Valparaíso San Antonio;Valparaíso;Centro de Salud Familiar Padre Damián Molokai;106334;3;4;8;50.0
Valparaíso;Servicio de Salud Valparaíso San Antonio;Valparaíso;Centro de Salud Familiar Padre Damián Molokai;106334;4;0;6;0.0
Valparaíso;Servicio de Salud Valparaíso San Antonio;Valparaíso;Centro de Salud Familiar Padre Damián Molokai;106334;5;3;7;42.86
Valparaíso;Servicio de Salud Valparaíso San Antonio;Valparaíso;Centro de Salud Familiar Padre Damián Molokai;106334;6;4;6;66.67
Valparaíso;Servicio de Salud Valparaíso San Antonio;Valparaíso;Centro de Salud Familiar Placeres;106300;1;7;6;116.67
Valparaíso;Servicio de Salud Valparaíso San Antonio;Valparaíso;Centro de Salud Familiar Placeres;106300;2;14;9;155.56
Valparaíso;Servicio de Salud Valparaíso San Antonio;Valparaíso;Centro de Salud Familiar Placeres;106300;3;5;15;33.33
Valparaíso;Servicio de Salud Valparaíso San Antonio;Valparaíso;Centro de Salud Familiar Placeres;106300;4;8;8;100.0
Valparaíso;Servicio de Salud Valparaíso San Antonio;Valparaíso;Centro de Salud Familiar Placeres;106300;5;8;6;133.33
Valparaíso;Servicio de Salud Valparaíso San Antonio;Valparaíso;Centro de Salud Familiar Placeres;106300;6;13;8;162.5
Valparaíso;Servicio de Salud Valparaíso San Antonio;Valparaíso;Centro de Salud Familiar Placilla;106304;1;26;20;130.0
Valparaíso;Servicio de Salud Valparaíso San Antonio;Valparaíso;Centro de Salud Familiar Placilla;106304;2;23;15;153.33
Valparaíso;Servicio de Salud Valparaíso San Antonio;Valparaíso;Centro de Salud Familiar Placilla;106304;3;7;16;43.75
Valparaíso;Servicio de Salud Valparaíso San Antonio;Valparaíso;Centro de Salud Familiar Placilla;106304;4;4;24;16.67
Valparaíso;Servicio de Salud Valparaíso San Antonio;Valparaíso;Centro de Salud Familiar Placilla;106304;5;1;12;8.33
Valparaíso;Servicio de Salud Valparaíso San Antonio;Valparaíso;Centro de Salud Familiar Placilla;106304;6;0;18;0.0
Valparaíso;Servicio de Salud Valparaíso San Antonio;Valparaíso;Centro de Salud Familiar Plaza Justicia;106308;1;0;16;0.0
Valparaíso;Servicio de Salud Valparaíso San Antonio;Valparaíso;Centro de Salud Familiar Plaza Justicia;106308;2;1;7;14.29
Valparaíso;Servicio de Salud Valparaíso San Antonio;Valparaíso;Centro de Salud Familiar Plaza Justicia;106308;3;0;11;0.0
Valparaíso;Servicio de Salud Valparaíso San Antonio;Valparaíso;Centro de Salud Familiar Plaza Justicia;106308;4;0;13;0.0
Valparaíso;Servicio de Salud Valparaíso San Antonio;Valparaíso;Centro de Salud Familiar Plaza Justicia;106308;5;0;15;0.0
Valparaíso;Servicio de Salud Valparaíso San Antonio;Valparaíso;Centro de Salud Familiar Plaza Justicia;106308;6;0;15;0.0
Valparaíso;Servicio de Salud Valparaíso San Antonio;Valparaíso;Centro de Salud Familiar Puertas Negras;106312;1;7;4;175.0
Valparaíso;Servicio de Salud Valparaíso San Antonio;Valparaíso;Centro de Salud Familiar Puertas Negras;106312;2;9;8;112.5
Valparaíso;Servicio de Salud Valparaíso San Antonio;Valparaíso;Centro de Salud Familiar Puertas Negras;106312;3;0;7;0.0
Valparaíso;Servicio de Salud Valparaíso San Antonio;Valparaíso;Centro de Salud Familiar Puertas Negras;106312;4;17;5;340.0
Valparaíso;Servicio de Salud Valparaíso San Antonio;Valparaíso;Centro de Salud Familiar Puertas Negras;106312;5;11;6;183.33
Valparaíso;Servicio de Salud Valparaíso San Antonio;Valparaíso;Centro de Salud Familiar Puertas Negras;106312;6;7;7;100.0
Valparaíso;Servicio de Salud Valparaíso San Antonio;Valparaíso;Centro de Salud Familiar Quebrada Verde;106311;1;13;15;86.67
Valparaíso;Servicio de Salud Valparaíso San Antonio;Valparaíso;Centro de Salud Familiar Quebrada Verde;106311;2;11;11;100.0
Valparaíso;Servicio de Salud Valparaíso San Antonio;Valparaíso;Centro de Salud Familiar Quebrada Verde;106311;3;6;14;42.86
Valparaíso;Servicio de Salud Valparaíso San Antonio;Valparaíso;Centro de Salud Familiar Quebrada Verde;106311;4;11;20;55.0
Valparaíso;Servicio de Salud Valparaíso San Antonio;Valparaíso;Centro de Salud Familiar Quebrada Verde;106311;5;3;11;27.27
Valparaíso;Servicio de Salud Valparaíso San Antonio;Valparaíso;Centro de Salud Familiar Quebrada Verde;106311;6;11;20;55.0
Valparaíso;Servicio de Salud Valparaíso San Antonio;Valparaíso;Centro de Salud Familiar Reina Isabel II;106303;1;17;13;130.77
Valparaíso;Servicio de Salud Valparaíso San Antonio;Valparaíso;Centro de Salud Familiar Reina Isabel II;106303;2;2;11;18.18
Valparaíso;Servicio de Salud Valparaíso San Antonio;Valparaíso;Centro de Salud Familiar Reina Isabel II;106303;3;21;17;123.53
Valparaíso;Servicio de Salud Valparaíso San Antonio;Valparaíso;Centro de Salud Familiar Reina Isabel II;106303;4;14;12;116.67
Valparaíso;Servicio de Salud Valparaíso San Antonio;Valparaíso;Centro de Salud Familiar Reina Isabel II;106303;5;6;12;50.0
Valparaíso;Servicio de Salud Valparaíso San Antonio;Valparaíso;Centro de Salud Familiar Reina Isabel II;106303;6;0;20;0.0
Valparaíso;Servicio de Salud Valparaíso San Antonio;Valparaíso;Centro de Salud Familiar San José de Rodelillo;106330;1;7;16;43.75
Valparaíso;Servicio de Salud Valparaíso San Antonio;Valparaíso;Centro de Salud Familiar San José de Rodelillo;106330;2;11;15;73.33
Valparaíso;Servicio de Salud Valparaíso San Antonio;Valparaíso;Centro de Salud Familiar San José de Rodelillo;106330;3;7;15;46.67
Valparaíso;Servicio de Salud Valparaíso San Antonio;Valparaíso;Centro de Salud Familiar San José de Rodelillo;106330;4;7;13;53.85
Valparaíso;Servicio de Salud Valparaíso San Antonio;Valparaíso;Centro de Salud Familiar San José de Rodelillo;106330;5;8;12;66.67
Valparaíso;Servicio de Salud Valparaíso San Antonio;Valparaíso;Centro de Salud Familiar San José de Rodelillo;106330;6;11;10;110.0
Valparaíso;Servicio de Salud Valparaíso San Antonio;Valparaíso;SAPU Marcelo Mena;200108;6;0;2;0.0
Valparaíso;Servicio de Salud Viña del Mar Quillota;Cabildo;Hospital Dr. Víctor Hugo Moll (Cabildo);107106;1;0;13;0.0
Valparaíso;Servicio de Salud Viña del Mar Quillota;Cabildo;Hospital Dr. Víctor Hugo Moll (Cabildo);107106;2;3;13;23.08
Valparaíso;Servicio de Salud Viña del Mar Quillota;Cabildo;Hospital Dr. Víctor Hugo Moll (Cabildo);107106;3;11;9;122.22
Valparaíso;Servicio de Salud Viña del Mar Quillota;Cabildo;Hospital Dr. Víctor Hugo Moll (Cabildo);107106;4;14;10;140.0
Valparaíso;Servicio de Salud Viña del Mar Quillota;Cabildo;Hospital Dr. Víctor Hugo Moll (Cabildo);107106;5;0;8;0.0
Valparaíso;Servicio de Salud Viña del Mar Quillota;Cabildo;Hospital Dr. Víctor Hugo Moll (Cabildo);107106;6;0;8;0.0
Valparaíso;Servicio de Salud Viña del Mar Quillota;Cabildo;Posta de Salud Rural Alicahue;107415;1;0;3;0.0
Valparaíso;Servicio de Salud Viña del Mar Quillota;Cabildo;Posta de Salud Rural Alicahue;107415;3;0;1;0.0
Valparaíso;Servicio de Salud Viña del Mar Quillota;Cabildo;Posta de Salud Rural Alicahue;107415;4;0;2;0.0
Valparaíso;Servicio de Salud Viña del Mar Quillota;Cabildo;Posta de Salud Rural Alicahue;107415;5;0;1;0.0
Valparaíso;Servicio de Salud Viña del Mar Quillota;Cabildo;Posta de Salud Rural Alicahue;107415;6;0;2;0.0
Valparaíso;Servicio de Salud Viña del Mar Quillota;Cabildo;Posta de Salud Rural Artificio (Cabildo);107416;1;0;1;0.0
Valparaíso;Servicio de Salud Viña del Mar Quillota;Cabildo;Posta de Salud Rural Artificio (Cabildo);107416;2;0;2;0.0
Valparaíso;Servicio de Salud Viña del Mar Quillota;Cabildo;Posta de Salud Rural Artificio (Cabildo);107416;3;0;1;0.0
Valparaíso;Servicio de Salud Viña del Mar Quillota;Cabildo;Posta de Salud Rural Artificio (Cabildo);107416;5;0;1;0.0
Valparaíso;Servicio de Salud Viña del Mar Quillota;Cabildo;Posta de Salud Rural Artificio (Cabildo);107416;6;0;2;0.0
Valparaíso;Servicio de Salud Viña del Mar Quillota;Cabildo;Posta de Salud Rural La Viña;107417;1;0;2;0.0
Valparaíso;Servicio de Salud Viña del Mar Quillota;Cabildo;Posta de Salud Rural La Viña;107417;2;0;2;0.0
Valparaíso;Servicio de Salud Viña del Mar Quillota;Cabildo;Posta de Salud Rural La Viña;107417;3;0;1;0.0
Valparaíso;Servicio de Salud Viña del Mar Quillota;Cabildo;Posta de Salud Rural La Viña;107417;4;0;1;0.0
Valparaíso;Servicio de Salud Viña del Mar Quillota;Cabildo;Posta de Salud Rural La Viña;107417;5;0;3;0.0
Valparaíso;Servicio de Salud Viña del Mar Quillota;Cabildo;Posta de Salud Rural La Viña;107417;6;0;1;0.0
Valparaíso;Servicio de Salud Viña del Mar Quillota;Cabildo;Posta de Salud Rural Las Puertas;107431;6;0;1;0.0
Valparaíso;Servicio de Salud Viña del Mar Quillota;Calera;Centro Comunitario de Salud Familiar Susana Guerra  Guajardo.;200471;1;1;7;14.29
Valparaíso;Servicio de Salud Viña del Mar Quillota;Calera;Centro Comunitario de Salud Familiar Susana Guerra  Guajardo.;200471;2;4;4;100.0
Valparaíso;Servicio de Salud Viña del Mar Quillota;Calera;Centro Comunitario de Salud Familiar Susana Guerra  Guajardo.;200471;3;2;6;33.33
Valparaíso;Servicio de Salud Viña del Mar Quillota;Calera;Centro Comunitario de Salud Familiar Susana Guerra  Guajardo.;200471;4;7;6;116.67
Valparaíso;Servicio de Salud Viña del Mar Quillota;Calera;Centro Comunitario de Salud Familiar Susana Guerra  Guajardo.;200471;5;0;3;0.0
Valparaíso;Servicio de Salud Viña del Mar Quillota;Calera;Centro Comunitario de Salud Familiar Susana Guerra  Guajardo.;200471;6;8;2;400.0
Valparaíso;Servicio de Salud Viña del Mar Quillota;Calera;Centro de Salud Familiar Artificio;107321;1;7;8;87.5
Valparaíso;Servicio de Salud Viña del Mar Quillota;Calera;Centro de Salud Familiar Artificio;107321;2;0;5;0.0
Valparaíso;Servicio de Salud Viña del Mar Quillota;Calera;Centro de Salud Familiar Artificio;107321;3;6;8;75.0
Valparaíso;Servicio de Salud Viña del Mar Quillota;Calera;Centro de Salud Familiar Artificio;107321;4;7;10;70.0
Valparaíso;Servicio de Salud Viña del Mar Quillota;Calera;Centro de Salud Familiar Artificio;107321;5;6;7;85.71
Valparaíso;Servicio de Salud Viña del Mar Quillota;Calera;Centro de Salud Familiar Artificio;107321;6;14;7;200.0
Valparaíso;Servicio de Salud Viña del Mar Quillota;Calera;Centro de Salud Familiar La Calera;200595;1;12;19;63.16
Valparaíso;Servicio de Salud Viña del Mar Quillota;Calera;Centro de Salud Familiar La Calera;200595;2;0;14;0.0
Valparaíso;Servicio de Salud Viña del Mar Quillota;Calera;Centro de Salud Familiar La Calera;200595;3;9;17;52.94
Valparaíso;Servicio de Salud Viña del Mar Quillota;Calera;Centro de Salud Familiar La Calera;200595;4;5;11;45.45
Valparaíso;Servicio de Salud Viña del Mar Quillota;Calera;Centro de Salud Familiar La Calera;200595;5;0;15;0.0
Valparaíso;Servicio de Salud Viña del Mar Quillota;Calera;Centro de Salud Familiar La Calera;200595;6;8;13;61.54
Valparaíso;Servicio de Salud Viña del Mar Quillota;Calera;Posta de Salud Rural Manuel Rodríguez;107435;1;0;1;0.0
Valparaíso;Servicio de Salud Viña del Mar Quillota;Calera;Posta de Salud Rural Manuel Rodríguez;107435;2;1;1;100.0
Valparaíso;Servicio de Salud Viña del Mar Quillota;Calera;Posta de Salud Rural Manuel Rodríguez;107435;3;0;3;0.0
Valparaíso;Servicio de Salud Viña del Mar Quillota;Calera;Posta de Salud Rural Manuel Rodríguez;107435;4;0;1;0.0
Valparaíso;Servicio de Salud Viña del Mar Quillota;Calera;Posta de Salud Rural Manuel Rodríguez;107435;5;0;3;0.0
Valparaíso;Servicio de Salud Viña del Mar Quillota;Calera;Posta de Salud Rural Pachacama;107433;1;0;1;0.0
Valparaíso;Servicio de Salud Viña del Mar Quillota;Calera;Posta de Salud Rural Pachacama;107433;3;2;1;200.0
Valparaíso;Servicio de Salud Viña del Mar Quillota;Calera;Posta de Salud Rural Pachacama;107433;4;0;1;0.0
Valparaíso;Servicio de Salud Viña del Mar Quillota;Calera;Posta de Salud Rural Pachacama;107433;6;0;1;0.0
Valparaíso;Servicio de Salud Viña del Mar Quillota;Calera;Posta de Salud Rural Pachacamita;107428;3;0;3;0.0
Valparaíso;Servicio de Salud Viña del Mar Quillota;Calera;Posta de Salud Rural Pachacamita;107428;4;0;1;0.0
Valparaíso;Servicio de Salud Viña del Mar Quillota;Calera;Posta de Salud Rural Pachacamita;107428;5;0;3;0.0
Valparaíso;Servicio de Salud Viña del Mar Quillota;Calera;Posta de Salud Rural Pachacamita;107428;6;0;2;0.0
Valparaíso;Servicio de Salud Viña del Mar Quillota;Con Con;Centro de Salud Familiar Concón;107305;1;32;26;123.08
Valparaíso;Servicio de Salud Viña del Mar Quillota;Con Con;Centro de Salud Familiar Concón;107305;2;35;35;100.0
Valparaíso;Servicio de Salud Viña del Mar Quillota;Con Con;Centro de Salud Familiar Concón;107305;3;47;38;123.68
Valparaíso;Servicio de Salud Viña del Mar Quillota;Con Con;Centro de Salud Familiar Concón;107305;4;32;30;106.67
Valparaíso;Servicio de Salud Viña del Mar Quillota;Con Con;Centro de Salud Familiar Concón;107305;5;18;25;72.0
Valparaíso;Servicio de Salud Viña del Mar Quillota;Con Con;Centro de Salud Familiar Concón;107305;6;0;30;0.0
Valparaíso;Servicio de Salud Viña del Mar Quillota;Hijuelas;Centro de Salud Familiar  OCOA;201072;1;2;6;33.33
Valparaíso;Servicio de Salud Viña del Mar Quillota;Hijuelas;Centro de Salud Familiar  OCOA;201072;2;3;7;42.86
Valparaíso;Servicio de Salud Viña del Mar Quillota;Hijuelas;Centro de Salud Familiar  OCOA;201072;3;4;6;66.67
Valparaíso;Servicio de Salud Viña del Mar Quillota;Hijuelas;Centro de Salud Familiar  OCOA;201072;4;0;5;0.0
Valparaíso;Servicio de Salud Viña del Mar Quillota;Hijuelas;Centro de Salud Familiar  OCOA;201072;5;2;8;25.0
Valparaíso;Servicio de Salud Viña del Mar Quillota;Hijuelas;Centro de Salud Familiar  OCOA;201072;6;2;7;28.57
Valparaíso;Servicio de Salud Viña del Mar Quillota;Hijuelas;Centro de Salud Familiar Dr. Orlando Orrego Torres;107322;1;0;8;0.0
Valparaíso;Servicio de Salud Viña del Mar Quillota;Hijuelas;Centro de Salud Familiar Dr. Orlando Orrego Torres;107322;2;0;6;0.0
Valparaíso;Servicio de Salud Viña del Mar Quillota;Hijuelas;Centro de Salud Familiar Dr. Orlando Orrego Torres;107322;3;1;7;14.29
Valparaíso;Servicio de Salud Viña del Mar Quillota;Hijuelas;Centro de Salud Familiar Dr. Orlando Orrego Torres;107322;4;1;10;10.0
Valparaíso;Servicio de Salud Viña del Mar Quillota;Hijuelas;Centro de Salud Familiar Dr. Orlando Orrego Torres;107322;5;1;7;14.29
Valparaíso;Servicio de Salud Viña del Mar Quillota;Hijuelas;Centro de Salud Familiar Dr. Orlando Orrego Torres;107322;6;1;11;9.09
Valparaíso;Servicio de Salud Viña del Mar Quillota;Hijuelas;Posta de Salud Rural Romeral;107402;1;0;1;0.0
Valparaíso;Servicio de Salud Viña del Mar Quillota;Hijuelas;Posta de Salud Rural Romeral;107402;3;1;2;50.0
Valparaíso;Servicio de Salud Viña del Mar Quillota;Hijuelas;Posta de Salud Rural Romeral;107402;4;0;6;0.0
Valparaíso;Servicio de Salud Viña del Mar Quillota;Hijuelas;Posta de Salud Rural Romeral;107402;5;0;3;0.0
Valparaíso;Servicio de Salud Viña del Mar Quillota;Hijuelas;Posta de Salud Rural Romeral;107402;6;0;2;0.0
Valparaíso;Servicio de Salud Viña del Mar Quillota;La Cruz;Centro de Salud Familiar La Cruz;107313;1;0;18;0.0
Valparaíso;Servicio de Salud Viña del Mar Quillota;La Cruz;Centro de Salud Familiar La Cruz;107313;2;0;5;0.0
Valparaíso;Servicio de Salud Viña del Mar Quillota;La Cruz;Centro de Salud Familiar La Cruz;107313;3;0;22;0.0
Valparaíso;Servicio de Salud Viña del Mar Quillota;La Cruz;Centro de Salud Familiar La Cruz;107313;4;0;11;0.0
Valparaíso;Servicio de Salud Viña del Mar Quillota;La Cruz;Centro de Salud Familiar La Cruz;107313;5;10;17;58.82
Valparaíso;Servicio de Salud Viña del Mar Quillota;La Cruz;Centro de Salud Familiar La Cruz;107313;6;20;13;153.85
Valparaíso;Servicio de Salud Viña del Mar Quillota;La Ligua;Centro de Salud Familiar Raúl Sánchez Bañados;200219;1;8;21;38.1
Valparaíso;Servicio de Salud Viña del Mar Quillota;La Ligua;Centro de Salud Familiar Raúl Sánchez Bañados;200219;2;8;14;57.14
Valparaíso;Servicio de Salud Viña del Mar Quillota;La Ligua;Centro de Salud Familiar Raúl Sánchez Bañados;200219;3;0;10;0.0
Valparaíso;Servicio de Salud Viña del Mar Quillota;La Ligua;Centro de Salud Familiar Raúl Sánchez Bañados;200219;4;6;17;35.29
Valparaíso;Servicio de Salud Viña del Mar Quillota;La Ligua;Centro de Salud Familiar Raúl Sánchez Bañados;200219;5;4;16;25.0
Valparaíso;Servicio de Salud Viña del Mar Quillota;La Ligua;Centro de Salud Familiar Raúl Sánchez Bañados;200219;6;7;18;38.89
Valparaíso;Servicio de Salud Viña del Mar Quillota;La Ligua;Posta de Salud Rural Huaquén (La Ligua);107409;1;0;2;0.0
Valparaíso;Servicio de Salud Viña del Mar Quillota;La Ligua;Posta de Salud Rural Huaquén (La Ligua);107409;3;0;2;0.0
Valparaíso;Servicio de Salud Viña del Mar Quillota;La Ligua;Posta de Salud Rural Huaquén (La Ligua);107409;4;0;3;0.0
Valparaíso;Servicio de Salud Viña del Mar Quillota;La Ligua;Posta de Salud Rural Huaquén (La Ligua);107409;5;0;1;0.0
Valparaíso;Servicio de Salud Viña del Mar Quillota;La Ligua;Posta de Salud Rural Huaquén (La Ligua);107409;6;0;3;0.0
Valparaíso;Servicio de Salud Viña del Mar Quillota;La Ligua;Posta de Salud Rural La Canela;107429;1;0;3;0.0
Valparaíso;Servicio de Salud Viña del Mar Quillota;La Ligua;Posta de Salud Rural La Canela;107429;3;0;1;0.0
Valparaíso;Servicio de Salud Viña del Mar Quillota;La Ligua;Posta de Salud Rural La Canela;107429;5;4;0;
Valparaíso;Servicio de Salud Viña del Mar Quillota;La Ligua;Posta de Salud Rural Las Parcelas;107408;1;0;1;0.0
Valparaíso;Servicio de Salud Viña del Mar Quillota;La Ligua;Posta de Salud Rural Las Parcelas;107408;3;0;1;0.0
Valparaíso;Servicio de Salud Viña del Mar Quillota;La Ligua;Posta de Salud Rural Los Molles;107410;2;0;1;0.0
Valparaíso;Servicio de Salud Viña del Mar Quillota;La Ligua;Posta de Salud Rural Los Molles;107410;4;0;1;0.0
Valparaíso;Servicio de Salud Viña del Mar Quillota;La Ligua;Posta de Salud Rural Los Molles;107410;6;0;1;0.0
Valparaíso;Servicio de Salud Viña del Mar Quillota;La Ligua;Posta de Salud Rural Pichicuy;107421;2;0;1;0.0
Valparaíso;Servicio de Salud Viña del Mar Quillota;La Ligua;Posta de Salud Rural Pichicuy;107421;3;0;1;0.0
Valparaíso;Servicio de Salud Viña del Mar Quillota;La Ligua;Posta de Salud Rural Pichicuy;107421;4;0;1;0.0
Valparaíso;Servicio de Salud Viña del Mar Quillota;La Ligua;Posta de Salud Rural Pueblo de Roco;107406;3;0;1;0.0
Valparaíso;Servicio de Salud Viña del Mar Quillota;La Ligua;Posta de Salud Rural Pueblo de Roco;107406;4;0;1;0.0
Valparaíso;Servicio de Salud Viña del Mar Quillota;La Ligua;Posta de Salud Rural Pueblo de Roco;107406;6;0;2;0.0
Valparaíso;Servicio de Salud Viña del Mar Quillota;La Ligua;Posta de Salud Rural Pueblo de Varas;107405;1;0;6;0.0
Valparaíso;Servicio de Salud Viña del Mar Quillota;La Ligua;Posta de Salud Rural Pueblo de Varas;107405;2;0;2;0.0
Valparaíso;Servicio de Salud Viña del Mar Quillota;La Ligua;Posta de Salud Rural Pueblo de Varas;107405;3;1;3;33.33
Valparaíso;Servicio de Salud Viña del Mar Quillota;La Ligua;Posta de Salud Rural Pueblo de Varas;107405;4;0;6;0.0
Valparaíso;Servicio de Salud Viña del Mar Quillota;La Ligua;Posta de Salud Rural Pueblo de Varas;107405;5;3;0;
Valparaíso;Servicio de Salud Viña del Mar Quillota;La Ligua;Posta de Salud Rural Pueblo de Varas;107405;6;0;1;0.0
Valparaíso;Servicio de Salud Viña del Mar Quillota;La Ligua;Posta de Salud Rural Santa Marta;107404;2;0;1;0.0
Valparaíso;Servicio de Salud Viña del Mar Quillota;La Ligua;Posta de Salud Rural Santa Marta;107404;6;0;2;0.0
Valparaíso;Servicio de Salud Viña del Mar Quillota;La Ligua;Posta de Salud Rural Trapiche;107407;6;0;2;0.0
Valparaíso;Servicio de Salud Viña del Mar Quillota;Limache;Centro de Salud Familiar Limache Viejo;201037;1;0;25;0.0
Valparaíso;Servicio de Salud Viña del Mar Quillota;Limache;Centro de Salud Familiar Limache Viejo;201037;2;4;16;25.0
Valparaíso;Servicio de Salud Viña del Mar Quillota;Limache;Centro de Salud Familiar Limache Viejo;201037;3;9;21;42.86
Valparaíso;Servicio de Salud Viña del Mar Quillota;Limache;Centro de Salud Familiar Limache Viejo;201037;4;8;23;34.78
Valparaíso;Servicio de Salud Viña del Mar Quillota;Limache;Centro de Salud Familiar Limache Viejo;201037;5;7;19;36.84
Valparaíso;Servicio de Salud Viña del Mar Quillota;Limache;Centro de Salud Familiar Limache Viejo;201037;6;8;18;44.44
Valparaíso;Servicio de Salud Viña del Mar Quillota;Limache;Hospital Santo Tomás (Limache);107104;1;10;10;100.0
Valparaíso;Servicio de Salud Viña del Mar Quillota;Limache;Hospital Santo Tomás (Limache);107104;2;12;8;150.0
Valparaíso;Servicio de Salud Viña del Mar Quillota;Limache;Hospital Santo Tomás (Limache);107104;3;0;4;0.0
Valparaíso;Servicio de Salud Viña del Mar Quillota;Limache;Hospital Santo Tomás (Limache);107104;4;0;9;0.0
Valparaíso;Servicio de Salud Viña del Mar Quillota;Limache;Hospital Santo Tomás (Limache);107104;5;0;5;0.0
Valparaíso;Servicio de Salud Viña del Mar Quillota;Limache;Hospital Santo Tomás (Limache);107104;6;0;9;0.0
Valparaíso;Servicio de Salud Viña del Mar Quillota;Nogales;Centro Comunitario de Salud Familiar El Polígono;200355;1;0;1;0.0
Valparaíso;Servicio de Salud Viña del Mar Quillota;Nogales;Centro Comunitario de Salud Familiar El Polígono;200355;3;0;1;0.0
Valparaíso;Servicio de Salud Viña del Mar Quillota;Nogales;Centro Comunitario de Salud Familiar El Polígono;200355;4;6;3;200.0
Valparaíso;Servicio de Salud Viña del Mar Quillota;Nogales;Centro Comunitario de Salud Familiar El Polígono;200355;5;0;2;0.0
Valparaíso;Servicio de Salud Viña del Mar Quillota;Nogales;Centro Comunitario de Salud Familiar El Polígono;200355;6;0;3;0.0
Valparaíso;Servicio de Salud Viña del Mar Quillota;Nogales;Centro Comunitario de Salud Familiar Ex Asentamiento El Melón;107713;1;0;1;0.0
Valparaíso;Servicio de Salud Viña del Mar Quillota;Nogales;Centro Comunitario de Salud Familiar Ex Asentamiento El Melón;107713;2;0;1;0.0
Valparaíso;Servicio de Salud Viña del Mar Quillota;Nogales;Centro Comunitario de Salud Familiar Ex Asentamiento El Melón;107713;3;0;1;0.0
Valparaíso;Servicio de Salud Viña del Mar Quillota;Nogales;Centro Comunitario de Salud Familiar Ex Asentamiento El Melón;107713;4;0;1;0.0
Valparaíso;Servicio de Salud Viña del Mar Quillota;Nogales;Centro Comunitario de Salud Familiar Ex Asentamiento El Melón;107713;5;0;1;0.0
Valparaíso;Servicio de Salud Viña del Mar Quillota;Nogales;Centro Comunitario de Salud Familiar Ex Asentamiento El Melón;107713;6;1;2;50.0
Valparaíso;Servicio de Salud Viña del Mar Quillota;Nogales;Centro de Salud Familiar EU Rosa Sanchez G. El Melón;107324;1;2;11;18.18
Valparaíso;Servicio de Salud Viña del Mar Quillota;Nogales;Centro de Salud Familiar EU Rosa Sanchez G. El Melón;107324;2;4;7;57.14
Valparaíso;Servicio de Salud Viña del Mar Quillota;Nogales;Centro de Salud Familiar EU Rosa Sanchez G. El Melón;107324;3;1;6;16.67
Valparaíso;Servicio de Salud Viña del Mar Quillota;Nogales;Centro de Salud Familiar EU Rosa Sanchez G. El Melón;107324;4;2;8;25.0
Valparaíso;Servicio de Salud Viña del Mar Quillota;Nogales;Centro de Salud Familiar EU Rosa Sanchez G. El Melón;107324;5;0;4;0.0
Valparaíso;Servicio de Salud Viña del Mar Quillota;Nogales;Centro de Salud Familiar EU Rosa Sanchez G. El Melón;107324;6;0;8;0.0
Valparaíso;Servicio de Salud Viña del Mar Quillota;Nogales;Centro de Salud Familiar Nogales;107323;1;0;4;0.0
Valparaíso;Servicio de Salud Viña del Mar Quillota;Nogales;Centro de Salud Familiar Nogales;107323;2;0;5;0.0
Valparaíso;Servicio de Salud Viña del Mar Quillota;Nogales;Centro de Salud Familiar Nogales;107323;3;6;6;100.0
Valparaíso;Servicio de Salud Viña del Mar Quillota;Nogales;Centro de Salud Familiar Nogales;107323;4;0;3;0.0
Valparaíso;Servicio de Salud Viña del Mar Quillota;Nogales;Centro de Salud Familiar Nogales;107323;5;0;3;0.0
Valparaíso;Servicio de Salud Viña del Mar Quillota;Nogales;Centro de Salud Familiar Nogales;107323;6;0;3;0.0
Valparaíso;Servicio de Salud Viña del Mar Quillota;Olmué;Centro de Salud Familiar Manuel Lucero;107317;1;5;9;55.56
Valparaíso;Servicio de Salud Viña del Mar Quillota;Olmué;Centro de Salud Familiar Manuel Lucero;107317;2;4;7;57.14
Valparaíso;Servicio de Salud Viña del Mar Quillota;Olmué;Centro de Salud Familiar Manuel Lucero;107317;3;2;9;22.22
Valparaíso;Servicio de Salud Viña del Mar Quillota;Olmué;Centro de Salud Familiar Manuel Lucero;107317;4;2;11;18.18
Valparaíso;Servicio de Salud Viña del Mar Quillota;Olmué;Centro de Salud Familiar Manuel Lucero;107317;5;0;9;0.0
Valparaíso;Servicio de Salud Viña del Mar Quillota;Olmué;Centro de Salud Familiar Manuel Lucero;107317;6;9;4;225.0
Valparaíso;Servicio de Salud Viña del Mar Quillota;Olmué;Posta de Salud Rural La Vega (Olmué);107426;1;0;1;0.0
Valparaíso;Servicio de Salud Viña del Mar Quillota;Olmué;Posta de Salud Rural La Vega (Olmué);107426;3;0;1;0.0
Valparaíso;Servicio de Salud Viña del Mar Quillota;Olmué;Posta de Salud Rural Quebrada Alvarado;107401;1;0;1;0.0
Valparaíso;Servicio de Salud Viña del Mar Quillota;Olmué;Posta de Salud Rural Quebrada Alvarado;107401;2;0;1;0.0
Valparaíso;Servicio de Salud Viña del Mar Quillota;Olmué;Posta de Salud Rural Quebrada Alvarado;107401;3;0;2;0.0
Valparaíso;Servicio de Salud Viña del Mar Quillota;Olmué;Posta de Salud Rural Quebrada Alvarado;107401;6;0;4;0.0
Valparaíso;Servicio de Salud Viña del Mar Quillota;Papudo;Centro de Salud Familiar Papudo;107354;1;0;4;0.0
Valparaíso;Servicio de Salud Viña del Mar Quillota;Papudo;Centro de Salud Familiar Papudo;107354;2;0;5;0.0
Valparaíso;Servicio de Salud Viña del Mar Quillota;Papudo;Centro de Salud Familiar Papudo;107354;3;5;3;166.67
Valparaíso;Servicio de Salud Viña del Mar Quillota;Papudo;Centro de Salud Familiar Papudo;107354;4;0;3;0.0
Valparaíso;Servicio de Salud Viña del Mar Quillota;Papudo;Centro de Salud Familiar Papudo;107354;5;0;3;0.0
Valparaíso;Servicio de Salud Viña del Mar Quillota;Papudo;Centro de Salud Familiar Papudo;107354;6;1;5;20.0
Valparaíso;Servicio de Salud Viña del Mar Quillota;Papudo;Posta de Salud Rural Pullally;107412;1;0;1;0.0
Valparaíso;Servicio de Salud Viña del Mar Quillota;Papudo;Posta de Salud Rural Pullally;107412;2;0;2;0.0
Valparaíso;Servicio de Salud Viña del Mar Quillota;Papudo;Posta de Salud Rural Pullally;107412;3;0;1;0.0
Valparaíso;Servicio de Salud Viña del Mar Quillota;Papudo;Posta de Salud Rural Pullally;107412;4;2;0;
Valparaíso;Servicio de Salud Viña del Mar Quillota;Papudo;Posta de Salud Rural Pullally;107412;5;0;1;0.0
Valparaíso;Servicio de Salud Viña del Mar Quillota;Papudo;Posta de Salud Rural Pullally;107412;6;0;3;0.0
Valparaíso;Servicio de Salud Viña del Mar Quillota;Petorca;Centro Comunitario de Salud Familiar Pedegua;107729;3;0;1;0.0
Valparaíso;Servicio de Salud Viña del Mar Quillota;Petorca;Centro Comunitario de Salud Familiar Pedegua;107729;4;0;1;0.0
Valparaíso;Servicio de Salud Viña del Mar Quillota;Petorca;Centro Comunitario de Salud Familiar Pedegua;107729;6;0;3;0.0
Valparaíso;Servicio de Salud Viña del Mar Quillota;Petorca;Centro de Salud Familiar Chincolco;107329;1;0;1;0.0
Valparaíso;Servicio de Salud Viña del Mar Quillota;Petorca;Centro de Salud Familiar Chincolco;107329;2;0;3;0.0
Valparaíso;Servicio de Salud Viña del Mar Quillota;Petorca;Centro de Salud Familiar Chincolco;107329;3;0;1;0.0
Valparaíso;Servicio de Salud Viña del Mar Quillota;Petorca;Centro de Salud Familiar Chincolco;107329;4;0;1;0.0
Valparaíso;Servicio de Salud Viña del Mar Quillota;Petorca;Centro de Salud Familiar Chincolco;107329;5;0;2;0.0
Valparaíso;Servicio de Salud Viña del Mar Quillota;Petorca;Centro de Salud Familiar Chincolco;107329;6;0;4;0.0
Valparaíso;Servicio de Salud Viña del Mar Quillota;Petorca;Hospital de Petorca;107107;1;0;2;0.0
Valparaíso;Servicio de Salud Viña del Mar Quillota;Petorca;Hospital de Petorca;107107;2;0;1;0.0
Valparaíso;Servicio de Salud Viña del Mar Quillota;Petorca;Hospital de Petorca;107107;3;0;1;0.0
Valparaíso;Servicio de Salud Viña del Mar Quillota;Petorca;Hospital de Petorca;107107;4;0;1;0.0
Valparaíso;Servicio de Salud Viña del Mar Quillota;Petorca;Hospital de Petorca;107107;5;0;2;0.0
Valparaíso;Servicio de Salud Viña del Mar Quillota;Petorca;Hospital de Petorca;107107;6;3;2;150.0
Valparaíso;Servicio de Salud Viña del Mar Quillota;Petorca;Posta Rural La Ñipa;201528;3;0;1;0.0
Valparaíso;Servicio de Salud Viña del Mar Quillota;Petorca;Posta Rural La Ñipa;201528;4;0;1;0.0
Valparaíso;Servicio de Salud Viña del Mar Quillota;Petorca;Posta Rural La Ñipa;201528;5;0;1;0.0
Valparaíso;Servicio de Salud Viña del Mar Quillota;Petorca;Posta Rural La Ñipa;201528;6;0;1;0.0
Valparaíso;Servicio de Salud Viña del Mar Quillota;Petorca;Posta de Salud Rural Hierro Viejo;107419;3;0;1;0.0
Valparaíso;Servicio de Salud Viña del Mar Quillota;Puchuncaví;Centro de Salud Familiar Puchuncaví;107316;1;0;9;0.0
Valparaíso;Servicio de Salud Viña del Mar Quillota;Puchuncaví;Centro de Salud Familiar Puchuncaví;107316;2;0;7;0.0
Valparaíso;Servicio de Salud Viña del Mar Quillota;Puchuncaví;Centro de Salud Familiar Puchuncaví;107316;3;0;11;0.0
Valparaíso;Servicio de Salud Viña del Mar Quillota;Puchuncaví;Centro de Salud Familiar Puchuncaví;107316;4;0;10;0.0
Valparaíso;Servicio de Salud Viña del Mar Quillota;Puchuncaví;Centro de Salud Familiar Puchuncaví;107316;5;0;7;0.0
Valparaíso;Servicio de Salud Viña del Mar Quillota;Puchuncaví;Centro de Salud Familiar Puchuncaví;107316;6;0;13;0.0
Valparaíso;Servicio de Salud Viña del Mar Quillota;Puchuncaví;Centro de Salud Familiar Ventanas;107315;1;0;7;0.0
Valparaíso;Servicio de Salud Viña del Mar Quillota;Puchuncaví;Centro de Salud Familiar Ventanas;107315;2;1;6;16.67
Valparaíso;Servicio de Salud Viña del Mar Quillota;Puchuncaví;Centro de Salud Familiar Ventanas;107315;3;0;10;0.0
Valparaíso;Servicio de Salud Viña del Mar Quillota;Puchuncaví;Centro de Salud Familiar Ventanas;107315;4;0;3;0.0
Valparaíso;Servicio de Salud Viña del Mar Quillota;Puchuncaví;Centro de Salud Familiar Ventanas;107315;5;0;3;0.0
Valparaíso;Servicio de Salud Viña del Mar Quillota;Puchuncaví;Centro de Salud Familiar Ventanas;107315;6;0;9;0.0
Valparaíso;Servicio de Salud Viña del Mar Quillota;Puchuncaví;Posta de Salud Rural Horcón;107425;1;0;3;0.0
Valparaíso;Servicio de Salud Viña del Mar Quillota;Puchuncaví;Posta de Salud Rural Horcón;107425;4;0;1;0.0
Valparaíso;Servicio de Salud Viña del Mar Quillota;Puchuncaví;Posta de Salud Rural Horcón;107425;6;0;2;0.0
Valparaíso;Servicio de Salud Viña del Mar Quillota;Puchuncaví;Posta de Salud Rural Maitencillo (Puchuncaví);107422;1;0;1;0.0
Valparaíso;Servicio de Salud Viña del Mar Quillota;Quillota;"Centro Comunitario de Salud Familiar Cardenal Raúl Silva Henríquez ""Cerro Macaya""";107712;1;0;6;0.0
Valparaíso;Servicio de Salud Viña del Mar Quillota;Quillota;"Centro Comunitario de Salud Familiar Cardenal Raúl Silva Henríquez ""Cerro Macaya""";107712;2;0;3;0.0
Valparaíso;Servicio de Salud Viña del Mar Quillota;Quillota;"Centro Comunitario de Salud Familiar Cardenal Raúl Silva Henríquez ""Cerro Macaya""";107712;3;2;4;50.0
Valparaíso;Servicio de Salud Viña del Mar Quillota;Quillota;"Centro Comunitario de Salud Familiar Cardenal Raúl Silva Henríquez ""Cerro Macaya""";107712;4;4;7;57.14
Valparaíso;Servicio de Salud Viña del Mar Quillota;Quillota;"Centro Comunitario de Salud Familiar Cardenal Raúl Silva Henríquez ""Cerro Macaya""";107712;5;4;5;80.0
Valparaíso;Servicio de Salud Viña del Mar Quillota;Quillota;"Centro Comunitario de Salud Familiar Cardenal Raúl Silva Henríquez ""Cerro Macaya""";107712;6;0;2;0.0
Valparaíso;Servicio de Salud Viña del Mar Quillota;Quillota;Centro Comunitario de Salud Familiar Ruta Norte;200293;1;4;7;57.14
Valparaíso;Servicio de Salud Viña del Mar Quillota;Quillota;Centro Comunitario de Salud Familiar Ruta Norte;200293;2;0;5;0.0
Valparaíso;Servicio de Salud Viña del Mar Quillota;Quillota;Centro Comunitario de Salud Familiar Ruta Norte;200293;3;4;3;133.33
Valparaíso;Servicio de Salud Viña del Mar Quillota;Quillota;Centro Comunitario de Salud Familiar Ruta Norte;200293;4;0;3;0.0
Valparaíso;Servicio de Salud Viña del Mar Quillota;Quillota;Centro Comunitario de Salud Familiar Ruta Norte;200293;5;0;8;0.0
Valparaíso;Servicio de Salud Viña del Mar Quillota;Quillota;Centro Comunitario de Salud Familiar Ruta Norte;200293;6;0;3;0.0
Valparaíso;Servicio de Salud Viña del Mar Quillota;Quillota;Centro Comunitario de Salud Familiar Santa Teresita;107758;1;0;2;0.0
Valparaíso;Servicio de Salud Viña del Mar Quillota;Quillota;Centro Comunitario de Salud Familiar Santa Teresita;107758;2;2;2;100.0
Valparaíso;Servicio de Salud Viña del Mar Quillota;Quillota;Centro Comunitario de Salud Familiar Santa Teresita;107758;3;4;4;100.0
Valparaíso;Servicio de Salud Viña del Mar Quillota;Quillota;Centro Comunitario de Salud Familiar Santa Teresita;107758;4;7;7;100.0
Valparaíso;Servicio de Salud Viña del Mar Quillota;Quillota;Centro Comunitario de Salud Familiar Santa Teresita;107758;5;3;3;100.0
Valparaíso;Servicio de Salud Viña del Mar Quillota;Quillota;Centro Comunitario de Salud Familiar Santa Teresita;107758;6;2;2;100.0
Valparaíso;Servicio de Salud Viña del Mar Quillota;Quillota;Centro de Salud Familiar Boco;107318;1;0;1;0.0
Valparaíso;Servicio de Salud Viña del Mar Quillota;Quillota;Centro de Salud Familiar Boco;107318;2;0;7;0.0
Valparaíso;Servicio de Salud Viña del Mar Quillota;Quillota;Centro de Salud Familiar Boco;107318;3;0;3;0.0
Valparaíso;Servicio de Salud Viña del Mar Quillota;Quillota;Centro de Salud Familiar Boco;107318;4;0;5;0.0
Valparaíso;Servicio de Salud Viña del Mar Quillota;Quillota;Centro de Salud Familiar Boco;107318;5;0;4;0.0
Valparaíso;Servicio de Salud Viña del Mar Quillota;Quillota;Centro de Salud Familiar Boco;107318;6;0;6;0.0
Valparaíso;Servicio de Salud Viña del Mar Quillota;Quillota;Centro de Salud Familiar Cardenal Raúl Silva Henríquez;107312;1;0;44;0.0
Valparaíso;Servicio de Salud Viña del Mar Quillota;Quillota;Centro de Salud Familiar Cardenal Raúl Silva Henríquez;107312;2;0;36;0.0
Valparaíso;Servicio de Salud Viña del Mar Quillota;Quillota;Centro de Salud Familiar Cardenal Raúl Silva Henríquez;107312;3;20;40;50.0
Valparaíso;Servicio de Salud Viña del Mar Quillota;Quillota;Centro de Salud Familiar Cardenal Raúl Silva Henríquez;107312;4;16;35;45.71
Valparaíso;Servicio de Salud Viña del Mar Quillota;Quillota;Centro de Salud Familiar Cardenal Raúl Silva Henríquez;107312;5;19;25;76.0
Valparaíso;Servicio de Salud Viña del Mar Quillota;Quillota;Centro de Salud Familiar Cardenal Raúl Silva Henríquez;107312;6;16;41;39.02
Valparaíso;Servicio de Salud Viña del Mar Quillota;Quillota;Centro de Salud Familiar La Palma;107320;1;0;5;0.0
Valparaíso;Servicio de Salud Viña del Mar Quillota;Quillota;Centro de Salud Familiar La Palma;107320;2;0;3;0.0
Valparaíso;Servicio de Salud Viña del Mar Quillota;Quillota;Centro de Salud Familiar La Palma;107320;3;7;3;233.33
Valparaíso;Servicio de Salud Viña del Mar Quillota;Quillota;Centro de Salud Familiar La Palma;107320;4;13;5;260.0
Valparaíso;Servicio de Salud Viña del Mar Quillota;Quillota;Centro de Salud Familiar La Palma;107320;5;0;9;0.0
Valparaíso;Servicio de Salud Viña del Mar Quillota;Quillota;Centro de Salud Familiar La Palma;107320;6;0;4;0.0
Valparaíso;Servicio de Salud Viña del Mar Quillota;Quillota;Centro de Salud Familiar San Pedro;107319;1;0;3;0.0
Valparaíso;Servicio de Salud Viña del Mar Quillota;Quillota;Centro de Salud Familiar San Pedro;107319;2;0;5;0.0
Valparaíso;Servicio de Salud Viña del Mar Quillota;Quillota;Centro de Salud Familiar San Pedro;107319;3;0;4;0.0
Valparaíso;Servicio de Salud Viña del Mar Quillota;Quillota;Centro de Salud Familiar San Pedro;107319;4;0;4;0.0
Valparaíso;Servicio de Salud Viña del Mar Quillota;Quillota;Centro de Salud Familiar San Pedro;107319;5;0;3;0.0
Valparaíso;Servicio de Salud Viña del Mar Quillota;Quillota;Centro de Salud Familiar San Pedro;107319;6;0;7;0.0
Valparaíso;Servicio de Salud Viña del Mar Quillota;Quilpué;Centro Comunitario de Salud Familiar El Retiro;107756;1;0;4;0.0
Valparaíso;Servicio de Salud Viña del Mar Quillota;Quilpué;Centro Comunitario de Salud Familiar El Retiro;107756;2;0;2;0.0
Valparaíso;Servicio de Salud Viña del Mar Quillota;Quilpué;Centro Comunitario de Salud Familiar El Retiro;107756;3;0;2;0.0
Valparaíso;Servicio de Salud Viña del Mar Quillota;Quilpué;Centro Comunitario de Salud Familiar El Retiro;107756;4;0;5;0.0
Valparaíso;Servicio de Salud Viña del Mar Quillota;Quilpué;Centro Comunitario de Salud Familiar El Retiro;107756;5;2;2;100.0
Valparaíso;Servicio de Salud Viña del Mar Quillota;Quilpué;Centro Comunitario de Salud Familiar El Retiro;107756;6;0;3;0.0
Valparaíso;Servicio de Salud Viña del Mar Quillota;Quilpué;Centro de Salud Familiar Alcalde Iván Manríquez;107353;1;2;16;12.5
Valparaíso;Servicio de Salud Viña del Mar Quillota;Quilpué;Centro de Salud Familiar Alcalde Iván Manríquez;107353;2;2;23;8.7
Valparaíso;Servicio de Salud Viña del Mar Quillota;Quilpué;Centro de Salud Familiar Alcalde Iván Manríquez;107353;3;10;15;66.67
Valparaíso;Servicio de Salud Viña del Mar Quillota;Quilpué;Centro de Salud Familiar Alcalde Iván Manríquez;107353;4;10;18;55.56
Valparaíso;Servicio de Salud Viña del Mar Quillota;Quilpué;Centro de Salud Familiar Alcalde Iván Manríquez;107353;5;3;9;33.33
Valparaíso;Servicio de Salud Viña del Mar Quillota;Quilpué;Centro de Salud Familiar Alcalde Iván Manríquez;107353;6;0;11;0.0
Valparaíso;Servicio de Salud Viña del Mar Quillota;Quilpué;Centro de Salud Familiar Aviador Acevedo;107356;1;9;15;60.0
Valparaíso;Servicio de Salud Viña del Mar Quillota;Quilpué;Centro de Salud Familiar Aviador Acevedo;107356;2;18;7;257.14
Valparaíso;Servicio de Salud Viña del Mar Quillota;Quilpué;Centro de Salud Familiar Aviador Acevedo;107356;3;2;9;22.22
Valparaíso;Servicio de Salud Viña del Mar Quillota;Quilpué;Centro de Salud Familiar Aviador Acevedo;107356;4;12;10;120.0
Valparaíso;Servicio de Salud Viña del Mar Quillota;Quilpué;Centro de Salud Familiar Aviador Acevedo;107356;5;2;9;22.22
Valparaíso;Servicio de Salud Viña del Mar Quillota;Quilpué;Centro de Salud Familiar Aviador Acevedo;107356;6;3;10;30.0
Valparaíso;Servicio de Salud Viña del Mar Quillota;Quilpué;Centro de Salud Familiar El Belloto;107308;1;0;23;0.0
Valparaíso;Servicio de Salud Viña del Mar Quillota;Quilpué;Centro de Salud Familiar El Belloto;107308;2;8;20;40.0
Valparaíso;Servicio de Salud Viña del Mar Quillota;Quilpué;Centro de Salud Familiar El Belloto;107308;3;9;18;50.0
Valparaíso;Servicio de Salud Viña del Mar Quillota;Quilpué;Centro de Salud Familiar El Belloto;107308;4;4;17;23.53
Valparaíso;Servicio de Salud Viña del Mar Quillota;Quilpué;Centro de Salud Familiar El Belloto;107308;5;8;13;61.54
Valparaíso;Servicio de Salud Viña del Mar Quillota;Quilpué;Centro de Salud Familiar El Belloto;107308;6;10;17;58.82
Valparaíso;Servicio de Salud Viña del Mar Quillota;Quilpué;Centro de Salud Familiar Pompeya;107357;1;0;16;0.0
Valparaíso;Servicio de Salud Viña del Mar Quillota;Quilpué;Centro de Salud Familiar Pompeya;107357;2;0;9;0.0
Valparaíso;Servicio de Salud Viña del Mar Quillota;Quilpué;Centro de Salud Familiar Pompeya;107357;3;4;9;44.44
Valparaíso;Servicio de Salud Viña del Mar Quillota;Quilpué;Centro de Salud Familiar Pompeya;107357;4;7;5;140.0
Valparaíso;Servicio de Salud Viña del Mar Quillota;Quilpué;Centro de Salud Familiar Pompeya;107357;5;0;18;0.0
Valparaíso;Servicio de Salud Viña del Mar Quillota;Quilpué;Centro de Salud Familiar Pompeya;107357;6;9;12;75.0
Valparaíso;Servicio de Salud Viña del Mar Quillota;Quilpué;Centro de Salud Familiar Quilpué;107307;1;9;19;47.37
Valparaíso;Servicio de Salud Viña del Mar Quillota;Quilpué;Centro de Salud Familiar Quilpué;107307;2;18;19;94.74
Valparaíso;Servicio de Salud Viña del Mar Quillota;Quilpué;Centro de Salud Familiar Quilpué;107307;3;23;19;121.05
Valparaíso;Servicio de Salud Viña del Mar Quillota;Quilpué;Centro de Salud Familiar Quilpué;107307;4;22;20;110.0
Valparaíso;Servicio de Salud Viña del Mar Quillota;Quilpué;Centro de Salud Familiar Quilpué;107307;5;27;10;270.0
Valparaíso;Servicio de Salud Viña del Mar Quillota;Quilpué;Centro de Salud Familiar Quilpué;107307;6;0;15;0.0
Valparaíso;Servicio de Salud Viña del Mar Quillota;Quilpué;Posta de Salud Rural Colliguay;107400;4;0;1;0.0
Valparaíso;Servicio de Salud Viña del Mar Quillota;Quintero;CESFAM QUINTERO;201509;1;4;13;30.77
Valparaíso;Servicio de Salud Viña del Mar Quillota;Quintero;CESFAM QUINTERO;201509;2;2;11;18.18
Valparaíso;Servicio de Salud Viña del Mar Quillota;Quintero;CESFAM QUINTERO;201509;3;6;9;66.67
Valparaíso;Servicio de Salud Viña del Mar Quillota;Quintero;CESFAM QUINTERO;201509;4;3;10;30.0
Valparaíso;Servicio de Salud Viña del Mar Quillota;Quintero;CESFAM QUINTERO;201509;5;0;14;0.0
Valparaíso;Servicio de Salud Viña del Mar Quillota;Quintero;CESFAM QUINTERO;201509;6;3;21;14.29
Valparaíso;Servicio de Salud Viña del Mar Quillota;Quintero;Posta de Salud Rural Loncura;107434;1;8;5;160.0
Valparaíso;Servicio de Salud Viña del Mar Quillota;Quintero;Posta de Salud Rural Loncura;107434;2;8;12;66.67
Valparaíso;Servicio de Salud Viña del Mar Quillota;Quintero;Posta de Salud Rural Loncura;107434;3;0;6;0.0
Valparaíso;Servicio de Salud Viña del Mar Quillota;Quintero;Posta de Salud Rural Loncura;107434;4;0;12;0.0
Valparaíso;Servicio de Salud Viña del Mar Quillota;Quintero;Posta de Salud Rural Loncura;107434;6;0;5;0.0
Valparaíso;Servicio de Salud Viña del Mar Quillota;Villa Alemana;Centro Comunitario de Salud Familiar Cien Águilas;201277;1;0;7;0.0
Valparaíso;Servicio de Salud Viña del Mar Quillota;Villa Alemana;Centro Comunitario de Salud Familiar Cien Águilas;201277;2;7;6;116.67
Valparaíso;Servicio de Salud Viña del Mar Quillota;Villa Alemana;Centro Comunitario de Salud Familiar Cien Águilas;201277;3;0;10;0.0
Valparaíso;Servicio de Salud Viña del Mar Quillota;Villa Alemana;Centro Comunitario de Salud Familiar Cien Águilas;201277;4;0;9;0.0
Valparaíso;Servicio de Salud Viña del Mar Quillota;Villa Alemana;Centro Comunitario de Salud Familiar Cien Águilas;201277;5;0;7;0.0
Valparaíso;Servicio de Salud Viña del Mar Quillota;Villa Alemana;Centro Comunitario de Salud Familiar Cien Águilas;201277;6;4;9;44.44
Valparaíso;Servicio de Salud Viña del Mar Quillota;Villa Alemana;Centro de Salud Familiar Eduardo Frei Montalva;107328;1;6;33;18.18
Valparaíso;Servicio de Salud Viña del Mar Quillota;Villa Alemana;Centro de Salud Familiar Eduardo Frei Montalva;107328;2;4;14;28.57
Valparaíso;Servicio de Salud Viña del Mar Quillota;Villa Alemana;Centro de Salud Familiar Eduardo Frei Montalva;107328;3;5;25;20.0
Valparaíso;Servicio de Salud Viña del Mar Quillota;Villa Alemana;Centro de Salud Familiar Eduardo Frei Montalva;107328;4;5;17;29.41
Valparaíso;Servicio de Salud Viña del Mar Quillota;Villa Alemana;Centro de Salud Familiar Eduardo Frei Montalva;107328;5;3;17;17.65
Valparaíso;Servicio de Salud Viña del Mar Quillota;Villa Alemana;Centro de Salud Familiar Eduardo Frei Montalva;107328;6;4;4;100.0
Valparaíso;Servicio de Salud Viña del Mar Quillota;Villa Alemana;Centro de Salud Familiar Juan Bautista Bravo Vega;107351;1;12;20;60.0
Valparaíso;Servicio de Salud Viña del Mar Quillota;Villa Alemana;Centro de Salud Familiar Juan Bautista Bravo Vega;107351;2;11;24;45.83
Valparaíso;Servicio de Salud Viña del Mar Quillota;Villa Alemana;Centro de Salud Familiar Juan Bautista Bravo Vega;107351;3;8;25;32.0
Valparaíso;Servicio de Salud Viña del Mar Quillota;Villa Alemana;Centro de Salud Familiar Juan Bautista Bravo Vega;107351;4;17;13;130.77
Valparaíso;Servicio de Salud Viña del Mar Quillota;Villa Alemana;Centro de Salud Familiar Juan Bautista Bravo Vega;107351;5;11;16;68.75
Valparaíso;Servicio de Salud Viña del Mar Quillota;Villa Alemana;Centro de Salud Familiar Juan Bautista Bravo Vega;107351;6;7;11;63.64
Valparaíso;Servicio de Salud Viña del Mar Quillota;Villa Alemana;Centro de Salud Familiar Las Américas;201074;1;0;7;0.0
Valparaíso;Servicio de Salud Viña del Mar Quillota;Villa Alemana;Centro de Salud Familiar Las Américas;201074;2;0;5;0.0
Valparaíso;Servicio de Salud Viña del Mar Quillota;Villa Alemana;Centro de Salud Familiar Las Américas;201074;3;0;6;0.0
Valparaíso;Servicio de Salud Viña del Mar Quillota;Villa Alemana;Centro de Salud Familiar Las Américas;201074;4;0;5;0.0
Valparaíso;Servicio de Salud Viña del Mar Quillota;Villa Alemana;Centro de Salud Familiar Las Américas;201074;5;3;12;25.0
Valparaíso;Servicio de Salud Viña del Mar Quillota;Villa Alemana;Centro de Salud Familiar Las Américas;201074;6;0;3;0.0
Valparaíso;Servicio de Salud Viña del Mar Quillota;Villa Alemana;Centro de Salud Familiar Villa Alemana;107309;1;0;14;0.0
Valparaíso;Servicio de Salud Viña del Mar Quillota;Villa Alemana;Centro de Salud Familiar Villa Alemana;107309;2;0;18;0.0
Valparaíso;Servicio de Salud Viña del Mar Quillota;Villa Alemana;Centro de Salud Familiar Villa Alemana;107309;3;19;17;111.76
Valparaíso;Servicio de Salud Viña del Mar Quillota;Villa Alemana;Centro de Salud Familiar Villa Alemana;107309;4;12;12;100.0
Valparaíso;Servicio de Salud Viña del Mar Quillota;Villa Alemana;Centro de Salud Familiar Villa Alemana;107309;5;17;15;113.33
Valparaíso;Servicio de Salud Viña del Mar Quillota;Villa Alemana;Centro de Salud Familiar Villa Alemana;107309;6;12;13;92.31
Valparaíso;Servicio de Salud Viña del Mar Quillota;Viña del Mar;"Centro Comunitario de Salud Familiar Achupallas ""Sergio Donoso""";107702;1;0;5;0.0
Valparaíso;Servicio de Salud Viña del Mar Quillota;Viña del Mar;"Centro Comunitario de Salud Familiar Achupallas ""Sergio Donoso""";107702;2;0;5;0.0
Valparaíso;Servicio de Salud Viña del Mar Quillota;Viña del Mar;"Centro Comunitario de Salud Familiar Achupallas ""Sergio Donoso""";107702;3;0;4;0.0
Valparaíso;Servicio de Salud Viña del Mar Quillota;Viña del Mar;"Centro Comunitario de Salud Familiar Achupallas ""Sergio Donoso""";107702;4;0;7;0.0
Valparaíso;Servicio de Salud Viña del Mar Quillota;Viña del Mar;"Centro Comunitario de Salud Familiar Achupallas ""Sergio Donoso""";107702;5;0;2;0.0
Valparaíso;Servicio de Salud Viña del Mar Quillota;Viña del Mar;"Centro Comunitario de Salud Familiar Achupallas ""Sergio Donoso""";107702;6;0;3;0.0
Valparaíso;Servicio de Salud Viña del Mar Quillota;Viña del Mar;Centro Comunitario de Salud Familiar Las Palmas;107727;1;1;2;50.0
Valparaíso;Servicio de Salud Viña del Mar Quillota;Viña del Mar;Centro Comunitario de Salud Familiar Las Palmas;107727;2;3;7;42.86
Valparaíso;Servicio de Salud Viña del Mar Quillota;Viña del Mar;Centro Comunitario de Salud Familiar Las Palmas;107727;3;8;4;200.0
Valparaíso;Servicio de Salud Viña del Mar Quillota;Viña del Mar;Centro Comunitario de Salud Familiar Las Palmas;107727;4;3;4;75.0
Valparaíso;Servicio de Salud Viña del Mar Quillota;Viña del Mar;Centro Comunitario de Salud Familiar Las Palmas;107727;5;2;0;
Valparaíso;Servicio de Salud Viña del Mar Quillota;Viña del Mar;Centro Comunitario de Salud Familiar Las Palmas;107727;6;2;2;100.0
Valparaíso;Servicio de Salud Viña del Mar Quillota;Viña del Mar;Centro Comunitario de Salud Familiar Santa Julia;107703;1;6;5;120.0
Valparaíso;Servicio de Salud Viña del Mar Quillota;Viña del Mar;Centro Comunitario de Salud Familiar Santa Julia;107703;2;6;5;120.0
Valparaíso;Servicio de Salud Viña del Mar Quillota;Viña del Mar;Centro Comunitario de Salud Familiar Santa Julia;107703;3;11;6;183.33
Valparaíso;Servicio de Salud Viña del Mar Quillota;Viña del Mar;Centro Comunitario de Salud Familiar Santa Julia;107703;4;8;6;133.33
Valparaíso;Servicio de Salud Viña del Mar Quillota;Viña del Mar;Centro Comunitario de Salud Familiar Santa Julia;107703;5;6;8;75.0
Valparaíso;Servicio de Salud Viña del Mar Quillota;Viña del Mar;Centro Comunitario de Salud Familiar Santa Julia;107703;6;5;5;100.0
Valparaíso;Servicio de Salud Viña del Mar Quillota;Viña del Mar;Centro Comunitario de Salud Familiar Villa Hermosa;107725;1;0;4;0.0
Valparaíso;Servicio de Salud Viña del Mar Quillota;Viña del Mar;Centro Comunitario de Salud Familiar Villa Hermosa;107725;2;0;4;0.0
Valparaíso;Servicio de Salud Viña del Mar Quillota;Viña del Mar;Centro Comunitario de Salud Familiar Villa Hermosa;107725;4;0;3;0.0
Valparaíso;Servicio de Salud Viña del Mar Quillota;Viña del Mar;Centro Comunitario de Salud Familiar Villa Hermosa;107725;5;5;1;500.0
Valparaíso;Servicio de Salud Viña del Mar Quillota;Viña del Mar;Centro Comunitario de Salud Familiar Villa Hermosa;107725;6;1;4;25.0
Valparaíso;Servicio de Salud Viña del Mar Quillota;Viña del Mar;Centro de Salud Familiar Brígida Zavala;107326;1;2;7;28.57
Valparaíso;Servicio de Salud Viña del Mar Quillota;Viña del Mar;Centro de Salud Familiar Brígida Zavala;107326;2;0;6;0.0
Valparaíso;Servicio de Salud Viña del Mar Quillota;Viña del Mar;Centro de Salud Familiar Brígida Zavala;107326;3;4;15;26.67
Valparaíso;Servicio de Salud Viña del Mar Quillota;Viña del Mar;Centro de Salud Familiar Brígida Zavala;107326;4;3;15;20.0
Valparaíso;Servicio de Salud Viña del Mar Quillota;Viña del Mar;Centro de Salud Familiar Brígida Zavala;107326;5;10;9;111.11
Valparaíso;Servicio de Salud Viña del Mar Quillota;Viña del Mar;Centro de Salud Familiar Brígida Zavala;107326;6;11;4;275.0
Valparaíso;Servicio de Salud Viña del Mar Quillota;Viña del Mar;Centro de Salud Familiar Dr. Juan Carlos Baeza;107325;1;3;10;30.0
Valparaíso;Servicio de Salud Viña del Mar Quillota;Viña del Mar;Centro de Salud Familiar Dr. Juan Carlos Baeza;107325;2;3;11;27.27
Valparaíso;Servicio de Salud Viña del Mar Quillota;Viña del Mar;Centro de Salud Familiar Dr. Juan Carlos Baeza;107325;3;3;13;23.08
Valparaíso;Servicio de Salud Viña del Mar Quillota;Viña del Mar;Centro de Salud Familiar Dr. Juan Carlos Baeza;107325;4;11;12;91.67
Valparaíso;Servicio de Salud Viña del Mar Quillota;Viña del Mar;Centro de Salud Familiar Dr. Juan Carlos Baeza;107325;5;14;7;200.0
Valparaíso;Servicio de Salud Viña del Mar Quillota;Viña del Mar;Centro de Salud Familiar Dr. Juan Carlos Baeza;107325;6;15;5;300.0
Valparaíso;Servicio de Salud Viña del Mar Quillota;Viña del Mar;Centro de Salud Familiar Gómez Carreño;107303;1;7;23;30.43
Valparaíso;Servicio de Salud Viña del Mar Quillota;Viña del Mar;Centro de Salud Familiar Gómez Carreño;107303;2;0;17;0.0
Valparaíso;Servicio de Salud Viña del Mar Quillota;Viña del Mar;Centro de Salud Familiar Gómez Carreño;107303;3;7;20;35.0
Valparaíso;Servicio de Salud Viña del Mar Quillota;Viña del Mar;Centro de Salud Familiar Gómez Carreño;107303;4;18;15;120.0
Valparaíso;Servicio de Salud Viña del Mar Quillota;Viña del Mar;Centro de Salud Familiar Gómez Carreño;107303;5;11;11;100.0
Valparaíso;Servicio de Salud Viña del Mar Quillota;Viña del Mar;Centro de Salud Familiar Gómez Carreño;107303;6;5;11;45.45
Valparaíso;Servicio de Salud Viña del Mar Quillota;Viña del Mar;Centro de Salud Familiar Las Torres;107327;1;3;8;37.5
Valparaíso;Servicio de Salud Viña del Mar Quillota;Viña del Mar;Centro de Salud Familiar Las Torres;107327;2;7;6;116.67
Valparaíso;Servicio de Salud Viña del Mar Quillota;Viña del Mar;Centro de Salud Familiar Las Torres;107327;3;3;5;60.0
Valparaíso;Servicio de Salud Viña del Mar Quillota;Viña del Mar;Centro de Salud Familiar Las Torres;107327;4;2;12;16.67
Valparaíso;Servicio de Salud Viña del Mar Quillota;Viña del Mar;Centro de Salud Familiar Las Torres;107327;5;8;5;160.0
Valparaíso;Servicio de Salud Viña del Mar Quillota;Viña del Mar;Centro de Salud Familiar Las Torres;107327;6;9;7;128.57
Valparaíso;Servicio de Salud Viña del Mar Quillota;Viña del Mar;Centro de Salud Familiar Lusitania;107314;1;0;6;0.0
Valparaíso;Servicio de Salud Viña del Mar Quillota;Viña del Mar;Centro de Salud Familiar Lusitania;107314;2;0;7;0.0
Valparaíso;Servicio de Salud Viña del Mar Quillota;Viña del Mar;Centro de Salud Familiar Lusitania;107314;3;7;10;70.0
Valparaíso;Servicio de Salud Viña del Mar Quillota;Viña del Mar;Centro de Salud Familiar Lusitania;107314;4;5;7;71.43
Valparaíso;Servicio de Salud Viña del Mar Quillota;Viña del Mar;Centro de Salud Familiar Lusitania;107314;5;7;5;140.0
Valparaíso;Servicio de Salud Viña del Mar Quillota;Viña del Mar;Centro de Salud Familiar Lusitania;107314;6;5;3;166.67
Valparaíso;Servicio de Salud Viña del Mar Quillota;Viña del Mar;Centro de Salud Familiar Marco Maldonado;107304;1;6;19;31.58
Valparaíso;Servicio de Salud Viña del Mar Quillota;Viña del Mar;Centro de Salud Familiar Marco Maldonado;107304;2;6;33;18.18
Valparaíso;Servicio de Salud Viña del Mar Quillota;Viña del Mar;Centro de Salud Familiar Marco Maldonado;107304;3;19;25;76.0
Valparaíso;Servicio de Salud Viña del Mar Quillota;Viña del Mar;Centro de Salud Familiar Marco Maldonado;107304;4;15;23;65.22
Valparaíso;Servicio de Salud Viña del Mar Quillota;Viña del Mar;Centro de Salud Familiar Marco Maldonado;107304;5;44;18;244.44
Valparaíso;Servicio de Salud Viña del Mar Quillota;Viña del Mar;Centro de Salud Familiar Marco Maldonado;107304;6;25;20;125.0
Valparaíso;Servicio de Salud Viña del Mar Quillota;Viña del Mar;Centro de Salud Familiar Miraflores;107302;1;0;23;0.0
Valparaíso;Servicio de Salud Viña del Mar Quillota;Viña del Mar;Centro de Salud Familiar Miraflores;107302;2;0;26;0.0
Valparaíso;Servicio de Salud Viña del Mar Quillota;Viña del Mar;Centro de Salud Familiar Miraflores;107302;3;0;22;0.0
Valparaíso;Servicio de Salud Viña del Mar Quillota;Viña del Mar;Centro de Salud Familiar Miraflores;107302;4;0;21;0.0
Valparaíso;Servicio de Salud Viña del Mar Quillota;Viña del Mar;Centro de Salud Familiar Miraflores;107302;5;11;14;78.57
Valparaíso;Servicio de Salud Viña del Mar Quillota;Viña del Mar;Centro de Salud Familiar Miraflores;107302;6;11;31;35.48
Valparaíso;Servicio de Salud Viña del Mar Quillota;Viña del Mar;Centro de Salud Familiar Nueva Aurora;107300;1;5;20;25.0
Valparaíso;Servicio de Salud Viña del Mar Quillota;Viña del Mar;Centro de Salud Familiar Nueva Aurora;107300;2;12;19;63.16
Valparaíso;Servicio de Salud Viña del Mar Quillota;Viña del Mar;Centro de Salud Familiar Nueva Aurora;107300;3;9;20;45.0
Valparaíso;Servicio de Salud Viña del Mar Quillota;Viña del Mar;Centro de Salud Familiar Nueva Aurora;107300;4;10;16;62.5
Valparaíso;Servicio de Salud Viña del Mar Quillota;Viña del Mar;Centro de Salud Familiar Nueva Aurora;107300;5;13;15;86.67
Valparaíso;Servicio de Salud Viña del Mar Quillota;Viña del Mar;Centro de Salud Familiar Nueva Aurora;107300;6;9;17;52.94
Valparaíso;Servicio de Salud Viña del Mar Quillota;Viña del Mar;Centro de Salud Familiar Profesor Eugenio Cienfuegos;107301;1;5;15;33.33
Valparaíso;Servicio de Salud Viña del Mar Quillota;Viña del Mar;Centro de Salud Familiar Profesor Eugenio Cienfuegos;107301;2;4;7;57.14
Valparaíso;Servicio de Salud Viña del Mar Quillota;Viña del Mar;Centro de Salud Familiar Profesor Eugenio Cienfuegos;107301;3;5;13;38.46
Valparaíso;Servicio de Salud Viña del Mar Quillota;Viña del Mar;Centro de Salud Familiar Profesor Eugenio Cienfuegos;107301;4;11;8;137.5
Valparaíso;Servicio de Salud Viña del Mar Quillota;Viña del Mar;Centro de Salud Familiar Profesor Eugenio Cienfuegos;107301;5;4;12;33.33
Valparaíso;Servicio de Salud Viña del Mar Quillota;Viña del Mar;Centro de Salud Familiar Profesor Eugenio Cienfuegos;107301;6;16;10;160.0
Valparaíso;Servicio de Salud Viña del Mar Quillota;Viña del Mar;Centro de Salud Familiar Reñaca Alto Dr. Jorge Kaplan;107352;1;1;24;4.17
Valparaíso;Servicio de Salud Viña del Mar Quillota;Viña del Mar;Centro de Salud Familiar Reñaca Alto Dr. Jorge Kaplan;107352;2;0;17;0.0
Valparaíso;Servicio de Salud Viña del Mar Quillota;Viña del Mar;Centro de Salud Familiar Reñaca Alto Dr. Jorge Kaplan;107352;3;12;14;85.71
Valparaíso;Servicio de Salud Viña del Mar Quillota;Viña del Mar;Centro de Salud Familiar Reñaca Alto Dr. Jorge Kaplan;107352;4;9;25;36.0
Valparaíso;Servicio de Salud Viña del Mar Quillota;Viña del Mar;Centro de Salud Familiar Reñaca Alto Dr. Jorge Kaplan;107352;5;6;13;46.15
Valparaíso;Servicio de Salud Viña del Mar Quillota;Viña del Mar;Centro de Salud Familiar Reñaca Alto Dr. Jorge Kaplan;107352;6;2;14;14.29
Valparaíso;Servicio de Salud Viña del Mar Quillota;Zapallar;Centro de Salud Familiar Catapilco;107414;1;3;3;100.0
Valparaíso;Servicio de Salud Viña del Mar Quillota;Zapallar;Centro de Salud Familiar Catapilco;107414;2;2;3;66.67
Valparaíso;Servicio de Salud Viña del Mar Quillota;Zapallar;Centro de Salud Familiar Catapilco;107414;3;6;3;200.0
Valparaíso;Servicio de Salud Viña del Mar Quillota;Zapallar;Centro de Salud Familiar Catapilco;107414;4;10;2;500.0
Valparaíso;Servicio de Salud Viña del Mar Quillota;Zapallar;Centro de Salud Familiar Catapilco;107414;5;5;0;
Valparaíso;Servicio de Salud Viña del Mar Quillota;Zapallar;Centro de Salud Familiar Catapilco;107414;6;4;2;200.0
Valparaíso;Servicio de Salud Viña del Mar Quillota;Zapallar;Centro de Salud Familiar Dr. Johow Zapallar;107355;1;4;4;100.0
Valparaíso;Servicio de Salud Viña del Mar Quillota;Zapallar;Centro de Salud Familiar Dr. Johow Zapallar;107355;2;1;3;33.33
Valparaíso;Servicio de Salud Viña del Mar Quillota;Zapallar;Centro de Salud Familiar Dr. Johow Zapallar;107355;3;1;5;20.0
Valparaíso;Servicio de Salud Viña del Mar Quillota;Zapallar;Centro de Salud Familiar Dr. Johow Zapallar;107355;4;3;2;150.0
Valparaíso;Servicio de Salud Viña del Mar Quillota;Zapallar;Centro de Salud Familiar Dr. Johow Zapallar;107355;5;7;0;
Valparaíso;Servicio de Salud Viña del Mar Quillota;Zapallar;Centro de Salud Familiar Dr. Johow Zapallar;107355;6;1;3;33.33
Ñuble;Servicio de Salud Ñuble;Bulnes;Centro Comunitario de Salud Familiar Tres Esquinas;117426;3;0;1;0.0
Ñuble;Servicio de Salud Ñuble;Bulnes;Centro Comunitario de Salud Familiar Tres Esquinas;117426;4;0;2;0.0
Ñuble;Servicio de Salud Ñuble;Bulnes;Centro Comunitario de Salud Familiar Tres Esquinas;117426;5;0;2;0.0
Ñuble;Servicio de Salud Ñuble;Bulnes;Centro Comunitario de Salud Familiar Tres Esquinas;117426;6;0;1;0.0
Ñuble;Servicio de Salud Ñuble;Bulnes;Centro de Salud Familiar Santa Clara;117326;1;0;3;0.0
Ñuble;Servicio de Salud Ñuble;Bulnes;Centro de Salud Familiar Santa Clara;117326;2;0;2;0.0
Ñuble;Servicio de Salud Ñuble;Bulnes;Centro de Salud Familiar Santa Clara;117326;3;0;2;0.0
Ñuble;Servicio de Salud Ñuble;Bulnes;Centro de Salud Familiar Santa Clara;117326;4;0;2;0.0
Ñuble;Servicio de Salud Ñuble;Bulnes;Centro de Salud Familiar Santa Clara;117326;5;0;1;0.0
Ñuble;Servicio de Salud Ñuble;Bulnes;Centro de Salud Familiar Santa Clara;117326;6;0;8;0.0
Ñuble;Servicio de Salud Ñuble;Bulnes;Hospital Comunitario de Salud Familiar de Bulnes;117103;1;0;11;0.0
Ñuble;Servicio de Salud Ñuble;Bulnes;Hospital Comunitario de Salud Familiar de Bulnes;117103;2;2;6;33.33
Ñuble;Servicio de Salud Ñuble;Bulnes;Hospital Comunitario de Salud Familiar de Bulnes;117103;3;0;9;0.0
Ñuble;Servicio de Salud Ñuble;Bulnes;Hospital Comunitario de Salud Familiar de Bulnes;117103;4;0;8;0.0
Ñuble;Servicio de Salud Ñuble;Bulnes;Hospital Comunitario de Salud Familiar de Bulnes;117103;5;6;9;66.67
Ñuble;Servicio de Salud Ñuble;Bulnes;Hospital Comunitario de Salud Familiar de Bulnes;117103;6;0;13;0.0
Ñuble;Servicio de Salud Ñuble;Chillán;Centro Comunitario de Salud Familiar Doña Isabel;200261;1;0;1;0.0
Ñuble;Servicio de Salud Ñuble;Chillán;Centro Comunitario de Salud Familiar Doña Isabel;200261;2;0;2;0.0
Ñuble;Servicio de Salud Ñuble;Chillán;Centro Comunitario de Salud Familiar Doña Isabel;200261;3;0;6;0.0
Ñuble;Servicio de Salud Ñuble;Chillán;Centro Comunitario de Salud Familiar Doña Isabel;200261;4;0;2;0.0
Ñuble;Servicio de Salud Ñuble;Chillán;Centro Comunitario de Salud Familiar Doña Isabel;200261;5;0;3;0.0
Ñuble;Servicio de Salud Ñuble;Chillán;Centro Comunitario de Salud Familiar Doña Isabel;200261;6;0;2;0.0
Ñuble;Servicio de Salud Ñuble;Chillán;Centro Comunitario de Salud Familiar El Roble;117702;1;0;1;0.0
Ñuble;Servicio de Salud Ñuble;Chillán;Centro Comunitario de Salud Familiar El Roble;117702;3;0;2;0.0
Ñuble;Servicio de Salud Ñuble;Chillán;Centro Comunitario de Salud Familiar El Roble;117702;4;0;1;0.0
Ñuble;Servicio de Salud Ñuble;Chillán;Centro Comunitario de Salud Familiar El Roble;117702;6;0;2;0.0
Ñuble;Servicio de Salud Ñuble;Chillán;Centro Comunitario de Salud Familiar Los Alpes;117799;1;0;2;0.0
Ñuble;Servicio de Salud Ñuble;Chillán;Centro Comunitario de Salud Familiar Los Alpes;117799;2;0;2;0.0
Ñuble;Servicio de Salud Ñuble;Chillán;Centro Comunitario de Salud Familiar Los Alpes;117799;4;0;2;0.0
Ñuble;Servicio de Salud Ñuble;Chillán;Centro Comunitario de Salud Familiar Los Alpes;117799;5;0;3;0.0
Ñuble;Servicio de Salud Ñuble;Chillán;Centro Comunitario de Salud Familiar Los Alpes;117799;6;0;7;0.0
Ñuble;Servicio de Salud Ñuble;Chillán;Centro Comunitario de Salud Familiar Padre Hurtado;117701;1;0;5;0.0
Ñuble;Servicio de Salud Ñuble;Chillán;Centro Comunitario de Salud Familiar Padre Hurtado;117701;2;0;6;0.0
Ñuble;Servicio de Salud Ñuble;Chillán;Centro Comunitario de Salud Familiar Padre Hurtado;117701;4;0;4;0.0
Ñuble;Servicio de Salud Ñuble;Chillán;Centro Comunitario de Salud Familiar Padre Hurtado;117701;5;0;1;0.0
Ñuble;Servicio de Salud Ñuble;Chillán;Centro Comunitario de Salud Familiar Padre Hurtado;117701;6;0;4;0.0
Ñuble;Servicio de Salud Ñuble;Chillán;Centro de Salud Familiar Isabel Riquelme;117304;1;0;10;0.0
Ñuble;Servicio de Salud Ñuble;Chillán;Centro de Salud Familiar Isabel Riquelme;117304;2;0;6;0.0
Ñuble;Servicio de Salud Ñuble;Chillán;Centro de Salud Familiar Isabel Riquelme;117304;3;0;8;0.0
Ñuble;Servicio de Salud Ñuble;Chillán;Centro de Salud Familiar Isabel Riquelme;117304;4;0;8;0.0
Ñuble;Servicio de Salud Ñuble;Chillán;Centro de Salud Familiar Isabel Riquelme;117304;5;0;5;0.0
Ñuble;Servicio de Salud Ñuble;Chillán;Centro de Salud Familiar Isabel Riquelme;117304;6;0;12;0.0
Ñuble;Servicio de Salud Ñuble;Chillán;Centro de Salud Familiar Los Volcanes;117324;1;0;23;0.0
Ñuble;Servicio de Salud Ñuble;Chillán;Centro de Salud Familiar Los Volcanes;117324;2;0;13;0.0
Ñuble;Servicio de Salud Ñuble;Chillán;Centro de Salud Familiar Los Volcanes;117324;3;0;10;0.0
Ñuble;Servicio de Salud Ñuble;Chillán;Centro de Salud Familiar Los Volcanes;117324;4;15;13;115.38
Ñuble;Servicio de Salud Ñuble;Chillán;Centro de Salud Familiar Los Volcanes;117324;5;4;14;28.57
Ñuble;Servicio de Salud Ñuble;Chillán;Centro de Salud Familiar Los Volcanes;117324;6;11;21;52.38
Ñuble;Servicio de Salud Ñuble;Chillán;Centro de Salud Familiar Quinchamalí;117322;1;2;1;200.0
Ñuble;Servicio de Salud Ñuble;Chillán;Centro de Salud Familiar Quinchamalí;117322;3;0;1;0.0
Ñuble;Servicio de Salud Ñuble;Chillán;Centro de Salud Familiar Quinchamalí;117322;4;0;2;0.0
Ñuble;Servicio de Salud Ñuble;Chillán;Centro de Salud Familiar Quinchamalí;117322;5;4;3;133.33
Ñuble;Servicio de Salud Ñuble;Chillán;Centro de Salud Familiar Quinchamalí;117322;6;0;6;0.0
Ñuble;Servicio de Salud Ñuble;Chillán;Centro de Salud Familiar San Ramón Nonato;117302;1;0;33;0.0
Ñuble;Servicio de Salud Ñuble;Chillán;Centro de Salud Familiar San Ramón Nonato;117302;2;0;15;0.0
Ñuble;Servicio de Salud Ñuble;Chillán;Centro de Salud Familiar San Ramón Nonato;117302;3;0;28;0.0
Ñuble;Servicio de Salud Ñuble;Chillán;Centro de Salud Familiar San Ramón Nonato;117302;4;0;18;0.0
Ñuble;Servicio de Salud Ñuble;Chillán;Centro de Salud Familiar San Ramón Nonato;117302;5;0;18;0.0
Ñuble;Servicio de Salud Ñuble;Chillán;Centro de Salud Familiar San Ramón Nonato;117302;6;0;19;0.0
Ñuble;Servicio de Salud Ñuble;Chillán;Centro de Salud Familiar Sol de Oriente;117330;1;0;12;0.0
Ñuble;Servicio de Salud Ñuble;Chillán;Centro de Salud Familiar Sol de Oriente;117330;2;0;16;0.0
Ñuble;Servicio de Salud Ñuble;Chillán;Centro de Salud Familiar Sol de Oriente;117330;3;8;10;80.0
Ñuble;Servicio de Salud Ñuble;Chillán;Centro de Salud Familiar Sol de Oriente;117330;4;0;17;0.0
Ñuble;Servicio de Salud Ñuble;Chillán;Centro de Salud Familiar Sol de Oriente;117330;5;5;14;35.71
Ñuble;Servicio de Salud Ñuble;Chillán;Centro de Salud Familiar Sol de Oriente;117330;6;0;17;0.0
Ñuble;Servicio de Salud Ñuble;Chillán;Centro de Salud Familiar Ultraestación Dr. Raúl San Martín González;117303;1;0;17;0.0
Ñuble;Servicio de Salud Ñuble;Chillán;Centro de Salud Familiar Ultraestación Dr. Raúl San Martín González;117303;2;0;14;0.0
Ñuble;Servicio de Salud Ñuble;Chillán;Centro de Salud Familiar Ultraestación Dr. Raúl San Martín González;117303;3;5;15;33.33
Ñuble;Servicio de Salud Ñuble;Chillán;Centro de Salud Familiar Ultraestación Dr. Raúl San Martín González;117303;4;3;12;25.0
Ñuble;Servicio de Salud Ñuble;Chillán;Centro de Salud Familiar Ultraestación Dr. Raúl San Martín González;117303;5;3;14;21.43
Ñuble;Servicio de Salud Ñuble;Chillán;Centro de Salud Familiar Ultraestación Dr. Raúl San Martín González;117303;6;10;6;166.67
Ñuble;Servicio de Salud Ñuble;Chillán;Centro de Salud Familiar Violeta Parra;117301;1;0;27;0.0
Ñuble;Servicio de Salud Ñuble;Chillán;Centro de Salud Familiar Violeta Parra;117301;2;0;28;0.0
Ñuble;Servicio de Salud Ñuble;Chillán;Centro de Salud Familiar Violeta Parra;117301;3;22;30;73.33
Ñuble;Servicio de Salud Ñuble;Chillán;Centro de Salud Familiar Violeta Parra;117301;4;0;30;0.0
Ñuble;Servicio de Salud Ñuble;Chillán;Centro de Salud Familiar Violeta Parra;117301;5;11;26;42.31
Ñuble;Servicio de Salud Ñuble;Chillán;Centro de Salud Familiar Violeta Parra;117301;6;7;32;21.88
Ñuble;Servicio de Salud Ñuble;Chillán;Posta de Salud Rural Capilla Cato;117405;1;0;3;0.0
Ñuble;Servicio de Salud Ñuble;Chillán;Posta de Salud Rural Capilla Cato;117405;2;0;1;0.0
Ñuble;Servicio de Salud Ñuble;Chillán;Posta de Salud Rural Capilla Cato;117405;3;0;2;0.0
Ñuble;Servicio de Salud Ñuble;Chillán;Posta de Salud Rural Capilla Cato;117405;4;0;1;0.0
Ñuble;Servicio de Salud Ñuble;Chillán;Posta de Salud Rural Capilla Cato;117405;6;0;1;0.0
Ñuble;Servicio de Salud Ñuble;Chillán;Posta de Salud Rural Huape;117410;5;0;1;0.0
Ñuble;Servicio de Salud Ñuble;Chillán Viejo;Centro de Salud Familiar Dr. Federico Puga;117328;1;2;16;12.5
Ñuble;Servicio de Salud Ñuble;Chillán Viejo;Centro de Salud Familiar Dr. Federico Puga;117328;2;2;16;12.5
Ñuble;Servicio de Salud Ñuble;Chillán Viejo;Centro de Salud Familiar Dr. Federico Puga;117328;3;0;9;0.0
Ñuble;Servicio de Salud Ñuble;Chillán Viejo;Centro de Salud Familiar Dr. Federico Puga;117328;4;5;12;41.67
Ñuble;Servicio de Salud Ñuble;Chillán Viejo;Centro de Salud Familiar Dr. Federico Puga;117328;5;3;7;42.86
Ñuble;Servicio de Salud Ñuble;Chillán Viejo;Centro de Salud Familiar Dr. Federico Puga;117328;6;5;16;31.25
Ñuble;Servicio de Salud Ñuble;Chillán Viejo;Centro de Salud Familiar Dra. Michelle Bachelet Jeria;117331;1;0;8;0.0
Ñuble;Servicio de Salud Ñuble;Chillán Viejo;Centro de Salud Familiar Dra. Michelle Bachelet Jeria;117331;2;0;6;0.0
Ñuble;Servicio de Salud Ñuble;Chillán Viejo;Centro de Salud Familiar Dra. Michelle Bachelet Jeria;117331;3;0;12;0.0
Ñuble;Servicio de Salud Ñuble;Chillán Viejo;Centro de Salud Familiar Dra. Michelle Bachelet Jeria;117331;4;11;10;110.0
Ñuble;Servicio de Salud Ñuble;Chillán Viejo;Centro de Salud Familiar Dra. Michelle Bachelet Jeria;117331;5;0;5;0.0
Ñuble;Servicio de Salud Ñuble;Chillán Viejo;Centro de Salud Familiar Dra. Michelle Bachelet Jeria;117331;6;10;6;166.67
Ñuble;Servicio de Salud Ñuble;Chillán Viejo;Posta de Salud Rural Nebuco;117414;1;0;1;0.0
Ñuble;Servicio de Salud Ñuble;Chillán Viejo;Posta de Salud Rural Nebuco;117414;2;0;1;0.0
Ñuble;Servicio de Salud Ñuble;Chillán Viejo;Posta de Salud Rural Rucapequén;117413;1;0;1;0.0
Ñuble;Servicio de Salud Ñuble;Chillán Viejo;Posta de Salud Rural Rucapequén;117413;3;0;1;0.0
Ñuble;Servicio de Salud Ñuble;Chillán Viejo;Posta de Salud Rural Rucapequén;117413;4;0;1;0.0
Ñuble;Servicio de Salud Ñuble;Chillán Viejo;Posta de Salud Rural Rucapequén;117413;6;0;1;0.0
Ñuble;Servicio de Salud Ñuble;Cobquecura;Centro de Salud Familiar Cobquecura;117307;1;0;3;0.0
Ñuble;Servicio de Salud Ñuble;Cobquecura;Centro de Salud Familiar Cobquecura;117307;2;0;3;0.0
Ñuble;Servicio de Salud Ñuble;Cobquecura;Centro de Salud Familiar Cobquecura;117307;3;0;2;0.0
Ñuble;Servicio de Salud Ñuble;Cobquecura;Centro de Salud Familiar Cobquecura;117307;4;1;1;100.0
Ñuble;Servicio de Salud Ñuble;Cobquecura;Centro de Salud Familiar Cobquecura;117307;5;0;4;0.0
Ñuble;Servicio de Salud Ñuble;Coelemu;Hospital Comunitario de Salud Familiar Dr. Eduardo Contreras Trabucco de Coelemu;117108;1;0;16;0.0
Ñuble;Servicio de Salud Ñuble;Coelemu;Hospital Comunitario de Salud Familiar Dr. Eduardo Contreras Trabucco de Coelemu;117108;2;0;8;0.0
Ñuble;Servicio de Salud Ñuble;Coelemu;Hospital Comunitario de Salud Familiar Dr. Eduardo Contreras Trabucco de Coelemu;117108;3;0;8;0.0
Ñuble;Servicio de Salud Ñuble;Coelemu;Hospital Comunitario de Salud Familiar Dr. Eduardo Contreras Trabucco de Coelemu;117108;4;0;7;0.0
Ñuble;Servicio de Salud Ñuble;Coelemu;Hospital Comunitario de Salud Familiar Dr. Eduardo Contreras Trabucco de Coelemu;117108;5;0;3;0.0
Ñuble;Servicio de Salud Ñuble;Coelemu;Hospital Comunitario de Salud Familiar Dr. Eduardo Contreras Trabucco de Coelemu;117108;6;0;8;0.0
Ñuble;Servicio de Salud Ñuble;Coelemu;Posta de Salud Rural Guarilihue;117442;3;0;1;0.0
Ñuble;Servicio de Salud Ñuble;Coelemu;Posta de Salud Rural Ranguelmo;117439;3;0;1;0.0
Ñuble;Servicio de Salud Ñuble;Coihueco;Centro de Salud Familiar Luis Montecinos;117325;1;0;4;0.0
Ñuble;Servicio de Salud Ñuble;Coihueco;Centro de Salud Familiar Luis Montecinos;117325;2;0;1;0.0
Ñuble;Servicio de Salud Ñuble;Coihueco;Centro de Salud Familiar Luis Montecinos;117325;3;0;3;0.0
Ñuble;Servicio de Salud Ñuble;Coihueco;Centro de Salud Familiar Luis Montecinos;117325;4;0;3;0.0
Ñuble;Servicio de Salud Ñuble;Coihueco;Centro de Salud Familiar Luis Montecinos;117325;5;5;2;250.0
Ñuble;Servicio de Salud Ñuble;Coihueco;Centro de Salud Familiar Luis Montecinos;117325;6;0;3;0.0
Ñuble;Servicio de Salud Ñuble;Coihueco;Centro de Salud Familiar Michelle Chandía Alarcón;117318;1;0;19;0.0
Ñuble;Servicio de Salud Ñuble;Coihueco;Centro de Salud Familiar Michelle Chandía Alarcón;117318;2;2;11;18.18
Ñuble;Servicio de Salud Ñuble;Coihueco;Centro de Salud Familiar Michelle Chandía Alarcón;117318;3;4;16;25.0
Ñuble;Servicio de Salud Ñuble;Coihueco;Centro de Salud Familiar Michelle Chandía Alarcón;117318;4;1;7;14.29
Ñuble;Servicio de Salud Ñuble;Coihueco;Centro de Salud Familiar Michelle Chandía Alarcón;117318;5;1;10;10.0
Ñuble;Servicio de Salud Ñuble;Coihueco;Centro de Salud Familiar Michelle Chandía Alarcón;117318;6;0;11;0.0
Ñuble;Servicio de Salud Ñuble;Coihueco;Posta de Salud Rural Bustamante;117403;1;0;1;0.0
Ñuble;Servicio de Salud Ñuble;Coihueco;Posta de Salud Rural Bustamante;117403;3;0;1;0.0
Ñuble;Servicio de Salud Ñuble;Coihueco;Posta de Salud Rural Bustamante;117403;4;0;1;0.0
Ñuble;Servicio de Salud Ñuble;Coihueco;Posta de Salud Rural Bustamante;117403;6;0;1;0.0
Ñuble;Servicio de Salud Ñuble;Coihueco;Posta de Salud Rural Minas del Prado;117406;1;0;1;0.0
Ñuble;Servicio de Salud Ñuble;Coihueco;Posta de Salud Rural Minas del Prado;117406;5;0;1;0.0
Ñuble;Servicio de Salud Ñuble;Coihueco;Posta de Salud Rural Minas del Prado;117406;6;0;1;0.0
Ñuble;Servicio de Salud Ñuble;Coihueco;Posta de Salud Rural Talquipén;117401;3;0;1;0.0
Ñuble;Servicio de Salud Ñuble;Coihueco;Posta de Salud Rural Talquipén;117401;6;0;1;0.0
Ñuble;Servicio de Salud Ñuble;Coihueco;Posta de Salud Rural Tanilvoro;117407;1;0;2;0.0
Ñuble;Servicio de Salud Ñuble;Coihueco;Posta de Salud Rural Tanilvoro;117407;2;0;1;0.0
Ñuble;Servicio de Salud Ñuble;El Carmen;Hospital Comunitario de Salud Familiar de El Carmen;117107;1;7;7;100.0
Ñuble;Servicio de Salud Ñuble;El Carmen;Hospital Comunitario de Salud Familiar de El Carmen;117107;2;0;10;0.0
Ñuble;Servicio de Salud Ñuble;El Carmen;Hospital Comunitario de Salud Familiar de El Carmen;117107;3;13;3;433.33
Ñuble;Servicio de Salud Ñuble;El Carmen;Hospital Comunitario de Salud Familiar de El Carmen;117107;4;10;6;166.67
Ñuble;Servicio de Salud Ñuble;El Carmen;Hospital Comunitario de Salud Familiar de El Carmen;117107;5;4;9;44.44
Ñuble;Servicio de Salud Ñuble;El Carmen;Hospital Comunitario de Salud Familiar de El Carmen;117107;6;0;10;0.0
Ñuble;Servicio de Salud Ñuble;El Carmen;Posta de Salud Rural Capilla Norte;117457;2;0;1;0.0
Ñuble;Servicio de Salud Ñuble;El Carmen;Posta de Salud Rural Las Hormigas;117476;3;0;1;0.0
Ñuble;Servicio de Salud Ñuble;El Carmen;Posta de Salud Rural Pedregal de Zapallar;117436;1;0;2;0.0
Ñuble;Servicio de Salud Ñuble;El Carmen;Posta de Salud Rural Pedregal de Zapallar;117436;2;0;1;0.0
Ñuble;Servicio de Salud Ñuble;El Carmen;Posta de Salud Rural Pedregal de Zapallar;117436;6;0;1;0.0
Ñuble;Servicio de Salud Ñuble;El Carmen;Posta de Salud Rural Trehualemu;117435;4;0;1;0.0
Ñuble;Servicio de Salud Ñuble;Ninhue;Centro de Salud Familiar Dr. David Benavente de Ninhue;117314;1;0;1;0.0
Ñuble;Servicio de Salud Ñuble;Ninhue;Centro de Salud Familiar Dr. David Benavente de Ninhue;117314;2;2;4;50.0
Ñuble;Servicio de Salud Ñuble;Ninhue;Centro de Salud Familiar Dr. David Benavente de Ninhue;117314;3;0;3;0.0
Ñuble;Servicio de Salud Ñuble;Ninhue;Centro de Salud Familiar Dr. David Benavente de Ninhue;117314;4;0;1;0.0
Ñuble;Servicio de Salud Ñuble;Ninhue;Centro de Salud Familiar Dr. David Benavente de Ninhue;117314;6;4;2;200.0
Ñuble;Servicio de Salud Ñuble;Pemuco;Centro de Salud Familiar Pemuco;117310;1;7;2;350.0
Ñuble;Servicio de Salud Ñuble;Pemuco;Centro de Salud Familiar Pemuco;117310;2;3;6;50.0
Ñuble;Servicio de Salud Ñuble;Pemuco;Centro de Salud Familiar Pemuco;117310;3;7;4;175.0
Ñuble;Servicio de Salud Ñuble;Pemuco;Centro de Salud Familiar Pemuco;117310;4;7;5;140.0
Ñuble;Servicio de Salud Ñuble;Pemuco;Centro de Salud Familiar Pemuco;117310;5;3;3;100.0
Ñuble;Servicio de Salud Ñuble;Pemuco;Centro de Salud Familiar Pemuco;117310;6;0;5;0.0
Ñuble;Servicio de Salud Ñuble;Pinto;Centro de Salud Familiar Pinto;117317;1;0;3;0.0
Ñuble;Servicio de Salud Ñuble;Pinto;Centro de Salud Familiar Pinto;117317;2;0;7;0.0
Ñuble;Servicio de Salud Ñuble;Pinto;Centro de Salud Familiar Pinto;117317;3;0;2;0.0
Ñuble;Servicio de Salud Ñuble;Pinto;Centro de Salud Familiar Pinto;117317;4;0;5;0.0
Ñuble;Servicio de Salud Ñuble;Pinto;Centro de Salud Familiar Pinto;117317;5;0;3;0.0
Ñuble;Servicio de Salud Ñuble;Pinto;Centro de Salud Familiar Pinto;117317;6;0;4;0.0
Ñuble;Servicio de Salud Ñuble;Pinto;Posta de Salud Rural Recinto;117409;1;0;1;0.0
Ñuble;Servicio de Salud Ñuble;Pinto;Posta de Salud Rural Recinto;117409;4;0;5;0.0
Ñuble;Servicio de Salud Ñuble;Portezuelo;Centro de Salud Familiar Portezuelo;117305;1;0;3;0.0
Ñuble;Servicio de Salud Ñuble;Portezuelo;Centro de Salud Familiar Portezuelo;117305;2;0;1;0.0
Ñuble;Servicio de Salud Ñuble;Portezuelo;Centro de Salud Familiar Portezuelo;117305;3;0;1;0.0
Ñuble;Servicio de Salud Ñuble;Portezuelo;Centro de Salud Familiar Portezuelo;117305;4;0;2;0.0
Ñuble;Servicio de Salud Ñuble;Portezuelo;Centro de Salud Familiar Portezuelo;117305;6;0;1;0.0
Ñuble;Servicio de Salud Ñuble;Quillón;Centro Comunitario de Salud Familiar El Casino;117706;1;0;1;0.0
Ñuble;Servicio de Salud Ñuble;Quillón;Centro Comunitario de Salud Familiar El Casino;117706;2;0;1;0.0
Ñuble;Servicio de Salud Ñuble;Quillón;Centro Comunitario de Salud Familiar El Casino;117706;3;0;1;0.0
Ñuble;Servicio de Salud Ñuble;Quillón;Centro Comunitario de Salud Familiar El Casino;117706;5;0;1;0.0
Ñuble;Servicio de Salud Ñuble;Quillón;Centro de Salud Familiar Dr. Alberto Gyhra Soto (Quillón);117306;1;0;9;0.0
Ñuble;Servicio de Salud Ñuble;Quillón;Centro de Salud Familiar Dr. Alberto Gyhra Soto (Quillón);117306;2;0;9;0.0
Ñuble;Servicio de Salud Ñuble;Quillón;Centro de Salud Familiar Dr. Alberto Gyhra Soto (Quillón);117306;3;0;12;0.0
Ñuble;Servicio de Salud Ñuble;Quillón;Centro de Salud Familiar Dr. Alberto Gyhra Soto (Quillón);117306;4;0;8;0.0
Ñuble;Servicio de Salud Ñuble;Quillón;Centro de Salud Familiar Dr. Alberto Gyhra Soto (Quillón);117306;5;0;4;0.0
Ñuble;Servicio de Salud Ñuble;Quillón;Centro de Salud Familiar Dr. Alberto Gyhra Soto (Quillón);117306;6;0;10;0.0
Ñuble;Servicio de Salud Ñuble;Quirihue;Hospital Comunitario de Salud Familiar de Quirihue;117106;1;0;3;0.0
Ñuble;Servicio de Salud Ñuble;Quirihue;Hospital Comunitario de Salud Familiar de Quirihue;117106;2;0;8;0.0
Ñuble;Servicio de Salud Ñuble;Quirihue;Hospital Comunitario de Salud Familiar de Quirihue;117106;3;0;7;0.0
Ñuble;Servicio de Salud Ñuble;Quirihue;Hospital Comunitario de Salud Familiar de Quirihue;117106;4;0;7;0.0
Ñuble;Servicio de Salud Ñuble;Quirihue;Hospital Comunitario de Salud Familiar de Quirihue;117106;5;0;9;0.0
Ñuble;Servicio de Salud Ñuble;Quirihue;Hospital Comunitario de Salud Familiar de Quirihue;117106;6;2;5;40.0
Ñuble;Servicio de Salud Ñuble;Ránquil;Centro de Salud Familiar Ñipas;117316;1;0;4;0.0
Ñuble;Servicio de Salud Ñuble;Ránquil;Centro de Salud Familiar Ñipas;117316;2;0;3;0.0
Ñuble;Servicio de Salud Ñuble;Ránquil;Centro de Salud Familiar Ñipas;117316;3;0;5;0.0
Ñuble;Servicio de Salud Ñuble;Ránquil;Centro de Salud Familiar Ñipas;117316;4;0;5;0.0
Ñuble;Servicio de Salud Ñuble;Ránquil;Centro de Salud Familiar Ñipas;117316;6;0;2;0.0
Ñuble;Servicio de Salud Ñuble;San Carlos;Centro Comunitario de Salud Familiar Cachapoal;117415;1;0;2;0.0
Ñuble;Servicio de Salud Ñuble;San Carlos;Centro Comunitario de Salud Familiar Cachapoal;117415;2;0;1;0.0
Ñuble;Servicio de Salud Ñuble;San Carlos;Centro Comunitario de Salud Familiar Cachapoal;117415;4;0;1;0.0
Ñuble;Servicio de Salud Ñuble;San Carlos;Centro Comunitario de Salud Familiar Valle Hondo;117729;1;0;3;0.0
Ñuble;Servicio de Salud Ñuble;San Carlos;Centro Comunitario de Salud Familiar Valle Hondo;117729;2;0;1;0.0
Ñuble;Servicio de Salud Ñuble;San Carlos;Centro Comunitario de Salud Familiar Valle Hondo;117729;3;0;2;0.0
Ñuble;Servicio de Salud Ñuble;San Carlos;Centro Comunitario de Salud Familiar Valle Hondo;117729;4;0;2;0.0
Ñuble;Servicio de Salud Ñuble;San Carlos;Centro Comunitario de Salud Familiar Valle Hondo;117729;5;0;2;0.0
Ñuble;Servicio de Salud Ñuble;San Carlos;Centro Comunitario de Salud Familiar Valle Hondo;117729;6;0;1;0.0
Ñuble;Servicio de Salud Ñuble;San Carlos;Centro de Salud Familiar Dr. José Duran Trujillo;117311;1;0;16;0.0
Ñuble;Servicio de Salud Ñuble;San Carlos;Centro de Salud Familiar Dr. José Duran Trujillo;117311;2;0;15;0.0
Ñuble;Servicio de Salud Ñuble;San Carlos;Centro de Salud Familiar Dr. José Duran Trujillo;117311;3;0;12;0.0
Ñuble;Servicio de Salud Ñuble;San Carlos;Centro de Salud Familiar Dr. José Duran Trujillo;117311;4;0;16;0.0
Ñuble;Servicio de Salud Ñuble;San Carlos;Centro de Salud Familiar Dr. José Duran Trujillo;117311;5;0;11;0.0
Ñuble;Servicio de Salud Ñuble;San Carlos;Centro de Salud Familiar Dr. José Duran Trujillo;117311;6;0;10;0.0
Ñuble;Servicio de Salud Ñuble;San Carlos;Centro de Salud Familiar Teresa Baldechi;117329;1;6;16;37.5
Ñuble;Servicio de Salud Ñuble;San Carlos;Centro de Salud Familiar Teresa Baldechi;117329;2;7;16;43.75
Ñuble;Servicio de Salud Ñuble;San Carlos;Centro de Salud Familiar Teresa Baldechi;117329;3;3;20;15.0
Ñuble;Servicio de Salud Ñuble;San Carlos;Centro de Salud Familiar Teresa Baldechi;117329;4;0;33;0.0
Ñuble;Servicio de Salud Ñuble;San Carlos;Centro de Salud Familiar Teresa Baldechi;117329;5;10;18;55.56
Ñuble;Servicio de Salud Ñuble;San Carlos;Centro de Salud Familiar Teresa Baldechi;117329;6;7;21;33.33
Ñuble;Servicio de Salud Ñuble;San Carlos;Posta de Salud Rural Monte Blanco;117423;2;0;1;0.0
Ñuble;Servicio de Salud Ñuble;San Carlos;Posta de Salud Rural Rivera de Ñuble;117416;2;0;1;0.0
Ñuble;Servicio de Salud Ñuble;San Carlos;Posta de Salud Rural Rivera de Ñuble;117416;4;0;1;0.0
Ñuble;Servicio de Salud Ñuble;San Carlos;Posta de Salud Rural Rivera de Ñuble;117416;6;0;2;0.0
Ñuble;Servicio de Salud Ñuble;San Fabián;Centro de Salud Familiar San Fabián;117309;1;0;6;0.0
Ñuble;Servicio de Salud Ñuble;San Fabián;Centro de Salud Familiar San Fabián;117309;2;0;3;0.0
Ñuble;Servicio de Salud Ñuble;San Fabián;Centro de Salud Familiar San Fabián;117309;3;0;3;0.0
Ñuble;Servicio de Salud Ñuble;San Fabián;Centro de Salud Familiar San Fabián;117309;5;0;3;0.0
Ñuble;Servicio de Salud Ñuble;San Fabián;Centro de Salud Familiar San Fabián;117309;6;0;3;0.0
Ñuble;Servicio de Salud Ñuble;San Ignacio;CESFAM DR. ALFONSO PARRA CARRIEL;117308;1;0;5;0.0
Ñuble;Servicio de Salud Ñuble;San Ignacio;CESFAM DR. ALFONSO PARRA CARRIEL;117308;2;0;1;0.0
Ñuble;Servicio de Salud Ñuble;San Ignacio;CESFAM DR. ALFONSO PARRA CARRIEL;117308;3;0;4;0.0
Ñuble;Servicio de Salud Ñuble;San Ignacio;CESFAM DR. ALFONSO PARRA CARRIEL;117308;4;0;4;0.0
Ñuble;Servicio de Salud Ñuble;San Ignacio;CESFAM DR. ALFONSO PARRA CARRIEL;117308;5;0;4;0.0
Ñuble;Servicio de Salud Ñuble;San Ignacio;CESFAM DR. ALFONSO PARRA CARRIEL;117308;6;10;9;111.11
Ñuble;Servicio de Salud Ñuble;San Ignacio;Centro de Salud Familiar Pueblo Seco;117455;2;6;2;300.0
Ñuble;Servicio de Salud Ñuble;San Ignacio;Centro de Salud Familiar Pueblo Seco;117455;3;4;2;200.0
Ñuble;Servicio de Salud Ñuble;San Ignacio;Centro de Salud Familiar Pueblo Seco;117455;4;3;5;60.0
Ñuble;Servicio de Salud Ñuble;San Ignacio;Centro de Salud Familiar Pueblo Seco;117455;5;2;2;100.0
Ñuble;Servicio de Salud Ñuble;San Ignacio;Centro de Salud Familiar Pueblo Seco;117455;6;1;4;25.0
Ñuble;Servicio de Salud Ñuble;San Ignacio;Centro de Salud Familiar Quiriquina;117319;1;0;6;0.0
Ñuble;Servicio de Salud Ñuble;San Ignacio;Centro de Salud Familiar Quiriquina;117319;2;0;1;0.0
Ñuble;Servicio de Salud Ñuble;San Ignacio;Centro de Salud Familiar Quiriquina;117319;3;5;4;125.0
Ñuble;Servicio de Salud Ñuble;San Ignacio;Centro de Salud Familiar Quiriquina;117319;4;0;4;0.0
Ñuble;Servicio de Salud Ñuble;San Ignacio;Centro de Salud Familiar Quiriquina;117319;5;0;2;0.0
Ñuble;Servicio de Salud Ñuble;San Ignacio;Centro de Salud Familiar Quiriquina;117319;6;0;3;0.0
Ñuble;Servicio de Salud Ñuble;San Nicolás;Centro de Salud Familiar San Nicolás;117312;1;4;5;80.0
Ñuble;Servicio de Salud Ñuble;San Nicolás;Centro de Salud Familiar San Nicolás;117312;2;0;7;0.0
Ñuble;Servicio de Salud Ñuble;San Nicolás;Centro de Salud Familiar San Nicolás;117312;3;5;9;55.56
Ñuble;Servicio de Salud Ñuble;San Nicolás;Centro de Salud Familiar San Nicolás;117312;4;7;6;116.67
Ñuble;Servicio de Salud Ñuble;San Nicolás;Centro de Salud Familiar San Nicolás;117312;5;8;5;160.0
Ñuble;Servicio de Salud Ñuble;San Nicolás;Centro de Salud Familiar San Nicolás;117312;6;5;7;71.43
Ñuble;Servicio de Salud Ñuble;San Nicolás;Posta de Salud Rural Puente Ñuble;117471;2;0;1;0.0
Ñuble;Servicio de Salud Ñuble;San Nicolás;Posta de Salud Rural Puente Ñuble;117471;3;0;2;0.0
Ñuble;Servicio de Salud Ñuble;San Nicolás;Posta de Salud Rural Puente Ñuble;117471;4;7;4;175.0
Ñuble;Servicio de Salud Ñuble;San Nicolás;Posta de Salud Rural Puente Ñuble;117471;5;0;4;0.0
Ñuble;Servicio de Salud Ñuble;San Nicolás;Posta de Salud Rural Puente Ñuble;117471;6;0;2;0.0
Ñuble;Servicio de Salud Ñuble;Treguaco;Centro de Salud Familiar Treguaco;117327;1;0;2;0.0
Ñuble;Servicio de Salud Ñuble;Treguaco;Centro de Salud Familiar Treguaco;117327;2;0;3;0.0
Ñuble;Servicio de Salud Ñuble;Treguaco;Centro de Salud Familiar Treguaco;117327;3;0;3;0.0
Ñuble;Servicio de Salud Ñuble;Treguaco;Centro de Salud Familiar Treguaco;117327;5;0;5;0.0
Ñuble;Servicio de Salud Ñuble;Treguaco;Centro de Salud Familiar Treguaco;117327;6;0;2;0.0
Ñuble;Servicio de Salud Ñuble;Yungay;Centro de Salud Familiar Campanario;117315;1;0;1;0.0
Ñuble;Servicio de Salud Ñuble;Yungay;Centro de Salud Familiar Campanario;117315;2;0;2;0.0
Ñuble;Servicio de Salud Ñuble;Yungay;Centro de Salud Familiar Campanario;117315;3;0;6;0.0
Ñuble;Servicio de Salud Ñuble;Yungay;Centro de Salud Familiar Campanario;117315;5;0;4;0.0
Ñuble;Servicio de Salud Ñuble;Yungay;Centro de Salud Familiar Campanario;117315;6;0;6;0.0
Ñuble;Servicio de Salud Ñuble;Yungay;Hospital Comunitario de Salud Familiar Pedro Morales Campos (Yungay);117104;1;0;12;0.0
Ñuble;Servicio de Salud Ñuble;Yungay;Hospital Comunitario de Salud Familiar Pedro Morales Campos (Yungay);117104;2;0;5;0.0
Ñuble;Servicio de Salud Ñuble;Yungay;Hospital Comunitario de Salud Familiar Pedro Morales Campos (Yungay);117104;3;0;11;0.0
Ñuble;Servicio de Salud Ñuble;Yungay;Hospital Comunitario de Salud Familiar Pedro Morales Campos (Yungay);117104;4;0;7;0.0
Ñuble;Servicio de Salud Ñuble;Yungay;Hospital Comunitario de Salud Familiar Pedro Morales Campos (Yungay);117104;5;0;5;0.0
Ñuble;Servicio de Salud Ñuble;Yungay;Hospital Comunitario de Salud Familiar Pedro Morales Campos (Yungay);117104;6;0;10;0.0
Ñuble;Servicio de Salud Ñuble;Ñiquén;Centro Comunitario de Salud Familiar Chacay;117418;1;0;1;0.0
Ñuble;Servicio de Salud Ñuble;Ñiquén;Centro Comunitario de Salud Familiar Chacay;117418;2;0;1;0.0
Ñuble;Servicio de Salud Ñuble;Ñiquén;Centro Comunitario de Salud Familiar Chacay;117418;3;0;2;0.0
Ñuble;Servicio de Salud Ñuble;Ñiquén;Centro Comunitario de Salud Familiar Chacay;117418;4;0;1;0.0
Ñuble;Servicio de Salud Ñuble;Ñiquén;Centro Comunitario de Salud Familiar Chacay;117418;5;0;1;0.0
Ñuble;Servicio de Salud Ñuble;Ñiquén;Centro de Salud Familiar Ñiquén;117313;1;0;5;0.0
Ñuble;Servicio de Salud Ñuble;Ñiquén;Centro de Salud Familiar Ñiquén;117313;2;0;5;0.0
Ñuble;Servicio de Salud Ñuble;Ñiquén;Centro de Salud Familiar Ñiquén;117313;3;0;5;0.0
Ñuble;Servicio de Salud Ñuble;Ñiquén;Centro de Salud Familiar Ñiquén;117313;4;11;6;183.33
Ñuble;Servicio de Salud Ñuble;Ñiquén;Centro de Salud Familiar Ñiquén;117313;5;0;2;0.0
Ñuble;Servicio de Salud Ñuble;Ñiquén;Centro de Salud Familiar Ñiquén;117313;6;11;5;220.0
Ñuble;Servicio de Salud Ñuble;Ñiquén;Posta de Salud Rural Belén (Ñiquen);117468;5;0;1;0.0
Ñuble;Servicio de Salud Ñuble;Ñiquén;Posta de Salud Rural La Gloria;117422;5;0;1;0.0
Ñuble;Servicio de Salud Ñuble;Ñiquén;Posta de Salud Rural Zemita;117464;1;0;1;0.0
Ñuble;Servicio de Salud Ñuble;Ñiquén;Posta de Salud Rural Zemita;117464;2;2;1;200.0
Ñuble;Servicio de Salud Ñuble;Ñiquén;Posta de Salud Rural Zemita;117464;3;0;2;0.0
Ñuble;Servicio de Salud Ñuble;Ñiquén;Posta de Salud Rural Zemita;117464;4;0;2;0.0
Ñuble;Servicio de Salud Ñuble;Ñiquén;Posta de Salud Rural Zemita;117464;5;3;0;
Ñuble;Servicio de Salud Ñuble;Ñiquén;Posta de Salud Rural Zemita;117464;6;0;2;0.0
